{"type": "FeatureCollection", "features": [
{"id":"c321e31d-7bbb-451a-9d7e-ddf0b1613922","type":"Feature","geometry":{"type":"Polygon","coordinates":[[[90.3882122,23.7516707],[90.3881224,23.7512256],[90.3883195,23.7512845],[90.3889097,23.7511846],[90.3889816,23.7515405],[90.3882122,23.7516707]]]},"properties":{"sources":[{"property":"","dataset":"OpenStreetMap","license":"ODbL-1.0","record_id":"w506022650@2","update_time":"2022-09-07T16:56:36.000Z","confidence":null,"between":null,"provider":"osm","resource":"planet","version":"2026-09-06T00:00:00.000Z"}],"is_underground":false,"num_floors":16,"subtype":"commercial","class":"commercial","has_parts":false,"version":1}},
{"id":"8244767b-a2ed-43c2-891b-8c1e2475391d","type":"Feature","geometry":{"type":"Polygon","coordinates":[[[90.3927842,23.7529329],[90.3925294,23.7528617],[90.3925455,23.7527684],[90.3928138,23.7528433],[90.3927842,23.7529329]]]},"properties":{"sources":[{"property":"","dataset":"OpenStreetMap","license":"ODbL-1.0","record_id":"w1035602697@1","update_time":"2022-02-27T11:35:20.000Z","confidence":null,"between":null,"provider":"osm","resource":"planet","version":"2026-09-06T00:00:00.000Z"}],"is_underground":false,"has_parts":false,"version":1}},
{"id":"703c5f4a-f5d2-4834-ad11-ba34859e7425","type":"Feature","geometry":{"type":"Polygon","coordinates":[[[90.3928478,23.7528278],[90.3925217,23.7527245],[90.3925893,23.7525457],[90.3929154,23.7526489],[90.3928478,23.7528278]]]},"properties":{"names":{"primary":"Dhaka Trade Center","common":null,"rules":null},"sources":[{"property":"","dataset":"OpenStreetMap","license":"ODbL-1.0","record_id":"w296546607@5","update_time":"2017-07-06T10:49:30.000Z","confidence":null,"between":null,"provider":"osm","resource":"planet","version":"2026-09-06T00:00:00.000Z"}],"is_underground":false,"subtype":"commercial","class":"commercial","has_parts":false,"version":1}},
{"id":"d5c609b1-176e-4067-9267-28ac711f41fb","type":"Feature","geometry":{"type":"Polygon","coordinates":[[[90.3930203,23.7529474],[90.3929096,23.7529201],[90.3929522,23.7528149],[90.39306500000001,23.7528363],[90.3930203,23.7529474]]]},"properties":{"sources":[{"property":"","dataset":"OpenStreetMap","license":"ODbL-1.0","record_id":"w1035602436@1","update_time":"2022-02-27T11:33:39.000Z","confidence":null,"between":null,"provider":"osm","resource":"planet","version":"2026-09-06T00:00:00.000Z"}],"is_underground":false,"has_parts":false,"version":1}},
{"id":"990a6acb-6d83-4dbc-9fa3-4d6f42a1e6f9","type":"Feature","geometry":{"type":"Polygon","coordinates":[[[90.3930182,23.7528013],[90.392916,23.752772],[90.3929437,23.752661],[90.3930522,23.7526941],[90.3930182,23.7528013]]]},"properties":{"sources":[{"property":"","dataset":"OpenStreetMap","license":"ODbL-1.0","record_id":"w1035602437@1","update_time":"2022-02-27T11:33:39.000Z","confidence":null,"between":null,"provider":"osm","resource":"planet","version":"2026-09-06T00:00:00.000Z"}],"is_underground":false,"has_parts":false,"version":1}},
{"id":"d280cf4e-82f4-479f-b9b8-d8544f8f3baa","type":"Feature","geometry":{"type":"Polygon","coordinates":[[[90.3931484,23.7525204],[90.3930947,23.7526746],[90.3929626,23.752636],[90.3930163,23.7524819],[90.3931484,23.7525204]]]},"properties":{"sources":[{"property":"","dataset":"OpenStreetMap","license":"ODbL-1.0","record_id":"w296547226@2","update_time":"2018-06-30T10:28:24.000Z","confidence":null,"between":null,"provider":"osm","resource":"planet","version":"2026-09-06T00:00:00.000Z"}],"is_underground":false,"subtype":"commercial","class":"commercial","has_parts":false,"version":1}},
{"id":"a316bb3b-3cd6-46f4-909b-76f53d61f572","type":"Feature","geometry":{"type":"Polygon","coordinates":[[[90.3933088,23.7528399],[90.393086,23.752777],[90.393172,23.7525215],[90.3933649,23.7525758],[90.3933857,23.7526118],[90.3933088,23.7528399]]]},"properties":{"names":{"primary":"Progoti Life Insuranse Building","common":null,"rules":null},"sources":[{"property":"","dataset":"OpenStreetMap","license":"ODbL-1.0","record_id":"w296547160@1","update_time":"2026-01-23T10:08:04.000Z","confidence":null,"between":null,"provider":"osm","resource":"planet","version":"2026-09-06T00:00:00.000Z"}],"is_underground":false,"subtype":"commercial","class":"commercial","has_parts":false,"version":2}},
{"id":"2d24774a-7b89-49f9-8450-b7f49e888e8e","type":"Feature","geometry":{"type":"Polygon","coordinates":[[[90.3932466,23.7530966],[90.393081,23.7530493],[90.3931548,23.7528327],[90.3933204,23.75288],[90.3932466,23.7530966]]]},"properties":{"sources":[{"property":"","dataset":"OpenStreetMap","license":"ODbL-1.0","record_id":"w1035602435@1","update_time":"2022-02-27T11:33:39.000Z","confidence":null,"between":null,"provider":"osm","resource":"planet","version":"2026-09-06T00:00:00.000Z"}],"is_underground":false,"has_parts":false,"version":1}},
{"id":"023a9ce9-b341-4187-92b8-592d1106286b","type":"Feature","geometry":{"type":"Polygon","coordinates":[[[90.3932944,23.7490265],[90.3934232,23.7490714],[90.3933171,23.7493266],[90.3931883,23.7492817],[90.3932944,23.7490265]]]},"properties":{"sources":[{"property":"","dataset":"Microsoft ML Buildings","license":"ODbL-1.0","record_id":null,"update_time":null,"confidence":null,"between":null,"provider":"microsoft","resource":"ml_buildings","version":"2026-08-11"}],"is_underground":false,"has_parts":false,"version":4}},
{"id":"ede87e2a-9f47-4484-8227-5a1cfce9a89d","type":"Feature","geometry":{"type":"Polygon","coordinates":[[[90.3932576,23.7490548],[90.3932178,23.7490687],[90.393186,23.7489925],[90.3932258,23.7489786],[90.3932576,23.7490548]]]},"properties":{"sources":[{"property":"","dataset":"Microsoft ML Buildings","license":"ODbL-1.0","record_id":null,"update_time":null,"confidence":null,"between":null,"provider":"microsoft","resource":"ml_buildings","version":"2026-08-11"}],"is_underground":false,"has_parts":false,"version":4}},
{"id":"71227309-f6f8-43b3-ad7e-2fecca722204","type":"Feature","geometry":{"type":"Polygon","coordinates":[[[90.3927821,23.7485717],[90.3924413,23.7485923],[90.392429,23.7484211],[90.3927698,23.7484005],[90.3927821,23.7485717]]]},"properties":{"names":{"primary":"Noor Tower","common":null,"rules":null},"sources":[{"property":"","dataset":"OpenStreetMap","license":"ODbL-1.0","record_id":"w296577520@1","update_time":"2017-07-09T06:49:00.000Z","confidence":null,"between":null,"provider":"osm","resource":"planet","version":"2026-09-06T00:00:00.000Z"}],"is_underground":false,"subtype":"commercial","class":"commercial","has_parts":false,"version":1}},
{"id":"ebfe843f-b1e6-480a-a03d-25989c764ff8","type":"Feature","geometry":{"type":"Polygon","coordinates":[[[90.3925282,23.7490811],[90.3925223,23.7490408],[90.3924346,23.7490515],[90.392412,23.7488959],[90.3928946,23.7488372],[90.3929231,23.7490331],[90.3925282,23.7490811]]]},"properties":{"names":{"primary":"Hotel Sundarban","common":null,"rules":null},"sources":[{"property":"","dataset":"OpenStreetMap","license":"ODbL-1.0","record_id":"w296577710@2","update_time":"2021-05-29T15:30:30.000Z","confidence":null,"between":null,"provider":"osm","resource":"planet","version":"2026-09-06T00:00:00.000Z"}],"is_underground":false,"has_parts":false,"version":1}},
{"id":"1732b5c8-14d0-42cd-ae00-e07085333404","type":"Feature","geometry":{"type":"Polygon","coordinates":[[[90.3925356,23.7494538],[90.392414,23.7494412],[90.3923982,23.749291],[90.3923982,23.7492665],[90.3924051,23.7492294],[90.3924337,23.7492014],[90.3924772,23.7491724],[90.3928826,23.7491389],[90.3929053,23.7493172],[90.3926315,23.7493434],[90.3925356,23.7494538]]]},"properties":{"sources":[{"property":"","dataset":"OpenStreetMap","license":"ODbL-1.0","record_id":"w1219708436@1","update_time":"2023-10-31T08:47:22.000Z","confidence":null,"between":null,"provider":"osm","resource":"planet","version":"2026-09-06T00:00:00.000Z"}],"is_underground":false,"has_parts":false,"version":1}},
{"id":"6b1fa858-5c19-4c71-84d6-6c1d5015f4ee","type":"Feature","geometry":{"type":"Polygon","coordinates":[[[90.3926115,23.7496811],[90.3925837,23.7494402],[90.3926987,23.7494286],[90.3926948,23.7493829],[90.3929275,23.7493562],[90.3929331,23.7494465],[90.3929042,23.7495358],[90.3928586,23.7495841],[90.3927769,23.7496534],[90.3926877,23.7496751],[90.3926115,23.7496811]]]},"properties":{"sources":[{"property":"","dataset":"OpenStreetMap","license":"ODbL-1.0","record_id":"w1085151142@2","update_time":"2023-10-31T08:47:22.000Z","confidence":null,"between":null,"provider":"osm","resource":"planet","version":"2026-09-06T00:00:00.000Z"}],"is_underground":false,"has_parts":false,"version":1}},
{"id":"ca2b04ac-7378-4d67-84f9-3d914117d461","type":"Feature","geometry":{"type":"Polygon","coordinates":[[[90.3928431,23.7501185],[90.3928684,23.7501383],[90.3928784,23.7501489],[90.3929166,23.7502029],[90.3925635,23.7502718],[90.3925392,23.750174],[90.3928136,23.7501139],[90.3928431,23.7501185]]]},"properties":{"names":{"primary":"Sumona Gani Trade Center","common":null,"rules":null},"sources":[{"property":"","dataset":"OpenStreetMap","license":"ODbL-1.0","record_id":"r3959331@2","update_time":"2025-09-12T17:02:49.000Z","confidence":null,"between":null,"provider":"osm","resource":"planet","version":"2026-09-06T00:00:00.000Z"}],"is_underground":false,"num_floors":9,"subtype":"commercial","class":"commercial","has_parts":false,"version":3}},
{"id":"81c5ded9-be88-4858-bffa-0d15f36f9b20","type":"Feature","geometry":{"type":"Polygon","coordinates":[[[90.392864,23.7502523],[90.3928282,23.7505208],[90.3924257,23.7503522],[90.3924444,23.7503193],[90.392864,23.7502523]]]},"properties":{"names":{"primary":"Borak Zohir Tower","common":null,"rules":null},"sources":[{"property":"","dataset":"OpenStreetMap","license":"ODbL-1.0","record_id":"w296566094@3","update_time":"2022-09-07T16:56:36.000Z","confidence":null,"between":null,"provider":"osm","resource":"planet","version":"2026-09-06T00:00:00.000Z"}],"is_underground":false,"subtype":"commercial","class":"commercial","has_parts":false,"version":1}},
{"id":"85f07a38-c091-4546-bd64-2bf332187b85","type":"Feature","geometry":{"type":"Polygon","coordinates":[[[90.3927292,23.7509537],[90.392463,23.7508974],[90.3925198,23.7506724],[90.392786,23.7507287],[90.3927292,23.7509537]]]},"properties":{"names":{"primary":"Sony Showroom","common":null,"rules":null},"sources":[{"property":"","dataset":"OpenStreetMap","license":"ODbL-1.0","record_id":"w297110978@1","update_time":"2021-06-05T18:02:52.000Z","confidence":null,"between":null,"provider":"osm","resource":"planet","version":"2026-09-06T00:00:00.000Z"}],"is_underground":false,"subtype":"commercial","class":"commercial","has_parts":false,"version":1}},
{"id":"ad18ea11-0e66-4104-b4e0-d08aa098ba76","type":"Feature","geometry":{"type":"Polygon","coordinates":[[[90.3927988,23.7506773],[90.3926125,23.7506324],[90.3926409,23.7505338],[90.3928272,23.7505787],[90.3927988,23.7506773]]]},"properties":{"sources":[{"property":"","dataset":"OpenStreetMap","license":"ODbL-1.0","record_id":"w1429045153@1","update_time":"2025-09-11T16:55:01.000Z","confidence":null,"between":null,"provider":"osm","resource":"planet","version":"2026-09-06T00:00:00.000Z"}],"is_underground":false,"has_parts":false,"version":1}},
{"id":"8880cc0d-c7f7-4b9e-a223-adde59f5390f","type":"Feature","geometry":{"type":"Polygon","coordinates":[[[90.3935646,23.750999],[90.3931863,23.7508781],[90.3932905,23.7506049],[90.3936688,23.7507259],[90.3935646,23.750999]]]},"properties":{"names":{"primary":"Bangladesh Development Bank Limited","common":null,"rules":null},"sources":[{"property":"","dataset":"OpenStreetMap","license":"ODbL-1.0","record_id":"w296526535@6","update_time":"2021-06-05T18:02:52.000Z","confidence":null,"between":null,"provider":"osm","resource":"planet","version":"2026-09-06T00:00:00.000Z"}],"is_underground":false,"num_floors":18,"subtype":"commercial","class":"commercial","has_parts":false,"version":1}},
{"id":"f0397cfd-ad12-47c6-a474-db48c13d8ddf","type":"Feature","geometry":{"type":"Polygon","coordinates":[[[90.393155,23.7495592],[90.3931695,23.7495761],[90.3931048,23.7496233],[90.3930902,23.7496064],[90.393155,23.7495592]]]},"properties":{"sources":[{"property":"","dataset":"Google Open Buildings","license":null,"record_id":"7MMGP9XV+R7JJ","update_time":"2023-05-01T00:00:00.000Z","confidence":0.6629,"between":null,"provider":"google","resource":"open_buildings","version":"2024-04-16"}],"is_underground":false,"has_parts":false,"version":1}},
{"id":"175972f0-a83e-4233-a2ba-584413d34f35","type":"Feature","geometry":{"type":"Polygon","coordinates":[[[90.3936353,23.7506889],[90.3933061,23.7505815],[90.3934015,23.7503363],[90.3937307,23.7504437],[90.3936353,23.7506889]]]},"properties":{"names":{"primary":"Titas Gas","common":null,"rules":null},"sources":[{"property":"","dataset":"OpenStreetMap","license":"ODbL-1.0","record_id":"w220570076@7","update_time":"2021-06-05T18:02:52.000Z","confidence":null,"between":null,"provider":"osm","resource":"planet","version":"2026-09-06T00:00:00.000Z"}],"is_underground":false,"num_floors":14,"subtype":"commercial","class":"commercial","has_parts":false,"version":1}},
{"id":"ade07ff5-1765-4167-a312-7f5361494955","type":"Feature","geometry":{"type":"Polygon","coordinates":[[[90.3936451,23.7518817],[90.393325,23.7517378],[90.3934007,23.7515844],[90.3937314,23.7516864],[90.3936451,23.7518817]]]},"properties":{"names":{"primary":"BAPEX Tower","common":null,"rules":null},"sources":[{"property":"","dataset":"OpenStreetMap","license":"ODbL-1.0","record_id":"w297298337@3","update_time":"2024-06-25T02:12:59.000Z","confidence":null,"between":null,"provider":"osm","resource":"planet","version":"2026-09-06T00:00:00.000Z"}],"is_underground":false,"has_parts":false,"version":1}},
{"id":"13804466-60cd-4485-943a-c7d614838c8d","type":"Feature","geometry":{"type":"Polygon","coordinates":[[[90.3933513,23.7523168],[90.3934301,23.7523285],[90.3934176,23.7524003],[90.3933387,23.7523887],[90.3933513,23.7523168]]]},"properties":{"sources":[{"property":"","dataset":"Google Open Buildings","license":null,"record_id":"7MMGQ92V+W9R7","update_time":"2023-05-01T00:00:00.000Z","confidence":0.8228,"between":null,"provider":"google","resource":"open_buildings","version":"2024-04-16"}],"is_underground":false,"has_parts":false,"version":1}},
{"id":"02b2d756-491d-4054-ae70-715ce08153ee","type":"Feature","geometry":{"type":"Polygon","coordinates":[[[90.3934616,23.7522229],[90.3931103,23.7522398],[90.3931068,23.7521045],[90.3931038,23.75199],[90.3931026,23.7519451],[90.3929424,23.7518887],[90.392964,23.7518253],[90.393232,23.7519099],[90.3932243,23.7519381],[90.3934369,23.7519536],[90.3934616,23.7522229]]]},"properties":{"sources":[{"property":"","dataset":"OpenStreetMap","license":"ODbL-1.0","record_id":"w948534441@1","update_time":"2021-05-29T21:50:27.000Z","confidence":null,"between":null,"provider":"osm","resource":"planet","version":"2026-09-06T00:00:00.000Z"}],"is_underground":false,"num_floors":4,"subtype":"religious","class":"mosque","has_parts":false,"version":1}},
{"id":"16d45e52-2b15-4d28-b035-f22d0e7e2164","type":"Feature","geometry":{"type":"Polygon","coordinates":[[[90.3929585,23.7519917],[90.3931026,23.751989],[90.3931053,23.7521042],[90.3929611,23.752107],[90.3929585,23.7519917]]]},"properties":{"sources":[{"property":"","dataset":"OpenStreetMap","license":"ODbL-1.0","record_id":"w948534442@1","update_time":"2021-05-29T21:50:27.000Z","confidence":null,"between":null,"provider":"osm","resource":"planet","version":"2026-09-06T00:00:00.000Z"}],"is_underground":false,"num_floors":2,"subtype":"religious","class":"mosque","has_parts":false,"version":1}},
{"id":"262a400c-7187-4797-87c9-8c6702701e88","type":"Feature","geometry":{"type":"Polygon","coordinates":[[[90.39345899999999,23.7512553],[90.3930922,23.7511338],[90.3931827,23.7509049],[90.3935495,23.7510264],[90.39345899999999,23.7512553]]]},"properties":{"names":{"primary":"TK Bhaban","common":null,"rules":null},"sources":[{"property":"","dataset":"OpenStreetMap","license":"ODbL-1.0","record_id":"w296526744@3","update_time":"2021-06-05T18:02:52.000Z","confidence":null,"between":null,"provider":"osm","resource":"planet","version":"2026-09-06T00:00:00.000Z"}],"is_underground":false,"num_floors":20,"subtype":"commercial","class":"commercial","has_parts":false,"version":1}},
{"id":"684063de-55b8-407a-812d-a5e5bb812650","type":"Feature","geometry":{"type":"Polygon","coordinates":[[[90.3932162,23.7517551],[90.392914,23.7516583],[90.393063,23.7512685],[90.3933652,23.7513653],[90.3932162,23.7517551]]]},"properties":{"names":{"primary":"BSEC Bhaban","common":null,"rules":null},"sources":[{"property":"","dataset":"OpenStreetMap","license":"ODbL-1.0","record_id":"w296526972@4","update_time":"2022-12-30T05:52:31.000Z","confidence":null,"between":null,"provider":"osm","resource":"planet","version":"2026-09-06T00:00:00.000Z"}],"is_underground":false,"num_floors":11,"subtype":"commercial","class":"commercial","has_parts":false,"version":1}},
{"id":"c1cd904e-eb35-4f92-937e-4ab5615a26a6","type":"Feature","geometry":{"type":"Polygon","coordinates":[[[90.3926303,23.7511956],[90.3924951,23.751145],[90.3925391,23.7510198],[90.3924691,23.7510049],[90.3924691,23.7509467],[90.3927231,23.7509765],[90.3926303,23.7511956]]]},"properties":{"sources":[{"property":"","dataset":"OpenStreetMap","license":"ODbL-1.0","record_id":"w297111231@1","update_time":"2014-08-10T21:54:46.000Z","confidence":null,"between":null,"provider":"osm","resource":"planet","version":"2026-09-06T00:00:00.000Z"}],"is_underground":false,"subtype":"commercial","class":"commercial","has_parts":false,"version":1}},
{"id":"ace247b2-68a7-4442-a13b-020265ed5ef3","type":"Feature","geometry":{"type":"Polygon","coordinates":[[[90.3923306,23.7520953],[90.3929226,23.7505284],[90.3931674,23.7506059],[90.3928876,23.7513458],[90.3925583,23.7521636],[90.3923306,23.7520953]]]},"properties":{"names":{"primary":"কাওরান বাজার মেট্রো স্টেশন","common":[["en","Kawran Bazar Metro Station"]],"rules":null},"sources":[{"property":"","dataset":"OpenStreetMap","license":"ODbL-1.0","record_id":"w1125773740@5","update_time":"2026-08-12T01:18:47.000Z","confidence":null,"between":null,"provider":"osm","resource":"planet","version":"2026-09-06T00:00:00.000Z"}],"level":3,"is_underground":false,"subtype":"transportation","class":"train_station","has_parts":false,"version":1}},
{"id":"54715d10-3458-4924-b2b1-fdd3a9e5657b","type":"Feature","geometry":{"type":"Polygon","coordinates":[[[90.3929828,23.752525],[90.3928229,23.7524837],[90.3928427,23.7524196],[90.3930026,23.7524609],[90.3929828,23.752525]]]},"properties":{"names":{"primary":"Summit Tower","common":null,"rules":null},"sources":[{"property":"","dataset":"OpenStreetMap","license":"ODbL-1.0","record_id":"w296547315@2","update_time":"2018-06-30T05:43:34.000Z","confidence":null,"between":null,"provider":"osm","resource":"planet","version":"2026-09-06T00:00:00.000Z"}],"is_underground":false,"subtype":"commercial","class":"commercial","has_parts":false,"version":1}},
{"id":"815a41a6-af29-464b-ab81-b64fe41f41f3","type":"Feature","geometry":{"type":"Polygon","coordinates":[[[90.3927855,23.7525444],[90.3925401,23.7524751],[90.3925822,23.7523407],[90.3928323,23.7524099],[90.3927855,23.7525444]]]},"properties":{"names":{"primary":"CA Bhaban","common":null,"rules":null},"sources":[{"property":"","dataset":"OpenStreetMap","license":"ODbL-1.0","record_id":"w296544711@1","update_time":"2018-06-30T05:38:58.000Z","confidence":null,"between":null,"provider":"osm","resource":"planet","version":"2026-09-06T00:00:00.000Z"}],"is_underground":false,"subtype":"commercial","class":"commercial","has_parts":false,"version":1}},
{"id":"ef82badb-5255-444d-8bb7-8f1bf5e0de5b","type":"Feature","geometry":{"type":"Polygon","coordinates":[[[90.3921392,23.7524275],[90.3919894,23.7523883],[90.3920642,23.7521469],[90.3922256,23.7521808],[90.3921392,23.7524275]]]},"properties":{"sources":[{"property":"","dataset":"OpenStreetMap","license":"ODbL-1.0","record_id":"w297115230@2","update_time":"2017-07-08T09:25:04.000Z","confidence":null,"between":null,"provider":"osm","resource":"planet","version":"2026-09-06T00:00:00.000Z"}],"is_underground":false,"subtype":"commercial","class":"commercial","has_parts":false,"version":1}},
{"id":"67dc4bcf-9855-4642-82f0-ba9a826b9064","type":"Feature","geometry":{"type":"Polygon","coordinates":[[[90.392142,23.7519651],[90.3921577,23.7518902],[90.3923428,23.7519228],[90.3923271,23.7519976],[90.392142,23.7519651]]]},"properties":{"sources":[{"property":"","dataset":"OpenStreetMap","license":"ODbL-1.0","record_id":"w506017494@1","update_time":"2017-07-08T09:25:01.000Z","confidence":null,"between":null,"provider":"osm","resource":"planet","version":"2026-09-06T00:00:00.000Z"}],"is_underground":false,"has_parts":false,"version":1}},
{"id":"113cef25-1946-4c7f-be94-977b384da1c6","type":"Feature","geometry":{"type":"Polygon","coordinates":[[[90.3922792,23.7520496],[90.3922512,23.7521496],[90.3920489,23.752102],[90.3920769,23.7520021],[90.3922792,23.7520496]]]},"properties":{"names":{"primary":"ARA Bhaban","common":null,"rules":null},"sources":[{"property":"","dataset":"OpenStreetMap","license":"ODbL-1.0","record_id":"w297114204@6","update_time":"2026-01-23T10:08:04.000Z","confidence":null,"between":null,"provider":"osm","resource":"planet","version":"2026-09-06T00:00:00.000Z"}],"is_underground":false,"subtype":"commercial","class":"commercial","has_parts":false,"version":2}},
{"id":"94861d5e-f977-4870-a93d-a8b1127d0bec","type":"Feature","geometry":{"type":"Polygon","coordinates":[[[90.3921569,23.7518688],[90.3921732,23.7517957],[90.3923871,23.7518356],[90.3923708,23.7519087],[90.3921569,23.7518688]]]},"properties":{"sources":[{"property":"","dataset":"OpenStreetMap","license":"ODbL-1.0","record_id":"w506017493@1","update_time":"2017-07-08T09:25:00.000Z","confidence":null,"between":null,"provider":"osm","resource":"planet","version":"2026-09-06T00:00:00.000Z"}],"is_underground":false,"has_parts":false,"version":1}},
{"id":"df9429c3-5107-4d3c-ae0b-af1e38ef7317","type":"Feature","geometry":{"type":"Polygon","coordinates":[[[90.3921858,23.751781],[90.3921966,23.7517319],[90.3924065,23.7517706],[90.3923957,23.7518197],[90.3921858,23.751781]]]},"properties":{"sources":[{"property":"","dataset":"OpenStreetMap","license":"ODbL-1.0","record_id":"w506017492@1","update_time":"2017-07-08T09:25:00.000Z","confidence":null,"between":null,"provider":"osm","resource":"planet","version":"2026-09-06T00:00:00.000Z"}],"is_underground":false,"has_parts":false,"version":1}},
{"id":"2ff2a89d-ef6e-4c4e-8801-be8281fe23a0","type":"Feature","geometry":{"type":"Polygon","coordinates":[[[90.3921728,23.7517167],[90.3921819,23.751614],[90.3923562,23.7516269],[90.3923472,23.7517296],[90.3921728,23.7517167]]]},"properties":{"sources":[{"property":"","dataset":"OpenStreetMap","license":"ODbL-1.0","record_id":"w506017491@1","update_time":"2017-07-08T09:25:00.000Z","confidence":null,"between":null,"provider":"osm","resource":"planet","version":"2026-09-06T00:00:00.000Z"}],"is_underground":false,"has_parts":false,"version":1}},
{"id":"40e44ae3-d70f-4494-9b29-09c1cc9c2f3e","type":"Feature","geometry":{"type":"Polygon","coordinates":[[[90.3922519,23.7509406],[90.3923647,23.7509698],[90.3923296,23.7510848],[90.3922168,23.7510556],[90.3922519,23.7509406]]]},"properties":{"sources":[{"property":"","dataset":"Google Open Buildings","license":null,"record_id":"7MMGQ92R+CW3F","update_time":"2023-05-01T00:00:00.000Z","confidence":0.7208,"between":null,"provider":"google","resource":"open_buildings","version":"2024-04-16"}],"is_underground":false,"has_parts":false,"version":1}},
{"id":"a4ae1ea6-fd14-4132-b6a6-69dbd9d3b419","type":"Feature","geometry":{"type":"Polygon","coordinates":[[[90.3921973,23.7508972],[90.3922579,23.7509142],[90.3922106,23.7510569],[90.39215,23.7510398],[90.3921973,23.7508972]]]},"properties":{"sources":[{"property":"","dataset":"Google Open Buildings","license":null,"record_id":"7MMGQ92R+9VW4","update_time":"2023-05-01T00:00:00.000Z","confidence":0.768,"between":null,"provider":"google","resource":"open_buildings","version":"2024-04-16"}],"is_underground":false,"has_parts":false,"version":1}},
{"id":"45604dc3-720c-43e2-a864-b6c2e298ba91","type":"Feature","geometry":{"type":"Polygon","coordinates":[[[90.3925055,23.7515451],[90.3919577,23.7514598],[90.3920197,23.7511259],[90.3925675,23.7512113],[90.3925055,23.7515451]]]},"properties":{"names":{"primary":"Purnima Cinema Hall","common":null,"rules":null},"sources":[{"property":"","dataset":"OpenStreetMap","license":"ODbL-1.0","record_id":"w296578442@1","update_time":"2022-03-03T12:25:45.000Z","confidence":null,"between":null,"provider":"osm","resource":"planet","version":"2026-09-06T00:00:00.000Z"}],"is_underground":false,"subtype":"entertainment","has_parts":false,"version":1}},
{"id":"cfb9c8ee-6979-4ce7-9378-41334f8dc03c","type":"Feature","geometry":{"type":"Polygon","coordinates":[[[90.3916623,23.751143],[90.391683,23.7510304],[90.3919539,23.7510721],[90.3919332,23.7511848],[90.3916623,23.751143]]]},"properties":{"sources":[{"property":"","dataset":"OpenStreetMap","license":"ODbL-1.0","record_id":"w506022662@1","update_time":"2017-07-08T10:03:36.000Z","confidence":null,"between":null,"provider":"osm","resource":"planet","version":"2026-09-06T00:00:00.000Z"}],"is_underground":false,"has_parts":false,"version":1}},
{"id":"5cd5b539-fc0f-49d0-ba52-5cc51347fba4","type":"Feature","geometry":{"type":"Polygon","coordinates":[[[90.3919158,23.7510485],[90.3916025,23.7509918],[90.3916291,23.7508606],[90.3919405,23.7509141],[90.3919158,23.7510485]]]},"properties":{"sources":[{"property":"","dataset":"OpenStreetMap","license":"ODbL-1.0","record_id":"w1036813104@1","update_time":"2022-03-03T12:25:45.000Z","confidence":null,"between":null,"provider":"osm","resource":"planet","version":"2026-09-06T00:00:00.000Z"}],"is_underground":false,"has_parts":false,"version":1}},
{"id":"68035d81-1fa7-4e28-8720-620bb48bce59","type":"Feature","geometry":{"type":"Polygon","coordinates":[[[90.3918488,23.7514667],[90.3916401,23.7514453],[90.3916696,23.7512047],[90.3918783,23.7512261],[90.3918488,23.7514667]]]},"properties":{"sources":[{"property":"","dataset":"OpenStreetMap","license":"ODbL-1.0","record_id":"w506022663@1","update_time":"2017-07-08T10:03:36.000Z","confidence":null,"between":null,"provider":"osm","resource":"planet","version":"2026-09-06T00:00:00.000Z"}],"is_underground":false,"has_parts":false,"version":1}},
{"id":"e8abcfa8-5011-4783-9a43-c7add3f173a8","type":"Feature","geometry":{"type":"Polygon","coordinates":[[[90.3917331,23.751485],[90.3918018,23.7514948],[90.3917965,23.7515262],[90.3917279,23.7515164],[90.3917331,23.751485]]]},"properties":{"sources":[{"property":"","dataset":"Google Open Buildings","license":null,"record_id":"7MMGQ92R+JP27","update_time":"2023-05-01T00:00:00.000Z","confidence":0.7681,"between":null,"provider":"google","resource":"open_buildings","version":"2024-04-16"}],"is_underground":false,"has_parts":false,"version":1}},
{"id":"daed23fc-2a3f-424d-ad1b-182b353c19f0","type":"Feature","geometry":{"type":"Polygon","coordinates":[[[90.3916894,23.7516966],[90.3916924,23.7516251],[90.3917976,23.7516288],[90.3917947,23.7517002],[90.3916894,23.7516966]]]},"properties":{"sources":[{"property":"","dataset":"OpenStreetMap","license":"ODbL-1.0","record_id":"w506018889@1","update_time":"2017-07-08T09:34:28.000Z","confidence":null,"between":null,"provider":"osm","resource":"planet","version":"2026-09-06T00:00:00.000Z"}],"is_underground":false,"has_parts":false,"version":1}},
{"id":"96a28531-3938-485f-a31e-9fa9f74221a7","type":"Feature","geometry":{"type":"Polygon","coordinates":[[[90.3916692,23.7516055],[90.3916736,23.7515521],[90.3917997,23.7515607],[90.3917953,23.7516141],[90.3916692,23.7516055]]]},"properties":{"sources":[{"property":"","dataset":"OpenStreetMap","license":"ODbL-1.0","record_id":"w506018867@1","update_time":"2017-07-08T09:34:27.000Z","confidence":null,"between":null,"provider":"osm","resource":"planet","version":"2026-09-06T00:00:00.000Z"}],"is_underground":false,"has_parts":false,"version":1}},
{"id":"244b74ec-4d7c-4b58-8627-3e1a8ebcacf6","type":"Feature","geometry":{"type":"Polygon","coordinates":[[[90.391592,23.7516522],[90.3916247,23.7516563],[90.3916141,23.7517278],[90.391642,23.7517313],[90.3916355,23.7517755],[90.3915748,23.7517678],[90.391592,23.7516522]]]},"properties":{"sources":[{"property":"","dataset":"Google Open Buildings","license":null,"record_id":"7MMGQ92R+MJQV","update_time":"2023-05-01T00:00:00.000Z","confidence":0.7035,"between":null,"provider":"google","resource":"open_buildings","version":"2024-04-16"}],"is_underground":false,"has_parts":false,"version":1}},
{"id":"ce9afade-a457-4d5b-bae4-9c41e52b670d","type":"Feature","geometry":{"type":"Polygon","coordinates":[[[90.3917385,23.7518795],[90.3916293,23.7518718],[90.3916374,23.7517755],[90.3917465,23.7517831],[90.3917385,23.7518795]]]},"properties":{"sources":[{"property":"","dataset":"OpenStreetMap","license":"ODbL-1.0","record_id":"w506018893@1","update_time":"2017-07-08T09:34:28.000Z","confidence":null,"between":null,"provider":"osm","resource":"planet","version":"2026-09-06T00:00:00.000Z"}],"is_underground":false,"has_parts":false,"version":1}},
{"id":"c38b467e-4a7f-4a2a-afe3-76ff5551c350","type":"Feature","geometry":{"type":"Polygon","coordinates":[[[90.3916005,23.7520382],[90.3916052,23.7519663],[90.3916944,23.7519713],[90.3916897,23.7520431],[90.3916005,23.7520382]]]},"properties":{"sources":[{"property":"","dataset":"OpenStreetMap","license":"ODbL-1.0","record_id":"w506018897@1","update_time":"2017-07-08T09:34:28.000Z","confidence":null,"between":null,"provider":"osm","resource":"planet","version":"2026-09-06T00:00:00.000Z"}],"is_underground":false,"has_parts":false,"version":1}},
{"id":"9b911055-bb21-4ab5-b21f-453076ebe997","type":"Feature","geometry":{"type":"Polygon","coordinates":[[[90.3916066,23.7519584],[90.3916086,23.7518927],[90.3917058,23.7518951],[90.3917038,23.7519608],[90.3916066,23.7519584]]]},"properties":{"sources":[{"property":"","dataset":"OpenStreetMap","license":"ODbL-1.0","record_id":"w506018895@1","update_time":"2017-07-08T09:34:28.000Z","confidence":null,"between":null,"provider":"osm","resource":"planet","version":"2026-09-06T00:00:00.000Z"}],"is_underground":false,"has_parts":false,"version":1}},
{"id":"6ac77cc9-7db1-4b43-9046-35b0da1e3042","type":"Feature","geometry":{"type":"Polygon","coordinates":[[[90.3916694,23.7517679],[90.3916716,23.7517221],[90.3917923,23.751727],[90.3917901,23.7517728],[90.3916694,23.7517679]]]},"properties":{"sources":[{"property":"","dataset":"OpenStreetMap","license":"ODbL-1.0","record_id":"w506018891@1","update_time":"2017-07-08T09:34:28.000Z","confidence":null,"between":null,"provider":"osm","resource":"planet","version":"2026-09-06T00:00:00.000Z"}],"is_underground":false,"has_parts":false,"version":1}},
{"id":"757980a6-7e14-4c78-80cc-47406e092137","type":"Feature","geometry":{"type":"Polygon","coordinates":[[[90.3918178,23.751777],[90.3918346,23.7515873],[90.392073,23.7516051],[90.3920562,23.7517948],[90.3918178,23.751777]]]},"properties":{"sources":[{"property":"","dataset":"OpenStreetMap","license":"ODbL-1.0","record_id":"w506017490@1","update_time":"2017-07-08T09:25:00.000Z","confidence":null,"between":null,"provider":"osm","resource":"planet","version":"2026-09-06T00:00:00.000Z"}],"is_underground":false,"has_parts":false,"version":1}},
{"id":"a642d612-1206-42a9-b0bf-358037c1fb2c","type":"Feature","geometry":{"type":"Polygon","coordinates":[[[90.3918022,23.7520252],[90.3918129,23.7518016],[90.3920482,23.751811],[90.3920374,23.7520347],[90.3918022,23.7520252]]]},"properties":{"sources":[{"property":"","dataset":"OpenStreetMap","license":"ODbL-1.0","record_id":"w506017489@1","update_time":"2017-07-08T09:25:00.000Z","confidence":null,"between":null,"provider":"osm","resource":"planet","version":"2026-09-06T00:00:00.000Z"}],"is_underground":false,"has_parts":false,"version":1}},
{"id":"6da2435c-2af4-4825-a1e4-8902ecfdd59c","type":"Feature","geometry":{"type":"Polygon","coordinates":[[[90.3917306,23.7523637],[90.3916702,23.7523634],[90.3916709,23.7522401],[90.3917313,23.7522404],[90.3917306,23.7523637]]]},"properties":{"sources":[{"property":"","dataset":"OpenStreetMap","license":"ODbL-1.0","record_id":"w506018943@1","update_time":"2017-07-08T09:34:29.000Z","confidence":null,"between":null,"provider":"osm","resource":"planet","version":"2026-09-06T00:00:00.000Z"}],"is_underground":false,"has_parts":false,"version":1}},
{"id":"8b743d51-2c22-4a59-aefc-71329e5d2b5a","type":"Feature","geometry":{"type":"Polygon","coordinates":[[[90.3918002,23.7523696],[90.3917487,23.7523714],[90.3917433,23.7522468],[90.3917949,23.752245],[90.3918002,23.7523696]]]},"properties":{"sources":[{"property":"","dataset":"OpenStreetMap","license":"ODbL-1.0","record_id":"w506018945@1","update_time":"2017-07-08T09:34:29.000Z","confidence":null,"between":null,"provider":"osm","resource":"planet","version":"2026-09-06T00:00:00.000Z"}],"is_underground":false,"has_parts":false,"version":1}},
{"id":"e5c0efe0-1713-4086-9926-2cfc29bb0bde","type":"Feature","geometry":{"type":"Polygon","coordinates":[[[90.3915958,23.7521143],[90.3915998,23.7520492],[90.3917065,23.7520547],[90.3917024,23.7521198],[90.3915958,23.7521143]]]},"properties":{"sources":[{"property":"","dataset":"OpenStreetMap","license":"ODbL-1.0","record_id":"w506018899@1","update_time":"2017-07-08T09:34:28.000Z","confidence":null,"between":null,"provider":"osm","resource":"planet","version":"2026-09-06T00:00:00.000Z"}],"is_underground":false,"has_parts":false,"version":1}},
{"id":"33c405a8-7d81-444d-adb4-28b54b4f3822","type":"Feature","geometry":{"type":"Polygon","coordinates":[[[90.3915821,23.7521954],[90.3915878,23.7521241],[90.3916991,23.7521314],[90.3916934,23.7522028],[90.3915821,23.7521954]]]},"properties":{"sources":[{"property":"","dataset":"OpenStreetMap","license":"ODbL-1.0","record_id":"w506018901@1","update_time":"2017-07-08T09:34:28.000Z","confidence":null,"between":null,"provider":"osm","resource":"planet","version":"2026-09-06T00:00:00.000Z"}],"is_underground":false,"has_parts":false,"version":1}},
{"id":"f4531f9b-aace-476a-b931-d42753365271","type":"Feature","geometry":{"type":"Polygon","coordinates":[[[90.3916576,23.7523656],[90.3916018,23.7523647],[90.3916045,23.752229],[90.3916603,23.75223],[90.3916576,23.7523656]]]},"properties":{"sources":[{"property":"","dataset":"OpenStreetMap","license":"ODbL-1.0","record_id":"w506018941@1","update_time":"2017-07-08T09:34:29.000Z","confidence":null,"between":null,"provider":"osm","resource":"planet","version":"2026-09-06T00:00:00.000Z"}],"is_underground":false,"has_parts":false,"version":1}},
{"id":"d457df08-b27d-41c4-a048-3e63ef9438f5","type":"Feature","geometry":{"type":"Polygon","coordinates":[[[90.391776,23.7524856],[90.3915011,23.7524918],[90.391508,23.7524061],[90.3917775,23.7523995],[90.391776,23.7524856]]]},"properties":{"sources":[{"property":"","dataset":"OpenStreetMap","license":"ODbL-1.0","record_id":"w466002304@1","update_time":"2017-07-08T09:25:03.000Z","confidence":null,"between":null,"provider":"osm","resource":"planet","version":"2026-09-06T00:00:00.000Z"}],"is_underground":false,"has_parts":false,"version":1}},
{"id":"122ddeeb-3add-409b-80d2-1f3f538a88b2","type":"Feature","geometry":{"type":"Polygon","coordinates":[[[90.3915937,23.7523792],[90.3915267,23.7523782],[90.3915281,23.7523039],[90.3915951,23.7523049],[90.3915937,23.7523792]]]},"properties":{"sources":[{"property":"","dataset":"OpenStreetMap","license":"ODbL-1.0","record_id":"w506018939@1","update_time":"2017-07-08T09:34:29.000Z","confidence":null,"between":null,"provider":"osm","resource":"planet","version":"2026-09-06T00:00:00.000Z"}],"is_underground":false,"has_parts":false,"version":1}},
{"id":"0955ca23-185a-4dcb-b516-cf0d7efda221","type":"Feature","geometry":{"type":"Polygon","coordinates":[[[90.3914945,23.7523726],[90.3913967,23.7523714],[90.3913987,23.7522266],[90.3914965,23.7522277],[90.3914945,23.7523726]]]},"properties":{"sources":[{"property":"","dataset":"OpenStreetMap","license":"ODbL-1.0","record_id":"w506018936@1","update_time":"2017-07-08T09:34:29.000Z","confidence":null,"between":null,"provider":"osm","resource":"planet","version":"2026-09-06T00:00:00.000Z"}],"is_underground":false,"has_parts":false,"version":1}},
{"id":"4437681b-3136-4d7c-9976-2943e3b8a9a9","type":"Feature","geometry":{"type":"Polygon","coordinates":[[[90.3914873,23.7524984],[90.3914369,23.7524948],[90.3914443,23.7524095],[90.3914947,23.7524131],[90.3914873,23.7524984]]]},"properties":{"sources":[{"property":"","dataset":"OpenStreetMap","license":"ODbL-1.0","record_id":"w506018924@1","update_time":"2017-07-08T09:34:29.000Z","confidence":null,"between":null,"provider":"osm","resource":"planet","version":"2026-09-06T00:00:00.000Z"}],"is_underground":false,"has_parts":false,"version":1}},
{"id":"f5921694-6d2a-4e71-8e07-7df4767ac217","type":"Feature","geometry":{"type":"Polygon","coordinates":[[[90.3913262,23.7524733],[90.3913343,23.7524003],[90.3914179,23.752408],[90.3914098,23.752481],[90.3913262,23.7524733]]]},"properties":{"sources":[{"property":"","dataset":"OpenStreetMap","license":"ODbL-1.0","record_id":"w506018926@1","update_time":"2017-07-08T09:34:29.000Z","confidence":null,"between":null,"provider":"osm","resource":"planet","version":"2026-09-06T00:00:00.000Z"}],"is_underground":false,"has_parts":false,"version":1}},
{"id":"f6fba001-cecc-4424-b565-91fea1cbb3da","type":"Feature","geometry":{"type":"Polygon","coordinates":[[[90.39139,23.7523555],[90.3913216,23.7523561],[90.3913202,23.7522223],[90.3913887,23.7522217],[90.39139,23.7523555]]]},"properties":{"sources":[{"property":"","dataset":"OpenStreetMap","license":"ODbL-1.0","record_id":"w506018934@1","update_time":"2017-07-08T09:34:29.000Z","confidence":null,"between":null,"provider":"osm","resource":"planet","version":"2026-09-06T00:00:00.000Z"}],"is_underground":false,"has_parts":false,"version":1}},
{"id":"4fe9368a-584b-4d31-b40b-149911c6f592","type":"Feature","geometry":{"type":"Polygon","coordinates":[[[90.3913815,23.7521964],[90.3913858,23.7521322],[90.3914957,23.7521383],[90.3914915,23.7522025],[90.3913815,23.7521964]]]},"properties":{"sources":[{"property":"","dataset":"OpenStreetMap","license":"ODbL-1.0","record_id":"w506018903@1","update_time":"2022-08-30T16:08:02.000Z","confidence":null,"between":null,"provider":"osm","resource":"planet","version":"2026-09-06T00:00:00.000Z"}],"is_underground":false,"has_parts":false,"version":1}},
{"id":"dd9b291f-a99b-45ac-b428-a6b572b68c74","type":"Feature","geometry":{"type":"Polygon","coordinates":[[[90.3915938,23.7522902],[90.3915308,23.7522892],[90.3915321,23.7522217],[90.3915951,23.7522227],[90.3915938,23.7522902]]]},"properties":{"sources":[{"property":"","dataset":"OpenStreetMap","license":"ODbL-1.0","record_id":"w506018938@1","update_time":"2017-07-08T09:34:29.000Z","confidence":null,"between":null,"provider":"osm","resource":"planet","version":"2026-09-06T00:00:00.000Z"}],"is_underground":false,"has_parts":false,"version":1}},
{"id":"f64255f5-0dbd-420d-a22e-98b5ca252ded","type":"Feature","geometry":{"type":"Polygon","coordinates":[[[90.3913663,23.752117],[90.3913823,23.7520177],[90.3915191,23.7520361],[90.3915031,23.7521354],[90.3913663,23.752117]]]},"properties":{"sources":[{"property":"","dataset":"OpenStreetMap","license":"ODbL-1.0","record_id":"w506018905@2","update_time":"2022-08-30T16:08:02.000Z","confidence":null,"between":null,"provider":"osm","resource":"planet","version":"2026-09-06T00:00:00.000Z"}],"level":1,"is_underground":false,"has_parts":false,"version":1}},
{"id":"17efbb0f-a84f-4284-bdc1-c41568484967","type":"Feature","geometry":{"type":"Polygon","coordinates":[[[90.3914384,23.7519794],[90.3914559,23.7519011],[90.3915173,23.7519127],[90.3914998,23.7519909],[90.3914384,23.7519794]]]},"properties":{"sources":[{"property":"","dataset":"OpenStreetMap","license":"ODbL-1.0","record_id":"w506018873@1","update_time":"2022-08-30T16:08:02.000Z","confidence":null,"between":null,"provider":"osm","resource":"planet","version":"2026-09-06T00:00:00.000Z"}],"is_underground":false,"has_parts":false,"version":1}},
{"id":"44d8e173-b96f-4b34-9366-ddbc76cad68c","type":"Feature","geometry":{"type":"Polygon","coordinates":[[[90.3915505,23.7518317],[90.3914836,23.7518243],[90.3915158,23.7515788],[90.3915827,23.7515862],[90.3915505,23.7518317]]]},"properties":{"sources":[{"property":"","dataset":"OpenStreetMap","license":"ODbL-1.0","record_id":"w506018883@3","update_time":"2024-09-27T06:47:50.000Z","confidence":null,"between":null,"provider":"osm","resource":"planet","version":"2026-09-06T00:00:00.000Z"}],"is_underground":false,"has_parts":false,"version":1}},
{"id":"d8821761-618d-4135-817a-f306d9758e6a","type":"Feature","geometry":{"type":"Polygon","coordinates":[[[90.3914797,23.7517779],[90.39142819999999,23.7517724],[90.391447,23.7516545],[90.3915002,23.7516538],[90.3914797,23.7517779]]]},"properties":{"sources":[{"property":"","dataset":"OpenStreetMap","license":"ODbL-1.0","record_id":"w506018881@1","update_time":"2022-08-30T16:08:02.000Z","confidence":null,"between":null,"provider":"osm","resource":"planet","version":"2026-09-06T00:00:00.000Z"}],"is_underground":false,"has_parts":false,"version":1}},
{"id":"2c8b0859-5e72-4796-b6a8-9f69c1b8b8d3","type":"Feature","geometry":{"type":"Polygon","coordinates":[[[90.3913827,23.7518829],[90.3913899,23.7518362],[90.3915321,23.7518546],[90.3915249,23.7519014],[90.3913827,23.7518829]]]},"properties":{"sources":[{"property":"","dataset":"OpenStreetMap","license":"ODbL-1.0","record_id":"w506018875@1","update_time":"2022-08-30T16:08:02.000Z","confidence":null,"between":null,"provider":"osm","resource":"planet","version":"2026-09-06T00:00:00.000Z"}],"is_underground":false,"has_parts":false,"version":1}},
{"id":"31945ed3-807a-48ef-ae81-2ab77ce6540c","type":"Feature","geometry":{"type":"Polygon","coordinates":[[[90.3913607,23.751822399999998],[90.3913658,23.7517791],[90.3914609,23.7517864],[90.3914535,23.7518371],[90.3913607,23.751822399999998]]]},"properties":{"sources":[{"property":"","dataset":"OpenStreetMap","license":"ODbL-1.0","record_id":"w506018871@1","update_time":"2022-08-30T16:08:02.000Z","confidence":null,"between":null,"provider":"osm","resource":"planet","version":"2026-09-06T00:00:00.000Z"}],"is_underground":false,"has_parts":false,"version":1}},
{"id":"bb656932-ddbb-4148-8c53-626403a1df4a","type":"Feature","geometry":{"type":"Polygon","coordinates":[[[90.3914235,23.7517636],[90.3913718,23.7517571],[90.3913859,23.7516644],[90.3914376,23.751671],[90.3914235,23.7517636]]]},"properties":{"sources":[{"property":"","dataset":"OpenStreetMap","license":"ODbL-1.0","record_id":"w506018869@1","update_time":"2022-08-30T16:08:02.000Z","confidence":null,"between":null,"provider":"osm","resource":"planet","version":"2026-09-06T00:00:00.000Z"}],"is_underground":false,"has_parts":false,"version":1}},
{"id":"d01cf38f-d3bf-4eee-8458-87ece698b594","type":"Feature","geometry":{"type":"Polygon","coordinates":[[[90.3914258,23.7519951],[90.3912941,23.7519749],[90.3913115,23.7518859],[90.3914472,23.7519099],[90.3914258,23.7519951]]]},"properties":{"sources":[{"property":"","dataset":"OpenStreetMap","license":"ODbL-1.0","record_id":"w506018885@1","update_time":"2022-08-30T16:08:02.000Z","confidence":null,"between":null,"provider":"osm","resource":"planet","version":"2026-09-06T00:00:00.000Z"}],"is_underground":false,"has_parts":false,"version":1}},
{"id":"74cfb9cb-2cd5-44ec-ac0c-a16934a80004","type":"Feature","geometry":{"type":"Polygon","coordinates":[[[90.3912662,23.7520221],[90.3911974,23.7520068],[90.3912124,23.7519505],[90.3912812,23.7519658],[90.3912662,23.7520221]]]},"properties":{"sources":[{"property":"","dataset":"OpenStreetMap","license":"ODbL-1.0","record_id":"w1105706558@1","update_time":"2022-10-21T06:53:25.000Z","confidence":null,"between":null,"provider":"osm","resource":"planet","version":"2026-09-06T00:00:00.000Z"}],"is_underground":false,"has_parts":false,"version":1}},
{"id":"e37b9787-9305-49ec-8803-0ad5c3a7c524","type":"Feature","geometry":{"type":"Polygon","coordinates":[[[90.3912856,23.7519553],[90.3912014,23.7519345],[90.3912235,23.7518596],[90.3913077,23.7518804],[90.3912856,23.7519553]]]},"properties":{"sources":[{"property":"","dataset":"OpenStreetMap","license":"ODbL-1.0","record_id":"w506018887@1","update_time":"2022-10-21T06:53:25.000Z","confidence":null,"between":null,"provider":"osm","resource":"planet","version":"2026-09-06T00:00:00.000Z"}],"is_underground":false,"has_parts":false,"version":1}},
{"id":"44a39e8b-8142-45b3-b330-4f0a08957e01","type":"Feature","geometry":{"type":"Polygon","coordinates":[[[90.391337,23.7518669],[90.3912371,23.7518418],[90.3912619,23.7517593],[90.3913684,23.7517022],[90.391337,23.7518669]]]},"properties":{"sources":[{"property":"","dataset":"OpenStreetMap","license":"ODbL-1.0","record_id":"w506018877@1","update_time":"2022-08-30T16:08:02.000Z","confidence":null,"between":null,"provider":"osm","resource":"planet","version":"2026-09-06T00:00:00.000Z"}],"is_underground":false,"has_parts":false,"version":1}},
{"id":"c70c2e67-b597-4801-88ae-a60026334185","type":"Feature","geometry":{"type":"Polygon","coordinates":[[[90.3911614,23.7519479],[90.3910879,23.7519351],[90.3911174,23.7517931],[90.391191,23.7518059],[90.3911614,23.7519479]]]},"properties":{"sources":[{"property":"","dataset":"OpenStreetMap","license":"ODbL-1.0","record_id":"w1112175838@1","update_time":"2022-11-11T03:28:14.000Z","confidence":null,"between":null,"provider":"osm","resource":"planet","version":"2026-09-06T00:00:00.000Z"}],"is_underground":false,"has_parts":false,"version":1}},
{"id":"8c472e6c-3920-4fcd-bb82-87e015d43485","type":"Feature","geometry":{"type":"Polygon","coordinates":[[[90.3911975,23.7522511],[90.3911452,23.7522419],[90.391161,23.7521933],[90.391216,23.7522025],[90.3911975,23.7522511]]]},"properties":{"sources":[{"property":"","dataset":"OpenStreetMap","license":"ODbL-1.0","record_id":"w506018930@1","update_time":"2022-08-30T16:08:02.000Z","confidence":null,"between":null,"provider":"osm","resource":"planet","version":"2026-09-06T00:00:00.000Z"}],"is_underground":false,"has_parts":false,"version":1}},
{"id":"49e4ae64-551f-4619-bc56-916a5f56cd0f","type":"Feature","geometry":{"type":"Polygon","coordinates":[[[90.3912311,23.7521654],[90.3911714,23.7521566],[90.3912009,23.7520308],[90.3912657,23.752045],[90.3912311,23.7521654]]]},"properties":{"sources":[{"property":"","dataset":"OpenStreetMap","license":"ODbL-1.0","record_id":"w506018908@1","update_time":"2022-10-21T06:53:25.000Z","confidence":null,"between":null,"provider":"osm","resource":"planet","version":"2026-09-06T00:00:00.000Z"}],"is_underground":false,"has_parts":false,"version":1}},
{"id":"6acd212e-ad07-4cae-866d-375bd5fee529","type":"Feature","geometry":{"type":"Polygon","coordinates":[[[90.3913413,23.752169],[90.3912517,23.7521512],[90.3912846,23.7520131],[90.3913742,23.7520309],[90.3913413,23.752169]]]},"properties":{"sources":[{"property":"","dataset":"OpenStreetMap","license":"ODbL-1.0","record_id":"w506018906@1","update_time":"2022-08-30T16:08:02.000Z","confidence":null,"between":null,"provider":"osm","resource":"planet","version":"2026-09-06T00:00:00.000Z"}],"is_underground":false,"has_parts":false,"version":1}},
{"id":"a710ff51-c7c7-4d55-9fe2-e1c54cb67e06","type":"Feature","geometry":{"type":"Polygon","coordinates":[[[90.3912918,23.7523548],[90.3912096,23.7523493],[90.3912203,23.7522137],[90.3913025,23.7522191],[90.3912918,23.7523548]]]},"properties":{"sources":[{"property":"","dataset":"OpenStreetMap","license":"ODbL-1.0","record_id":"w506018932@1","update_time":"2017-07-08T09:34:29.000Z","confidence":null,"between":null,"provider":"osm","resource":"planet","version":"2026-09-06T00:00:00.000Z"}],"is_underground":false,"has_parts":false,"version":1}},
{"id":"92dcfe34-9d53-4587-8938-0a8679cf0bfb","type":"Feature","geometry":{"type":"Polygon","coordinates":[[[90.3912332,23.7524655],[90.3912397,23.7523904],[90.3913155,23.752396],[90.391309,23.752471],[90.3912332,23.7524655]]]},"properties":{"sources":[{"property":"","dataset":"OpenStreetMap","license":"ODbL-1.0","record_id":"w506018922@1","update_time":"2017-07-08T09:34:29.000Z","confidence":null,"between":null,"provider":"osm","resource":"planet","version":"2026-09-06T00:00:00.000Z"}],"is_underground":false,"has_parts":false,"version":1}},
{"id":"f9bd643d-46ab-41b9-93a2-30a87ae22b34","type":"Feature","geometry":{"type":"Polygon","coordinates":[[[90.3911968,23.7524616],[90.3911076,23.7524438],[90.3911231,23.7523788],[90.3912123,23.7523966],[90.3911968,23.7524616]]]},"properties":{"sources":[{"property":"","dataset":"OpenStreetMap","license":"ODbL-1.0","record_id":"w506018920@1","update_time":"2017-07-08T09:34:29.000Z","confidence":null,"between":null,"provider":"osm","resource":"planet","version":"2026-09-06T00:00:00.000Z"}],"is_underground":false,"has_parts":false,"version":1}},
{"id":"cdf65a1d-4439-40ec-9673-09490261d38c","type":"Feature","geometry":{"type":"Polygon","coordinates":[[[90.3912016,23.7523714],[90.3911251,23.7523475],[90.3911422,23.7522706],[90.3912079,23.7522676],[90.3912016,23.7523714]]]},"properties":{"sources":[{"property":"","dataset":"OpenStreetMap","license":"ODbL-1.0","record_id":"w506018928@1","update_time":"2022-08-30T16:08:02.000Z","confidence":null,"between":null,"provider":"osm","resource":"planet","version":"2026-09-06T00:00:00.000Z"}],"is_underground":false,"has_parts":false,"version":1}},
{"id":"a68abd74-ec12-4cd0-b4de-3d599c4224b9","type":"Feature","geometry":{"type":"Polygon","coordinates":[[[90.391077,23.7522941],[90.3910059,23.752281],[90.3910608,23.7520875],[90.3911329,23.7521043],[90.391077,23.7522941]]]},"properties":{"sources":[{"property":"","dataset":"OpenStreetMap","license":"ODbL-1.0","record_id":"w1112175839@1","update_time":"2022-11-11T03:28:14.000Z","confidence":null,"between":null,"provider":"osm","resource":"planet","version":"2026-09-06T00:00:00.000Z"}],"is_underground":false,"has_parts":false,"version":1}},
{"id":"b915d83e-3c04-4f73-afe2-a3930f2fb9f8","type":"Feature","geometry":{"type":"Polygon","coordinates":[[[90.390763,23.7523328],[90.3907455,23.7520676],[90.391053,23.7520507],[90.3910158,23.752194],[90.3909591,23.7523244],[90.3908984,23.7523628],[90.3908629,23.7523579],[90.3908649,23.7523413],[90.390763,23.7523328]]]},"properties":{"sources":[{"property":"","dataset":"OpenStreetMap","license":"ODbL-1.0","record_id":"w506022670@1","update_time":"2017-07-08T10:03:37.000Z","confidence":null,"between":null,"provider":"osm","resource":"planet","version":"2026-09-06T00:00:00.000Z"}],"is_underground":false,"has_parts":false,"version":1}},
{"id":"69889be1-aab8-45c2-aa6e-7c4d71a086bf","type":"Feature","geometry":{"type":"Polygon","coordinates":[[[90.3909789,23.7523862],[90.390928,23.7525034],[90.3908612,23.7524791],[90.3909122,23.7523619],[90.3909789,23.7523862]]]},"properties":{"sources":[{"property":"","dataset":"OpenStreetMap","license":"ODbL-1.0","record_id":"w506018910@1","update_time":"2022-08-30T16:08:02.000Z","confidence":null,"between":null,"provider":"osm","resource":"planet","version":"2026-09-06T00:00:00.000Z"}],"is_underground":false,"has_parts":false,"version":1}},
{"id":"289c7f70-02d6-4dbe-b1b0-c0854687478a","type":"Feature","geometry":{"type":"Polygon","coordinates":[[[90.3907135,23.7524934],[90.3907376,23.7524287],[90.3908436,23.7524619],[90.3908194,23.7525265],[90.3907135,23.7524934]]]},"properties":{"sources":[{"property":"","dataset":"OpenStreetMap","license":"ODbL-1.0","record_id":"w506018912@1","update_time":"2022-08-30T16:08:02.000Z","confidence":null,"between":null,"provider":"osm","resource":"planet","version":"2026-09-06T00:00:00.000Z"}],"is_underground":false,"has_parts":false,"version":1}},
{"id":"a76cc577-4a62-4dd9-b951-c3a97ab74758","type":"Feature","geometry":{"type":"Polygon","coordinates":[[[90.390705,23.7524879],[90.3906583,23.7524818],[90.3906668,23.7524131],[90.3907187,23.7524231],[90.390705,23.7524879]]]},"properties":{"sources":[{"property":"","dataset":"OpenStreetMap","license":"ODbL-1.0","record_id":"w506022667@1","update_time":"2022-08-30T16:08:02.000Z","confidence":null,"between":null,"provider":"osm","resource":"planet","version":"2026-09-06T00:00:00.000Z"}],"is_underground":false,"has_parts":false,"version":1}},
{"id":"966c4565-9931-4068-a195-a16cdff117a8","type":"Feature","geometry":{"type":"Polygon","coordinates":[[[90.3905548,23.7521897],[90.3905082,23.7520701],[90.3907201,23.7520602],[90.3907345,23.752321],[90.3906088,23.7523033],[90.3906088,23.7521904],[90.3905548,23.7521897]]]},"properties":{"sources":[{"property":"","dataset":"OpenStreetMap","license":"ODbL-1.0","record_id":"w506022671@1","update_time":"2017-07-08T10:03:37.000Z","confidence":null,"between":null,"provider":"osm","resource":"planet","version":"2026-09-06T00:00:00.000Z"}],"is_underground":false,"has_parts":false,"version":1}},
{"id":"23905df0-4a42-4ca4-9c0c-33de4467d6ac","type":"Feature","geometry":{"type":"Polygon","coordinates":[[[90.3905257,23.7520441],[90.3905103,23.7519623],[90.390721,23.7519179],[90.3907578,23.7520269],[90.3905257,23.7520441]]]},"properties":{"sources":[{"property":"","dataset":"OpenStreetMap","license":"ODbL-1.0","record_id":"w506022669@1","update_time":"2022-08-30T16:08:02.000Z","confidence":null,"between":null,"provider":"osm","resource":"planet","version":"2026-09-06T00:00:00.000Z"}],"is_underground":false,"has_parts":false,"version":1}},
{"id":"2d7e2e2c-fe71-4bdb-b2f4-566734f0c55b","type":"Feature","geometry":{"type":"Polygon","coordinates":[[[90.3908331,23.7520013],[90.3907838,23.7520043],[90.3907619,23.7519009],[90.3910619,23.7518068],[90.3910889,23.7520136],[90.3908351,23.752029],[90.3908331,23.7520013]]]},"properties":{"sources":[{"property":"","dataset":"OpenStreetMap","license":"ODbL-1.0","record_id":"w506022668@1","update_time":"2022-08-30T16:08:02.000Z","confidence":null,"between":null,"provider":"osm","resource":"planet","version":"2026-09-06T00:00:00.000Z"}],"is_underground":false,"has_parts":false,"version":1}},
{"id":"40dd180f-ffb0-4d96-aa9c-b97c9b3c75d8","type":"Feature","geometry":{"type":"Polygon","coordinates":[[[90.39012,23.7516028],[90.3900988,23.7515711],[90.3900908,23.7515301],[90.3900492,23.7515345],[90.3899919,23.7512249],[90.3899453,23.7512313],[90.3898694,23.7508371],[90.3899974,23.7508145],[90.3899906,23.7507879],[90.3903884,23.7507297],[90.3904565,23.7507135],[90.3904752,23.7507882],[90.3907584,23.7507372],[90.3907415,23.7506566],[90.3912694,23.7505416],[90.3912941,23.7506544],[90.3913385,23.7508569],[90.3913555,23.7510591],[90.3913522,23.7512627],[90.3913712,23.7514002],[90.391295,23.7514141],[90.3913119,23.7514946],[90.3912215,23.7515861],[90.3911034,23.7516297],[90.3908776,23.7516714],[90.390809,23.7517051],[90.390716,23.7517255],[90.3906161,23.751728],[90.3905519,23.7517104],[90.390378,23.7517387],[90.3902957,23.7517375],[90.3902849,23.7516953],[90.3901863,23.7516556],[90.390143,23.7516295],[90.39012,23.7516028]]]},"properties":{"names":{"primary":"বসুন্ধরা সিটি","common":[["en","Bashundhara City"],["hi","बशुंधरा सिटी"]],"rules":null},"sources":[{"property":"","dataset":"OpenStreetMap","license":"ODbL-1.0","record_id":"w24448713@19","update_time":"2026-07-30T17:13:47.000Z","confidence":null,"between":null,"provider":"osm","resource":"planet","version":"2026-09-06T00:00:00.000Z"}],"is_underground":false,"num_floors":8,"subtype":"commercial","class":"commercial","has_parts":true,"version":5}},
{"id":"0981827d-22ea-4c69-bc50-4347bfebb37e","type":"Feature","geometry":{"type":"Polygon","coordinates":[[[90.3913578,23.7516637],[90.391347,23.7515962],[90.3914399,23.7515839],[90.3914507,23.7516514],[90.3913578,23.7516637]]]},"properties":{"sources":[{"property":"","dataset":"OpenStreetMap","license":"ODbL-1.0","record_id":"w506018879@1","update_time":"2022-08-30T16:08:02.000Z","confidence":null,"between":null,"provider":"osm","resource":"planet","version":"2026-09-06T00:00:00.000Z"}],"is_underground":false,"has_parts":false,"version":1}},
{"id":"aea79ab3-547b-4d0d-94e8-892d54d68daa","type":"Feature","geometry":{"type":"Polygon","coordinates":[[[90.3915602,23.7513475],[90.3914098,23.7513438],[90.3913691,23.7509047],[90.3915724,23.7508861],[90.3915602,23.7513475]]]},"properties":{"sources":[{"property":"","dataset":"OpenStreetMap","license":"ODbL-1.0","record_id":"w1036813107@1","update_time":"2022-03-03T12:25:45.000Z","confidence":null,"between":null,"provider":"osm","resource":"planet","version":"2026-09-06T00:00:00.000Z"}],"is_underground":false,"has_parts":false,"version":1}},
{"id":"256d051a-9c3f-45c4-b000-b3fbb7f100f1","type":"Feature","geometry":{"type":"Polygon","coordinates":[[[90.3912496,23.7501012],[90.3912398,23.7500128],[90.3913345,23.7499918],[90.3913617,23.7500876],[90.3912496,23.7501012]]]},"properties":{"sources":[{"property":"","dataset":"OpenStreetMap","license":"ODbL-1.0","record_id":"w506163788@1","update_time":"2022-11-18T12:11:16.000Z","confidence":null,"between":null,"provider":"osm","resource":"planet","version":"2026-09-06T00:00:00.000Z"}],"is_underground":false,"has_parts":false,"version":1}},
{"id":"023e751e-eb35-446c-8fab-b685d2c3f703","type":"Feature","geometry":{"type":"Polygon","coordinates":[[[90.3911361,23.7508163],[90.3911004,23.7508006],[90.3910717,23.7507756],[90.3910528,23.7507437],[90.3910455,23.7507081],[90.3910507,23.7506721],[90.3910699,23.7506366],[90.391101,23.7506091],[90.3911404,23.7505927],[90.3911835,23.7505894],[90.3912253,23.7505996],[90.391261,23.7506221],[90.3912863,23.7506542],[90.3912983,23.7506922],[90.3912957,23.7507318],[90.3912787,23.7507682],[90.3912493,23.7507972],[90.3912144,23.7508145],[90.3911754,23.7508211],[90.3911361,23.7508163]]]},"properties":{"sources":[{"property":"","dataset":"OpenStreetMap","license":"ODbL-1.0","record_id":"w1092674471@1","update_time":"2022-09-07T16:56:36.000Z","confidence":null,"between":null,"provider":"osm","resource":"planet","version":"2026-09-06T00:00:00.000Z"}],"is_underground":false,"num_floors":17,"has_parts":false,"version":1}},
{"id":"96a5a513-8ff3-4951-ada9-6da9d5e8d2c0","type":"Feature","geometry":{"type":"Polygon","coordinates":[[[90.3909604,23.7509321],[90.3909097,23.7507257],[90.3912829,23.7506489],[90.3913336,23.7508554],[90.3909604,23.7509321]]]},"properties":{"sources":[{"property":"","dataset":"OpenStreetMap","license":"ODbL-1.0","record_id":"w1092674472@2","update_time":"2024-09-27T06:47:50.000Z","confidence":null,"between":null,"provider":"osm","resource":"planet","version":"2026-09-06T00:00:00.000Z"}],"is_underground":false,"num_floors":19,"has_parts":false,"version":1}},
{"id":"f5b6c5f5-ff3f-4f3a-bfc0-d8dd0952dbf0","type":"Feature","geometry":{"type":"Polygon","coordinates":[[[90.3906015,23.7502378],[90.3905652,23.7501103],[90.3906858,23.7500933],[90.3907006,23.7502085],[90.3906015,23.7502378]]]},"properties":{"sources":[{"property":"","dataset":"OpenStreetMap","license":"ODbL-1.0","record_id":"w506163796@1","update_time":"2022-11-18T12:11:16.000Z","confidence":null,"between":null,"provider":"osm","resource":"planet","version":"2026-09-06T00:00:00.000Z"}],"is_underground":false,"has_parts":false,"version":1}},
{"id":"cd5b6765-7625-4ef2-a898-36295e065a6d","type":"Feature","geometry":{"type":"Polygon","coordinates":[[[90.3905547,23.7500894],[90.3905343,23.7500176],[90.3906567,23.7499907],[90.3906785,23.7500625],[90.3905547,23.7500894]]]},"properties":{"sources":[{"property":"","dataset":"OpenStreetMap","license":"ODbL-1.0","record_id":"w506163793@1","update_time":"2022-11-18T12:11:16.000Z","confidence":null,"between":null,"provider":"osm","resource":"planet","version":"2026-09-06T00:00:00.000Z"}],"is_underground":false,"has_parts":false,"version":1}},
{"id":"e26b2d9b-4686-4253-91cb-e3ab8b849f73","type":"Feature","geometry":{"type":"Polygon","coordinates":[[[90.390789,23.750205],[90.3907536,23.7500809],[90.3908443,23.7500592],[90.3908797,23.7501834],[90.390789,23.750205]]]},"properties":{"sources":[{"property":"","dataset":"OpenStreetMap","license":"ODbL-1.0","record_id":"w506163795@1","update_time":"2017-07-09T06:48:58.000Z","confidence":null,"between":null,"provider":"osm","resource":"planet","version":"2026-09-06T00:00:00.000Z"}],"is_underground":false,"has_parts":false,"version":1}},
{"id":"7f01a010-3889-4089-9be1-b15792a71e03","type":"Feature","geometry":{"type":"Polygon","coordinates":[[[90.3909323,23.7501841],[90.3909051,23.7500889],[90.3910805,23.750047],[90.3911076,23.7501423],[90.3909323,23.7501841]]]},"properties":{"sources":[{"property":"","dataset":"OpenStreetMap","license":"ODbL-1.0","record_id":"w506163789@1","update_time":"2017-07-09T06:48:58.000Z","confidence":null,"between":null,"provider":"osm","resource":"planet","version":"2026-09-06T00:00:00.000Z"}],"is_underground":false,"has_parts":false,"version":1}},
{"id":"9072f7cd-30cf-465f-8a9d-0b4d04d54b1d","type":"Feature","geometry":{"type":"Polygon","coordinates":[[[90.3908829,23.7500745],[90.3908106,23.7498206],[90.3911647,23.7498356],[90.3911727,23.7500054],[90.3908829,23.7500745]]]},"properties":{"sources":[{"property":"","dataset":"OpenStreetMap","license":"ODbL-1.0","record_id":"w506163787@1","update_time":"2017-07-09T06:48:58.000Z","confidence":null,"between":null,"provider":"osm","resource":"planet","version":"2026-09-06T00:00:00.000Z"}],"is_underground":false,"has_parts":false,"version":1}},
{"id":"b45b7ab3-0797-49a4-9a5b-af65bc4b4164","type":"Feature","geometry":{"type":"Polygon","coordinates":[[[90.3909441,23.7498093],[90.3909661,23.7495784],[90.3911129,23.7495901],[90.3910909,23.7498211],[90.3909441,23.7498093]]]},"properties":{"sources":[{"property":"","dataset":"OpenStreetMap","license":"ODbL-1.0","record_id":"w506163786@1","update_time":"2017-07-09T06:48:58.000Z","confidence":null,"between":null,"provider":"osm","resource":"planet","version":"2026-09-06T00:00:00.000Z"}],"is_underground":false,"has_parts":false,"version":1}},
{"id":"4fb1684e-7190-47c2-9e31-bd4d3dfd2b26","type":"Feature","geometry":{"type":"Polygon","coordinates":[[[90.3908236,23.7498032],[90.3907757,23.7497138],[90.3909404,23.749727],[90.3909326,23.7498084],[90.3908236,23.7498032]]]},"properties":{"sources":[{"property":"","dataset":"OpenStreetMap","license":"ODbL-1.0","record_id":"w506163784@1","update_time":"2017-07-09T06:48:57.000Z","confidence":null,"between":null,"provider":"osm","resource":"planet","version":"2026-09-06T00:00:00.000Z"}],"is_underground":false,"has_parts":false,"version":1}},
{"id":"c7ce241a-cf19-4b89-9f66-cdf0ddf7bea8","type":"Feature","geometry":{"type":"Polygon","coordinates":[[[90.3907566,23.7500678],[90.3907234,23.7499514],[90.3908076,23.7499313],[90.3908408,23.7500477],[90.3907566,23.7500678]]]},"properties":{"sources":[{"property":"","dataset":"OpenStreetMap","license":"ODbL-1.0","record_id":"w506163794@1","update_time":"2017-07-09T06:48:58.000Z","confidence":null,"between":null,"provider":"osm","resource":"planet","version":"2026-09-06T00:00:00.000Z"}],"is_underground":false,"has_parts":false,"version":1}},
{"id":"d1d73c1e-277c-42f0-8ce4-a358b8f221db","type":"Feature","geometry":{"type":"Polygon","coordinates":[[[90.3907103,23.7499282],[90.3906959,23.7498735],[90.3908019,23.7498501],[90.3908163,23.7499048],[90.3907103,23.7499282]]]},"properties":{"sources":[{"property":"","dataset":"OpenStreetMap","license":"ODbL-1.0","record_id":"w506163790@1","update_time":"2025-09-11T16:55:01.000Z","confidence":null,"between":null,"provider":"osm","resource":"planet","version":"2026-09-06T00:00:00.000Z"}],"is_underground":false,"has_parts":false,"version":1}},
{"id":"ca0e51b7-47e9-4bcd-8d6d-5a9ffd95c4db","type":"Feature","geometry":{"type":"Polygon","coordinates":[[[90.3906715,23.7497904],[90.3906161,23.7496488],[90.3906912,23.7496151],[90.3907701,23.7497622],[90.3906715,23.7497904]]]},"properties":{"sources":[{"property":"","dataset":"OpenStreetMap","license":"ODbL-1.0","record_id":"w506163783@1","update_time":"2022-11-18T12:11:16.000Z","confidence":null,"between":null,"provider":"osm","resource":"planet","version":"2026-09-06T00:00:00.000Z"}],"is_underground":false,"has_parts":false,"version":1}},
{"id":"4e07a55c-cc19-466f-9d96-d6085083f3a5","type":"Feature","geometry":{"type":"Polygon","coordinates":[[[90.3907875,23.7498273],[90.3906898,23.7498595],[90.3906723,23.7498147],[90.3907699,23.7497826],[90.3907875,23.7498273]]]},"properties":{"sources":[{"property":"","dataset":"OpenStreetMap","license":"ODbL-1.0","record_id":"w1429045150@1","update_time":"2025-09-11T16:55:01.000Z","confidence":null,"between":null,"provider":"osm","resource":"planet","version":"2026-09-06T00:00:00.000Z"}],"is_underground":false,"has_parts":false,"version":1}},
{"id":"f56ba209-71cf-4d61-8342-ba7a885cc11d","type":"Feature","geometry":{"type":"Polygon","coordinates":[[[90.3907481,23.7496956],[90.3907496,23.7496138],[90.3909132,23.7496163],[90.3909117,23.7496981],[90.3907481,23.7496956]]]},"properties":{"sources":[{"property":"","dataset":"OpenStreetMap","license":"ODbL-1.0","record_id":"w506163779@1","update_time":"2017-07-09T06:48:57.000Z","confidence":null,"between":null,"provider":"osm","resource":"planet","version":"2026-09-06T00:00:00.000Z"}],"is_underground":false,"has_parts":false,"version":1}},
{"id":"c7a339b3-cb6d-48d9-9561-2c46e86bcb8f","type":"Feature","geometry":{"type":"Polygon","coordinates":[[[90.3907523,23.7495966],[90.3907201,23.7494591],[90.3908021,23.749443],[90.3908343,23.7495805],[90.3907523,23.7495966]]]},"properties":{"sources":[{"property":"","dataset":"OpenStreetMap","license":"ODbL-1.0","record_id":"w506163780@1","update_time":"2017-07-09T06:48:57.000Z","confidence":null,"between":null,"provider":"osm","resource":"planet","version":"2026-09-06T00:00:00.000Z"}],"is_underground":false,"has_parts":false,"version":1}},
{"id":"05f91b0d-e559-4c8e-bf70-6e4c98793d01","type":"Feature","geometry":{"type":"Polygon","coordinates":[[[90.390625,23.7496255],[90.3905927,23.7495451],[90.3906691,23.7495193],[90.3907015,23.7495997],[90.390625,23.7496255]]]},"properties":{"sources":[{"property":"","dataset":"OpenStreetMap","license":"ODbL-1.0","record_id":"w506163781@1","update_time":"2017-07-09T06:48:57.000Z","confidence":null,"between":null,"provider":"osm","resource":"planet","version":"2026-09-06T00:00:00.000Z"}],"is_underground":false,"has_parts":false,"version":1}},
{"id":"bf61a780-e401-4b82-a915-8a7065b262ed","type":"Feature","geometry":{"type":"Polygon","coordinates":[[[90.3905826,23.7495415],[90.3905503,23.7494611],[90.3906314,23.7494471],[90.3906591,23.7495157],[90.3905826,23.7495415]]]},"properties":{"sources":[{"property":"","dataset":"OpenStreetMap","license":"ODbL-1.0","record_id":"w1454199365@1","update_time":"2025-11-27T16:22:44.000Z","confidence":null,"between":null,"provider":"osm","resource":"planet","version":"2026-09-06T00:00:00.000Z"}],"is_underground":false,"has_parts":false,"version":2}},
{"id":"8f61acf5-4e20-4974-9d07-c0367f1e7978","type":"Feature","geometry":{"type":"Polygon","coordinates":[[[90.3906476,23.7493548],[90.3906222,23.7492001],[90.3907737,23.7491792],[90.3907992,23.7493339],[90.3906476,23.7493548]]]},"properties":{"sources":[{"property":"","dataset":"OpenStreetMap","license":"ODbL-1.0","record_id":"w506163771@1","update_time":"2017-07-09T06:48:57.000Z","confidence":null,"between":null,"provider":"osm","resource":"planet","version":"2026-09-06T00:00:00.000Z"}],"is_underground":false,"has_parts":false,"version":1}},
{"id":"8a55df18-dbc5-4b00-a2a6-6fa845ada0b2","type":"Feature","geometry":{"type":"Polygon","coordinates":[[[90.3910379,23.7493806],[90.3908006,23.7493646],[90.3908096,23.7492516],[90.391047,23.7492676],[90.3910379,23.7493806]]]},"properties":{"sources":[{"property":"","dataset":"OpenStreetMap","license":"ODbL-1.0","record_id":"w506163769@1","update_time":"2022-11-11T03:28:14.000Z","confidence":null,"between":null,"provider":"osm","resource":"planet","version":"2026-09-06T00:00:00.000Z"}],"is_underground":false,"has_parts":false,"version":1}},
{"id":"39843461-d108-4f51-839b-6ef806c81bb2","type":"Feature","geometry":{"type":"Polygon","coordinates":[[[90.3908528,23.7495635],[90.3908488,23.7494039],[90.3909606,23.7494015],[90.3909646,23.7495611],[90.3908528,23.7495635]]]},"properties":{"sources":[{"property":"","dataset":"OpenStreetMap","license":"ODbL-1.0","record_id":"w506163773@1","update_time":"2017-07-09T06:48:57.000Z","confidence":null,"between":null,"provider":"osm","resource":"planet","version":"2026-09-06T00:00:00.000Z"}],"is_underground":false,"has_parts":false,"version":1}},
{"id":"5e8cefc7-250f-4f20-915d-d1030a818d50","type":"Feature","geometry":{"type":"Polygon","coordinates":[[[90.3909888,23.7495339],[90.390991,23.7494702],[90.3911224,23.7494739],[90.3911203,23.7495376],[90.3909888,23.7495339]]]},"properties":{"sources":[{"property":"","dataset":"OpenStreetMap","license":"ODbL-1.0","record_id":"w506163772@1","update_time":"2017-07-09T06:48:57.000Z","confidence":null,"between":null,"provider":"osm","resource":"planet","version":"2026-09-06T00:00:00.000Z"}],"is_underground":false,"has_parts":false,"version":1}},
{"id":"76e4e4b8-2bc8-49c4-ba3e-d2cc6088aebe","type":"Feature","geometry":{"type":"Polygon","coordinates":[[[90.3911823,23.7494185],[90.3910643,23.7494149],[90.3910657,23.749254],[90.391181,23.749254],[90.3911823,23.7494185]]]},"properties":{"sources":[{"property":"","dataset":"OpenStreetMap","license":"ODbL-1.0","record_id":"w1112175842@1","update_time":"2022-11-11T03:28:14.000Z","confidence":null,"between":null,"provider":"osm","resource":"planet","version":"2026-09-06T00:00:00.000Z"}],"is_underground":false,"has_parts":false,"version":1}},
{"id":"1600001d-bb50-4897-ab3c-458601879e06","type":"Feature","geometry":{"type":"Polygon","coordinates":[[[90.391164,23.7496285],[90.3911653,23.7494346],[90.3912952,23.7494353],[90.3912939,23.7496293],[90.391164,23.7496285]]]},"properties":{"sources":[{"property":"","dataset":"OpenStreetMap","license":"ODbL-1.0","record_id":"w506163774@1","update_time":"2017-07-09T06:48:57.000Z","confidence":null,"between":null,"provider":"osm","resource":"planet","version":"2026-09-06T00:00:00.000Z"}],"is_underground":false,"has_parts":false,"version":1}},
{"id":"87bac363-c697-4bed-9ba9-43dbd1a6f82c","type":"Feature","geometry":{"type":"Polygon","coordinates":[[[90.3911935,23.7498247],[90.3911043,23.7498198],[90.3911134,23.7496809],[90.3912004,23.7496908],[90.3911935,23.7498247]]]},"properties":{"sources":[{"property":"","dataset":"OpenStreetMap","license":"ODbL-1.0","record_id":"w1435844384@1","update_time":"2025-10-06T08:54:55.000Z","confidence":null,"between":null,"provider":"osm","resource":"planet","version":"2026-09-06T00:00:00.000Z"}],"is_underground":false,"has_parts":false,"version":1}},
{"id":"34ab654f-2da6-457b-8788-01ea0eb6842b","type":"Feature","geometry":{"type":"Polygon","coordinates":[[[90.3912398,23.749826],[90.3912339,23.7496634],[90.3913497,23.7496599],[90.3913555,23.7498225],[90.3912398,23.749826]]]},"properties":{"sources":[{"property":"","dataset":"OpenStreetMap","license":"ODbL-1.0","record_id":"w506163785@1","update_time":"2022-11-18T12:11:16.000Z","confidence":null,"between":null,"provider":"osm","resource":"planet","version":"2026-09-06T00:00:00.000Z"}],"is_underground":false,"has_parts":false,"version":1}},
{"id":"00685089-99cb-4cc8-9e14-6b575dde8a9f","type":"Feature","geometry":{"type":"Polygon","coordinates":[[[90.3915156,23.7500705],[90.3913718,23.7500729],[90.3913611,23.7495365],[90.3915048,23.7495341],[90.3915156,23.7500705]]]},"properties":{"sources":[{"property":"","dataset":"OpenStreetMap","license":"ODbL-1.0","record_id":"w506163778@1","update_time":"2017-07-09T06:48:57.000Z","confidence":null,"between":null,"provider":"osm","resource":"planet","version":"2026-09-06T00:00:00.000Z"}],"is_underground":false,"has_parts":false,"version":1}},
{"id":"a530ae92-b340-4d01-9f3b-a24aa1eaca3e","type":"Feature","geometry":{"type":"Polygon","coordinates":[[[90.3912463,23.7494039],[90.3912366,23.7492138],[90.3917188,23.7491932],[90.3917332,23.7494747],[90.3913413,23.7494915],[90.3913366,23.7494001],[90.3912463,23.7494039]]]},"properties":{"names":{"primary":"Samarai Convention Center","common":[["bn","সমারাই কনভেনশন সেন্টার"]],"rules":null},"sources":[{"property":"","dataset":"OpenStreetMap","license":"ODbL-1.0","record_id":"w506163768@2","update_time":"2018-03-25T07:51:21.000Z","confidence":null,"between":null,"provider":"osm","resource":"planet","version":"2026-09-06T00:00:00.000Z"}],"is_underground":false,"subtype":"civic","has_parts":false,"version":1}},
{"id":"26798d13-aee1-40c1-a95c-99258652fdb2","type":"Feature","geometry":{"type":"Polygon","coordinates":[[[90.3918346,23.7494361],[90.3918426,23.7495093],[90.3917763,23.7495155],[90.3917683,23.7494422],[90.3918346,23.7494361]]]},"properties":{"sources":[{"property":"","dataset":"Google Open Buildings","license":null,"record_id":"7MMGP9XR+QPV5","update_time":"2023-05-01T00:00:00.000Z","confidence":0.7342,"between":null,"provider":"google","resource":"open_buildings","version":"2024-04-16"}],"is_underground":false,"has_parts":false,"version":1}},
{"id":"6fe915d1-bd0a-4b0d-bb85-3149ccb37878","type":"Feature","geometry":{"type":"Polygon","coordinates":[[[90.3918412,23.7494488],[90.3918265,23.7493474],[90.3920143,23.7493246],[90.392029,23.749426],[90.3918412,23.7494488]]]},"properties":{"sources":[{"property":"","dataset":"OpenStreetMap","license":"ODbL-1.0","record_id":"w506163751@1","update_time":"2017-07-09T06:48:56.000Z","confidence":null,"between":null,"provider":"osm","resource":"planet","version":"2026-09-06T00:00:00.000Z"}],"is_underground":false,"has_parts":false,"version":1}},
{"id":"b3ac4b6d-0f0f-4742-a767-07ac803be614","type":"Feature","geometry":{"type":"Polygon","coordinates":[[[90.391617,23.7500297],[90.3915972,23.749917],[90.391797,23.7498875],[90.3918168,23.7500002],[90.391617,23.7500297]]]},"properties":{"sources":[{"property":"","dataset":"OpenStreetMap","license":"ODbL-1.0","record_id":"w506163776@1","update_time":"2017-07-09T06:48:57.000Z","confidence":null,"between":null,"provider":"osm","resource":"planet","version":"2026-09-06T00:00:00.000Z"}],"is_underground":false,"has_parts":false,"version":1}},
{"id":"aa656774-64f0-4106-b169-bd9b61946642","type":"Feature","geometry":{"type":"Polygon","coordinates":[[[90.3915477,23.7498917],[90.3915381,23.7497807],[90.3917755,23.7497636],[90.3917851,23.7498745],[90.3915477,23.7498917]]]},"properties":{"sources":[{"property":"","dataset":"OpenStreetMap","license":"ODbL-1.0","record_id":"w506163777@1","update_time":"2017-07-09T06:48:57.000Z","confidence":null,"between":null,"provider":"osm","resource":"planet","version":"2026-09-06T00:00:00.000Z"}],"is_underground":false,"has_parts":false,"version":1}},
{"id":"15abe1c8-d022-4f5d-9774-634cd3bfe5dc","type":"Feature","geometry":{"type":"Polygon","coordinates":[[[90.3915301,23.749739],[90.3915274,23.7495303],[90.3917546,23.7495279],[90.3917572,23.7497366],[90.3915301,23.749739]]]},"properties":{"sources":[{"property":"","dataset":"OpenStreetMap","license":"ODbL-1.0","record_id":"w506163775@1","update_time":"2017-07-09T06:48:57.000Z","confidence":null,"between":null,"provider":"osm","resource":"planet","version":"2026-09-06T00:00:00.000Z"}],"is_underground":false,"has_parts":false,"version":1}},
{"id":"926fc5d3-7af8-46aa-9d1a-2c49c877d26b","type":"Feature","geometry":{"type":"Polygon","coordinates":[[[90.3917181,23.7500852],[90.3915164,23.7501235],[90.3915231,23.7500683],[90.3917063,23.7500335],[90.3917181,23.7500852]]]},"properties":{"sources":[{"property":"","dataset":"OpenStreetMap","license":"ODbL-1.0","record_id":"w1434634021@1","update_time":"2025-10-01T15:51:41.000Z","confidence":null,"between":null,"provider":"osm","resource":"planet","version":"2026-09-06T00:00:00.000Z"}],"is_underground":false,"has_parts":false,"version":1}},
{"id":"0b2df10d-1cbe-43d0-8c19-aa158a83b7a2","type":"Feature","geometry":{"type":"Polygon","coordinates":[[[90.3917149,23.75063],[90.3917203,23.750662],[90.3916415,23.7506733],[90.3916361,23.7506412],[90.3917149,23.75063]]]},"properties":{"sources":[{"property":"","dataset":"Google Open Buildings","license":null,"record_id":"7MMGQ92R+7M74","update_time":"2023-05-01T00:00:00.000Z","confidence":0.6777,"between":null,"provider":"google","resource":"open_buildings","version":"2024-04-16"}],"is_underground":false,"has_parts":false,"version":1}},
{"id":"3c81a16f-f74c-4585-bf34-645fe0266c59","type":"Feature","geometry":{"type":"Polygon","coordinates":[[[90.391754,23.75076],[90.3916572,23.7503211],[90.3918408,23.7502872],[90.3919377,23.7507261],[90.391754,23.75076]]]},"properties":{"names":{"primary":"Unique Trade Centre (UTC building)","common":[["bn","ইউনিক ট্রেড সেন্টার (ইউটিসি ভবন)"]],"rules":null},"sources":[{"property":"","dataset":"OpenStreetMap","license":"ODbL-1.0","record_id":"w506022660@2","update_time":"2022-03-03T12:25:45.000Z","confidence":null,"between":null,"provider":"osm","resource":"planet","version":"2026-09-06T00:00:00.000Z"}],"is_underground":false,"subtype":"commercial","class":"commercial","has_parts":false,"version":1}},
{"id":"5d35a829-6b1d-4f92-a9c3-6f1bd8f7331b","type":"Feature","geometry":{"type":"Polygon","coordinates":[[[90.39216330000001,23.750815],[90.3919632,23.7508456],[90.3918586,23.7502738],[90.3920589,23.7502431],[90.39216330000001,23.750815]]]},"properties":{"names":{"primary":"Royel Tower","common":null,"rules":null},"sources":[{"property":"","dataset":"OpenStreetMap","license":"ODbL-1.0","record_id":"w296565265@5","update_time":"2022-09-07T16:56:36.000Z","confidence":null,"between":null,"provider":"osm","resource":"planet","version":"2026-09-06T00:00:00.000Z"}],"is_underground":false,"num_floors":20,"min_floor":4,"subtype":"commercial","class":"commercial","has_parts":false,"version":1}},
{"id":"cecc61cb-98b9-4d78-b739-60f522318eee","type":"Feature","geometry":{"type":"Polygon","coordinates":[[[90.3920818,23.7502831],[90.3920756,23.7502491],[90.3920965,23.7502468],[90.3920956,23.7502404],[90.3921989,23.7502288],[90.3922007,23.7502417],[90.3922514,23.750236],[90.3922494,23.7502206],[90.3923134,23.7502134],[90.3923208,23.7502756],[90.3923129,23.7505248],[90.3922864,23.7505282],[90.3921301,23.7505482],[90.3920818,23.7502831]]]},"properties":{"sources":[{"property":"","dataset":"OpenStreetMap","license":"ODbL-1.0","record_id":"w951525929@1","update_time":"2022-09-07T16:56:36.000Z","confidence":null,"between":null,"provider":"osm","resource":"planet","version":"2026-09-06T00:00:00.000Z"}],"is_underground":false,"num_floors":4,"subtype":"commercial","class":"commercial","has_parts":false,"version":1}},
{"id":"87d3f7ac-1ddd-41f2-9abd-229fad8b2bcd","type":"Feature","geometry":{"type":"Polygon","coordinates":[[[90.3922795,23.7505676],[90.3924908,23.7506076],[90.3924203,23.7509198],[90.392209,23.7508799],[90.3922795,23.7505676]]]},"properties":{"sources":[{"property":"","dataset":"OpenStreetMap","license":"ODbL-1.0","record_id":"w1036813106@1","update_time":"2022-03-03T12:25:45.000Z","confidence":null,"between":null,"provider":"osm","resource":"planet","version":"2026-09-06T00:00:00.000Z"}],"is_underground":false,"has_parts":false,"version":1}},
{"id":"e0139543-4f15-4a15-a6c8-2604a92d14a3","type":"Feature","geometry":{"type":"Polygon","coordinates":[[[90.3925549,23.750276],[90.3923617,23.7503265],[90.3923315,23.7502299],[90.3925248,23.7501794],[90.3925549,23.750276]]]},"properties":{"sources":[{"property":"","dataset":"OpenStreetMap","license":"ODbL-1.0","record_id":"w1429286015@1","update_time":"2025-09-12T17:02:49.000Z","confidence":null,"between":null,"provider":"osm","resource":"planet","version":"2026-09-06T00:00:00.000Z"}],"is_underground":false,"subtype":"residential","class":"house","has_parts":false,"version":1}},
{"id":"7b6a5174-0da5-4023-929a-6d99247e24f4","type":"Feature","geometry":{"type":"Polygon","coordinates":[[[90.3919229,23.7499498],[90.3919065,23.7498657],[90.392387,23.7497869],[90.3924034,23.749871],[90.3919229,23.7499498]]]},"properties":{"sources":[{"property":"","dataset":"OpenStreetMap","license":"ODbL-1.0","record_id":"w506163753@1","update_time":"2021-05-29T14:53:23.000Z","confidence":null,"between":null,"provider":"osm","resource":"planet","version":"2026-09-06T00:00:00.000Z"}],"is_underground":false,"has_parts":false,"version":1}},
{"id":"66e22800-8cb1-45a1-824e-b6e75ac9239c","type":"Feature","geometry":{"type":"Polygon","coordinates":[[[90.3918984,23.7497381],[90.3918627,23.7494923],[90.392299,23.7494392],[90.3923348,23.749685],[90.3918984,23.7497381]]]},"properties":{"sources":[{"property":"","dataset":"OpenStreetMap","license":"ODbL-1.0","record_id":"w506163752@1","update_time":"2017-07-09T06:48:56.000Z","confidence":null,"between":null,"provider":"osm","resource":"planet","version":"2026-09-06T00:00:00.000Z"}],"is_underground":false,"has_parts":false,"version":1}},
{"id":"7d6ddd89-c9e3-4402-826d-f0640ede0697","type":"Feature","geometry":{"type":"Polygon","coordinates":[[[90.3921509,23.7494339],[90.3921376,23.7493425],[90.3923336,23.7493187],[90.3923468,23.74941],[90.3921509,23.7494339]]]},"properties":{"sources":[{"property":"","dataset":"OpenStreetMap","license":"ODbL-1.0","record_id":"w506163750@1","update_time":"2017-07-09T06:48:56.000Z","confidence":null,"between":null,"provider":"osm","resource":"planet","version":"2026-09-06T00:00:00.000Z"}],"is_underground":false,"has_parts":false,"version":1}},
{"id":"d482ace1-8fd2-4c3d-817c-abb2b656a85a","type":"Feature","geometry":{"type":"Polygon","coordinates":[[[90.3923249,23.7490485],[90.3924066,23.7490392],[90.3924149,23.7491006],[90.3923331,23.7491099],[90.3923249,23.7490485]]]},"properties":{"sources":[{"property":"","dataset":"Google Open Buildings","license":null,"record_id":"7MMGP9XR+JWHX","update_time":"2023-05-01T00:00:00.000Z","confidence":0.7817,"between":null,"provider":"google","resource":"open_buildings","version":"2024-04-16"}],"is_underground":false,"has_parts":false,"version":1}},
{"id":"c652ed8d-f6db-4b40-9a89-ea9940eda377","type":"Feature","geometry":{"type":"Polygon","coordinates":[[[90.3923029,23.7489719],[90.3923508,23.748967],[90.3923559,23.7490081],[90.3923079,23.749013],[90.3923029,23.7489719]]]},"properties":{"sources":[{"property":"","dataset":"Google Open Buildings","license":null,"record_id":"7MMGP9XR+HWWG","update_time":"2023-05-01T00:00:00.000Z","confidence":0.6547,"between":null,"provider":"google","resource":"open_buildings","version":"2024-04-16"}],"is_underground":false,"has_parts":false,"version":1}},
{"id":"d76b0e6e-5a5d-4a32-843c-305302df5a15","type":"Feature","geometry":{"type":"Polygon","coordinates":[[[90.3924188,23.748644],[90.3929079,23.7485902],[90.3929284,23.7487461],[90.3924405,23.7487999],[90.3924438,23.7488248],[90.392235,23.7488478],[90.3922527,23.7489824],[90.3922209,23.7489859],[90.3922327,23.7490755],[90.3919396,23.7491078],[90.3919353,23.7490749],[90.3918601,23.7490832],[90.391829,23.7488468],[90.3918936,23.7488397],[90.3918901,23.7488134],[90.3922816,23.7487703],[90.3922305,23.7483812],[90.3923821,23.7483645],[90.3924188,23.748644]]]},"properties":{"names":{"primary":"Monem Business District","common":null,"rules":null},"sources":[{"property":"","dataset":"OpenStreetMap","license":"ODbL-1.0","record_id":"w240051886@6","update_time":"2019-05-24T18:02:45.000Z","confidence":null,"between":null,"provider":"osm","resource":"planet","version":"2026-09-06T00:00:00.000Z"}],"is_underground":false,"num_floors":13,"subtype":"commercial","class":"commercial","has_parts":false,"version":1}},
{"id":"275f2248-9096-4fdb-b5f1-f3aac3cf0da1","type":"Feature","geometry":{"type":"Polygon","coordinates":[[[90.3915289,23.7490235],[90.3915073,23.7488748],[90.3916292,23.74886],[90.3916508,23.7490086],[90.3915289,23.7490235]]]},"properties":{"sources":[{"property":"","dataset":"OpenStreetMap","license":"ODbL-1.0","record_id":"w506163765@1","update_time":"2017-07-09T06:48:56.000Z","confidence":null,"between":null,"provider":"osm","resource":"planet","version":"2026-09-06T00:00:00.000Z"}],"is_underground":false,"has_parts":false,"version":1}},
{"id":"2238fa06-27cc-4f45-9015-1be3a2ce483d","type":"Feature","geometry":{"type":"Polygon","coordinates":[[[90.391706,23.7488321],[90.391683,23.7486735],[90.3917659,23.7486634],[90.3917889,23.748822],[90.391706,23.7488321]]]},"properties":{"sources":[{"property":"","dataset":"OpenStreetMap","license":"ODbL-1.0","record_id":"w506163758@1","update_time":"2017-07-09T06:48:56.000Z","confidence":null,"between":null,"provider":"osm","resource":"planet","version":"2026-09-06T00:00:00.000Z"}],"is_underground":false,"has_parts":false,"version":1}},
{"id":"a640cd89-7958-463e-b56a-036db7f3e72f","type":"Feature","geometry":{"type":"Polygon","coordinates":[[[90.3916048,23.7488246],[90.3915703,23.7485876],[90.3916418,23.7485789],[90.3916763,23.7488159],[90.3916048,23.7488246]]]},"properties":{"sources":[{"property":"","dataset":"OpenStreetMap","license":"ODbL-1.0","record_id":"w506163759@1","update_time":"2017-07-09T06:48:56.000Z","confidence":null,"between":null,"provider":"osm","resource":"planet","version":"2026-09-06T00:00:00.000Z"}],"is_underground":false,"has_parts":false,"version":1}},
{"id":"d58472dc-4791-4945-a9b5-29f39b0d1743","type":"Feature","geometry":{"type":"Polygon","coordinates":[[[90.3918043,23.7487934],[90.3917728,23.7485765],[90.3918808,23.7485634],[90.3919123,23.7487803],[90.3918043,23.7487934]]]},"properties":{"sources":[{"property":"","dataset":"OpenStreetMap","license":"ODbL-1.0","record_id":"w506163757@1","update_time":"2017-07-09T06:48:56.000Z","confidence":null,"between":null,"provider":"osm","resource":"planet","version":"2026-09-06T00:00:00.000Z"}],"is_underground":false,"has_parts":false,"version":1}},
{"id":"66c70006-96c6-456c-a3ff-4b57d1f801ae","type":"Feature","geometry":{"type":"Polygon","coordinates":[[[90.3919559,23.7487433],[90.3919217,23.7485078],[90.3919908,23.7484994],[90.392025,23.7487349],[90.3919559,23.7487433]]]},"properties":{"sources":[{"property":"","dataset":"OpenStreetMap","license":"ODbL-1.0","record_id":"w506163756@1","update_time":"2017-07-09T06:48:56.000Z","confidence":null,"between":null,"provider":"osm","resource":"planet","version":"2026-09-06T00:00:00.000Z"}],"is_underground":false,"has_parts":false,"version":1}},
{"id":"83a0c65c-b102-4694-bf22-84bf26bcf736","type":"Feature","geometry":{"type":"Polygon","coordinates":[[[90.3920377,23.7486883],[90.3920048,23.7484624],[90.3920659,23.7484549],[90.3920987,23.7486809],[90.3920377,23.7486883]]]},"properties":{"sources":[{"property":"","dataset":"OpenStreetMap","license":"ODbL-1.0","record_id":"w506163755@1","update_time":"2017-07-09T06:48:56.000Z","confidence":null,"between":null,"provider":"osm","resource":"planet","version":"2026-09-06T00:00:00.000Z"}],"is_underground":false,"has_parts":false,"version":1}},
{"id":"3c8a4d11-da2b-4250-8729-9dc11bdb175c","type":"Feature","geometry":{"type":"Polygon","coordinates":[[[90.3912025,23.7487671],[90.3911816,23.7486452],[90.3912449,23.7486361],[90.3912658,23.748758],[90.3912025,23.7487671]]]},"properties":{"sources":[{"property":"","dataset":"OpenStreetMap","license":"ODbL-1.0","record_id":"w1036277559@1","update_time":"2022-03-01T12:26:08.000Z","confidence":null,"between":null,"provider":"osm","resource":"planet","version":"2026-09-06T00:00:00.000Z"}],"is_underground":false,"has_parts":false,"version":1}},
{"id":"c94f60da-0ef2-44b1-bbf4-c9aa0ef9f602","type":"Feature","geometry":{"type":"Polygon","coordinates":[[[90.3912758,23.7487494],[90.3912549,23.7486275],[90.3913181,23.7486184],[90.391339,23.7487403],[90.3912758,23.7487494]]]},"properties":{"sources":[{"property":"","dataset":"OpenStreetMap","license":"ODbL-1.0","record_id":"w506163762@1","update_time":"2022-03-01T12:26:08.000Z","confidence":null,"between":null,"provider":"osm","resource":"planet","version":"2026-09-06T00:00:00.000Z"}],"is_underground":false,"has_parts":false,"version":1}},
{"id":"108f57ed-1130-45e3-92e2-8ab975a7a4b5","type":"Feature","geometry":{"type":"Polygon","coordinates":[[[90.3914729,23.7487152],[90.3914563,23.7486011],[90.391547,23.74859],[90.3915636,23.7487042],[90.3914729,23.7487152]]]},"properties":{"sources":[{"property":"","dataset":"OpenStreetMap","license":"ODbL-1.0","record_id":"w506163760@1","update_time":"2017-07-09T06:48:56.000Z","confidence":null,"between":null,"provider":"osm","resource":"planet","version":"2026-09-06T00:00:00.000Z"}],"is_underground":false,"has_parts":false,"version":1}},
{"id":"d5c20bc7-672a-4999-bee6-3025b9bedae7","type":"Feature","geometry":{"type":"Polygon","coordinates":[[[90.3914751,23.7488528],[90.391459,23.7487423],[90.3915704,23.7487287],[90.3915864,23.7488392],[90.3914751,23.7488528]]]},"properties":{"sources":[{"property":"","dataset":"OpenStreetMap","license":"ODbL-1.0","record_id":"w506163764@1","update_time":"2017-07-09T06:48:56.000Z","confidence":null,"between":null,"provider":"osm","resource":"planet","version":"2026-09-06T00:00:00.000Z"}],"is_underground":false,"has_parts":false,"version":1}},
{"id":"55ec61e3-26b5-4578-a61d-9a57cff76143","type":"Feature","geometry":{"type":"Polygon","coordinates":[[[90.3913748,23.7487388],[90.3913571,23.748617],[90.3914293,23.7486083],[90.3914469,23.74873],[90.3913748,23.7487388]]]},"properties":{"sources":[{"property":"","dataset":"OpenStreetMap","license":"ODbL-1.0","record_id":"w506163761@1","update_time":"2017-07-09T06:48:56.000Z","confidence":null,"between":null,"provider":"osm","resource":"planet","version":"2026-09-06T00:00:00.000Z"}],"is_underground":false,"has_parts":false,"version":1}},
{"id":"da2eb7a3-33c9-42b1-9ebb-17364dbf3f5a","type":"Feature","geometry":{"type":"Polygon","coordinates":[[[90.3913021,23.7490172],[90.3913021,23.7488932],[90.3914778,23.7488932],[90.3914778,23.7490172],[90.3913021,23.7490172]]]},"properties":{"sources":[{"property":"","dataset":"OpenStreetMap","license":"ODbL-1.0","record_id":"w506163766@1","update_time":"2017-07-09T06:48:56.000Z","confidence":null,"between":null,"provider":"osm","resource":"planet","version":"2026-09-06T00:00:00.000Z"}],"is_underground":false,"has_parts":false,"version":1}},
{"id":"998ce5ac-c4c5-45bb-935a-a78e26daf39b","type":"Feature","geometry":{"type":"Polygon","coordinates":[[[90.3913804,23.7488706],[90.3913651,23.7487656],[90.3914411,23.7487563],[90.3914563,23.7488613],[90.3913804,23.7488706]]]},"properties":{"sources":[{"property":"","dataset":"OpenStreetMap","license":"ODbL-1.0","record_id":"w506163763@1","update_time":"2017-07-09T06:48:56.000Z","confidence":null,"between":null,"provider":"osm","resource":"planet","version":"2026-09-06T00:00:00.000Z"}],"is_underground":false,"has_parts":false,"version":1}},
{"id":"ece3ed6e-9a89-450c-859d-3f9b53af8c53","type":"Feature","geometry":{"type":"Polygon","coordinates":[[[90.3913157,23.7491674],[90.3912996,23.7490569],[90.391411,23.7490433],[90.391427,23.7491538],[90.3913157,23.7491674]]]},"properties":{"sources":[{"property":"","dataset":"OpenStreetMap","license":"ODbL-1.0","record_id":"w1129736039@1","update_time":"2023-01-09T22:27:07.000Z","confidence":null,"between":null,"provider":"osm","resource":"planet","version":"2026-09-06T00:00:00.000Z"}],"is_underground":false,"has_parts":false,"version":1}},
{"id":"295bed6e-61f0-42d4-a750-a113db263bff","type":"Feature","geometry":{"type":"Polygon","coordinates":[[[90.3912483,23.7491771],[90.3911516,23.7491839],[90.3911382,23.7490232],[90.3912349,23.7490165],[90.3912483,23.7491771]]]},"properties":{"sources":[{"property":"","dataset":"OpenStreetMap","license":"ODbL-1.0","record_id":"w1112175841@1","update_time":"2022-11-11T03:28:14.000Z","confidence":null,"between":null,"provider":"osm","resource":"planet","version":"2026-09-06T00:00:00.000Z"}],"is_underground":false,"has_parts":false,"version":1}},
{"id":"814e72a3-9545-4438-a5bc-a83f574f29a9","type":"Feature","geometry":{"type":"Polygon","coordinates":[[[90.3908575,23.7492165],[90.3908575,23.7490925],[90.3910332,23.7490925],[90.3910332,23.7492165],[90.3908575,23.7492165]]]},"properties":{"sources":[{"property":"","dataset":"OpenStreetMap","license":"ODbL-1.0","record_id":"w1129736038@1","update_time":"2023-01-09T22:27:07.000Z","confidence":null,"between":null,"provider":"osm","resource":"planet","version":"2026-09-06T00:00:00.000Z"}],"is_underground":false,"has_parts":false,"version":1}},
{"id":"e356c02b-6dc4-4f6a-9197-9d90f3417a97","type":"Feature","geometry":{"type":"Polygon","coordinates":[[[90.3909046,23.748628],[90.3910985,23.7485948],[90.3911727,23.748953],[90.3910052,23.7489935],[90.3909871,23.7489218],[90.3908549,23.7488806],[90.3908472,23.7488619],[90.3909046,23.748628]]]},"properties":{"names":{"primary":"Paradise Maria","common":null,"rules":null},"sources":[{"property":"","dataset":"OpenStreetMap","license":"ODbL-1.0","record_id":"w506163767@4","update_time":"2026-01-23T10:25:28.000Z","confidence":null,"between":null,"provider":"osm","resource":"planet","version":"2026-09-06T00:00:00.000Z"}],"height":51.0,"is_underground":false,"num_floors":17,"has_parts":false,"version":2}},
{"id":"c2fb91f9-1ac6-4836-aeb9-68a48d69f3a1","type":"Feature","geometry":{"type":"Polygon","coordinates":[[[90.3905377,23.7486406],[90.3905316,23.7485452],[90.3908066,23.7485305],[90.3908127,23.7486259],[90.3905377,23.7486406]]]},"properties":{"sources":[{"property":"","dataset":"OpenStreetMap","license":"ODbL-1.0","record_id":"w506162571@1","update_time":"2022-09-15T13:50:22.000Z","confidence":null,"between":null,"provider":"osm","resource":"planet","version":"2026-09-06T00:00:00.000Z"}],"is_underground":false,"has_parts":false,"version":1}},
{"id":"553f621c-49ed-4679-bce5-8c93f33c084a","type":"Feature","geometry":{"type":"Polygon","coordinates":[[[90.390605,23.748772],[90.390603,23.74866],[90.3907666,23.7486576],[90.3907686,23.7487695],[90.390605,23.748772]]]},"properties":{"sources":[{"property":"","dataset":"OpenStreetMap","license":"ODbL-1.0","record_id":"w506159530@1","update_time":"2022-09-15T13:50:22.000Z","confidence":null,"between":null,"provider":"osm","resource":"planet","version":"2026-09-06T00:00:00.000Z"}],"is_underground":false,"has_parts":false,"version":1}},
{"id":"cd000982-3ca8-48dc-ba72-9919c198a01f","type":"Feature","geometry":{"type":"Polygon","coordinates":[[[90.3905471,23.7492419],[90.3904827,23.7491179],[90.3905474,23.7490897],[90.3906118,23.7492137],[90.3905471,23.7492419]]]},"properties":{"sources":[{"property":"","dataset":"OpenStreetMap","license":"ODbL-1.0","record_id":"w506163770@1","update_time":"2017-07-09T06:48:57.000Z","confidence":null,"between":null,"provider":"osm","resource":"planet","version":"2026-09-06T00:00:00.000Z"}],"is_underground":false,"has_parts":false,"version":1}},
{"id":"5adcf47c-862c-4f47-b555-b1c0d1a0e07c","type":"Feature","geometry":{"type":"Polygon","coordinates":[[[90.3903951,23.7489598],[90.3903882,23.7488834],[90.3905504,23.7488712],[90.3905573,23.7489476],[90.3903951,23.7489598]]]},"properties":{"sources":[{"property":"","dataset":"OpenStreetMap","license":"ODbL-1.0","record_id":"w506159532@1","update_time":"2024-03-18T03:40:24.000Z","confidence":null,"between":null,"provider":"osm","resource":"planet","version":"2026-09-06T00:00:00.000Z"}],"is_underground":false,"has_parts":false,"version":1}},
{"id":"5e00cecd-ddc3-422e-b01d-0da16ca4057e","type":"Feature","geometry":{"type":"Polygon","coordinates":[[[90.3903686,23.749033],[90.3903728,23.7489759],[90.3904301,23.7489794],[90.3904259,23.7490365],[90.3903686,23.749033]]]},"properties":{"sources":[{"property":"","dataset":"OpenStreetMap","license":"ODbL-1.0","record_id":"w506159533@1","update_time":"2019-07-24T16:58:31.000Z","confidence":null,"between":null,"provider":"osm","resource":"planet","version":"2026-09-06T00:00:00.000Z"}],"is_underground":false,"has_parts":false,"version":1}},
{"id":"01b2d0db-fdea-497e-ac45-871438de0e87","type":"Feature","geometry":{"type":"Polygon","coordinates":[[[90.3905945,23.7486636],[90.3905961,23.7487694],[90.3905529,23.7487715],[90.3905329,23.7486665],[90.3905945,23.7486636]]]},"properties":{"sources":[{"property":"","dataset":"OpenStreetMap","license":"ODbL-1.0","record_id":"w1454199359@1","update_time":"2025-11-27T16:22:44.000Z","confidence":null,"between":null,"provider":"osm","resource":"planet","version":"2026-09-06T00:00:00.000Z"}],"is_underground":false,"has_parts":false,"version":2}},
{"id":"091e6f38-cdbf-4694-9623-4222ea9e7f8e","type":"Feature","geometry":{"type":"Polygon","coordinates":[[[90.3904039,23.7486515],[90.3903968,23.7485654],[90.3904916,23.7485588],[90.3904988,23.7486449],[90.3904039,23.7486515]]]},"properties":{"sources":[{"property":"","dataset":"OpenStreetMap","license":"ODbL-1.0","record_id":"w506162573@1","update_time":"2022-09-15T13:50:22.000Z","confidence":null,"between":null,"provider":"osm","resource":"planet","version":"2026-09-06T00:00:00.000Z"}],"is_underground":false,"has_parts":false,"version":1}},
{"id":"663cdbd2-c161-4b8e-9982-86b4cdb3fc48","type":"Feature","geometry":{"type":"Polygon","coordinates":[[[90.3903703,23.7488353],[90.3903392,23.7486846],[90.3904864,23.748676],[90.3905218,23.7488228],[90.3903703,23.7488353]]]},"properties":{"sources":[{"property":"","dataset":"OpenStreetMap","license":"ODbL-1.0","record_id":"w506159531@1","update_time":"2022-09-15T13:50:22.000Z","confidence":null,"between":null,"provider":"osm","resource":"planet","version":"2026-09-06T00:00:00.000Z"}],"is_underground":false,"has_parts":false,"version":1}},
{"id":"f94da06c-ee60-4f8f-a252-f1fffab8c4f7","type":"Feature","geometry":{"type":"Polygon","coordinates":[[[90.3903043,23.7486836],[90.3903016,23.7485817],[90.3903694,23.7485802],[90.390372,23.7486821],[90.3903043,23.7486836]]]},"properties":{"sources":[{"property":"","dataset":"OpenStreetMap","license":"ODbL-1.0","record_id":"w1129736037@1","update_time":"2023-01-09T22:27:07.000Z","confidence":null,"between":null,"provider":"osm","resource":"planet","version":"2026-09-06T00:00:00.000Z"}],"is_underground":false,"has_parts":false,"version":1}},
{"id":"313cd18f-7cc3-4ea9-9297-28753b316ecf","type":"Feature","geometry":{"type":"Polygon","coordinates":[[[90.3901876,23.7487656],[90.3901729,23.7486674],[90.3902745,23.7486546],[90.3902892,23.7487528],[90.3901876,23.7487656]]]},"properties":{"sources":[{"property":"","dataset":"OpenStreetMap","license":"ODbL-1.0","record_id":"w506159522@1","update_time":"2017-07-09T06:16:20.000Z","confidence":null,"between":null,"provider":"osm","resource":"planet","version":"2026-09-06T00:00:00.000Z"}],"is_underground":false,"has_parts":false,"version":1}},
{"id":"cc6bbd89-7530-48aa-8a17-c6bc1d7636d4","type":"Feature","geometry":{"type":"Polygon","coordinates":[[[90.3900658,23.7489064],[90.3900589,23.7488355],[90.3901796,23.7488257],[90.3901865,23.7488966],[90.3900658,23.7489064]]]},"properties":{"sources":[{"property":"","dataset":"OpenStreetMap","license":"ODbL-1.0","record_id":"w506159526@1","update_time":"2017-07-09T06:16:20.000Z","confidence":null,"between":null,"provider":"osm","resource":"planet","version":"2026-09-06T00:00:00.000Z"}],"is_underground":false,"has_parts":false,"version":1}},
{"id":"bb394e39-d4e5-422d-b026-7bd9ad94eda0","type":"Feature","geometry":{"type":"Polygon","coordinates":[[[90.390242,23.7489964],[90.3901099,23.7489982],[90.3901085,23.7489177],[90.3902406,23.7489159],[90.390242,23.7489964]]]},"properties":{"sources":[{"property":"","dataset":"OpenStreetMap","license":"ODbL-1.0","record_id":"w506159536@1","update_time":"2017-07-09T06:16:21.000Z","confidence":null,"between":null,"provider":"osm","resource":"planet","version":"2026-09-06T00:00:00.000Z"}],"is_underground":false,"has_parts":false,"version":1}},
{"id":"c969310e-faa9-4300-9e3e-f5755f1af215","type":"Feature","geometry":{"type":"Polygon","coordinates":[[[90.390214,23.7488753],[90.3902037,23.7487901],[90.3903258,23.7487778],[90.390336,23.748863],[90.390214,23.7488753]]]},"properties":{"sources":[{"property":"","dataset":"OpenStreetMap","license":"ODbL-1.0","record_id":"w506159528@1","update_time":"2017-07-09T06:16:20.000Z","confidence":null,"between":null,"provider":"osm","resource":"planet","version":"2026-09-06T00:00:00.000Z"}],"is_underground":false,"has_parts":false,"version":1}},
{"id":"cf74fd2f-c91d-4f76-8de7-e7bae9c9dd22","type":"Feature","geometry":{"type":"Polygon","coordinates":[[[90.3902717,23.7489767],[90.3902664,23.7488944],[90.3903551,23.7488896],[90.3903604,23.7489718],[90.3902717,23.7489767]]]},"properties":{"sources":[{"property":"","dataset":"OpenStreetMap","license":"ODbL-1.0","record_id":"w1436733603@1","update_time":"2025-10-09T17:27:14.000Z","confidence":null,"between":null,"provider":"osm","resource":"planet","version":"2026-09-06T00:00:00.000Z"}],"is_underground":false,"has_parts":false,"version":1}},
{"id":"b7473c21-f45f-43a2-a625-f8d03836e502","type":"Feature","geometry":{"type":"Polygon","coordinates":[[[90.3903619,23.7491303],[90.3902574,23.749132],[90.3902552,23.7490133],[90.3903596,23.7490116],[90.3903619,23.7491303]]]},"properties":{"sources":[{"property":"","dataset":"OpenStreetMap","license":"ODbL-1.0","record_id":"w506159535@1","update_time":"2017-07-09T06:27:58.000Z","confidence":null,"between":null,"provider":"osm","resource":"planet","version":"2026-09-06T00:00:00.000Z"}],"is_underground":false,"has_parts":false,"version":1}},
{"id":"f5ae90df-fb75-4ee2-b158-678e45a418d2","type":"Feature","geometry":{"type":"Polygon","coordinates":[[[90.390084,23.7490791],[90.3900851,23.7490135],[90.3902252,23.7490154],[90.3902242,23.749081],[90.390084,23.7490791]]]},"properties":{"sources":[{"property":"","dataset":"OpenStreetMap","license":"ODbL-1.0","record_id":"w506159534@1","update_time":"2017-07-09T06:16:20.000Z","confidence":null,"between":null,"provider":"osm","resource":"planet","version":"2026-09-06T00:00:00.000Z"}],"is_underground":false,"has_parts":false,"version":1}},
{"id":"5419f69a-6677-4e68-b358-890c1f81ed00","type":"Feature","geometry":{"type":"Polygon","coordinates":[[[90.3901228,23.7491107],[90.3901461,23.7492168],[90.3900217,23.7492413],[90.3899981,23.749134],[90.3901228,23.7491107]]]},"properties":{"sources":[{"property":"","dataset":"Google Open Buildings","license":null,"record_id":"7MMGP9XR+M2G3","update_time":"2023-05-01T00:00:00.000Z","confidence":0.7655,"between":null,"provider":"google","resource":"open_buildings","version":"2024-04-16"}],"is_underground":false,"has_parts":false,"version":1}},
{"id":"d93845cd-7498-428d-a9ee-e1f07eff7f19","type":"Feature","geometry":{"type":"Polygon","coordinates":[[[90.3900319,23.7490961],[90.3899275,23.7491038],[90.3899161,23.7489743],[90.3900205,23.7489666],[90.3900319,23.7490961]]]},"properties":{"sources":[{"property":"","dataset":"OpenStreetMap","license":"ODbL-1.0","record_id":"w506159537@1","update_time":"2017-07-09T06:27:58.000Z","confidence":null,"between":null,"provider":"osm","resource":"planet","version":"2026-09-06T00:00:00.000Z"}],"is_underground":false,"has_parts":false,"version":1}},
{"id":"0c105479-a613-444e-ab68-b5a305f167f0","type":"Feature","geometry":{"type":"Polygon","coordinates":[[[90.3897986,23.7492069],[90.3898014,23.7491326],[90.389957,23.7491375],[90.3899542,23.7492118],[90.3897986,23.7492069]]]},"properties":{"sources":[{"property":"","dataset":"OpenStreetMap","license":"ODbL-1.0","record_id":"w506159546@1","update_time":"2017-07-09T06:27:58.000Z","confidence":null,"between":null,"provider":"osm","resource":"planet","version":"2026-09-06T00:00:00.000Z"}],"is_underground":false,"has_parts":false,"version":1}},
{"id":"eeb6a896-a3d9-49a8-8255-694890f85903","type":"Feature","geometry":{"type":"Polygon","coordinates":[[[90.3898715,23.7490844],[90.3897974,23.7490835],[90.3897987,23.7489939],[90.3898728,23.7489948],[90.3898715,23.7490844]]]},"properties":{"sources":[{"property":"","dataset":"OpenStreetMap","license":"ODbL-1.0","record_id":"w506159544@1","update_time":"2017-07-09T06:27:58.000Z","confidence":null,"between":null,"provider":"osm","resource":"planet","version":"2026-09-06T00:00:00.000Z"}],"is_underground":false,"has_parts":false,"version":1}},
{"id":"5ed21ccb-7c4d-4c37-867f-cb91c246d873","type":"Feature","geometry":{"type":"Polygon","coordinates":[[[90.3897531,23.7492296],[90.3896445,23.749232],[90.3896416,23.7491247],[90.3897502,23.7491222],[90.3897531,23.7492296]]]},"properties":{"sources":[{"property":"","dataset":"OpenStreetMap","license":"ODbL-1.0","record_id":"w506159547@1","update_time":"2017-07-09T06:27:58.000Z","confidence":null,"between":null,"provider":"osm","resource":"planet","version":"2026-09-06T00:00:00.000Z"}],"is_underground":false,"has_parts":false,"version":1}},
{"id":"016e48d9-d715-4b47-abfa-c93ab9632d14","type":"Feature","geometry":{"type":"Polygon","coordinates":[[[90.3896483,23.749086900000002],[90.3896432,23.7489853],[90.3897598,23.7489804],[90.3897649,23.749082],[90.3896483,23.749086900000002]]]},"properties":{"sources":[{"property":"","dataset":"OpenStreetMap","license":"ODbL-1.0","record_id":"w506159545@1","update_time":"2017-07-09T06:27:58.000Z","confidence":null,"between":null,"provider":"osm","resource":"planet","version":"2026-09-06T00:00:00.000Z"}],"is_underground":false,"has_parts":false,"version":1}},
{"id":"4fe2366d-3d5c-4ba1-9f04-36a1970b8294","type":"Feature","geometry":{"type":"Polygon","coordinates":[[[90.3897786,23.74887],[90.3896995,23.7488724],[90.3896955,23.7487594],[90.3897746,23.7487571],[90.3897786,23.74887]]]},"properties":{"sources":[{"property":"","dataset":"OpenStreetMap","license":"ODbL-1.0","record_id":"w506159519@1","update_time":"2017-07-09T06:16:20.000Z","confidence":null,"between":null,"provider":"osm","resource":"planet","version":"2026-09-06T00:00:00.000Z"}],"is_underground":false,"has_parts":false,"version":1}},
{"id":"57ca65d3-24b3-41a5-973d-bca1d58950f5","type":"Feature","geometry":{"type":"Polygon","coordinates":[[[90.3897749,23.7486917],[90.3896318,23.7486962],[90.3896254,23.748527],[90.3897686,23.7485225],[90.3897749,23.7486917]]]},"properties":{"sources":[{"property":"","dataset":"OpenStreetMap","license":"ODbL-1.0","record_id":"w506161203@1","update_time":"2017-07-09T06:27:56.000Z","confidence":null,"between":null,"provider":"osm","resource":"planet","version":"2026-09-06T00:00:00.000Z"}],"is_underground":false,"has_parts":false,"version":1}},
{"id":"89c0bfe7-8e3b-49c3-8771-b40acdc728c5","type":"Feature","geometry":{"type":"Polygon","coordinates":[[[90.38997,23.7486581],[90.3898108,23.7486631],[90.3898065,23.7485484],[90.3899657,23.7485434],[90.38997,23.7486581]]]},"properties":{"sources":[{"property":"","dataset":"OpenStreetMap","license":"ODbL-1.0","record_id":"w506161202@1","update_time":"2017-07-09T06:27:55.000Z","confidence":null,"between":null,"provider":"osm","resource":"planet","version":"2026-09-06T00:00:00.000Z"}],"is_underground":false,"has_parts":false,"version":1}},
{"id":"fcf01e3c-9e08-4035-805a-69d6c0148e8f","type":"Feature","geometry":{"type":"Polygon","coordinates":[[[90.3898604,23.7488749],[90.3898591,23.7487423],[90.3900026,23.748741],[90.3900039,23.7488737],[90.3898604,23.7488749]]]},"properties":{"sources":[{"property":"","dataset":"OpenStreetMap","license":"ODbL-1.0","record_id":"w506159521@1","update_time":"2017-07-09T06:16:20.000Z","confidence":null,"between":null,"provider":"osm","resource":"planet","version":"2026-09-06T00:00:00.000Z"}],"is_underground":false,"has_parts":false,"version":1}},
{"id":"c32879dc-c441-4ce3-ae0a-680efcb21121","type":"Feature","geometry":{"type":"Polygon","coordinates":[[[90.3900535,23.7488061],[90.3900482,23.7487238],[90.3901369,23.748719],[90.3901422,23.7488012],[90.3900535,23.7488061]]]},"properties":{"sources":[{"property":"","dataset":"OpenStreetMap","license":"ODbL-1.0","record_id":"w506159524@1","update_time":"2017-07-09T06:16:20.000Z","confidence":null,"between":null,"provider":"osm","resource":"planet","version":"2026-09-06T00:00:00.000Z"}],"is_underground":false,"has_parts":false,"version":1}},
{"id":"88673354-bf83-49bc-b5af-fb34c4b257cd","type":"Feature","geometry":{"type":"Polygon","coordinates":[[[90.3891751,23.748477],[90.389151,23.7484777],[90.389141,23.7482126],[90.3892415,23.7482095],[90.3892491,23.7484114],[90.3893341,23.7484087],[90.3893368,23.7484817],[90.3892518,23.7484844],[90.3892561,23.7485993],[90.3891798,23.7486017],[90.3891751,23.748477]]]},"properties":{"sources":[{"property":"","dataset":"OpenStreetMap","license":"ODbL-1.0","record_id":"w506161206@1","update_time":"2017-07-09T06:27:56.000Z","confidence":null,"between":null,"provider":"osm","resource":"planet","version":"2026-09-06T00:00:00.000Z"}],"is_underground":false,"has_parts":false,"version":1}},
{"id":"9ca5e8c6-5e39-4621-a2a9-01352acd28f6","type":"Feature","geometry":{"type":"Polygon","coordinates":[[[90.3893133,23.7486316],[90.3892713,23.7486333],[90.3892697,23.7485992],[90.3893116,23.7485974],[90.3893133,23.7486316]]]},"properties":{"sources":[{"property":"","dataset":"OpenStreetMap","license":"ODbL-1.0","record_id":"w1036309628@1","update_time":"2022-03-01T15:14:00.000Z","confidence":null,"between":null,"provider":"osm","resource":"planet","version":"2026-09-06T00:00:00.000Z"}],"is_underground":false,"has_parts":false,"version":1}},
{"id":"2bd91cfe-b5cd-4748-b31b-153f31abc950","type":"Feature","geometry":{"type":"Polygon","coordinates":[[[90.3892319,23.7487473],[90.3892288,23.7486637],[90.3893121,23.7486611],[90.3893153,23.7487447],[90.3892319,23.7487473]]]},"properties":{"sources":[{"property":"","dataset":"OpenStreetMap","license":"ODbL-1.0","record_id":"w506161211@1","update_time":"2017-07-09T06:27:56.000Z","confidence":null,"between":null,"provider":"osm","resource":"planet","version":"2026-09-06T00:00:00.000Z"}],"is_underground":false,"has_parts":false,"version":1}},
{"id":"881805e4-97e1-400a-9c7d-cdef2fce5dc3","type":"Feature","geometry":{"type":"Polygon","coordinates":[[[90.3893258,23.7487367],[90.389324,23.748687],[90.3894214,23.748684],[90.3894232,23.7487337],[90.3893258,23.7487367]]]},"properties":{"sources":[{"property":"","dataset":"OpenStreetMap","license":"ODbL-1.0","record_id":"w506161210@1","update_time":"2017-07-09T06:27:56.000Z","confidence":null,"between":null,"provider":"osm","resource":"planet","version":"2026-09-06T00:00:00.000Z"}],"is_underground":false,"has_parts":false,"version":1}},
{"id":"071921bf-bc17-4b26-b4e6-28e8821d3078","type":"Feature","geometry":{"type":"Polygon","coordinates":[[[90.3893153,23.7485849],[90.3892733,23.7485867],[90.3892717,23.7485525],[90.3893136,23.7485508],[90.3893153,23.7485849]]]},"properties":{"sources":[{"property":"","dataset":"OpenStreetMap","license":"ODbL-1.0","record_id":"w1036309627@1","update_time":"2022-03-01T15:14:00.000Z","confidence":null,"between":null,"provider":"osm","resource":"planet","version":"2026-09-06T00:00:00.000Z"}],"is_underground":false,"has_parts":false,"version":1}},
{"id":"3f80e041-8b5d-4210-a0ca-e1e3651f8ab5","type":"Feature","geometry":{"type":"Polygon","coordinates":[[[90.3893569,23.7486003],[90.3893548,23.748544],[90.3894466,23.7485411],[90.3894487,23.7485974],[90.3893569,23.7486003]]]},"properties":{"sources":[{"property":"","dataset":"OpenStreetMap","license":"ODbL-1.0","record_id":"w506161205@1","update_time":"2017-07-09T06:27:56.000Z","confidence":null,"between":null,"provider":"osm","resource":"planet","version":"2026-09-06T00:00:00.000Z"}],"is_underground":false,"has_parts":false,"version":1}},
{"id":"8f81cb9a-501d-400b-a361-38d740e80232","type":"Feature","geometry":{"type":"Polygon","coordinates":[[[90.3896084,23.7487132],[90.3894648,23.7487177],[90.3894573,23.7485178],[90.3896009,23.7485133],[90.3896084,23.7487132]]]},"properties":{"sources":[{"property":"","dataset":"OpenStreetMap","license":"ODbL-1.0","record_id":"w506161204@1","update_time":"2017-07-09T06:27:56.000Z","confidence":null,"between":null,"provider":"osm","resource":"planet","version":"2026-09-06T00:00:00.000Z"}],"is_underground":false,"has_parts":false,"version":1}},
{"id":"5630687e-8132-4d42-8013-1df691cb0cfa","type":"Feature","geometry":{"type":"Polygon","coordinates":[[[90.3894093,23.7488768],[90.3894058,23.7487619],[90.3896458,23.7487558],[90.3896494,23.7488707],[90.3894093,23.7488768]]]},"properties":{"sources":[{"property":"","dataset":"OpenStreetMap","license":"ODbL-1.0","record_id":"w506159520@1","update_time":"2017-07-09T06:27:57.000Z","confidence":null,"between":null,"provider":"osm","resource":"planet","version":"2026-09-06T00:00:00.000Z"}],"is_underground":false,"has_parts":false,"version":1}},
{"id":"1dcfd35d-ee31-4500-854a-070ef9b84c95","type":"Feature","geometry":{"type":"Polygon","coordinates":[[[90.389609,23.7492013],[90.3894702,23.7491983],[90.389472,23.7491295],[90.3896108,23.7491325],[90.389609,23.7492013]]]},"properties":{"sources":[{"property":"","dataset":"OpenStreetMap","license":"ODbL-1.0","record_id":"w506159543@1","update_time":"2017-07-09T06:16:21.000Z","confidence":null,"between":null,"provider":"osm","resource":"planet","version":"2026-09-06T00:00:00.000Z"}],"is_underground":false,"has_parts":false,"version":1}},
{"id":"1645cb54-3317-4ddb-825e-a889aab37e8e","type":"Feature","geometry":{"type":"Polygon","coordinates":[[[90.3894541,23.749116],[90.3894494,23.7490049],[90.3895374,23.7490018],[90.3895421,23.7491129],[90.3894541,23.749116]]]},"properties":{"sources":[{"property":"","dataset":"OpenStreetMap","license":"ODbL-1.0","record_id":"w506159542@1","update_time":"2017-07-09T06:16:21.000Z","confidence":null,"between":null,"provider":"osm","resource":"planet","version":"2026-09-06T00:00:00.000Z"}],"is_underground":false,"has_parts":false,"version":1}},
{"id":"f0677723-15bd-4308-b0be-599abe360d0b","type":"Feature","geometry":{"type":"Polygon","coordinates":[[[90.3894325,23.74926],[90.3893293,23.749259],[90.3893307,23.7491375],[90.3894338,23.7491385],[90.3894325,23.74926]]]},"properties":{"sources":[{"property":"","dataset":"OpenStreetMap","license":"ODbL-1.0","record_id":"w506159548@1","update_time":"2017-07-09T06:27:58.000Z","confidence":null,"between":null,"provider":"osm","resource":"planet","version":"2026-09-06T00:00:00.000Z"}],"is_underground":false,"has_parts":false,"version":1}},
{"id":"b7a81641-7fdd-4804-9b60-ef5492d9c9cb","type":"Feature","geometry":{"type":"Polygon","coordinates":[[[90.3893174,23.7490792],[90.3893159,23.7490086],[90.3894232,23.7490068],[90.3894247,23.7490774],[90.3893174,23.7490792]]]},"properties":{"sources":[{"property":"","dataset":"OpenStreetMap","license":"ODbL-1.0","record_id":"w506159541@1","update_time":"2017-07-09T06:16:21.000Z","confidence":null,"between":null,"provider":"osm","resource":"planet","version":"2026-09-06T00:00:00.000Z"}],"is_underground":false,"has_parts":false,"version":1}},
{"id":"0e1d429b-b019-4df5-8f38-043aa4898afe","type":"Feature","geometry":{"type":"Polygon","coordinates":[[[90.3893186,23.7488576],[90.3893159,23.7487607],[90.3893913,23.7487589],[90.389394,23.7488559],[90.3893186,23.7488576]]]},"properties":{"sources":[{"property":"","dataset":"OpenStreetMap","license":"ODbL-1.0","record_id":"w506159518@1","update_time":"2017-07-09T06:27:57.000Z","confidence":null,"between":null,"provider":"osm","resource":"planet","version":"2026-09-06T00:00:00.000Z"}],"is_underground":false,"has_parts":false,"version":1}},
{"id":"a05642b4-275f-4927-9271-926f7627bf61","type":"Feature","geometry":{"type":"Polygon","coordinates":[[[90.3891821,23.7489866],[90.3891751,23.7489092],[90.389273,23.7489018],[90.38928,23.7489792],[90.3891821,23.7489866]]]},"properties":{"sources":[{"property":"","dataset":"OpenStreetMap","license":"ODbL-1.0","record_id":"w506159516@1","update_time":"2017-07-09T06:16:20.000Z","confidence":null,"between":null,"provider":"osm","resource":"planet","version":"2026-09-06T00:00:00.000Z"}],"is_underground":false,"has_parts":false,"version":1}},
{"id":"5c71a62d-02d0-4101-97c0-eac96663de8c","type":"Feature","geometry":{"type":"Polygon","coordinates":[[[90.3891375,23.7488737],[90.3891295,23.7487693],[90.38928369999999,23.7487594],[90.3892917,23.7488639],[90.3891375,23.7488737]]]},"properties":{"sources":[{"property":"","dataset":"OpenStreetMap","license":"ODbL-1.0","record_id":"w506159517@1","update_time":"2017-07-09T06:27:57.000Z","confidence":null,"between":null,"provider":"osm","resource":"planet","version":"2026-09-06T00:00:00.000Z"}],"is_underground":false,"has_parts":false,"version":1}},
{"id":"8df412ca-dd97-4bbf-b99d-b3f46104a126","type":"Feature","geometry":{"type":"Polygon","coordinates":[[[90.3892147,23.7491025],[90.3892107,23.7490043],[90.3893051,23.7490011],[90.3893091,23.7490993],[90.3892147,23.7491025]]]},"properties":{"sources":[{"property":"","dataset":"OpenStreetMap","license":"ODbL-1.0","record_id":"w506159540@1","update_time":"2017-07-09T06:16:21.000Z","confidence":null,"between":null,"provider":"osm","resource":"planet","version":"2026-09-06T00:00:00.000Z"}],"is_underground":false,"has_parts":false,"version":1}},
{"id":"ee5c917d-56d7-47f7-8485-8cb8c2c3d90d","type":"Feature","geometry":{"type":"Polygon","coordinates":[[[90.3891306,23.7492457],[90.3891282,23.749151],[90.3892435,23.7491486],[90.3892459,23.7492433],[90.3891306,23.7492457]]]},"properties":{"sources":[{"property":"","dataset":"OpenStreetMap","license":"ODbL-1.0","record_id":"w506159549@1","update_time":"2017-07-09T06:27:58.000Z","confidence":null,"between":null,"provider":"osm","resource":"planet","version":"2026-09-06T00:00:00.000Z"}],"is_underground":false,"has_parts":false,"version":1}},
{"id":"70f96205-2dcf-441b-ac5e-b406b56eb8a3","type":"Feature","geometry":{"type":"Polygon","coordinates":[[[90.3890064,23.7491419],[90.3889967,23.7490455],[90.3891577,23.7490319],[90.3891673,23.7491284],[90.3890064,23.7491419]]]},"properties":{"sources":[{"property":"","dataset":"OpenStreetMap","license":"ODbL-1.0","record_id":"w506159515@1","update_time":"2017-07-09T06:16:20.000Z","confidence":null,"between":null,"provider":"osm","resource":"planet","version":"2026-09-06T00:00:00.000Z"}],"is_underground":false,"has_parts":false,"version":1}},
{"id":"ac94cef6-9f28-4d85-8c15-6a3fc30c2cba","type":"Feature","geometry":{"type":"Polygon","coordinates":[[[90.3888754,23.7492592],[90.3888693,23.7491756],[90.3890102,23.749167],[90.3890162,23.7492506],[90.3888754,23.7492592]]]},"properties":{"sources":[{"property":"","dataset":"OpenStreetMap","license":"ODbL-1.0","record_id":"w506159550@1","update_time":"2017-07-09T06:16:21.000Z","confidence":null,"between":null,"provider":"osm","resource":"planet","version":"2026-09-06T00:00:00.000Z"}],"is_underground":false,"has_parts":false,"version":1}},
{"id":"17f09124-6ab0-45c6-bd04-8271faed2d72","type":"Feature","geometry":{"type":"Polygon","coordinates":[[[90.3888654,23.74914],[90.3888573,23.7490884],[90.3889686,23.7490737],[90.3889767,23.7491252],[90.3888654,23.74914]]]},"properties":{"sources":[{"property":"","dataset":"OpenStreetMap","license":"ODbL-1.0","record_id":"w506159511@1","update_time":"2017-07-09T06:27:57.000Z","confidence":null,"between":null,"provider":"osm","resource":"planet","version":"2026-09-06T00:00:00.000Z"}],"is_underground":false,"has_parts":false,"version":1}},
{"id":"ede80ea2-3146-4ad9-a997-db14955f065c","type":"Feature","geometry":{"type":"Polygon","coordinates":[[[90.3889831,23.7490276],[90.3889726,23.748908],[90.3891067,23.7488981],[90.3891172,23.7490178],[90.3889831,23.7490276]]]},"properties":{"sources":[{"property":"","dataset":"OpenStreetMap","license":"ODbL-1.0","record_id":"w506159514@1","update_time":"2017-07-09T06:16:20.000Z","confidence":null,"between":null,"provider":"osm","resource":"planet","version":"2026-09-06T00:00:00.000Z"}],"is_underground":false,"has_parts":false,"version":1}},
{"id":"8fe822b3-8064-48ad-af74-7f17303ef27f","type":"Feature","geometry":{"type":"Polygon","coordinates":[[[90.3890209,23.748865],[90.3890195,23.7487533],[90.389096,23.7487525],[90.3890974,23.7488642],[90.3890209,23.748865]]]},"properties":{"sources":[{"property":"","dataset":"OpenStreetMap","license":"ODbL-1.0","record_id":"w506159513@1","update_time":"2017-07-09T06:27:57.000Z","confidence":null,"between":null,"provider":"osm","resource":"planet","version":"2026-09-06T00:00:00.000Z"}],"is_underground":false,"has_parts":false,"version":1}},
{"id":"19f5153d-6af7-48cb-973d-7d2b7c085e6f","type":"Feature","geometry":{"type":"Polygon","coordinates":[[[90.3890882,23.7487365],[90.3890853,23.7486575],[90.3891943,23.7486541],[90.3891972,23.748733],[90.3890882,23.7487365]]]},"properties":{"sources":[{"property":"","dataset":"OpenStreetMap","license":"ODbL-1.0","record_id":"w506161213@1","update_time":"2017-07-09T06:27:56.000Z","confidence":null,"between":null,"provider":"osm","resource":"planet","version":"2026-09-06T00:00:00.000Z"}],"is_underground":false,"has_parts":false,"version":1}},
{"id":"4b8edbbb-6791-45eb-b350-788b640491bd","type":"Feature","geometry":{"type":"Polygon","coordinates":[[[90.3890481,23.7486219],[90.3890457,23.7485581],[90.3891607,23.7485545],[90.389163,23.7486183],[90.3890481,23.7486219]]]},"properties":{"sources":[{"property":"","dataset":"OpenStreetMap","license":"ODbL-1.0","record_id":"w506161212@1","update_time":"2017-07-09T06:27:56.000Z","confidence":null,"between":null,"provider":"osm","resource":"planet","version":"2026-09-06T00:00:00.000Z"}],"is_underground":false,"has_parts":false,"version":1}},
{"id":"4474f581-bd04-4359-9b90-7d83cea51209","type":"Feature","geometry":{"type":"Polygon","coordinates":[[[90.3890305,23.748615],[90.3889885,23.7486167],[90.3889869,23.7485826],[90.3890288,23.7485809],[90.3890305,23.748615]]]},"properties":{"sources":[{"property":"","dataset":"OpenStreetMap","license":"ODbL-1.0","record_id":"w1036309624@1","update_time":"2022-03-01T15:14:00.000Z","confidence":null,"between":null,"provider":"osm","resource":"planet","version":"2026-09-06T00:00:00.000Z"}],"is_underground":false,"has_parts":false,"version":1}},
{"id":"d3328eec-ecd5-4eac-8bba-8dcbe106558e","type":"Feature","geometry":{"type":"Polygon","coordinates":[[[90.3889812,23.7486043],[90.3889392,23.748606],[90.3889376,23.7485719],[90.3889795,23.7485702],[90.3889812,23.7486043]]]},"properties":{"sources":[{"property":"","dataset":"OpenStreetMap","license":"ODbL-1.0","record_id":"w1036309625@1","update_time":"2022-03-01T15:14:00.000Z","confidence":null,"between":null,"provider":"osm","resource":"planet","version":"2026-09-06T00:00:00.000Z"}],"is_underground":false,"has_parts":false,"version":1}},
{"id":"05f2ba93-4bcc-4cfa-b83e-a688e1410a56","type":"Feature","geometry":{"type":"Polygon","coordinates":[[[90.3889364,23.7487254],[90.388933,23.7486348],[90.3890423,23.7486314],[90.3890457,23.748722],[90.3889364,23.7487254]]]},"properties":{"sources":[{"property":"","dataset":"OpenStreetMap","license":"ODbL-1.0","record_id":"w506161214@1","update_time":"2017-07-09T06:27:56.000Z","confidence":null,"between":null,"provider":"osm","resource":"planet","version":"2026-09-06T00:00:00.000Z"}],"is_underground":false,"has_parts":false,"version":1}},
{"id":"c7525421-8e84-41a2-a223-1fc1ce2ec2e7","type":"Feature","geometry":{"type":"Polygon","coordinates":[[[90.3889029,23.7488761],[90.3888881,23.7487484],[90.3889831,23.7487392],[90.3889979,23.7488669],[90.3889029,23.7488761]]]},"properties":{"sources":[{"property":"","dataset":"OpenStreetMap","license":"ODbL-1.0","record_id":"w506159512@1","update_time":"2017-07-09T06:27:57.000Z","confidence":null,"between":null,"provider":"osm","resource":"planet","version":"2026-09-06T00:00:00.000Z"}],"is_underground":false,"has_parts":false,"version":1}},
{"id":"7c9d235a-ad78-4698-8276-745375e51de2","type":"Feature","geometry":{"type":"Polygon","coordinates":[[[90.3888014,23.7490244],[90.3887714,23.7489706],[90.3889163,23.7489031],[90.3889462,23.7489569],[90.3888014,23.7490244]]]},"properties":{"sources":[{"property":"","dataset":"OpenStreetMap","license":"ODbL-1.0","record_id":"w506159509@1","update_time":"2017-07-09T06:27:57.000Z","confidence":null,"between":null,"provider":"osm","resource":"planet","version":"2026-09-06T00:00:00.000Z"}],"is_underground":false,"has_parts":false,"version":1}},
{"id":"16de6623-8acf-4df7-9a89-fd6fae95041a","type":"Feature","geometry":{"type":"Polygon","coordinates":[[[90.3888388,23.7490687],[90.3888278,23.7490234],[90.3889485,23.7489988],[90.3889595,23.7490442],[90.3888388,23.7490687]]]},"properties":{"sources":[{"property":"","dataset":"OpenStreetMap","license":"ODbL-1.0","record_id":"w506159510@1","update_time":"2017-07-09T06:27:57.000Z","confidence":null,"between":null,"provider":"osm","resource":"planet","version":"2026-09-06T00:00:00.000Z"}],"is_underground":false,"has_parts":false,"version":1}},
{"id":"81741382-87bc-4758-95e7-ca035282a0c2","type":"Feature","geometry":{"type":"Polygon","coordinates":[[[90.3888683,23.7494336],[90.3888707,23.7493425],[90.389037,23.7493462],[90.3890346,23.7494373],[90.3888683,23.7494336]]]},"properties":{"sources":[{"property":"","dataset":"OpenStreetMap","license":"ODbL-1.0","record_id":"w506159552@1","update_time":"2017-07-09T06:27:58.000Z","confidence":null,"between":null,"provider":"osm","resource":"planet","version":"2026-09-06T00:00:00.000Z"}],"is_underground":false,"has_parts":false,"version":1}},
{"id":"e62c591e-c5e8-4961-9402-a61668a38224","type":"Feature","geometry":{"type":"Polygon","coordinates":[[[90.3888968,23.7493363],[90.3888962,23.7492762],[90.3890343,23.749275],[90.3890349,23.749335],[90.3888968,23.7493363]]]},"properties":{"sources":[{"property":"","dataset":"OpenStreetMap","license":"ODbL-1.0","record_id":"w506159551@1","update_time":"2017-07-09T06:16:21.000Z","confidence":null,"between":null,"provider":"osm","resource":"planet","version":"2026-09-06T00:00:00.000Z"}],"is_underground":false,"has_parts":false,"version":1}},
{"id":"12727ad6-8edf-42b8-8397-40ecdb28105a","type":"Feature","geometry":{"type":"Polygon","coordinates":[[[90.388962,23.749687],[90.3888117,23.7496519],[90.3888559,23.7494935],[90.3890062,23.7495287],[90.388962,23.749687]]]},"properties":{"sources":[{"property":"","dataset":"OpenStreetMap","license":"ODbL-1.0","record_id":"w506159561@1","update_time":"2017-07-09T06:27:59.000Z","confidence":null,"between":null,"provider":"osm","resource":"planet","version":"2026-09-06T00:00:00.000Z"}],"is_underground":false,"has_parts":false,"version":1}},
{"id":"1cc46004-a66c-49d9-a351-60d07d99677e","type":"Feature","geometry":{"type":"Polygon","coordinates":[[[90.3889827,23.7498472],[90.3888988,23.7498225],[90.3889424,23.7496985],[90.3890263,23.7497232],[90.3889827,23.7498472]]]},"properties":{"sources":[{"property":"","dataset":"OpenStreetMap","license":"ODbL-1.0","record_id":"w506159565@1","update_time":"2017-07-09T06:16:22.000Z","confidence":null,"between":null,"provider":"osm","resource":"planet","version":"2026-09-06T00:00:00.000Z"}],"is_underground":false,"has_parts":false,"version":1}},
{"id":"293e17ef-cb57-4f01-9757-ebc567155836","type":"Feature","geometry":{"type":"Polygon","coordinates":[[[90.3891739,23.749734],[90.3890477,23.7497095],[90.3890879,23.7495352],[90.3892142,23.7495596],[90.3891739,23.749734]]]},"properties":{"sources":[{"property":"","dataset":"OpenStreetMap","license":"ODbL-1.0","record_id":"w506159560@1","update_time":"2017-07-09T06:27:59.000Z","confidence":null,"between":null,"provider":"osm","resource":"planet","version":"2026-09-06T00:00:00.000Z"}],"is_underground":false,"has_parts":false,"version":1}},
{"id":"3bd6c815-b8a5-461b-bc33-5cf43bc98e7a","type":"Feature","geometry":{"type":"Polygon","coordinates":[[[90.3891324,23.7498693],[90.389039,23.7498433],[90.3890685,23.7497544],[90.3891619,23.7497803],[90.3891324,23.7498693]]]},"properties":{"sources":[{"property":"","dataset":"OpenStreetMap","license":"ODbL-1.0","record_id":"w506161216@1","update_time":"2017-07-09T06:27:56.000Z","confidence":null,"between":null,"provider":"osm","resource":"planet","version":"2026-09-06T00:00:00.000Z"}],"is_underground":false,"has_parts":false,"version":1}},
{"id":"8449a725-28ba-49ec-b18a-2d59fd0d4568","type":"Feature","geometry":{"type":"Polygon","coordinates":[[[90.3889514,23.7500292],[90.3888675,23.7500045],[90.3889111,23.7498805],[90.388995,23.7499052],[90.3889514,23.7500292]]]},"properties":{"sources":[{"property":"","dataset":"OpenStreetMap","license":"ODbL-1.0","record_id":"w1129736025@1","update_time":"2023-01-09T22:27:07.000Z","confidence":null,"between":null,"provider":"osm","resource":"planet","version":"2026-09-06T00:00:00.000Z"}],"is_underground":false,"has_parts":false,"version":1}},
{"id":"aab12d02-1ba3-4748-b4e1-c2ee87179e41","type":"Feature","geometry":{"type":"Polygon","coordinates":[[[90.3891691,23.7504424],[90.3889874,23.7504786],[90.389039,23.750343],[90.3891892,23.7503951],[90.3891691,23.7504424]]]},"properties":{"sources":[{"property":"","dataset":"OpenStreetMap","license":"ODbL-1.0","record_id":"w1480532133@1","update_time":"2026-02-19T05:13:20.000Z","confidence":null,"between":null,"provider":"osm","resource":"planet","version":"2026-09-06T00:00:00.000Z"}],"is_underground":false,"has_parts":false,"version":1}},
{"id":"2119b365-2f23-4a5b-af7e-fb0c33204ba5","type":"Feature","geometry":{"type":"Polygon","coordinates":[[[90.3890179,23.750287],[90.3888894,23.7502459],[90.3890129,23.7499538],[90.3891459,23.7500034],[90.3890179,23.750287]]]},"properties":{"sources":[{"property":"","dataset":"OpenStreetMap","license":"ODbL-1.0","record_id":"w506158004@1","update_time":"2026-02-19T05:13:20.000Z","confidence":null,"between":null,"provider":"osm","resource":"planet","version":"2026-09-06T00:00:00.000Z"}],"is_underground":false,"has_parts":false,"version":1}},
{"id":"ad12ba72-6c0c-4e0f-b1a8-4863d80210f1","type":"Feature","geometry":{"type":"Polygon","coordinates":[[[90.3892797,23.7502832],[90.3891651,23.7502373],[90.3892167,23.7501293],[90.3893313,23.7501752],[90.3892797,23.7502832]]]},"properties":{"sources":[{"property":"","dataset":"OpenStreetMap","license":"ODbL-1.0","record_id":"w506159576@1","update_time":"2026-02-19T05:13:20.000Z","confidence":null,"between":null,"provider":"osm","resource":"planet","version":"2026-09-06T00:00:00.000Z"}],"is_underground":false,"has_parts":false,"version":2}},
{"id":"ad0b948e-4ee4-4c1f-bc45-a18964a77c64","type":"Feature","geometry":{"type":"Polygon","coordinates":[[[90.3893707,23.7501815],[90.389228,23.7501245],[90.3892676,23.7500416],[90.3894103,23.7500987],[90.3893707,23.7501815]]]},"properties":{"sources":[{"property":"","dataset":"OpenStreetMap","license":"ODbL-1.0","record_id":"w506159575@1","update_time":"2019-07-24T16:58:31.000Z","confidence":null,"between":null,"provider":"osm","resource":"planet","version":"2026-09-06T00:00:00.000Z"}],"is_underground":false,"has_parts":false,"version":1}},
{"id":"c7b20cb4-b233-4a25-bc2d-68c7cc183833","type":"Feature","geometry":{"type":"Polygon","coordinates":[[[90.3892156,23.7503864],[90.3890896,23.7503316],[90.3891365,23.7502328],[90.3892746,23.7502827],[90.3892156,23.7503864]]]},"properties":{"sources":[{"property":"","dataset":"OpenStreetMap","license":"ODbL-1.0","record_id":"w506159577@1","update_time":"2026-02-19T05:13:20.000Z","confidence":null,"between":null,"provider":"osm","resource":"planet","version":"2026-09-06T00:00:00.000Z"}],"is_underground":false,"has_parts":false,"version":1}},
{"id":"3ca8daf9-143a-4a52-83f3-50be65bd496d","type":"Feature","geometry":{"type":"Polygon","coordinates":[[[90.3892864,23.7509303],[90.3892562,23.750783],[90.3894064,23.7507572],[90.3894366,23.7509045],[90.3892864,23.7509303]]]},"properties":{"sources":[{"property":"","dataset":"OpenStreetMap","license":"ODbL-1.0","record_id":"w506022654@1","update_time":"2021-05-30T06:50:49.000Z","confidence":null,"between":null,"provider":"osm","resource":"planet","version":"2026-09-06T00:00:00.000Z"}],"is_underground":false,"has_parts":false,"version":1}},
{"id":"5cc70050-fe16-4945-9c3f-dafd894d99a1","type":"Feature","geometry":{"type":"Polygon","coordinates":[[[90.3895445,23.750814600000002],[90.3895746,23.7508164],[90.3895707,23.7508729],[90.3895406,23.7508712],[90.3895445,23.750814600000002]]]},"properties":{"sources":[{"property":"","dataset":"Google Open Buildings","license":null,"record_id":"7MMGQ92Q+8RMQ","update_time":"2023-05-01T00:00:00.000Z","confidence":0.7783,"between":null,"provider":"google","resource":"open_buildings","version":"2024-04-16"}],"is_underground":false,"has_parts":false,"version":1}},
{"id":"135cf536-2d47-4667-af20-bf17753898d7","type":"Feature","geometry":{"type":"Polygon","coordinates":[[[90.389619,23.7503282],[90.389436,23.7502945],[90.3894547,23.7502202],[90.3896747,23.7502742],[90.3896841,23.7502607],[90.3897277,23.7502711],[90.3897297,23.7502853],[90.3896693,23.7502981],[90.3896298,23.7502889],[90.389619,23.7503282]]]},"properties":{"sources":[{"property":"","dataset":"OpenStreetMap","license":"ODbL-1.0","record_id":"w1480532139@1","update_time":"2026-02-19T05:13:20.000Z","confidence":null,"between":null,"provider":"osm","resource":"planet","version":"2026-09-06T00:00:00.000Z"}],"is_underground":false,"has_parts":false,"version":1}},
{"id":"46d8b474-880c-47f5-95a6-d2fe879eafb9","type":"Feature","geometry":{"type":"Polygon","coordinates":[[[90.3896512,23.7504191],[90.3892878,23.7504903],[90.3893884,23.7503049],[90.3896257,23.7503368],[90.3896512,23.7504191]]]},"properties":{"sources":[{"property":"","dataset":"OpenStreetMap","license":"ODbL-1.0","record_id":"w1480532141@1","update_time":"2026-02-19T05:13:20.000Z","confidence":null,"between":null,"provider":"osm","resource":"planet","version":"2026-09-06T00:00:00.000Z"}],"is_underground":false,"has_parts":false,"version":1}},
{"id":"e3f1f9d2-7964-406e-9fbd-0a355f66be53","type":"Feature","geometry":{"type":"Polygon","coordinates":[[[90.3894782,23.7502147],[90.3895044,23.7501472],[90.3895942,23.7501699],[90.3895734,23.7502374],[90.3894782,23.7502147]]]},"properties":{"sources":[{"property":"","dataset":"OpenStreetMap","license":"ODbL-1.0","record_id":"w1480532138@1","update_time":"2026-02-19T05:13:20.000Z","confidence":null,"between":null,"provider":"osm","resource":"planet","version":"2026-09-06T00:00:00.000Z"}],"is_underground":false,"has_parts":false,"version":1}},
{"id":"2cf228bd-c585-4d7b-8150-cc38a246e2a8","type":"Feature","geometry":{"type":"Polygon","coordinates":[[[90.3894305,23.7497745],[90.3894735,23.7496911],[90.3896525,23.7497685],[90.3896096,23.7498519],[90.3894305,23.7497745]]]},"properties":{"sources":[{"property":"","dataset":"OpenStreetMap","license":"ODbL-1.0","record_id":"w506159571@1","update_time":"2017-07-09T06:27:59.000Z","confidence":null,"between":null,"provider":"osm","resource":"planet","version":"2026-09-06T00:00:00.000Z"}],"is_underground":false,"has_parts":false,"version":1}},
{"id":"32543392-3fc9-4cac-857e-e932da8f1121","type":"Feature","geometry":{"type":"Polygon","coordinates":[[[90.3895379,23.7499618],[90.3893964,23.7498931],[90.3894326,23.7498307],[90.3895741,23.7498994],[90.3895379,23.7499618]]]},"properties":{"sources":[{"property":"","dataset":"OpenStreetMap","license":"ODbL-1.0","record_id":"w506159572@1","update_time":"2017-07-09T06:27:59.000Z","confidence":null,"between":null,"provider":"osm","resource":"planet","version":"2026-09-06T00:00:00.000Z"}],"is_underground":false,"has_parts":false,"version":1}},
{"id":"ec20e410-0a22-45d8-8c15-13342cd24ab9","type":"Feature","geometry":{"type":"Polygon","coordinates":[[[90.3894863,23.7500023],[90.3893501,23.749936],[90.3893737,23.7498954],[90.3895099,23.7499617],[90.3894863,23.7500023]]]},"properties":{"sources":[{"property":"","dataset":"OpenStreetMap","license":"ODbL-1.0","record_id":"w506159573@1","update_time":"2017-07-09T06:27:59.000Z","confidence":null,"between":null,"provider":"osm","resource":"planet","version":"2026-09-06T00:00:00.000Z"}],"is_underground":false,"has_parts":false,"version":1}},
{"id":"6cee3bbe-4b8a-4aba-bc6c-2c383d18bb65","type":"Feature","geometry":{"type":"Polygon","coordinates":[[[90.3894279,23.7500821],[90.3892878,23.7500207],[90.3893129,23.7499726],[90.3894531,23.750034],[90.3894279,23.7500821]]]},"properties":{"sources":[{"property":"","dataset":"OpenStreetMap","license":"ODbL-1.0","record_id":"w506159574@1","update_time":"2019-07-24T16:58:31.000Z","confidence":null,"between":null,"provider":"osm","resource":"planet","version":"2026-09-06T00:00:00.000Z"}],"is_underground":false,"has_parts":false,"version":1}},
{"id":"2e3e6b85-ef56-418b-9b80-7f6015797c95","type":"Feature","geometry":{"type":"Polygon","coordinates":[[[90.3891604,23.7498523],[90.3891892,23.7497936],[90.3893293,23.7498513],[90.3893005,23.74991],[90.3891604,23.7498523]]]},"properties":{"sources":[{"property":"","dataset":"OpenStreetMap","license":"ODbL-1.0","record_id":"w506159566@1","update_time":"2017-07-09T06:16:22.000Z","confidence":null,"between":null,"provider":"osm","resource":"planet","version":"2026-09-06T00:00:00.000Z"}],"is_underground":false,"has_parts":false,"version":1}},
{"id":"3348a1b7-0e66-4cb7-9448-7e862c7baace","type":"Feature","geometry":{"type":"Polygon","coordinates":[[[90.3892255,23.7497546],[90.3892381,23.7496762],[90.3893655,23.7496934],[90.3893529,23.7497718],[90.3892255,23.7497546]]]},"properties":{"sources":[{"property":"","dataset":"OpenStreetMap","license":"ODbL-1.0","record_id":"w1129736026@1","update_time":"2023-01-09T22:27:07.000Z","confidence":null,"between":null,"provider":"osm","resource":"planet","version":"2026-09-06T00:00:00.000Z"}],"is_underground":false,"has_parts":false,"version":1}},
{"id":"b16dc1f3-09d0-4493-a1d2-03b5f3f5d222","type":"Feature","geometry":{"type":"Polygon","coordinates":[[[90.3894008,23.7498661],[90.3892897,23.7498304],[90.3893122,23.7497718],[90.3894233,23.7498075],[90.3894008,23.7498661]]]},"properties":{"sources":[{"property":"","dataset":"OpenStreetMap","license":"ODbL-1.0","record_id":"w1436733617@1","update_time":"2025-10-09T17:27:14.000Z","confidence":null,"between":null,"provider":"osm","resource":"planet","version":"2026-09-06T00:00:00.000Z"}],"is_underground":false,"has_parts":false,"version":1}},
{"id":"907ffe16-a07f-4258-ad5e-cc8150350f99","type":"Feature","geometry":{"type":"Polygon","coordinates":[[[90.389302,23.749605],[90.3893146,23.7495266],[90.389442,23.7495438],[90.3894294,23.7496222],[90.389302,23.749605]]]},"properties":{"sources":[{"property":"","dataset":"OpenStreetMap","license":"ODbL-1.0","record_id":"w506159559@1","update_time":"2017-07-09T06:16:22.000Z","confidence":null,"between":null,"provider":"osm","resource":"planet","version":"2026-09-06T00:00:00.000Z"}],"is_underground":false,"has_parts":false,"version":1}},
{"id":"eae5e3e7-3423-46d1-9fd7-ed0c9807f7a7","type":"Feature","geometry":{"type":"Polygon","coordinates":[[[90.3892475,23.7494714],[90.3891402,23.7494714],[90.3891402,23.7493106],[90.3892475,23.7493106],[90.3892475,23.7494714]]]},"properties":{"sources":[{"property":"","dataset":"OpenStreetMap","license":"ODbL-1.0","record_id":"w506159557@1","update_time":"2017-07-09T06:27:59.000Z","confidence":null,"between":null,"provider":"osm","resource":"planet","version":"2026-09-06T00:00:00.000Z"}],"is_underground":false,"has_parts":false,"version":1}},
{"id":"dbd0dcfb-3d03-414b-9805-39ff23ea302f","type":"Feature","geometry":{"type":"Polygon","coordinates":[[[90.3894112,23.7494751],[90.3893012,23.7494751],[90.3893012,23.7493057],[90.3894112,23.7493057],[90.3894112,23.7494751]]]},"properties":{"sources":[{"property":"","dataset":"OpenStreetMap","license":"ODbL-1.0","record_id":"w506159556@1","update_time":"2017-07-09T06:27:59.000Z","confidence":null,"between":null,"provider":"osm","resource":"planet","version":"2026-09-06T00:00:00.000Z"}],"is_underground":false,"has_parts":false,"version":1}},
{"id":"56084ef0-63a6-48cf-bafb-ac0d96e1d213","type":"Feature","geometry":{"type":"Polygon","coordinates":[[[90.3895411,23.7494746],[90.3894648,23.7494751],[90.3894635,23.7493118],[90.3895398,23.7493113],[90.3895411,23.7494746]]]},"properties":{"sources":[{"property":"","dataset":"OpenStreetMap","license":"ODbL-1.0","record_id":"w506159555@1","update_time":"2017-07-09T06:27:58.000Z","confidence":null,"between":null,"provider":"osm","resource":"planet","version":"2026-09-06T00:00:00.000Z"}],"is_underground":false,"has_parts":false,"version":1}},
{"id":"27eaae52-1924-45e5-bdf5-c0be72337907","type":"Feature","geometry":{"type":"Polygon","coordinates":[[[90.3894443,23.7496477],[90.3894594,23.7495561],[90.3895479,23.7495684],[90.3895328,23.7496599],[90.3894443,23.7496477]]]},"properties":{"sources":[{"property":"","dataset":"OpenStreetMap","license":"ODbL-1.0","record_id":"w506159558@1","update_time":"2017-07-09T06:16:22.000Z","confidence":null,"between":null,"provider":"osm","resource":"planet","version":"2026-09-06T00:00:00.000Z"}],"is_underground":false,"has_parts":false,"version":1}},
{"id":"0185b066-5c7b-47f1-9b12-3dc5ea50dea1","type":"Feature","geometry":{"type":"Polygon","coordinates":[[[90.3896296,23.7496309],[90.3895626,23.7496254],[90.3895699,23.7495514],[90.3896369,23.7495569],[90.3896296,23.7496309]]]},"properties":{"sources":[{"property":"","dataset":"OpenStreetMap","license":"ODbL-1.0","record_id":"w1036801905@1","update_time":"2022-03-03T11:12:56.000Z","confidence":null,"between":null,"provider":"osm","resource":"planet","version":"2026-09-06T00:00:00.000Z"}],"is_underground":false,"has_parts":false,"version":1}},
{"id":"d6e03fc0-6b38-464f-96e4-5bcf6e9effa5","type":"Feature","geometry":{"type":"Polygon","coordinates":[[[90.3896752,23.7493575],[90.3895801,23.7493597],[90.3895774,23.7492627],[90.3896725,23.7492605],[90.3896752,23.7493575]]]},"properties":{"sources":[{"property":"","dataset":"OpenStreetMap","license":"ODbL-1.0","record_id":"w506159554@1","update_time":"2017-07-09T06:27:58.000Z","confidence":null,"between":null,"provider":"osm","resource":"planet","version":"2026-09-06T00:00:00.000Z"}],"is_underground":false,"has_parts":false,"version":1}},
{"id":"4b55cd45-59ca-46a7-8a9f-328830023f7e","type":"Feature","geometry":{"type":"Polygon","coordinates":[[[90.3897995,23.7493688],[90.3897254,23.7493679],[90.3897267,23.7492783],[90.3898008,23.7492792],[90.3897995,23.7493688]]]},"properties":{"sources":[{"property":"","dataset":"OpenStreetMap","license":"ODbL-1.0","record_id":"w1036306226@1","update_time":"2022-03-01T15:01:26.000Z","confidence":null,"between":null,"provider":"osm","resource":"planet","version":"2026-09-06T00:00:00.000Z"}],"is_underground":false,"has_parts":false,"version":1}},
{"id":"74e08451-f4de-4674-970a-1456829d71a2","type":"Feature","geometry":{"type":"Polygon","coordinates":[[[90.3898524,23.749585],[90.3897176,23.7494966],[90.3897766,23.7494212],[90.3899113,23.7495096],[90.3898524,23.749585]]]},"properties":{"sources":[{"property":"","dataset":"OpenStreetMap","license":"ODbL-1.0","record_id":"w506159568@1","update_time":"2017-07-09T06:16:22.000Z","confidence":null,"between":null,"provider":"osm","resource":"planet","version":"2026-09-06T00:00:00.000Z"}],"is_underground":false,"has_parts":false,"version":1}},
{"id":"0cfa66b4-337b-4f99-8e19-cc084eecb718","type":"Feature","geometry":{"type":"Polygon","coordinates":[[[90.3898071,23.7496322],[90.3897213,23.7495757],[90.3897498,23.7495394],[90.3898356,23.7495959],[90.3898071,23.7496322]]]},"properties":{"sources":[{"property":"","dataset":"OpenStreetMap","license":"ODbL-1.0","record_id":"w506159569@1","update_time":"2025-11-03T12:10:12.000Z","confidence":null,"between":null,"provider":"osm","resource":"planet","version":"2026-09-06T00:00:00.000Z"}],"is_underground":false,"has_parts":false,"version":3}},
{"id":"a5079a96-6be0-4409-92e9-6934f7a02555","type":"Feature","geometry":{"type":"Polygon","coordinates":[[[90.3895976,23.7494935],[90.3895976,23.7493953],[90.3896981,23.7493953],[90.3896981,23.7494935],[90.3895976,23.7494935]]]},"properties":{"sources":[{"property":"","dataset":"OpenStreetMap","license":"ODbL-1.0","record_id":"w506159553@1","update_time":"2017-07-09T06:16:22.000Z","confidence":null,"between":null,"provider":"osm","resource":"planet","version":"2026-09-06T00:00:00.000Z"}],"is_underground":false,"has_parts":false,"version":1}},
{"id":"bf61fd59-243d-4433-8724-b7c78fd6bb3c","type":"Feature","geometry":{"type":"Polygon","coordinates":[[[90.3897136,23.7497292],[90.3896358,23.7496629],[90.3896909,23.7496088],[90.3897686,23.7496751],[90.3897136,23.7497292]]]},"properties":{"sources":[{"property":"","dataset":"OpenStreetMap","license":"ODbL-1.0","record_id":"w506159570@1","update_time":"2017-07-09T06:16:22.000Z","confidence":null,"between":null,"provider":"osm","resource":"planet","version":"2026-09-06T00:00:00.000Z"}],"is_underground":false,"has_parts":false,"version":1}},
{"id":"009838d4-8002-40ce-8ba8-feeb2db5b533","type":"Feature","geometry":{"type":"Polygon","coordinates":[[[90.3895869,23.7499462],[90.3896824,23.7499659],[90.3897606,23.7499783],[90.3897517,23.7500528],[90.3896679,23.7500412],[90.3895687,23.7500207],[90.3895869,23.7499462]]]},"properties":{"sources":[{"property":"","dataset":"OpenStreetMap","license":"ODbL-1.0","record_id":"w506163815@2","update_time":"2026-02-19T05:13:20.000Z","confidence":null,"between":null,"provider":"osm","resource":"planet","version":"2026-09-06T00:00:00.000Z"}],"is_underground":false,"has_parts":false,"version":1}},
{"id":"46f4b0f0-eb3c-4850-ade8-d98071554fc9","type":"Feature","geometry":{"type":"Polygon","coordinates":[[[90.3898876,23.7499658],[90.3896183,23.7499495],[90.3897421,23.7497878],[90.3897833,23.7497467],[90.3897981,23.74979],[90.3898302,23.7497857],[90.3898329,23.749799200000002],[90.3898876,23.7499658]]]},"properties":{"sources":[{"property":"","dataset":"OpenStreetMap","license":"ODbL-1.0","record_id":"w506163810@2","update_time":"2026-02-19T05:13:20.000Z","confidence":null,"between":null,"provider":"osm","resource":"planet","version":"2026-09-06T00:00:00.000Z"}],"is_underground":false,"has_parts":false,"version":2}},
{"id":"5c459dd7-e11c-49a7-88cd-799b3c9b97c4","type":"Feature","geometry":{"type":"Polygon","coordinates":[[[90.3897934,23.7500606],[90.3897608,23.7500532],[90.3897668,23.7499728],[90.3898983,23.749973],[90.3899063,23.7500902],[90.3897934,23.7500606]]]},"properties":{"sources":[{"property":"","dataset":"OpenStreetMap","license":"ODbL-1.0","record_id":"w1129736033@2","update_time":"2026-02-19T05:13:20.000Z","confidence":null,"between":null,"provider":"osm","resource":"planet","version":"2026-09-06T00:00:00.000Z"}],"is_underground":false,"has_parts":false,"version":1}},
{"id":"070ffa94-9eb7-4942-be0b-1197e324dcef","type":"Feature","geometry":{"type":"Polygon","coordinates":[[[90.389802,23.749785],[90.3897873,23.7497433],[90.389916,23.7497249],[90.3899347,23.7498298],[90.3898765,23.7498403],[90.3898644,23.7497771],[90.389802,23.749785]]]},"properties":{"sources":[{"property":"","dataset":"OpenStreetMap","license":"ODbL-1.0","record_id":"w506163807@2","update_time":"2026-02-19T05:13:20.000Z","confidence":null,"between":null,"provider":"osm","resource":"planet","version":"2026-09-06T00:00:00.000Z"}],"is_underground":false,"has_parts":false,"version":2}},
{"id":"4d3bf4a5-1e60-443d-845f-7091cc32f25c","type":"Feature","geometry":{"type":"Polygon","coordinates":[[[90.3899215,23.749926],[90.3899194,23.7498839],[90.3901233,23.7498753],[90.3901254,23.7499174],[90.3899215,23.749926]]]},"properties":{"sources":[{"property":"","dataset":"OpenStreetMap","license":"ODbL-1.0","record_id":"w506163808@1","update_time":"2017-07-09T06:48:59.000Z","confidence":null,"between":null,"provider":"osm","resource":"planet","version":"2026-09-06T00:00:00.000Z"}],"is_underground":false,"has_parts":false,"version":1}},
{"id":"a3b9949e-e6b3-4249-9cc4-9722ee6acaff","type":"Feature","geometry":{"type":"Polygon","coordinates":[[[90.3900083,23.7500964],[90.3900066,23.7499734],[90.3902104,23.749971],[90.3902122,23.750094],[90.3900083,23.7500964]]]},"properties":{"sources":[{"property":"","dataset":"OpenStreetMap","license":"ODbL-1.0","record_id":"w506163813@1","update_time":"2026-02-19T05:13:20.000Z","confidence":null,"between":null,"provider":"osm","resource":"planet","version":"2026-09-06T00:00:00.000Z"}],"is_underground":false,"has_parts":false,"version":1}},
{"id":"93468a8a-ab6d-4ca1-84b8-c5d95020aa6a","type":"Feature","geometry":{"type":"Polygon","coordinates":[[[90.3900898,23.7498071],[90.3900142,23.749819],[90.3900003,23.7497447],[90.3900758,23.7497329],[90.3900898,23.7498071]]]},"properties":{"sources":[{"property":"","dataset":"OpenStreetMap","license":"ODbL-1.0","record_id":"w506163806@1","update_time":"2026-02-19T05:13:20.000Z","confidence":null,"between":null,"provider":"osm","resource":"planet","version":"2026-09-06T00:00:00.000Z"}],"is_underground":false,"has_parts":false,"version":1}},
{"id":"100c9156-90d1-4a14-bc82-6ae6fd07c075","type":"Feature","geometry":{"type":"Polygon","coordinates":[[[90.390075,23.7497175],[90.3899905,23.7497359],[90.3899786,23.7496901],[90.3900631,23.7496717],[90.390075,23.7497175]]]},"properties":{"sources":[{"property":"","dataset":"OpenStreetMap","license":"ODbL-1.0","record_id":"w1480532134@1","update_time":"2026-02-19T05:13:20.000Z","confidence":null,"between":null,"provider":"osm","resource":"planet","version":"2026-09-06T00:00:00.000Z"}],"is_underground":false,"has_parts":false,"version":1}},
{"id":"8e4c2a15-6b6d-4853-b1c4-ce33e216cd41","type":"Feature","geometry":{"type":"Polygon","coordinates":[[[90.3898025,23.7497169],[90.3897934,23.7497034],[90.389961,23.7495273],[90.3900247,23.7494677],[90.3900395,23.7494745],[90.3901119,23.7494211],[90.3901455,23.7496313],[90.3898025,23.7497169]]]},"properties":{"sources":[{"property":"","dataset":"OpenStreetMap","license":"ODbL-1.0","record_id":"w506163802@2","update_time":"2026-02-19T05:13:20.000Z","confidence":null,"between":null,"provider":"osm","resource":"planet","version":"2026-09-06T00:00:00.000Z"}],"is_underground":false,"has_parts":false,"version":1}},
{"id":"cdfb2996-e9b1-4e3d-99ac-8be1a151b696","type":"Feature","geometry":{"type":"Polygon","coordinates":[[[90.3899389,23.7494426],[90.3898926,23.7493014],[90.3900086,23.7492763],[90.3900361,23.7493696],[90.3899389,23.7494426]]]},"properties":{"sources":[{"property":"","dataset":"OpenStreetMap","license":"ODbL-1.0","record_id":"w506159539@1","update_time":"2026-02-19T05:13:20.000Z","confidence":null,"between":null,"provider":"osm","resource":"planet","version":"2026-09-06T00:00:00.000Z"}],"is_underground":false,"has_parts":false,"version":1}},
{"id":"db804e7c-5490-4a61-9e98-eadaa8d8a181","type":"Feature","geometry":{"type":"Polygon","coordinates":[[[90.3901691,23.7492777],[90.3900562,23.7493406],[90.3900435,23.7492615],[90.3901644,23.7492293],[90.3901691,23.7492777]]]},"properties":{"sources":[{"property":"","dataset":"OpenStreetMap","license":"ODbL-1.0","record_id":"w506159538@1","update_time":"2026-02-19T05:13:20.000Z","confidence":null,"between":null,"provider":"osm","resource":"planet","version":"2026-09-06T00:00:00.000Z"}],"is_underground":false,"has_parts":false,"version":1}},
{"id":"0501227f-5ea5-48ac-a1d4-466725c5f4e1","type":"Feature","geometry":{"type":"Polygon","coordinates":[[[90.3902532,23.7495883],[90.3901756,23.749604],[90.3901387,23.7494278],[90.3902075,23.7493815],[90.3902532,23.7495883]]]},"properties":{"sources":[{"property":"","dataset":"OpenStreetMap","license":"ODbL-1.0","record_id":"w506163800@1","update_time":"2026-02-19T05:13:20.000Z","confidence":null,"between":null,"provider":"osm","resource":"planet","version":"2026-09-06T00:00:00.000Z"}],"is_underground":false,"has_parts":false,"version":1}},
{"id":"0717ca03-044b-423b-8c55-101195ecb882","type":"Feature","geometry":{"type":"Polygon","coordinates":[[[90.3903651,23.7495529],[90.39032,23.7495681],[90.3902597,23.7493141],[90.3902926,23.7492909],[90.3903651,23.7495529]]]},"properties":{"sources":[{"property":"","dataset":"OpenStreetMap","license":"ODbL-1.0","record_id":"w506163799@1","update_time":"2025-11-03T12:10:12.000Z","confidence":null,"between":null,"provider":"osm","resource":"planet","version":"2026-09-06T00:00:00.000Z"}],"is_underground":false,"has_parts":false,"version":2}},
{"id":"dbccfe49-a893-44ee-ad08-6efb2146c15c","type":"Feature","geometry":{"type":"Polygon","coordinates":[[[90.3905015,23.7495254],[90.3903831,23.7495532],[90.3903007,23.7492591],[90.3904192,23.7492313],[90.3905015,23.7495254]]]},"properties":{"sources":[{"property":"","dataset":"OpenStreetMap","license":"ODbL-1.0","record_id":"w506163798@1","update_time":"2022-10-20T21:46:17.000Z","confidence":null,"between":null,"provider":"osm","resource":"planet","version":"2026-09-06T00:00:00.000Z"}],"is_underground":false,"has_parts":false,"version":1}},
{"id":"022c3707-1421-4901-be25-c1ce9461fdc8","type":"Feature","geometry":{"type":"Polygon","coordinates":[[[90.3904999,23.7494513],[90.3904745,23.7492966],[90.390626,23.7492757],[90.3906515,23.7494304],[90.3904999,23.7494513]]]},"properties":{"sources":[{"property":"","dataset":"OpenStreetMap","license":"ODbL-1.0","record_id":"w1105638737@1","update_time":"2022-10-20T21:46:17.000Z","confidence":null,"between":null,"provider":"osm","resource":"planet","version":"2026-09-06T00:00:00.000Z"}],"is_underground":false,"has_parts":false,"version":1}},
{"id":"8e20c726-fbb4-4692-bc68-620fde153337","type":"Feature","geometry":{"type":"Polygon","coordinates":[[[90.3904848,23.7496668],[90.3904599,23.7495733],[90.3905752,23.7495475],[90.3906002,23.749641],[90.3904848,23.7496668]]]},"properties":{"sources":[{"property":"","dataset":"OpenStreetMap","license":"ODbL-1.0","record_id":"w506163782@1","update_time":"2017-07-09T06:48:57.000Z","confidence":null,"between":null,"provider":"osm","resource":"planet","version":"2026-09-06T00:00:00.000Z"}],"is_underground":false,"has_parts":false,"version":1}},
{"id":"44e98234-7bdd-40a7-bd83-2e5894effb0e","type":"Feature","geometry":{"type":"Polygon","coordinates":[[[90.3904474,23.7496995],[90.3903606,23.7497194],[90.3903311,23.7496113],[90.3904179,23.7495915],[90.3904474,23.7496995]]]},"properties":{"sources":[{"property":"","dataset":"OpenStreetMap","license":"ODbL-1.0","record_id":"w506163803@1","update_time":"2025-11-03T12:10:12.000Z","confidence":null,"between":null,"provider":"osm","resource":"planet","version":"2026-09-06T00:00:00.000Z"}],"is_underground":false,"has_parts":false,"version":2}},
{"id":"2c69488b-906a-4ca6-a65f-0ceb7fe86599","type":"Feature","geometry":{"type":"Polygon","coordinates":[[[90.3904554,23.7497275],[90.3904752,23.7497798],[90.3903727,23.7498126],[90.3903529,23.7497603],[90.3904554,23.7497275]]]},"properties":{"sources":[{"property":"","dataset":"Google Open Buildings","license":null,"record_id":"7MMGP9XR+W53R","update_time":"2023-05-01T00:00:00.000Z","confidence":0.7681,"between":null,"provider":"google","resource":"open_buildings","version":"2024-04-16"}],"is_underground":false,"has_parts":false,"version":2}},
{"id":"7fa4aecd-64f1-4597-97b3-f4a050eba953","type":"Feature","geometry":{"type":"Polygon","coordinates":[[[90.3906156,23.749738],[90.3904998,23.7497651],[90.390477,23.7496893],[90.3905911,23.7496599],[90.3906156,23.749738]]]},"properties":{"sources":[{"property":"","dataset":"OpenStreetMap","license":"ODbL-1.0","record_id":"w1085328399@1","update_time":"2022-08-10T11:51:16.000Z","confidence":null,"between":null,"provider":"osm","resource":"planet","version":"2026-09-06T00:00:00.000Z"}],"is_underground":false,"has_parts":false,"version":1}},
{"id":"451a13f6-7f3e-4209-9f2a-3e6ddc315679","type":"Feature","geometry":{"type":"Polygon","coordinates":[[[90.3904868,23.7498869],[90.3904592,23.74979],[90.3905851,23.7497599],[90.3906127,23.7498569],[90.3904868,23.7498869]]]},"properties":{"sources":[{"property":"","dataset":"OpenStreetMap","license":"ODbL-1.0","record_id":"w506163791@1","update_time":"2022-11-18T12:11:16.000Z","confidence":null,"between":null,"provider":"osm","resource":"planet","version":"2026-09-06T00:00:00.000Z"}],"is_underground":false,"has_parts":false,"version":1}},
{"id":"8388ac17-53bc-4814-8d51-26dce2faed3c","type":"Feature","geometry":{"type":"Polygon","coordinates":[[[90.3905178,23.7499862],[90.3904947,23.7499053],[90.3906279,23.7498735],[90.390651,23.7499544],[90.3905178,23.7499862]]]},"properties":{"sources":[{"property":"","dataset":"OpenStreetMap","license":"ODbL-1.0","record_id":"w506163792@1","update_time":"2022-11-18T12:11:16.000Z","confidence":null,"between":null,"provider":"osm","resource":"planet","version":"2026-09-06T00:00:00.000Z"}],"is_underground":false,"has_parts":false,"version":1}},
{"id":"192d57cc-a494-440c-a6e8-526389d657c7","type":"Feature","geometry":{"type":"Polygon","coordinates":[[[90.3902258,23.7500636],[90.3902233,23.7499584],[90.3903861,23.7499553],[90.3903885,23.7500604],[90.3902258,23.7500636]]]},"properties":{"sources":[{"property":"","dataset":"OpenStreetMap","license":"ODbL-1.0","record_id":"w506163812@1","update_time":"2025-11-03T12:10:12.000Z","confidence":null,"between":null,"provider":"osm","resource":"planet","version":"2026-09-06T00:00:00.000Z"}],"is_underground":false,"has_parts":false,"version":3}},
{"id":"76019b96-d00d-4dbe-bd6c-1d91c4dbfe0f","type":"Feature","geometry":{"type":"Polygon","coordinates":[[[90.3902792,23.7499256],[90.3902243,23.7499325],[90.3902082,23.7498715],[90.3902576,23.7498631],[90.3902792,23.7499256]]]},"properties":{"sources":[{"property":"","dataset":"OpenStreetMap","license":"ODbL-1.0","record_id":"w1436728818@1","update_time":"2025-10-09T17:02:07.000Z","confidence":null,"between":null,"provider":"osm","resource":"planet","version":"2026-09-06T00:00:00.000Z"}],"is_underground":false,"has_parts":false,"version":1}},
{"id":"5942ff07-3b96-41ba-b236-80c487ee3c5d","type":"Feature","geometry":{"type":"Polygon","coordinates":[[[90.390285,23.7499325],[90.39025,23.7498074],[90.3903304,23.7497885],[90.3903655,23.7499136],[90.390285,23.7499325]]]},"properties":{"sources":[{"property":"","dataset":"OpenStreetMap","license":"ODbL-1.0","record_id":"w506163811@1","update_time":"2025-11-03T12:10:12.000Z","confidence":null,"between":null,"provider":"osm","resource":"planet","version":"2026-09-06T00:00:00.000Z"}],"is_underground":false,"has_parts":false,"version":3}},
{"id":"d49cf2a8-45ac-4f25-8a7d-a0db6beffc86","type":"Feature","geometry":{"type":"Polygon","coordinates":[[[90.3902943,23.7497707],[90.3902125,23.749789],[90.3901881,23.7496974],[90.3902699,23.7496792],[90.3902943,23.7497707]]]},"properties":{"sources":[{"property":"","dataset":"OpenStreetMap","license":"ODbL-1.0","record_id":"w506163804@1","update_time":"2026-02-19T05:13:20.000Z","confidence":null,"between":null,"provider":"osm","resource":"planet","version":"2026-09-06T00:00:00.000Z"}],"is_underground":false,"has_parts":false,"version":1}},
{"id":"81e0ea02-b9e7-468b-a729-e5ccc3cc6374","type":"Feature","geometry":{"type":"Polygon","coordinates":[[[90.3902566,23.7496638],[90.3901853,23.7496836],[90.3901707,23.7496395],[90.3902421,23.7496198],[90.3902566,23.7496638]]]},"properties":{"sources":[{"property":"","dataset":"OpenStreetMap","license":"ODbL-1.0","record_id":"w1441661836@1","update_time":"2026-02-19T05:13:20.000Z","confidence":null,"between":null,"provider":"osm","resource":"planet","version":"2026-09-06T00:00:00.000Z"}],"is_underground":false,"has_parts":false,"version":1}},
{"id":"ef21096d-8c2d-4df5-b00d-92906c94e0ca","type":"Feature","geometry":{"type":"Polygon","coordinates":[[[90.3901999,23.7497889],[90.3901322,23.7498081],[90.390084,23.7496659],[90.3901517,23.7496467],[90.3901999,23.7497889]]]},"properties":{"sources":[{"property":"","dataset":"OpenStreetMap","license":"ODbL-1.0","record_id":"w506163805@1","update_time":"2026-02-19T05:13:20.000Z","confidence":null,"between":null,"provider":"osm","resource":"planet","version":"2026-09-06T00:00:00.000Z"}],"is_underground":false,"has_parts":false,"version":2}},
{"id":"512bef78-c2d6-4c1f-afa7-c2398c5c1685","type":"Feature","geometry":{"type":"Polygon","coordinates":[[[90.3902534,23.7503037],[90.3900416,23.7503418],[90.3900301,23.7501199],[90.3902125,23.7501125],[90.3902534,23.7503037]]]},"properties":{"sources":[{"property":"","dataset":"OpenStreetMap","license":"ODbL-1.0","record_id":"w506163817@1","update_time":"2026-02-19T05:13:20.000Z","confidence":null,"between":null,"provider":"osm","resource":"planet","version":"2026-09-06T00:00:00.000Z"}],"is_underground":false,"has_parts":false,"version":2}},
{"id":"9780ef95-3437-4ac9-9820-995a9ba7bea7","type":"Feature","geometry":{"type":"Polygon","coordinates":[[[90.3904655,23.7502609],[90.3903039,23.7502905],[90.3902681,23.7501263],[90.3904297,23.7500968],[90.3904655,23.7502609]]]},"properties":{"sources":[{"property":"","dataset":"OpenStreetMap","license":"ODbL-1.0","record_id":"w506163816@1","update_time":"2025-11-03T12:10:12.000Z","confidence":null,"between":null,"provider":"osm","resource":"planet","version":"2026-09-06T00:00:00.000Z"}],"is_underground":false,"has_parts":false,"version":3}},
{"id":"7e3d5d4b-3f97-4f24-9f61-a1d9a9669aae","type":"Feature","geometry":{"type":"Polygon","coordinates":[[[90.3898134,23.7501791],[90.3898186,23.7500794],[90.3900113,23.7501183],[90.3900199,23.7502036],[90.3898134,23.7501791]]]},"properties":{"sources":[{"property":"","dataset":"OpenStreetMap","license":"ODbL-1.0","record_id":"w506163814@1","update_time":"2026-02-19T05:13:20.000Z","confidence":null,"between":null,"provider":"osm","resource":"planet","version":"2026-09-06T00:00:00.000Z"}],"is_underground":false,"has_parts":false,"version":1}},
{"id":"0c98514e-eaf9-4709-aaf6-e7cc71aac01c","type":"Feature","geometry":{"type":"Polygon","coordinates":[[[90.3900254,23.7503527],[90.3898377,23.750392],[90.3898551,23.7502019],[90.3900201,23.7502141],[90.3900254,23.7503527]]]},"properties":{"sources":[{"property":"","dataset":"OpenStreetMap","license":"ODbL-1.0","record_id":"w506163818@1","update_time":"2026-02-19T05:13:20.000Z","confidence":null,"between":null,"provider":"osm","resource":"planet","version":"2026-09-06T00:00:00.000Z"}],"is_underground":false,"has_parts":false,"version":1}},
{"id":"20a7a7c2-dc0a-415d-a7de-9bac5092a12d","type":"Feature","geometry":{"type":"Polygon","coordinates":[[[90.389792,23.7502767],[90.3896159,23.7502388],[90.3896358,23.7501615],[90.3898119,23.7501995],[90.389792,23.7502767]]]},"properties":{"sources":[{"property":"","dataset":"OpenStreetMap","license":"ODbL-1.0","record_id":"w1480532137@1","update_time":"2026-02-19T05:13:20.000Z","confidence":null,"between":null,"provider":"osm","resource":"planet","version":"2026-09-06T00:00:00.000Z"}],"is_underground":false,"has_parts":false,"version":1}},
{"id":"09bba89c-ba32-4890-aabf-96c2361c2a03","type":"Feature","geometry":{"type":"Polygon","coordinates":[[[90.3897344,23.7501723],[90.3895238,23.7501232],[90.3895462,23.7500429],[90.3897567,23.750092],[90.3897344,23.7501723]]]},"properties":{"sources":[{"property":"","dataset":"OpenStreetMap","license":"ODbL-1.0","record_id":"w1480532136@1","update_time":"2026-02-19T05:13:20.000Z","confidence":null,"between":null,"provider":"osm","resource":"planet","version":"2026-09-06T00:00:00.000Z"}],"is_underground":false,"has_parts":false,"version":1}},
{"id":"80ce38ef-5e1c-47a6-84f6-d0dfe93909b6","type":"Feature","geometry":{"type":"Polygon","coordinates":[[[90.3898068,23.7503927],[90.3896673,23.7504191],[90.3896378,23.7503472],[90.3896351,23.7503129],[90.3898095,23.7502791],[90.3898068,23.7503927]]]},"properties":{"sources":[{"property":"","dataset":"OpenStreetMap","license":"ODbL-1.0","record_id":"w1480532140@1","update_time":"2026-02-19T05:13:20.000Z","confidence":null,"between":null,"provider":"osm","resource":"planet","version":"2026-09-06T00:00:00.000Z"}],"is_underground":false,"has_parts":false,"version":1}},
{"id":"92c302c6-7dea-4089-ab65-7915a585892e","type":"Feature","geometry":{"type":"Polygon","coordinates":[[[90.3898254,23.7507786],[90.3897558,23.7507885],[90.3897424,23.75071],[90.389812,23.7507],[90.3898254,23.7507786]]]},"properties":{"sources":[{"property":"","dataset":"OpenStreetMap","license":"ODbL-1.0","record_id":"w506022657@3","update_time":"2021-09-15T14:08:27.000Z","confidence":null,"between":null,"provider":"osm","resource":"planet","version":"2026-09-06T00:00:00.000Z"}],"is_underground":false,"num_floors":3,"subtype":"commercial","class":"commercial","has_parts":false,"version":1}},
{"id":"c86f69fe-4ac8-4d29-88b1-31e93301c3b8","type":"Feature","geometry":{"type":"Polygon","coordinates":[[[90.3896348,23.7507104],[90.389678,23.7507078],[90.3896803,23.750741],[90.3896372,23.7507436],[90.3896348,23.7507104]]]},"properties":{"sources":[{"property":"","dataset":"Google Open Buildings","license":null,"record_id":"7MMGQ92Q+7VV2","update_time":"2023-05-01T00:00:00.000Z","confidence":0.743,"between":null,"provider":"google","resource":"open_buildings","version":"2024-04-16"}],"is_underground":false,"has_parts":false,"version":1}},
{"id":"752559ed-684a-418a-a9cc-e96f7bbc96f4","type":"Feature","geometry":{"type":"Polygon","coordinates":[[[90.3899021,23.7511933],[90.3898147,23.7512065],[90.3897422,23.7508044],[90.3898295,23.7507911],[90.3899021,23.7511933]]]},"properties":{"sources":[{"property":"","dataset":"OpenStreetMap","license":"ODbL-1.0","record_id":"w983631146@1","update_time":"2021-09-15T14:08:27.000Z","confidence":null,"between":null,"provider":"osm","resource":"planet","version":"2026-09-06T00:00:00.000Z"}],"is_underground":false,"subtype":"commercial","class":"warehouse","has_parts":false,"version":1}},
{"id":"0852bcf7-7613-4bb7-8c8d-5264222acad1","type":"Feature","geometry":{"type":"Polygon","coordinates":[[[90.3897797,23.7510462],[90.3898128,23.7512299],[90.3895701,23.751339],[90.3895208,23.7512993],[90.3894965,23.7511155],[90.3897797,23.7510462]]]},"properties":{"sources":[{"property":"","dataset":"OpenStreetMap","license":"ODbL-1.0","record_id":"w983631147@1","update_time":"2021-09-15T14:08:27.000Z","confidence":null,"between":null,"provider":"osm","resource":"planet","version":"2026-09-06T00:00:00.000Z"}],"is_underground":false,"subtype":"commercial","class":"warehouse","has_parts":false,"version":1}},
{"id":"c7ae238a-3b03-4b4f-8093-6e6933ef6f7e","type":"Feature","geometry":{"type":"Polygon","coordinates":[[[90.3898759,23.7516511],[90.3897686,23.7516717],[90.3897394,23.7515444],[90.3898467,23.7515237],[90.3898759,23.7516511]]]},"properties":{"sources":[{"property":"","dataset":"OpenStreetMap","license":"ODbL-1.0","record_id":"w1044720955@1","update_time":"2022-03-28T10:31:17.000Z","confidence":null,"between":null,"provider":"osm","resource":"planet","version":"2026-09-06T00:00:00.000Z"}],"is_underground":false,"has_parts":false,"version":1}},
{"id":"90ecdbc7-0c1c-4d50-b9b9-c8384bb21d32","type":"Feature","geometry":{"type":"Polygon","coordinates":[[[90.389724,23.7515267],[90.3896578,23.7513716],[90.3897086,23.7513533],[90.3896947,23.7512926],[90.3899166,23.7512108],[90.3899936,23.7513871],[90.3899551,23.7513956],[90.3899797,23.7514491],[90.3898503,23.75149],[90.3898473,23.7514703],[90.389724,23.7515267]]]},"properties":{"sources":[{"property":"","dataset":"OpenStreetMap","license":"ODbL-1.0","record_id":"w886748342@2","update_time":"2024-09-27T06:47:50.000Z","confidence":null,"between":null,"provider":"osm","resource":"planet","version":"2026-09-06T00:00:00.000Z"}],"is_underground":false,"has_parts":false,"version":1}},
{"id":"997b8de1-1f0a-4b88-a706-99524ef5d6eb","type":"Feature","geometry":{"type":"Polygon","coordinates":[[[90.3900002,23.7516206],[90.3898928,23.7516412],[90.3898636,23.7515139],[90.3899709,23.7514932],[90.3900002,23.7516206]]]},"properties":{"sources":[{"property":"","dataset":"OpenStreetMap","license":"ODbL-1.0","record_id":"w1044720956@1","update_time":"2022-03-28T10:31:17.000Z","confidence":null,"between":null,"provider":"osm","resource":"planet","version":"2026-09-06T00:00:00.000Z"}],"is_underground":false,"has_parts":false,"version":1}},
{"id":"d6cadfb9-3786-4e09-83ec-4993edabdec9","type":"Feature","geometry":{"type":"Polygon","coordinates":[[[90.3902832,23.7519265],[90.3901758,23.7519472],[90.3901466,23.7518198],[90.3902539,23.7517991],[90.3902832,23.7519265]]]},"properties":{"sources":[{"property":"","dataset":"OpenStreetMap","license":"ODbL-1.0","record_id":"w1044720958@1","update_time":"2022-03-28T10:31:17.000Z","confidence":null,"between":null,"provider":"osm","resource":"planet","version":"2026-09-06T00:00:00.000Z"}],"is_underground":false,"has_parts":false,"version":1}},
{"id":"5554c77a-fb56-428b-ae8c-77840a5d8064","type":"Feature","geometry":{"type":"Polygon","coordinates":[[[90.3901983,23.752103],[90.390185,23.7520418],[90.3902923,23.7520222],[90.3903056,23.7520833],[90.3901983,23.752103]]]},"properties":{"sources":[{"property":"","dataset":"OpenStreetMap","license":"ODbL-1.0","record_id":"w506022664@1","update_time":"2017-07-08T10:03:36.000Z","confidence":null,"between":null,"provider":"osm","resource":"planet","version":"2026-09-06T00:00:00.000Z"}],"is_underground":false,"has_parts":false,"version":1}},
{"id":"fed811d4-aad7-49a1-a105-eabce3794cdc","type":"Feature","geometry":{"type":"Polygon","coordinates":[[[90.3902945,23.7519272],[90.3902845,23.7518479],[90.3903564,23.7518403],[90.3903664,23.7519196],[90.3902945,23.7519272]]]},"properties":{"sources":[{"property":"","dataset":"OpenStreetMap","license":"ODbL-1.0","record_id":"w506022639@1","update_time":"2022-08-30T16:08:02.000Z","confidence":null,"between":null,"provider":"osm","resource":"planet","version":"2026-09-06T00:00:00.000Z"}],"is_underground":false,"has_parts":false,"version":1}},
{"id":"e2e9af94-bbda-4b06-863b-ac3d448df1b5","type":"Feature","geometry":{"type":"Polygon","coordinates":[[[90.3903124,23.7518292],[90.390304,23.7517795],[90.3904464,23.7517594],[90.3904548,23.7518093],[90.3903124,23.7518292]]]},"properties":{"sources":[{"property":"","dataset":"OpenStreetMap","license":"ODbL-1.0","record_id":"w506022636@1","update_time":"2022-08-30T16:08:02.000Z","confidence":null,"between":null,"provider":"osm","resource":"planet","version":"2026-09-06T00:00:00.000Z"}],"is_underground":false,"has_parts":false,"version":1}},
{"id":"4517ad71-d402-4c97-a009-6fc9e9e609e1","type":"Feature","geometry":{"type":"Polygon","coordinates":[[[90.3903835,23.75214],[90.3903526,23.7520185],[90.3904797,23.7519915],[90.3905106,23.752113],[90.3903835,23.75214]]]},"properties":{"sources":[{"property":"","dataset":"OpenStreetMap","license":"ODbL-1.0","record_id":"w506022665@1","update_time":"2017-07-08T10:03:36.000Z","confidence":null,"between":null,"provider":"osm","resource":"planet","version":"2026-09-06T00:00:00.000Z"}],"is_underground":false,"has_parts":false,"version":1}},
{"id":"9aabe6de-46fc-4833-a85d-124145bb6b41","type":"Feature","geometry":{"type":"Polygon","coordinates":[[[90.3904143,23.7522689],[90.3904156,23.7521781],[90.3905387,23.7521796],[90.3905373,23.7522704],[90.3904143,23.7522689]]]},"properties":{"sources":[{"property":"","dataset":"OpenStreetMap","license":"ODbL-1.0","record_id":"w506022666@1","update_time":"2017-07-08T10:03:36.000Z","confidence":null,"between":null,"provider":"osm","resource":"planet","version":"2026-09-06T00:00:00.000Z"}],"is_underground":false,"has_parts":false,"version":1}},
{"id":"5aaded02-4533-4072-bdc4-e2e312d39124","type":"Feature","geometry":{"type":"Polygon","coordinates":[[[90.3905531,23.7524766],[90.3905538,23.7524224],[90.390647,23.7524233],[90.3906463,23.7524776],[90.3905531,23.7524766]]]},"properties":{"sources":[{"property":"","dataset":"OpenStreetMap","license":"ODbL-1.0","record_id":"w506013961@1","update_time":"2017-07-08T08:55:00.000Z","confidence":null,"between":null,"provider":"osm","resource":"planet","version":"2026-09-06T00:00:00.000Z"}],"is_underground":false,"has_parts":false,"version":1}},
{"id":"412fd380-884d-4dba-86a7-2510e69b0b28","type":"Feature","geometry":{"type":"Polygon","coordinates":[[[90.3904264,23.7524171],[90.3904774,23.7524214],[90.3904692,23.7525038],[90.3904182,23.7524995],[90.3904264,23.7524171]]]},"properties":{"sources":[{"property":"","dataset":"Google Open Buildings","license":null,"record_id":"7MMGQ92R+X5PF","update_time":"2023-05-01T00:00:00.000Z","confidence":0.6896,"between":null,"provider":"google","resource":"open_buildings","version":"2024-04-16"}],"is_underground":false,"has_parts":false,"version":1}},
{"id":"b4f66d8d-58e7-4604-a2a0-171a5c80f6c2","type":"Feature","geometry":{"type":"Polygon","coordinates":[[[90.3904094,23.7523758],[90.3904103,23.7523033],[90.3905296,23.7523045],[90.3905287,23.752377],[90.3904094,23.7523758]]]},"properties":{"sources":[{"property":"","dataset":"OpenStreetMap","license":"ODbL-1.0","record_id":"w506013970@1","update_time":"2017-07-08T08:55:00.000Z","confidence":null,"between":null,"provider":"osm","resource":"planet","version":"2026-09-06T00:00:00.000Z"}],"is_underground":false,"has_parts":false,"version":1}},
{"id":"083706f3-d12b-4205-a5e5-5fd13c82c899","type":"Feature","geometry":{"type":"Polygon","coordinates":[[[90.3902369,23.7524946],[90.3902359,23.7524211],[90.3903472,23.7524199],[90.3903482,23.7524934],[90.3902369,23.7524946]]]},"properties":{"sources":[{"property":"","dataset":"OpenStreetMap","license":"ODbL-1.0","record_id":"w506013973@1","update_time":"2017-07-08T08:55:00.000Z","confidence":null,"between":null,"provider":"osm","resource":"planet","version":"2026-09-06T00:00:00.000Z"}],"is_underground":false,"has_parts":false,"version":1}},
{"id":"73e3c383-81d8-4f92-814f-3d267cdb738e","type":"Feature","geometry":{"type":"Polygon","coordinates":[[[90.3902472,23.7523812],[90.3902426,23.7522763],[90.3903767,23.7522714],[90.3903813,23.7523763],[90.3902472,23.7523812]]]},"properties":{"sources":[{"property":"","dataset":"OpenStreetMap","license":"ODbL-1.0","record_id":"w506013971@1","update_time":"2017-07-08T08:55:00.000Z","confidence":null,"between":null,"provider":"osm","resource":"planet","version":"2026-09-06T00:00:00.000Z"}],"is_underground":false,"has_parts":false,"version":1}},
{"id":"4175beec-9d0b-473e-92c0-e6491de568d1","type":"Feature","geometry":{"type":"Polygon","coordinates":[[[90.3902641,23.7522358],[90.3902614,23.7521437],[90.3903476,23.7521416],[90.3903503,23.7522337],[90.3902641,23.7522358]]]},"properties":{"sources":[{"property":"","dataset":"OpenStreetMap","license":"ODbL-1.0","record_id":"w506013967@1","update_time":"2017-07-08T08:55:00.000Z","confidence":null,"between":null,"provider":"osm","resource":"planet","version":"2026-09-06T00:00:00.000Z"}],"is_underground":false,"has_parts":false,"version":1}},
{"id":"195715b6-b483-4b1a-ba54-de030cb138e7","type":"Feature","geometry":{"type":"Polygon","coordinates":[[[90.3902282,23.7522699],[90.3901304,23.7522888],[90.390124,23.7522612],[90.390238,23.7522391],[90.3902282,23.7522699]]]},"properties":{"sources":[{"property":"","dataset":"OpenStreetMap","license":"ODbL-1.0","record_id":"w1429043469@1","update_time":"2025-09-11T16:44:10.000Z","confidence":null,"between":null,"provider":"osm","resource":"planet","version":"2026-09-06T00:00:00.000Z"}],"is_underground":false,"has_parts":false,"version":1}},
{"id":"14a2a040-e8f5-4a63-acf5-575d36c4510f","type":"Feature","geometry":{"type":"Polygon","coordinates":[[[90.3901027,23.7522561],[90.390079,23.7521842],[90.3902346,23.7521413],[90.3902583,23.7522131],[90.3901027,23.7522561]]]},"properties":{"sources":[{"property":"","dataset":"OpenStreetMap","license":"ODbL-1.0","record_id":"w506013968@1","update_time":"2017-07-08T08:55:00.000Z","confidence":null,"between":null,"provider":"osm","resource":"planet","version":"2026-09-06T00:00:00.000Z"}],"is_underground":false,"has_parts":false,"version":1}},
{"id":"452e0167-d12b-4c28-8109-47e2d35142ff","type":"Feature","geometry":{"type":"Polygon","coordinates":[[[90.3899248,23.7524449],[90.3899154,23.752307],[90.3901528,23.7522935],[90.3901621,23.7524314],[90.3899248,23.7524449]]]},"properties":{"sources":[{"property":"","dataset":"OpenStreetMap","license":"ODbL-1.0","record_id":"w506013972@1","update_time":"2017-07-08T08:55:00.000Z","confidence":null,"between":null,"provider":"osm","resource":"planet","version":"2026-09-06T00:00:00.000Z"}],"is_underground":false,"has_parts":false,"version":1}},
{"id":"429149b0-ec63-4b0c-822c-3322c2a90649","type":"Feature","geometry":{"type":"Polygon","coordinates":[[[90.3900146,23.7522809],[90.3899248,23.7522824],[90.3899221,23.7521462],[90.3900119,23.7521447],[90.3900146,23.7522809]]]},"properties":{"sources":[{"property":"","dataset":"OpenStreetMap","license":"ODbL-1.0","record_id":"w506013969@1","update_time":"2017-07-08T08:55:00.000Z","confidence":null,"between":null,"provider":"osm","resource":"planet","version":"2026-09-06T00:00:00.000Z"}],"is_underground":false,"has_parts":false,"version":1}},
{"id":"412cfa77-8009-4e44-9872-3bf73c658a69","type":"Feature","geometry":{"type":"Polygon","coordinates":[[[90.3900847,23.7522776],[90.3900356,23.75228],[90.3900319,23.752216],[90.3900809,23.7522136],[90.3900847,23.7522776]]]},"properties":{"sources":[{"property":"","dataset":"OpenStreetMap","license":"ODbL-1.0","record_id":"w1429043459@1","update_time":"2025-09-11T16:44:10.000Z","confidence":null,"between":null,"provider":"osm","resource":"planet","version":"2026-09-06T00:00:00.000Z"}],"is_underground":false,"has_parts":false,"version":1}},
{"id":"3904e538-6eef-4640-937b-fd833efb24ed","type":"Feature","geometry":{"type":"Polygon","coordinates":[[[90.3900727,23.7521625],[90.3900415,23.752086],[90.3901528,23.752048],[90.390184,23.7521244],[90.3900727,23.7521625]]]},"properties":{"sources":[{"property":"","dataset":"OpenStreetMap","license":"ODbL-1.0","record_id":"w506013966@1","update_time":"2017-07-08T08:55:00.000Z","confidence":null,"between":null,"provider":"osm","resource":"planet","version":"2026-09-06T00:00:00.000Z"}],"is_underground":false,"has_parts":false,"version":1}},
{"id":"44e7ee97-39e4-442c-bf55-447adad28cec","type":"Feature","geometry":{"type":"Polygon","coordinates":[[[90.3899393,23.7520616],[90.3899246,23.7519712],[90.3900869,23.7519491],[90.3901016,23.7520395],[90.3899393,23.7520616]]]},"properties":{"sources":[{"property":"","dataset":"OpenStreetMap","license":"ODbL-1.0","record_id":"w506022640@1","update_time":"2022-03-28T10:31:17.000Z","confidence":null,"between":null,"provider":"osm","resource":"planet","version":"2026-09-06T00:00:00.000Z"}],"is_underground":false,"has_parts":false,"version":1}},
{"id":"1f3efdbc-92c2-4315-ae0c-01fa8dc7508b","type":"Feature","geometry":{"type":"Polygon","coordinates":[[[90.3899146,23.7519504],[90.3898942,23.7518363],[90.3900914,23.7518068],[90.3901117,23.7519209],[90.3899146,23.7519504]]]},"properties":{"sources":[{"property":"","dataset":"OpenStreetMap","license":"ODbL-1.0","record_id":"w506022638@1","update_time":"2022-03-28T10:31:17.000Z","confidence":null,"between":null,"provider":"osm","resource":"planet","version":"2026-09-06T00:00:00.000Z"}],"is_underground":false,"has_parts":false,"version":1}},
{"id":"b0e07bc8-ce57-4fec-bd51-4d6bc29d5d93","type":"Feature","geometry":{"type":"Polygon","coordinates":[[[90.3901551,23.7517601],[90.3900478,23.7517807],[90.3900185,23.7516534],[90.3901258,23.7516327],[90.3901551,23.7517601]]]},"properties":{"sources":[{"property":"","dataset":"OpenStreetMap","license":"ODbL-1.0","record_id":"w1044720957@1","update_time":"2022-03-28T10:31:17.000Z","confidence":null,"between":null,"provider":"osm","resource":"planet","version":"2026-09-06T00:00:00.000Z"}],"is_underground":false,"has_parts":false,"version":1}},
{"id":"26b12b3d-9ba7-4f4b-9940-082ca8506a5a","type":"Feature","geometry":{"type":"Polygon","coordinates":[[[90.3899847,23.751797],[90.3898773,23.7518177],[90.3898481,23.7516903],[90.3899554,23.7516697],[90.3899847,23.751797]]]},"properties":{"sources":[{"property":"","dataset":"OpenStreetMap","license":"ODbL-1.0","record_id":"w1044720954@1","update_time":"2022-03-28T10:31:17.000Z","confidence":null,"between":null,"provider":"osm","resource":"planet","version":"2026-09-06T00:00:00.000Z"}],"is_underground":false,"has_parts":false,"version":1}},
{"id":"4994607c-741d-4bc8-abdc-ce1b9850aaf4","type":"Feature","geometry":{"type":"Polygon","coordinates":[[[90.3899123,23.7520048],[90.3898529,23.7520219],[90.38983,23.7519554],[90.3898894,23.7519383],[90.3899123,23.7520048]]]},"properties":{"sources":[{"property":"","dataset":"OpenStreetMap","license":"ODbL-1.0","record_id":"w1429026937@1","update_time":"2025-09-11T15:06:06.000Z","confidence":null,"between":null,"provider":"osm","resource":"planet","version":"2026-09-06T00:00:00.000Z"}],"is_underground":false,"has_parts":false,"version":1}},
{"id":"4de0c240-5cb9-4a8c-842f-2a86fd2df3e5","type":"Feature","geometry":{"type":"Polygon","coordinates":[[[90.3897537,23.7521396],[90.3897027,23.7519813],[90.3898158,23.7519508],[90.3898668,23.7521091],[90.3897537,23.7521396]]]},"properties":{"sources":[{"property":"","dataset":"OpenStreetMap","license":"ODbL-1.0","record_id":"w506022641@1","update_time":"2022-03-28T10:31:17.000Z","confidence":null,"between":null,"provider":"osm","resource":"planet","version":"2026-09-06T00:00:00.000Z"}],"is_underground":false,"has_parts":false,"version":1}},
{"id":"e3114e60-7fa2-438e-90e0-62c0060438b2","type":"Feature","geometry":{"type":"Polygon","coordinates":[[[90.3896787,23.7519673],[90.3896576,23.7518973],[90.3898225,23.7518556],[90.3898437,23.7519255],[90.3896787,23.7519673]]]},"properties":{"sources":[{"property":"","dataset":"OpenStreetMap","license":"ODbL-1.0","record_id":"w506022642@1","update_time":"2022-03-28T10:31:17.000Z","confidence":null,"between":null,"provider":"osm","resource":"planet","version":"2026-09-06T00:00:00.000Z"}],"is_underground":false,"has_parts":false,"version":1}},
{"id":"36bec302-cd0b-4ceb-94a8-e5ab2464d385","type":"Feature","geometry":{"type":"Polygon","coordinates":[[[90.3896275,23.75187],[90.3896054,23.7518065],[90.3897824,23.7517549],[90.3898045,23.7518185],[90.3896275,23.75187]]]},"properties":{"sources":[{"property":"","dataset":"OpenStreetMap","license":"ODbL-1.0","record_id":"w506022643@1","update_time":"2022-03-28T10:31:17.000Z","confidence":null,"between":null,"provider":"osm","resource":"planet","version":"2026-09-06T00:00:00.000Z"}],"is_underground":false,"has_parts":false,"version":1}},
{"id":"cf0966ba-c15d-4e42-8c54-57658ec2e203","type":"Feature","geometry":{"type":"Polygon","coordinates":[[[90.3895953,23.7517852],[90.3895615,23.7517002],[90.3897385,23.7516412],[90.3897723,23.7517263],[90.3895953,23.7517852]]]},"properties":{"sources":[{"property":"","dataset":"OpenStreetMap","license":"ODbL-1.0","record_id":"w506022644@1","update_time":"2022-03-28T10:31:17.000Z","confidence":null,"between":null,"provider":"osm","resource":"planet","version":"2026-09-06T00:00:00.000Z"}],"is_underground":false,"has_parts":false,"version":1}},
{"id":"e922f4f1-f67d-4663-9f5e-7716bf88953e","type":"Feature","geometry":{"type":"Polygon","coordinates":[[[90.3898808,23.7523698],[90.389811,23.7523679],[90.3898129,23.7523087],[90.3898827,23.7523105],[90.3898808,23.7523698]]]},"properties":{"sources":[{"property":"","dataset":"OpenStreetMap","license":"ODbL-1.0","record_id":"w1453368437@1","update_time":"2025-11-24T16:34:52.000Z","confidence":null,"between":null,"provider":"osm","resource":"planet","version":"2026-09-06T00:00:00.000Z"}],"is_underground":false,"has_parts":false,"version":2}},
{"id":"6cf93990-3730-44bb-bd92-a30b450472a3","type":"Feature","geometry":{"type":"Polygon","coordinates":[[[90.3898868,23.752441],[90.389817,23.7524391],[90.3898189,23.7523799],[90.3898887,23.7523817],[90.3898868,23.752441]]]},"properties":{"sources":[{"property":"","dataset":"OpenStreetMap","license":"ODbL-1.0","record_id":"w1105706559@1","update_time":"2022-10-21T06:53:25.000Z","confidence":null,"between":null,"provider":"osm","resource":"planet","version":"2026-09-06T00:00:00.000Z"}],"is_underground":false,"has_parts":false,"version":1}},
{"id":"c303de16-fedb-4e8e-8fe9-a851d1c7997d","type":"Feature","geometry":{"type":"Polygon","coordinates":[[[90.3893666,23.7522631],[90.3893317,23.7521524],[90.3896296,23.7520737],[90.389653,23.7521481],[90.3896873,23.752139],[90.389728,23.7522683],[90.3896938,23.7522774],[90.3897095,23.7523272],[90.3894116,23.7524058],[90.3893783,23.7523001],[90.3895396,23.7522574],[90.389528,23.7522205],[90.3893666,23.7522631]]]},"properties":{"names":{"primary":"Water Resources Planning Organization (WARPO)","common":null,"rules":null},"sources":[{"property":"","dataset":"OpenStreetMap","license":"ODbL-1.0","record_id":"w506022631@4","update_time":"2024-06-10T10:13:38.000Z","confidence":null,"between":null,"provider":"osm","resource":"planet","version":"2026-09-06T00:00:00.000Z"}],"is_underground":false,"num_floors":5,"has_parts":false,"version":1}},
{"id":"77bdeae2-6d01-4b10-b777-e867e87ed2fb","type":"Feature","geometry":{"type":"Polygon","coordinates":[[[90.389296,23.7520455],[90.3893878,23.7520193],[90.3894099,23.7520842],[90.3893181,23.7521104],[90.389296,23.7520455]]]},"properties":{"sources":[{"property":"","dataset":"Microsoft ML Buildings","license":"ODbL-1.0","record_id":null,"update_time":null,"confidence":null,"between":null,"provider":"microsoft","resource":"ml_buildings","version":"2026-08-11"}],"is_underground":false,"has_parts":false,"version":4}},
{"id":"51569c9e-e18b-429f-bb94-276b90f4590a","type":"Feature","geometry":{"type":"Polygon","coordinates":[[[90.3894086,23.7520302],[90.3893523,23.7517773],[90.38949,23.7517516],[90.3895463,23.7520045],[90.3894086,23.7520302]]]},"properties":{"sources":[{"property":"","dataset":"OpenStreetMap","license":"ODbL-1.0","record_id":"w506022648@1","update_time":"2021-05-30T06:50:49.000Z","confidence":null,"between":null,"provider":"osm","resource":"planet","version":"2026-09-06T00:00:00.000Z"}],"is_underground":false,"has_parts":false,"version":1}},
{"id":"243ae3b3-9561-4dba-9c78-4b50e0eefe55","type":"Feature","geometry":{"type":"Polygon","coordinates":[[[90.3895675,23.751672],[90.3895258,23.7515716],[90.3896773,23.7515189],[90.3897191,23.7516192],[90.3895675,23.751672]]]},"properties":{"sources":[{"property":"","dataset":"OpenStreetMap","license":"ODbL-1.0","record_id":"w506022645@1","update_time":"2022-03-28T10:31:17.000Z","confidence":null,"between":null,"provider":"osm","resource":"planet","version":"2026-09-06T00:00:00.000Z"}],"is_underground":false,"has_parts":false,"version":1}},
{"id":"ca2da6cb-6971-4e39-8f78-d50a9996496f","type":"Feature","geometry":{"type":"Polygon","coordinates":[[[90.3895273,23.751534],[90.3894995,23.7514611],[90.3896376,23.7514169],[90.3896654,23.7514898],[90.3895273,23.751534]]]},"properties":{"sources":[{"property":"","dataset":"OpenStreetMap","license":"ODbL-1.0","record_id":"w506022647@1","update_time":"2022-03-28T10:31:17.000Z","confidence":null,"between":null,"provider":"osm","resource":"planet","version":"2026-09-06T00:00:00.000Z"}],"is_underground":false,"has_parts":false,"version":1}},
{"id":"1ae5389f-848f-47fa-a746-2511f4b5e8fa","type":"Feature","geometry":{"type":"Polygon","coordinates":[[[90.389104,23.7509751],[90.3890919,23.7508143],[90.3892349,23.7508053],[90.389247,23.7509661],[90.389104,23.7509751]]]},"properties":{"sources":[{"property":"","dataset":"OpenStreetMap","license":"ODbL-1.0","record_id":"w506022653@1","update_time":"2021-05-30T06:50:49.000Z","confidence":null,"between":null,"provider":"osm","resource":"planet","version":"2026-09-06T00:00:00.000Z"}],"is_underground":false,"has_parts":false,"version":1}},
{"id":"6e17ce9d-9c2b-4df9-a323-a635409d4bc7","type":"Feature","geometry":{"type":"Polygon","coordinates":[[[90.3891671,23.7511445],[90.389159,23.7510218],[90.389221,23.7510184],[90.389229,23.7511411],[90.3891671,23.7511445]]]},"properties":{"sources":[{"property":"","dataset":"OpenStreetMap","license":"ODbL-1.0","record_id":"w506022652@1","update_time":"2017-07-08T10:03:36.000Z","confidence":null,"between":null,"provider":"osm","resource":"planet","version":"2026-09-06T00:00:00.000Z"}],"is_underground":false,"has_parts":false,"version":1}},
{"id":"15f32f94-ea8f-43f0-84fd-2e4a600ef009","type":"Feature","geometry":{"type":"Polygon","coordinates":[[[90.3890933,23.7515544],[90.3890519,23.7514385],[90.389355,23.7513477],[90.3894818,23.7517022],[90.3893509,23.7517414],[90.3892655,23.7515028],[90.3890933,23.7515544]]]},"properties":{"sources":[{"property":"","dataset":"OpenStreetMap","license":"ODbL-1.0","record_id":"w506022649@1","update_time":"2021-05-30T06:50:49.000Z","confidence":null,"between":null,"provider":"osm","resource":"planet","version":"2026-09-06T00:00:00.000Z"}],"is_underground":false,"has_parts":false,"version":1}},
{"id":"fdd2af4c-3f37-4e70-a81a-c2024041bea4","type":"Feature","geometry":{"type":"Polygon","coordinates":[[[90.3888849,23.7508783],[90.3889327,23.7508739],[90.3889381,23.7509242],[90.3888903,23.7509285],[90.3888849,23.7508783]]]},"properties":{"sources":[{"property":"","dataset":"Google Open Buildings","license":null,"record_id":"7MMGQ92Q+9H72","update_time":"2023-05-01T00:00:00.000Z","confidence":0.7932,"between":null,"provider":"google","resource":"open_buildings","version":"2024-04-16"}],"is_underground":false,"has_parts":false,"version":1}},
{"id":"d228ab3a-ec16-420a-b24f-968cc02fa3a8","type":"Feature","geometry":{"type":"Polygon","coordinates":[[[90.3888923,23.7517582],[90.3889158,23.7517534],[90.3889369,23.7518409],[90.3889133,23.7518457],[90.3888923,23.7517582]]]},"properties":{"sources":[{"property":"","dataset":"Google Open Buildings","license":null,"record_id":"7MMGQ92Q+PH7V","update_time":"2023-05-01T00:00:00.000Z","confidence":0.6567,"between":null,"provider":"google","resource":"open_buildings","version":"2024-04-16"}],"is_underground":false,"has_parts":false,"version":1}},
{"id":"f35b666e-dac2-4406-b321-055abaff4386","type":"Feature","geometry":{"type":"Polygon","coordinates":[[[90.3889133,23.7518823],[90.3889399,23.7518804],[90.3889479,23.7519749],[90.3889213,23.7519768],[90.3889133,23.7518823]]]},"properties":{"sources":[{"property":"","dataset":"Google Open Buildings","license":null,"record_id":"7MMGQ92Q+QHF5","update_time":"2023-05-01T00:00:00.000Z","confidence":0.6776,"between":null,"provider":"google","resource":"open_buildings","version":"2024-04-16"}],"is_underground":false,"has_parts":false,"version":1}},
{"id":"c8798703-d900-410e-b863-83adf47b8d10","type":"Feature","geometry":{"type":"Polygon","coordinates":[[[90.3889546,23.7522991],[90.3889257,23.7521548],[90.388996,23.752143],[90.3890249,23.7522873],[90.3889546,23.7522991]]]},"properties":{"sources":[{"property":"","dataset":"OpenStreetMap","license":"ODbL-1.0","record_id":"w506022634@1","update_time":"2017-07-08T10:03:35.000Z","confidence":null,"between":null,"provider":"osm","resource":"planet","version":"2026-09-06T00:00:00.000Z"}],"is_underground":false,"has_parts":false,"version":1}},
{"id":"5318f6d3-8ebc-48b6-a409-2e4ed384d4ae","type":"Feature","geometry":{"type":"Polygon","coordinates":[[[90.3892032,23.7524598],[90.3891188,23.7524739],[90.3890961,23.7523604],[90.3891805,23.7523463],[90.3892032,23.7524598]]]},"properties":{"sources":[{"property":"","dataset":"OpenStreetMap","license":"ODbL-1.0","record_id":"w506022632@1","update_time":"2017-07-08T10:03:35.000Z","confidence":null,"between":null,"provider":"osm","resource":"planet","version":"2026-09-06T00:00:00.000Z"}],"is_underground":false,"has_parts":false,"version":1}},
{"id":"fb759bdb-b351-4601-b430-cac4ae1d6a12","type":"Feature","geometry":{"type":"Polygon","coordinates":[[[90.3888511,23.7525546],[90.3888103,23.7523512],[90.3889547,23.752327],[90.3889954,23.7525304],[90.3888511,23.7525546]]]},"properties":{"sources":[{"property":"","dataset":"OpenStreetMap","license":"ODbL-1.0","record_id":"w506022633@1","update_time":"2017-07-08T10:03:35.000Z","confidence":null,"between":null,"provider":"osm","resource":"planet","version":"2026-09-06T00:00:00.000Z"}],"is_underground":false,"has_parts":false,"version":1}},
{"id":"d7935c19-47e9-4496-b757-9e44f91ed774","type":"Feature","geometry":{"type":"Polygon","coordinates":[[[90.3889355,23.7522972],[90.3888916,23.7523052],[90.3888595,23.7521577],[90.3889034,23.7521497],[90.3889355,23.7522972]]]},"properties":{"sources":[{"property":"","dataset":"Microsoft ML Buildings","license":"ODbL-1.0","record_id":null,"update_time":null,"confidence":null,"between":null,"provider":"microsoft","resource":"ml_buildings","version":"2026-08-11"}],"is_underground":false,"has_parts":false,"version":4}},
{"id":"cd4e790a-5501-4a92-b227-9bdfece06ead","type":"Feature","geometry":{"type":"Polygon","coordinates":[[[90.3889464,23.7531905],[90.3888812,23.7532014],[90.3888094,23.7528436],[90.3888746,23.7528327],[90.3889464,23.7531905]]]},"properties":{"sources":[{"property":"","dataset":"OpenStreetMap","license":"ODbL-1.0","record_id":"w506017508@2","update_time":"2022-09-20T19:01:35.000Z","confidence":null,"between":null,"provider":"osm","resource":"planet","version":"2026-09-06T00:00:00.000Z"}],"is_underground":false,"num_floors":1,"subtype":"residential","class":"residential","has_parts":false,"version":1}},
{"id":"03b80e7a-da3b-4a2b-b47e-dc2c5130b75c","type":"Feature","geometry":{"type":"Polygon","coordinates":[[[90.3890253,23.7531871],[90.3889665,23.7527835],[90.3890188,23.7527793],[90.3890606,23.753183],[90.3890253,23.7531871]]]},"properties":{"sources":[{"property":"","dataset":"OpenStreetMap","license":"ODbL-1.0","record_id":"w1096380130@1","update_time":"2022-09-20T19:01:35.000Z","confidence":null,"between":null,"provider":"osm","resource":"planet","version":"2026-09-06T00:00:00.000Z"}],"is_underground":false,"num_floors":1,"subtype":"residential","class":"residential","has_parts":false,"version":1}},
{"id":"9962b78c-4f99-47f5-be64-37835169b8f0","type":"Feature","geometry":{"type":"Polygon","coordinates":[[[90.3889562,23.7531889],[90.3888965,23.7528256],[90.3889543,23.7528176],[90.389014,23.753181],[90.3889562,23.7531889]]]},"properties":{"sources":[{"property":"","dataset":"OpenStreetMap","license":"ODbL-1.0","record_id":"w506017507@2","update_time":"2022-09-20T19:01:35.000Z","confidence":null,"between":null,"provider":"osm","resource":"planet","version":"2026-09-06T00:00:00.000Z"}],"is_underground":false,"num_floors":1,"subtype":"residential","class":"residential","has_parts":false,"version":1}},
{"id":"44233538-1e64-4f44-8938-2323f105daa2","type":"Feature","geometry":{"type":"Polygon","coordinates":[[[90.3887718,23.7526326],[90.3897128,23.7524142],[90.3897349,23.7524789],[90.3887894,23.7527135],[90.3887718,23.7526326]]]},"properties":{"sources":[{"property":"","dataset":"OpenStreetMap","license":"ODbL-1.0","record_id":"w297114793@1","update_time":"2017-07-08T10:03:37.000Z","confidence":null,"between":null,"provider":"osm","resource":"planet","version":"2026-09-06T00:00:00.000Z"}],"is_underground":false,"subtype":"outbuilding","class":"shed","has_parts":false,"version":1}},
{"id":"2f6d418e-9a27-4e47-824e-517f4789b1a9","type":"Feature","geometry":{"type":"Polygon","coordinates":[[[90.3892102,23.752835],[90.3890908,23.7528402],[90.3890856,23.7527408],[90.389205,23.7527356],[90.3892102,23.752835]]]},"properties":{"sources":[{"property":"","dataset":"OpenStreetMap","license":"ODbL-1.0","record_id":"w297115004@2","update_time":"2017-07-08T08:55:03.000Z","confidence":null,"between":null,"provider":"osm","resource":"planet","version":"2026-09-06T00:00:00.000Z"}],"is_underground":false,"has_parts":false,"version":1}},
{"id":"6a36b8de-afb0-46b5-9070-4b91eeeb8789","type":"Feature","geometry":{"type":"Polygon","coordinates":[[[90.3896691,23.7526749],[90.3895876,23.7526801],[90.3895818,23.752605],[90.3896634,23.7525998],[90.3896691,23.7526749]]]},"properties":{"sources":[{"property":"","dataset":"OpenStreetMap","license":"ODbL-1.0","record_id":"w1429043456@1","update_time":"2025-09-11T16:44:10.000Z","confidence":null,"between":null,"provider":"osm","resource":"planet","version":"2026-09-06T00:00:00.000Z"}],"is_underground":false,"has_parts":false,"version":1}},
{"id":"4c8415d0-b1c1-497b-a964-a62a560a1462","type":"Feature","geometry":{"type":"Polygon","coordinates":[[[90.3895302,23.7527562],[90.3895298,23.7527006],[90.3896367,23.7526999],[90.3896372,23.7527554],[90.3895302,23.7527562]]]},"properties":{"sources":[{"property":"","dataset":"OpenStreetMap","license":"ODbL-1.0","record_id":"w506013986@1","update_time":"2017-07-08T08:55:01.000Z","confidence":null,"between":null,"provider":"osm","resource":"planet","version":"2026-09-06T00:00:00.000Z"}],"is_underground":false,"has_parts":false,"version":1}},
{"id":"c8f30be9-4b0b-45ba-b174-0102f3b2fd73","type":"Feature","geometry":{"type":"Polygon","coordinates":[[[90.3895269,23.7529513],[90.3892927,23.752943900000002],[90.3892996,23.7527605],[90.3895339,23.752768],[90.3895269,23.7529513]]]},"properties":{"names":{"primary":"Eastern Panthagreen, Building 1","common":null,"rules":null},"sources":[{"property":"","dataset":"OpenStreetMap","license":"ODbL-1.0","record_id":"w297114985@2","update_time":"2017-07-08T08:55:03.000Z","confidence":null,"between":null,"provider":"osm","resource":"planet","version":"2026-09-06T00:00:00.000Z"}],"is_underground":false,"subtype":"residential","class":"residential","has_parts":false,"version":1}},
{"id":"7ebb173f-245f-42be-a501-bc21c6b933c9","type":"Feature","geometry":{"type":"Polygon","coordinates":[[[90.389223,23.7529769],[90.3890955,23.7529733],[90.3890996,23.7528528],[90.3892271,23.7528564],[90.389223,23.7529769]]]},"properties":{"names":{"primary":"Eastern Panthagreen, Building 2","common":null,"rules":null},"sources":[{"property":"","dataset":"OpenStreetMap","license":"ODbL-1.0","record_id":"w297115001@2","update_time":"2017-07-08T08:55:03.000Z","confidence":null,"between":null,"provider":"osm","resource":"planet","version":"2026-09-06T00:00:00.000Z"}],"is_underground":false,"subtype":"residential","class":"residential","has_parts":false,"version":1}},
{"id":"45d4a237-24a6-485a-b3b1-07a8ea7e2c2a","type":"Feature","geometry":{"type":"Polygon","coordinates":[[[90.3899235,23.7529844],[90.3899255,23.7529152],[90.3900871,23.7529158],[90.3900871,23.7529846],[90.3899235,23.7529844]]]},"properties":{"sources":[{"property":"","dataset":"OpenStreetMap","license":"ODbL-1.0","record_id":"w506013990@1","update_time":"2025-11-27T16:22:44.000Z","confidence":null,"between":null,"provider":"osm","resource":"planet","version":"2026-09-06T00:00:00.000Z"}],"is_underground":false,"has_parts":false,"version":3}},
{"id":"8a9f1699-f86b-4ae7-89e7-dfa7dab4c8ab","type":"Feature","geometry":{"type":"Polygon","coordinates":[[[90.3899168,23.7529844],[90.3898791,23.7529847],[90.3898784,23.7529172],[90.3899162,23.7529169],[90.3899168,23.7529844]]]},"properties":{"sources":[{"property":"","dataset":"OpenStreetMap","license":"ODbL-1.0","record_id":"w1454199369@1","update_time":"2025-11-27T16:22:44.000Z","confidence":null,"between":null,"provider":"osm","resource":"planet","version":"2026-09-06T00:00:00.000Z"}],"is_underground":false,"has_parts":false,"version":2}},
{"id":"6c4f5d55-4511-455f-9812-7cf1218d11e8","type":"Feature","geometry":{"type":"Polygon","coordinates":[[[90.3897572,23.7529837],[90.3897565,23.7529263],[90.3898711,23.752925],[90.3898719,23.7529825],[90.3897572,23.7529837]]]},"properties":{"sources":[{"property":"","dataset":"OpenStreetMap","license":"ODbL-1.0","record_id":"w506013991@1","update_time":"2017-07-08T08:55:01.000Z","confidence":null,"between":null,"provider":"osm","resource":"planet","version":"2026-09-06T00:00:00.000Z"}],"is_underground":false,"has_parts":false,"version":1}},
{"id":"6c3d4548-6bab-4117-a2d4-1d31355c46a0","type":"Feature","geometry":{"type":"Polygon","coordinates":[[[90.3897813,23.7529023],[90.3897813,23.7527808],[90.3898966,23.7527808],[90.3898966,23.7529023],[90.3897813,23.7529023]]]},"properties":{"sources":[{"property":"","dataset":"OpenStreetMap","license":"ODbL-1.0","record_id":"w506013984@1","update_time":"2017-07-08T08:55:01.000Z","confidence":null,"between":null,"provider":"osm","resource":"planet","version":"2026-09-06T00:00:00.000Z"}],"is_underground":false,"has_parts":false,"version":1}},
{"id":"6067a65b-0d72-4e24-bc6e-cd31c551da2c","type":"Feature","geometry":{"type":"Polygon","coordinates":[[[90.3896331,23.7529357],[90.3896372,23.7528207],[90.3897801,23.752825],[90.3897759,23.75294],[90.3896331,23.7529357]]]},"properties":{"sources":[{"property":"","dataset":"OpenStreetMap","license":"ODbL-1.0","record_id":"w506013993@2","update_time":"2020-11-20T13:56:37.000Z","confidence":null,"between":null,"provider":"osm","resource":"planet","version":"2026-09-06T00:00:00.000Z"}],"is_underground":false,"num_floors":2,"subtype":"residential","class":"house","has_parts":false,"version":1}},
{"id":"4375e9f8-763c-4d17-b4e3-0162c0617781","type":"Feature","geometry":{"type":"Polygon","coordinates":[[[90.3897129,23.7526912],[90.3896928,23.7525819],[90.3898072,23.7525643],[90.3898273,23.7526735],[90.3897129,23.7526912]]]},"properties":{"sources":[{"property":"","dataset":"OpenStreetMap","license":"ODbL-1.0","record_id":"w506013979@1","update_time":"2017-07-08T08:55:01.000Z","confidence":null,"between":null,"provider":"osm","resource":"planet","version":"2026-09-06T00:00:00.000Z"}],"is_underground":false,"has_parts":false,"version":1}},
{"id":"91422139-388f-4b9f-b30e-f155943c8bcb","type":"Feature","geometry":{"type":"Polygon","coordinates":[[[90.3899441,23.7527054],[90.3898457,23.7527182],[90.3898162,23.7525279],[90.3899146,23.7525151],[90.3899441,23.7527054]]]},"properties":{"sources":[{"property":"","dataset":"OpenStreetMap","license":"ODbL-1.0","record_id":"w506013978@1","update_time":"2017-07-08T08:55:01.000Z","confidence":null,"between":null,"provider":"osm","resource":"planet","version":"2026-09-06T00:00:00.000Z"}],"is_underground":false,"has_parts":false,"version":1}},
{"id":"84cf4f2d-7c29-43ca-a7c8-7f596825dc8d","type":"Feature","geometry":{"type":"Polygon","coordinates":[[[90.3899955,23.7527414],[90.3899945,23.7526642],[90.3901112,23.752663],[90.3901122,23.7527402],[90.3899955,23.7527414]]]},"properties":{"sources":[{"property":"","dataset":"OpenStreetMap","license":"ODbL-1.0","record_id":"w506013983@1","update_time":"2017-07-08T08:55:01.000Z","confidence":null,"between":null,"provider":"osm","resource":"planet","version":"2026-09-06T00:00:00.000Z"}],"is_underground":false,"has_parts":false,"version":1}},
{"id":"33e7316f-385e-45e7-8c22-5a1f256e88e0","type":"Feature","geometry":{"type":"Polygon","coordinates":[[[90.3899275,23.7528827],[90.3899275,23.7527783],[90.3900951,23.7527783],[90.3900951,23.7528827],[90.3899275,23.7528827]]]},"properties":{"sources":[{"property":"","dataset":"OpenStreetMap","license":"ODbL-1.0","record_id":"w506013985@1","update_time":"2017-07-08T08:55:01.000Z","confidence":null,"between":null,"provider":"osm","resource":"planet","version":"2026-09-06T00:00:00.000Z"}],"is_underground":false,"has_parts":false,"version":1}},
{"id":"5383654e-1915-425a-acf7-a6f2cde89157","type":"Feature","geometry":{"type":"Polygon","coordinates":[[[90.389961,23.7526384],[90.3899556,23.7525058],[90.3900731,23.7525019],[90.3900785,23.7526344],[90.389961,23.7526384]]]},"properties":{"sources":[{"property":"","dataset":"OpenStreetMap","license":"ODbL-1.0","record_id":"w506013977@1","update_time":"2017-07-08T08:55:00.000Z","confidence":null,"between":null,"provider":"osm","resource":"planet","version":"2026-09-06T00:00:00.000Z"}],"is_underground":false,"has_parts":false,"version":1}},
{"id":"78ee74fa-085a-4d3e-b0cc-21c8ec38b954","type":"Feature","geometry":{"type":"Polygon","coordinates":[[[90.3902079,23.7525614],[90.3901461,23.7525635],[90.3901421,23.7524641],[90.3902039,23.752462],[90.3902079,23.7525614]]]},"properties":{"sources":[{"property":"","dataset":"OpenStreetMap","license":"ODbL-1.0","record_id":"w506013975@1","update_time":"2017-07-08T08:55:00.000Z","confidence":null,"between":null,"provider":"osm","resource":"planet","version":"2026-09-06T00:00:00.000Z"}],"is_underground":false,"has_parts":false,"version":1}},
{"id":"eb48af03-8540-4ace-9f60-17635df77ab2","type":"Feature","geometry":{"type":"Polygon","coordinates":[[[90.3901413,23.7526369],[90.3901434,23.7525868],[90.3903191,23.752593],[90.390317,23.7526431],[90.3901413,23.7526369]]]},"properties":{"sources":[{"property":"","dataset":"OpenStreetMap","license":"ODbL-1.0","record_id":"w506013976@1","update_time":"2017-07-08T08:55:00.000Z","confidence":null,"between":null,"provider":"osm","resource":"planet","version":"2026-09-06T00:00:00.000Z"}],"is_underground":false,"has_parts":false,"version":1}},
{"id":"06f012fe-2e33-40ba-a6e5-be9cb06dd752","type":"Feature","geometry":{"type":"Polygon","coordinates":[[[90.390244,23.7525672],[90.3902453,23.7525009],[90.390331,23.7525024],[90.3903296,23.7525687],[90.390244,23.7525672]]]},"properties":{"sources":[{"property":"","dataset":"OpenStreetMap","license":"ODbL-1.0","record_id":"w506013974@1","update_time":"2017-07-08T08:55:00.000Z","confidence":null,"between":null,"provider":"osm","resource":"planet","version":"2026-09-06T00:00:00.000Z"}],"is_underground":false,"has_parts":false,"version":1}},
{"id":"3f1c671a-4d3a-4e1f-a979-cf6aafa23c48","type":"Feature","geometry":{"type":"Polygon","coordinates":[[[90.3902923,23.7527292],[90.3902936,23.7526715],[90.3903941,23.7526735],[90.3903928,23.7527312],[90.3902923,23.7527292]]]},"properties":{"sources":[{"property":"","dataset":"OpenStreetMap","license":"ODbL-1.0","record_id":"w506013981@1","update_time":"2017-07-08T08:55:01.000Z","confidence":null,"between":null,"provider":"osm","resource":"planet","version":"2026-09-06T00:00:00.000Z"}],"is_underground":false,"has_parts":false,"version":1}},
{"id":"363efc7e-c005-4c36-a335-8848634e5380","type":"Feature","geometry":{"type":"Polygon","coordinates":[[[90.3902728,23.7529215],[90.3902819,23.7528536],[90.3903452,23.7528607],[90.3903359,23.7529287],[90.3902728,23.7529215]]]},"properties":{"sources":[{"property":"","dataset":"OpenStreetMap","license":"ODbL-1.0","record_id":"w506013987@1","update_time":"2018-01-15T15:36:33.000Z","confidence":null,"between":null,"provider":"osm","resource":"planet","version":"2026-09-06T00:00:00.000Z"}],"is_underground":false,"has_parts":false,"version":1}},
{"id":"773411cb-69f1-4b5a-87ad-1e35ccf5721c","type":"Feature","geometry":{"type":"Polygon","coordinates":[[[90.3902345,23.7527568],[90.3901488,23.7527587],[90.3901461,23.7526568],[90.3902318,23.7526549],[90.3902345,23.7527568]]]},"properties":{"sources":[{"property":"","dataset":"OpenStreetMap","license":"ODbL-1.0","record_id":"w506013982@1","update_time":"2017-07-08T08:55:01.000Z","confidence":null,"between":null,"provider":"osm","resource":"planet","version":"2026-09-06T00:00:00.000Z"}],"is_underground":false,"has_parts":false,"version":1}},
{"id":"0d213789-4b70-44cb-b687-f16e863a9f2d","type":"Feature","geometry":{"type":"Polygon","coordinates":[[[90.390229,23.7530309],[90.3902379,23.7529306],[90.3904203,23.7529441],[90.3904114,23.7530444],[90.390229,23.7530309]]]},"properties":{"sources":[{"property":"","dataset":"OpenStreetMap","license":"ODbL-1.0","record_id":"w506013988@1","update_time":"2018-01-15T15:36:33.000Z","confidence":null,"between":null,"provider":"osm","resource":"planet","version":"2026-09-06T00:00:00.000Z"}],"is_underground":false,"has_parts":false,"version":1}},
{"id":"63d0439f-e336-4ad0-9c38-f65c168f10d1","type":"Feature","geometry":{"type":"Polygon","coordinates":[[[90.3903554,23.7529203],[90.3903613,23.7528692],[90.3904498,23.7528778],[90.3904439,23.7529289],[90.3903554,23.7529203]]]},"properties":{"sources":[{"property":"","dataset":"OpenStreetMap","license":"ODbL-1.0","record_id":"w553287880@1","update_time":"2018-01-15T15:36:33.000Z","confidence":null,"between":null,"provider":"osm","resource":"planet","version":"2026-09-06T00:00:00.000Z"}],"is_underground":false,"has_parts":false,"version":1}},
{"id":"b5e71a19-3016-4a22-8656-645954a13297","type":"Feature","geometry":{"type":"Polygon","coordinates":[[[90.3905048,23.7529613],[90.3905068,23.7527943],[90.3906175,23.7527954],[90.3906155,23.7529625],[90.3905048,23.7529613]]]},"properties":{"sources":[{"property":"","dataset":"OpenStreetMap","license":"ODbL-1.0","record_id":"w506013962@1","update_time":"2017-07-08T08:55:00.000Z","confidence":null,"between":null,"provider":"osm","resource":"planet","version":"2026-09-06T00:00:00.000Z"}],"is_underground":false,"has_parts":false,"version":1}},
{"id":"92de87bd-0213-436a-baba-10e41c09cb9e","type":"Feature","geometry":{"type":"Polygon","coordinates":[[[90.3905087,23.7527715],[90.3905095,23.7527084],[90.3905733,23.752709],[90.3905725,23.7527722],[90.3905087,23.7527715]]]},"properties":{"sources":[{"property":"","dataset":"OpenStreetMap","license":"ODbL-1.0","record_id":"w506013964@1","update_time":"2017-07-08T08:55:00.000Z","confidence":null,"between":null,"provider":"osm","resource":"planet","version":"2026-09-06T00:00:00.000Z"}],"is_underground":false,"has_parts":false,"version":1}},
{"id":"39d59231-5c4a-4645-bca3-60a36b9b51c3","type":"Feature","geometry":{"type":"Polygon","coordinates":[[[90.3904532,23.7528409],[90.3902748,23.7528127],[90.3902886,23.7527398],[90.390467,23.752768],[90.3904532,23.7528409]]]},"properties":{"sources":[{"property":"","dataset":"OpenStreetMap","license":"ODbL-1.0","record_id":"w506013980@1","update_time":"2017-07-08T08:55:01.000Z","confidence":null,"between":null,"provider":"osm","resource":"planet","version":"2026-09-06T00:00:00.000Z"}],"is_underground":false,"has_parts":false,"version":1}},
{"id":"2a02f822-84c0-4787-8f56-4a694da734e2","type":"Feature","geometry":{"type":"Polygon","coordinates":[[[90.3903791,23.7526552],[90.3903808,23.7525206],[90.3904267,23.7525211],[90.390425,23.7526556],[90.3903791,23.7526552]]]},"properties":{"sources":[{"property":"","dataset":"OpenStreetMap","license":"ODbL-1.0","record_id":"w506013958@1","update_time":"2018-01-15T15:36:33.000Z","confidence":null,"between":null,"provider":"osm","resource":"planet","version":"2026-09-06T00:00:00.000Z"}],"is_underground":false,"has_parts":false,"version":1}},
{"id":"581d6200-346f-4f1f-a48d-656fb86bfd58","type":"Feature","geometry":{"type":"Polygon","coordinates":[[[90.3905264,23.7526638],[90.3904438,23.752663],[90.3904457,23.7525074],[90.3905283,23.7525083],[90.3905264,23.7526638]]]},"properties":{"sources":[{"property":"","dataset":"OpenStreetMap","license":"ODbL-1.0","record_id":"w506013965@1","update_time":"2017-07-08T08:55:00.000Z","confidence":null,"between":null,"provider":"osm","resource":"planet","version":"2026-09-06T00:00:00.000Z"}],"is_underground":false,"has_parts":false,"version":1}},
{"id":"6cddd92c-de2b-4c00-b0f6-99fa2703bcfe","type":"Feature","geometry":{"type":"Polygon","coordinates":[[[90.3905448,23.7526562],[90.3905457,23.7525795],[90.3906084,23.7525801],[90.3906074,23.7526568],[90.3905448,23.7526562]]]},"properties":{"sources":[{"property":"","dataset":"OpenStreetMap","license":"ODbL-1.0","record_id":"w506013959@1","update_time":"2017-07-08T08:55:00.000Z","confidence":null,"between":null,"provider":"osm","resource":"planet","version":"2026-09-06T00:00:00.000Z"}],"is_underground":false,"has_parts":false,"version":1}},
{"id":"2d6ca026-adfb-4e44-bee5-5bbdbdf72719","type":"Feature","geometry":{"type":"Polygon","coordinates":[[[90.3905489,23.7525629],[90.3905497,23.7524899],[90.3906123,23.7524905],[90.3906114,23.7525635],[90.3905489,23.7525629]]]},"properties":{"sources":[{"property":"","dataset":"OpenStreetMap","license":"ODbL-1.0","record_id":"w506013960@1","update_time":"2017-07-08T08:55:00.000Z","confidence":null,"between":null,"provider":"osm","resource":"planet","version":"2026-09-06T00:00:00.000Z"}],"is_underground":false,"has_parts":false,"version":1}},
{"id":"bd5cc06c-b30a-48ec-9f49-3f130cda2e1d","type":"Feature","geometry":{"type":"Polygon","coordinates":[[[90.3906579,23.7525973],[90.3906658,23.7525175],[90.3907777,23.7525267],[90.3907699,23.7526066],[90.3906579,23.7525973]]]},"properties":{"sources":[{"property":"","dataset":"OpenStreetMap","license":"ODbL-1.0","record_id":"w506017512@1","update_time":"2017-07-08T09:25:01.000Z","confidence":null,"between":null,"provider":"osm","resource":"planet","version":"2026-09-06T00:00:00.000Z"}],"is_underground":false,"has_parts":false,"version":1}},
{"id":"65ee9196-627c-40cf-9b57-689f8739470b","type":"Feature","geometry":{"type":"Polygon","coordinates":[[[90.3906681,23.7527754],[90.3905953,23.7527747],[90.3905964,23.7526892],[90.3906691,23.75269],[90.3906681,23.7527754]]]},"properties":{"sources":[{"property":"","dataset":"OpenStreetMap","license":"ODbL-1.0","record_id":"w506013963@1","update_time":"2017-07-08T08:55:00.000Z","confidence":null,"between":null,"provider":"osm","resource":"planet","version":"2026-09-06T00:00:00.000Z"}],"is_underground":false,"has_parts":false,"version":1}},
{"id":"2bc89d65-dce4-48fd-8252-44b72b3b07d1","type":"Feature","geometry":{"type":"Polygon","coordinates":[[[90.3906771,23.7527606],[90.3906872,23.7526476],[90.3907932,23.7526556],[90.390783,23.7527685],[90.3906771,23.7527606]]]},"properties":{"sources":[{"property":"","dataset":"OpenStreetMap","license":"ODbL-1.0","record_id":"w506017506@1","update_time":"2022-08-30T16:08:02.000Z","confidence":null,"between":null,"provider":"osm","resource":"planet","version":"2026-09-06T00:00:00.000Z"}],"is_underground":false,"has_parts":false,"version":1}},
{"id":"0fd08962-c6aa-4a40-95e0-bf3024ef19d6","type":"Feature","geometry":{"type":"Polygon","coordinates":[[[90.3907082,23.7528783],[90.390712,23.7527783],[90.3908098,23.7527815],[90.3908059,23.7528815],[90.3907082,23.7528783]]]},"properties":{"sources":[{"property":"","dataset":"OpenStreetMap","license":"ODbL-1.0","record_id":"w506012852@1","update_time":"2017-07-08T08:46:48.000Z","confidence":null,"between":null,"provider":"osm","resource":"planet","version":"2026-09-06T00:00:00.000Z"}],"is_underground":false,"has_parts":false,"version":1}},
{"id":"3a8bcd53-a114-4886-b18b-55af340a096f","type":"Feature","geometry":{"type":"Polygon","coordinates":[[[90.3909035,23.7526224],[90.39082,23.7525991],[90.3908549,23.7524942],[90.3909384,23.7525174],[90.3909035,23.7526224]]]},"properties":{"sources":[{"property":"","dataset":"OpenStreetMap","license":"ODbL-1.0","record_id":"w506018914@1","update_time":"2022-08-30T16:08:02.000Z","confidence":null,"between":null,"provider":"osm","resource":"planet","version":"2026-09-06T00:00:00.000Z"}],"is_underground":false,"has_parts":false,"version":1}},
{"id":"3d70dd86-ffb8-42c1-aae2-6576aa743c5c","type":"Feature","geometry":{"type":"Polygon","coordinates":[[[90.3909788,23.752892],[90.3909829,23.7527857],[90.3911117,23.7527899],[90.3911076,23.7528962],[90.3909788,23.752892]]]},"properties":{"sources":[{"property":"","dataset":"OpenStreetMap","license":"ODbL-1.0","record_id":"w506012854@1","update_time":"2017-07-08T08:46:48.000Z","confidence":null,"between":null,"provider":"osm","resource":"planet","version":"2026-09-06T00:00:00.000Z"}],"is_underground":false,"has_parts":false,"version":1}},
{"id":"4f475d59-bb62-40fd-9687-aa986325e3c1","type":"Feature","geometry":{"type":"Polygon","coordinates":[[[90.3908729,23.7528878],[90.390877,23.752782],[90.3909468,23.7527843],[90.3909427,23.75289],[90.3908729,23.7528878]]]},"properties":{"sources":[{"property":"","dataset":"OpenStreetMap","license":"ODbL-1.0","record_id":"w506012853@1","update_time":"2017-07-08T08:46:48.000Z","confidence":null,"between":null,"provider":"osm","resource":"planet","version":"2026-09-06T00:00:00.000Z"}],"is_underground":false,"has_parts":false,"version":1}},
{"id":"60c5a7d9-11b0-48e4-bf07-e59bb99cc63c","type":"Feature","geometry":{"type":"Polygon","coordinates":[[[90.390938,23.7527752],[90.3907932,23.7527636],[90.3908063,23.7526266],[90.3909512,23.7526382],[90.390938,23.7527752]]]},"properties":{"sources":[{"property":"","dataset":"OpenStreetMap","license":"ODbL-1.0","record_id":"w506017505@1","update_time":"2022-08-30T16:08:02.000Z","confidence":null,"between":null,"provider":"osm","resource":"planet","version":"2026-09-06T00:00:00.000Z"}],"is_underground":false,"has_parts":false,"version":1}},
{"id":"2b575575-6f1f-4d99-b03b-f455ceda6fba","type":"Feature","geometry":{"type":"Polygon","coordinates":[[[90.3908989,23.7529605],[90.3909011,23.7529023],[90.3909986,23.7529055],[90.3909963,23.7529637],[90.3908989,23.7529605]]]},"properties":{"sources":[{"property":"","dataset":"OpenStreetMap","license":"ODbL-1.0","record_id":"w506012847@1","update_time":"2017-07-08T08:46:48.000Z","confidence":null,"between":null,"provider":"osm","resource":"planet","version":"2026-09-06T00:00:00.000Z"}],"is_underground":false,"has_parts":false,"version":1}},
{"id":"ae389e55-4b3d-4fb2-a12e-942f398e20d7","type":"Feature","geometry":{"type":"Polygon","coordinates":[[[90.3910861,23.7529488],[90.39101,23.7529503],[90.3910091,23.7529143],[90.3910853,23.7529128],[90.3910861,23.7529488]]]},"properties":{"sources":[{"property":"","dataset":"OpenStreetMap","license":"ODbL-1.0","record_id":"w1429286011@1","update_time":"2025-09-12T17:02:49.000Z","confidence":null,"between":null,"provider":"osm","resource":"planet","version":"2026-09-06T00:00:00.000Z"}],"is_underground":false,"has_parts":false,"version":1}},
{"id":"4177fc03-6882-4984-a7e5-112b5091169c","type":"Feature","geometry":{"type":"Polygon","coordinates":[[[90.3907208,23.7530429],[90.3907254,23.752922],[90.3908186,23.752925],[90.3908139,23.7530459],[90.3907208,23.7530429]]]},"properties":{"sources":[{"property":"","dataset":"OpenStreetMap","license":"ODbL-1.0","record_id":"w506012851@1","update_time":"2017-07-08T08:46:48.000Z","confidence":null,"between":null,"provider":"osm","resource":"planet","version":"2026-09-06T00:00:00.000Z"}],"is_underground":false,"has_parts":false,"version":1}},
{"id":"14d87a3c-a398-447e-9cfa-1f714f2e8a53","type":"Feature","geometry":{"type":"Polygon","coordinates":[[[90.3911411,23.7529464],[90.3911436,23.7528815],[90.3912615,23.7528853],[90.391259,23.7529502],[90.3911411,23.7529464]]]},"properties":{"sources":[{"property":"","dataset":"OpenStreetMap","license":"ODbL-1.0","record_id":"w506012858@1","update_time":"2026-01-23T10:08:04.000Z","confidence":null,"between":null,"provider":"osm","resource":"planet","version":"2026-09-06T00:00:00.000Z"}],"is_underground":false,"has_parts":false,"version":1}},
{"id":"2e32a683-7a70-454d-8e13-5885f8c78b13","type":"Feature","geometry":{"type":"Polygon","coordinates":[[[90.3912858,23.7529903],[90.3912901,23.7528797],[90.3913628,23.752882],[90.3913585,23.7529926],[90.3912858,23.7529903]]]},"properties":{"sources":[{"property":"","dataset":"OpenStreetMap","license":"ODbL-1.0","record_id":"w506012861@1","update_time":"2026-01-23T10:08:04.000Z","confidence":null,"between":null,"provider":"osm","resource":"planet","version":"2026-09-06T00:00:00.000Z"}],"is_underground":false,"has_parts":false,"version":1}},
{"id":"0d8b72d8-1f1a-41e9-9cb0-b2b8c0537a0c","type":"Feature","geometry":{"type":"Polygon","coordinates":[[[90.3911431,23.7528612],[90.3911459,23.7527876],[90.3913379,23.7527938],[90.391335,23.7528674],[90.3911431,23.7528612]]]},"properties":{"sources":[{"property":"","dataset":"OpenStreetMap","license":"ODbL-1.0","record_id":"w506012859@1","update_time":"2026-01-23T10:08:04.000Z","confidence":null,"between":null,"provider":"osm","resource":"planet","version":"2026-09-06T00:00:00.000Z"}],"is_underground":false,"has_parts":false,"version":1}},
{"id":"c3b5cb94-907d-4745-a80a-feed811e24cd","type":"Feature","geometry":{"type":"Polygon","coordinates":[[[90.3912139,23.7527473],[90.3911345,23.7527421],[90.3911445,23.752612],[90.3912239,23.7526172],[90.3912139,23.7527473]]]},"properties":{"sources":[{"property":"","dataset":"OpenStreetMap","license":"ODbL-1.0","record_id":"w506017503@1","update_time":"2017-07-08T09:25:01.000Z","confidence":null,"between":null,"provider":"osm","resource":"planet","version":"2026-09-06T00:00:00.000Z"}],"is_underground":false,"has_parts":false,"version":1}},
{"id":"ff3055c2-2cb3-4bf9-9ac5-ca180f8b6a1f","type":"Feature","geometry":{"type":"Polygon","coordinates":[[[90.3911144,23.752739],[90.391054,23.7527341],[90.3910667,23.752601],[90.3911272,23.7526058],[90.3911144,23.752739]]]},"properties":{"sources":[{"property":"","dataset":"OpenStreetMap","license":"ODbL-1.0","record_id":"w506017504@1","update_time":"2017-07-08T09:25:01.000Z","confidence":null,"between":null,"provider":"osm","resource":"planet","version":"2026-09-06T00:00:00.000Z"}],"is_underground":false,"has_parts":false,"version":1}},
{"id":"09304846-e725-429d-873e-7b06e6abefc1","type":"Feature","geometry":{"type":"Polygon","coordinates":[[[90.3910683,23.7525857],[90.3910734,23.7525285],[90.3912109,23.752539],[90.3912057,23.7525962],[90.3910683,23.7525857]]]},"properties":{"sources":[{"property":"","dataset":"OpenStreetMap","license":"ODbL-1.0","record_id":"w506018916@1","update_time":"2017-07-08T09:34:29.000Z","confidence":null,"between":null,"provider":"osm","resource":"planet","version":"2026-09-06T00:00:00.000Z"}],"is_underground":false,"has_parts":false,"version":1}},
{"id":"9b4398fb-0320-4db4-8aea-be140b272593","type":"Feature","geometry":{"type":"Polygon","coordinates":[[[90.3910808,23.7525091],[90.3910862,23.7524623],[90.3912015,23.7524733],[90.3911962,23.7525201],[90.3910808,23.7525091]]]},"properties":{"sources":[{"property":"","dataset":"OpenStreetMap","license":"ODbL-1.0","record_id":"w506018918@1","update_time":"2017-07-08T09:34:29.000Z","confidence":null,"between":null,"provider":"osm","resource":"planet","version":"2026-09-06T00:00:00.000Z"}],"is_underground":false,"has_parts":false,"version":1}},
{"id":"ef26c34a-ff54-4024-9a14-4419d566be90","type":"Feature","geometry":{"type":"Polygon","coordinates":[[[90.3912832,23.752745],[90.391233,23.7527409],[90.3912438,23.7526317],[90.3912939,23.7526358],[90.3912832,23.752745]]]},"properties":{"sources":[{"property":"","dataset":"OpenStreetMap","license":"ODbL-1.0","record_id":"w506017502@1","update_time":"2017-07-08T09:25:01.000Z","confidence":null,"between":null,"provider":"osm","resource":"planet","version":"2026-09-06T00:00:00.000Z"}],"is_underground":false,"has_parts":false,"version":1}},
{"id":"9306a6c7-a51c-4770-90ef-60948ea4029c","type":"Feature","geometry":{"type":"Polygon","coordinates":[[[90.3912336,23.7526005],[90.3912431,23.7524825],[90.3913251,23.752488],[90.3913157,23.752606],[90.3912336,23.7526005]]]},"properties":{"sources":[{"property":"","dataset":"OpenStreetMap","license":"ODbL-1.0","record_id":"w506017496@1","update_time":"2017-07-08T09:25:01.000Z","confidence":null,"between":null,"provider":"osm","resource":"planet","version":"2026-09-06T00:00:00.000Z"}],"is_underground":false,"has_parts":false,"version":1}},
{"id":"8776aedc-b60b-4e8d-8f45-c76ea2179e76","type":"Feature","geometry":{"type":"Polygon","coordinates":[[[90.3914374,23.7527595],[90.3913437,23.7527483],[90.3913604,23.752631],[90.3914541,23.7526423],[90.3914374,23.7527595]]]},"properties":{"sources":[{"property":"","dataset":"OpenStreetMap","license":"ODbL-1.0","record_id":"w506017501@1","update_time":"2017-07-08T09:25:01.000Z","confidence":null,"between":null,"provider":"osm","resource":"planet","version":"2026-09-06T00:00:00.000Z"}],"is_underground":false,"has_parts":false,"version":1}},
{"id":"b16f6440-c1be-4997-8697-ec9ea89ac4c5","type":"Feature","geometry":{"type":"Polygon","coordinates":[[[90.3916001,23.752775],[90.3914825,23.7527697],[90.3914858,23.7527071],[90.3916034,23.7527124],[90.3916001,23.752775]]]},"properties":{"sources":[{"property":"","dataset":"OpenStreetMap","license":"ODbL-1.0","record_id":"w506017500@1","update_time":"2017-07-08T09:25:01.000Z","confidence":null,"between":null,"provider":"osm","resource":"planet","version":"2026-09-06T00:00:00.000Z"}],"is_underground":false,"has_parts":false,"version":1}},
{"id":"cf340b9f-6be6-4786-926b-197c71dc8b03","type":"Feature","geometry":{"type":"Polygon","coordinates":[[[90.3916092,23.7526992],[90.3914999,23.75269],[90.3915067,23.7526227],[90.391616,23.7526319],[90.3916092,23.7526992]]]},"properties":{"sources":[{"property":"","dataset":"OpenStreetMap","license":"ODbL-1.0","record_id":"w506017499@1","update_time":"2017-07-08T09:25:01.000Z","confidence":null,"between":null,"provider":"osm","resource":"planet","version":"2026-09-06T00:00:00.000Z"}],"is_underground":false,"has_parts":false,"version":1}},
{"id":"658f3b77-76d0-4764-b7c3-f8195392d753","type":"Feature","geometry":{"type":"Polygon","coordinates":[[[90.391657,23.7525923],[90.3914821,23.752594],[90.3914846,23.7525228],[90.3916545,23.7525159],[90.391657,23.7525923]]]},"properties":{"sources":[{"property":"","dataset":"OpenStreetMap","license":"ODbL-1.0","record_id":"w466002201@1","update_time":"2017-07-08T09:25:03.000Z","confidence":null,"between":null,"provider":"osm","resource":"planet","version":"2026-09-06T00:00:00.000Z"}],"is_underground":false,"has_parts":false,"version":1}},
{"id":"8f7b1f4b-b408-4f30-a5cc-b79330e957a6","type":"Feature","geometry":{"type":"Polygon","coordinates":[[[90.3916958,23.7526991],[90.3916387,23.7526955],[90.3916448,23.7526157],[90.3917019,23.7526193],[90.3916958,23.7526991]]]},"properties":{"sources":[{"property":"","dataset":"OpenStreetMap","license":"ODbL-1.0","record_id":"w506017498@1","update_time":"2017-07-08T09:25:01.000Z","confidence":null,"between":null,"provider":"osm","resource":"planet","version":"2026-09-06T00:00:00.000Z"}],"is_underground":false,"has_parts":false,"version":1}},
{"id":"be5702b4-6328-4af3-a584-bdd838588ba5","type":"Feature","geometry":{"type":"Polygon","coordinates":[[[90.3916976,23.7524911],[90.3917812,23.7524982],[90.3917737,23.7525729],[90.3916901,23.7525657],[90.3916976,23.7524911]]]},"properties":{"sources":[{"property":"","dataset":"Google Open Buildings","license":null,"record_id":"7MMGQ93R+2M98","update_time":"2023-05-01T00:00:00.000Z","confidence":0.7178,"between":null,"provider":"google","resource":"open_buildings","version":"2024-04-16"}],"is_underground":false,"has_parts":false,"version":1}},
{"id":"114994c4-5db7-4f1a-a989-8800ad44e231","type":"Feature","geometry":{"type":"Polygon","coordinates":[[[90.3917765,23.7527468],[90.3917024,23.7527421],[90.3917115,23.752622],[90.3917856,23.7526267],[90.3917765,23.7527468]]]},"properties":{"sources":[{"property":"","dataset":"OpenStreetMap","license":"ODbL-1.0","record_id":"w1453368440@1","update_time":"2025-11-24T16:34:52.000Z","confidence":null,"between":null,"provider":"osm","resource":"planet","version":"2026-09-06T00:00:00.000Z"}],"is_underground":false,"has_parts":false,"version":2}},
{"id":"91ed37a3-7e6d-40bf-ab2e-719917f3e397","type":"Feature","geometry":{"type":"Polygon","coordinates":[[[90.3918766,23.7529449],[90.3918528,23.7530845],[90.3915675,23.7530868],[90.3915972,23.752929],[90.3918766,23.7529449]]]},"properties":{"sources":[{"property":"","dataset":"OpenStreetMap","license":"ODbL-1.0","record_id":"w297753560@2","update_time":"2026-01-23T10:08:04.000Z","confidence":null,"between":null,"provider":"osm","resource":"planet","version":"2026-09-06T00:00:00.000Z"}],"is_underground":false,"has_parts":false,"version":2}},
{"id":"4e772416-b70d-4d37-8c38-a535312ccf9e","type":"Feature","geometry":{"type":"Polygon","coordinates":[[[90.3921077,23.7527482],[90.3920808,23.7528496],[90.3918523,23.7527989],[90.3918791,23.7526975],[90.3921077,23.7527482]]]},"properties":{"sources":[{"property":"","dataset":"OpenStreetMap","license":"ODbL-1.0","record_id":"w297114202@5","update_time":"2021-06-05T18:02:52.000Z","confidence":null,"between":null,"provider":"osm","resource":"planet","version":"2026-09-06T00:00:00.000Z"}],"is_underground":false,"subtype":"commercial","class":"commercial","has_parts":false,"version":1}},
{"id":"67e52d66-0348-4c76-b343-b2d8343ffd6a","type":"Feature","geometry":{"type":"Polygon","coordinates":[[[90.3919328,23.7529198],[90.3917684,23.7528859],[90.3917817,23.7528319],[90.3919461,23.7528658],[90.3919328,23.7529198]]]},"properties":{"sources":[{"property":"","dataset":"OpenStreetMap","license":"ODbL-1.0","record_id":"w297753485@2","update_time":"2026-01-23T10:08:04.000Z","confidence":null,"between":null,"provider":"osm","resource":"planet","version":"2026-09-06T00:00:00.000Z"}],"is_underground":false,"has_parts":false,"version":1}},
{"id":"a821504c-76cd-4357-b6df-f0d0641f7bc2","type":"Feature","geometry":{"type":"Polygon","coordinates":[[[90.3918603,23.7526959],[90.3917862,23.7526912],[90.3917953,23.7525711],[90.3918694,23.7525758],[90.3918603,23.7526959]]]},"properties":{"sources":[{"property":"","dataset":"OpenStreetMap","license":"ODbL-1.0","record_id":"w506017497@1","update_time":"2017-07-08T09:25:01.000Z","confidence":null,"between":null,"provider":"osm","resource":"planet","version":"2026-09-06T00:00:00.000Z"}],"is_underground":false,"has_parts":false,"version":1}},
{"id":"ae782058-e76c-47f4-ae45-25af5bea4bc7","type":"Feature","geometry":{"type":"Polygon","coordinates":[[[90.3921703,23.7525929],[90.3921084,23.7527255],[90.3919228,23.7526868],[90.3919277,23.7525988],[90.3918935,23.7525962],[90.3918902,23.7524244],[90.3921556,23.7524617],[90.3921133,23.752572],[90.3921703,23.7525929]]]},"properties":{"names":{"primary":"Jinat Bhaban","common":null,"rules":null},"sources":[{"property":"","dataset":"OpenStreetMap","license":"ODbL-1.0","record_id":"w297114203@3","update_time":"2017-07-08T09:25:03.000Z","confidence":null,"between":null,"provider":"osm","resource":"planet","version":"2026-09-06T00:00:00.000Z"}],"is_underground":false,"subtype":"commercial","class":"commercial","has_parts":false,"version":1}},
{"id":"bba7d40f-df00-44b1-b1c6-16ae1e8ae239","type":"Feature","geometry":{"type":"Polygon","coordinates":[[[90.3924753,23.7528416],[90.3923727,23.7528016],[90.3924004,23.752742],[90.392503,23.752782],[90.3924753,23.7528416]]]},"properties":{"sources":[{"property":"","dataset":"OpenStreetMap","license":"ODbL-1.0","record_id":"w1429945789@1","update_time":"2025-09-15T11:53:57.000Z","confidence":null,"between":null,"provider":"osm","resource":"planet","version":"2026-09-06T00:00:00.000Z"}],"is_underground":false,"has_parts":false,"version":1}}]}