{"type": "FeatureCollection", "features": [
{"id":"91d2247c-9acd-4f33-a106-7c6ceb4e08a0","type":"Feature","geometry":{"type":"Polygon","coordinates":[[[90.4119361,23.743317],[90.4118208,23.7433121],[90.4118234,23.7431685],[90.4119428,23.7431771],[90.4119361,23.743317]]]},"properties":{"sources":[{"property":"","dataset":"OpenStreetMap","license":"ODbL-1.0","record_id":"w450084835@1","update_time":"2020-01-21T05:24:53.000Z","confidence":null,"between":null,"provider":"osm","resource":"planet","version":"2026-09-06T00:00:00.000Z"}],"is_underground":false,"has_parts":false,"version":1}},
{"id":"0ebf0e02-613d-40c3-9890-a83c76e60b1c","type":"Feature","geometry":{"type":"Polygon","coordinates":[[[90.4119492,23.7434406],[90.4116611,23.7434411],[90.4116609,23.7433339],[90.4119489,23.7433334],[90.4119492,23.7434406]]]},"properties":{"sources":[{"property":"","dataset":"OpenStreetMap","license":"ODbL-1.0","record_id":"w450084110@3","update_time":"2021-10-15T11:43:11.000Z","confidence":null,"between":null,"provider":"osm","resource":"planet","version":"2026-09-06T00:00:00.000Z"}],"is_underground":false,"has_parts":false,"version":1}},
{"id":"c6b84165-ba37-4e4f-a03c-28fad7e26d3f","type":"Feature","geometry":{"type":"Polygon","coordinates":[[[90.4119356,23.7431529],[90.4118312,23.7431551],[90.4118271,23.7429968],[90.4119315,23.742994499999998],[90.4119356,23.7431529]]]},"properties":{"sources":[{"property":"","dataset":"OpenStreetMap","license":"ODbL-1.0","record_id":"w505555766@1","update_time":"2021-05-30T03:01:44.000Z","confidence":null,"between":null,"provider":"osm","resource":"planet","version":"2026-09-06T00:00:00.000Z"}],"is_underground":false,"has_parts":false,"version":1}},
{"id":"a7f3066e-d44c-4a6c-b7d7-a7cbdad7d3d0","type":"Feature","geometry":{"type":"Polygon","coordinates":[[[90.41179,23.7429281],[90.4117882,23.7427987],[90.4119374,23.742797],[90.4119392,23.7429264],[90.41179,23.7429281]]]},"properties":{"sources":[{"property":"","dataset":"OpenStreetMap","license":"ODbL-1.0","record_id":"w450084838@2","update_time":"2020-01-21T05:37:09.000Z","confidence":null,"between":null,"provider":"osm","resource":"planet","version":"2026-09-06T00:00:00.000Z"}],"is_underground":false,"has_parts":false,"version":1}},
{"id":"5ba2ea14-39ae-43b0-82ec-87f61da96396","type":"Feature","geometry":{"type":"Polygon","coordinates":[[[90.4119345,23.7427734],[90.411838,23.7427771],[90.4118353,23.742604],[90.4119359,23.7426028],[90.4119345,23.7427734]]]},"properties":{"sources":[{"property":"","dataset":"OpenStreetMap","license":"ODbL-1.0","record_id":"w765301035@1","update_time":"2020-01-21T05:37:09.000Z","confidence":null,"between":null,"provider":"osm","resource":"planet","version":"2026-09-06T00:00:00.000Z"}],"is_underground":false,"subtype":"residential","class":"house","has_parts":false,"version":1}},
{"id":"a5e68c68-fd55-4d85-af87-61d2867d3b13","type":"Feature","geometry":{"type":"Polygon","coordinates":[[[90.4118656,23.7425536],[90.4117729,23.7425463],[90.4117863,23.7424051],[90.411879,23.7424125],[90.4118656,23.7425536]]]},"properties":{"sources":[{"property":"","dataset":"OpenStreetMap","license":"ODbL-1.0","record_id":"w505558594@1","update_time":"2017-07-06T11:02:33.000Z","confidence":null,"between":null,"provider":"osm","resource":"planet","version":"2026-09-06T00:00:00.000Z"}],"is_underground":false,"has_parts":false,"version":1}},
{"id":"d8e808fc-82c2-463b-b44e-f5ce48b63647","type":"Feature","geometry":{"type":"Polygon","coordinates":[[[90.4117967,23.7423953],[90.4117987,23.74234],[90.4118755,23.742346],[90.4118734,23.7424023],[90.4117967,23.7423953]]]},"properties":{"sources":[{"property":"","dataset":"OpenStreetMap","license":"ODbL-1.0","record_id":"r19680665@1","update_time":"2025-10-05T08:26:17.000Z","confidence":null,"between":null,"provider":"osm","resource":"planet","version":"2026-09-06T00:00:00.000Z"}],"is_underground":false,"has_parts":false,"version":3}},
{"id":"3182532c-c0bc-47ee-bea9-8a4a353ebd7a","type":"Feature","geometry":{"type":"Polygon","coordinates":[[[90.4119454,23.7424485],[90.4118972,23.7424456],[90.4118997,23.7424108],[90.4119478,23.7424137],[90.4119454,23.7424485]]]},"properties":{"sources":[{"property":"","dataset":"OpenStreetMap","license":"ODbL-1.0","record_id":"w1425913787@1","update_time":"2025-08-29T19:05:29.000Z","confidence":null,"between":null,"provider":"osm","resource":"planet","version":"2026-09-06T00:00:00.000Z"}],"is_underground":false,"has_parts":false,"version":1}},
{"id":"f001138a-d56f-46e2-88bb-defbfb643a39","type":"Feature","geometry":{"type":"Polygon","coordinates":[[[90.4118773,23.7421534],[90.4119229,23.7421474],[90.4119352,23.742226],[90.4118895,23.7422321],[90.4118773,23.7421534]]]},"properties":{"sources":[{"property":"","dataset":"Google Open Buildings","license":null,"record_id":"7MMGPCR6+VQFC","update_time":"2023-05-01T00:00:00.000Z","confidence":0.7059,"between":null,"provider":"google","resource":"open_buildings","version":"2024-04-16"}],"is_underground":false,"has_parts":false,"version":1}},
{"id":"9e646f23-6d36-402b-923f-85fe2d51de3b","type":"Feature","geometry":{"type":"Polygon","coordinates":[[[90.4117595,23.74205],[90.4117581,23.7418118],[90.411827,23.7418499],[90.4118813,23.7418843],[90.4119876,23.742007],[90.4120102,23.7420411],[90.4117595,23.74205]]]},"properties":{"names":{"primary":"Conifer Tower","common":null,"rules":null},"sources":[{"property":"","dataset":"OpenStreetMap","license":"ODbL-1.0","record_id":"w409842329@5","update_time":"2021-05-29T09:01:46.000Z","confidence":null,"between":null,"provider":"osm","resource":"planet","version":"2026-09-06T00:00:00.000Z"}],"is_underground":false,"num_floors":16,"subtype":"residential","class":"apartments","has_parts":false,"version":1}},
{"id":"d86038f5-b683-46b2-b687-d9f442898094","type":"Feature","geometry":{"type":"Polygon","coordinates":[[[90.4117919,23.7409866],[90.4119402,23.7411517],[90.4118247,23.7412176],[90.4117009,23.7410452],[90.4117919,23.7409866]]]},"properties":{"sources":[{"property":"","dataset":"OpenStreetMap","license":"ODbL-1.0","record_id":"w983235050@1","update_time":"2021-09-14T14:24:41.000Z","confidence":null,"between":null,"provider":"osm","resource":"planet","version":"2026-09-06T00:00:00.000Z"}],"is_underground":false,"num_floors":4,"subtype":"commercial","class":"commercial","has_parts":false,"version":1}},
{"id":"c7de8502-2380-4db7-ad28-3b0472a35692","type":"Feature","geometry":{"type":"Polygon","coordinates":[[[90.4118318,23.7406163],[90.4118833,23.7406467],[90.4118663,23.7406711],[90.4118148,23.7406406],[90.4118318,23.7406163]]]},"properties":{"sources":[{"property":"","dataset":"Google Open Buildings","license":null,"record_id":"7MMGPCR6+7P5J","update_time":"2023-05-01T00:00:00.000Z","confidence":0.7184,"between":null,"provider":"google","resource":"open_buildings","version":"2024-04-16"}],"is_underground":false,"has_parts":false,"version":1}},
{"id":"76df6ad2-f80a-490a-90f2-69ea37add655","type":"Feature","geometry":{"type":"Polygon","coordinates":[[[90.4118692,23.7404561],[90.4118592,23.7405085],[90.4118282,23.7405035],[90.4118382,23.7404511],[90.4118692,23.7404561]]]},"properties":{"sources":[{"property":"","dataset":"Google Open Buildings","license":null,"record_id":"7MMGPCR6+5PX2","update_time":"2023-05-01T00:00:00.000Z","confidence":0.7195,"between":null,"provider":"google","resource":"open_buildings","version":"2024-04-16"}],"is_underground":false,"has_parts":false,"version":1}},
{"id":"3df60541-8d2d-4282-9afc-cfe219dca046","type":"Feature","geometry":{"type":"Polygon","coordinates":[[[90.4118531,23.7405293],[90.4118261,23.7405944],[90.4118042,23.7405867],[90.4118313,23.7405216],[90.4118531,23.7405293]]]},"properties":{"sources":[{"property":"","dataset":"Google Open Buildings","license":null,"record_id":"7MMGPCR6+6PG8","update_time":"2023-05-01T00:00:00.000Z","confidence":0.6995,"between":null,"provider":"google","resource":"open_buildings","version":"2024-04-16"}],"is_underground":false,"has_parts":false,"version":1}},
{"id":"b1241325-a252-4ef7-b70a-e93ea335dbc4","type":"Feature","geometry":{"type":"Polygon","coordinates":[[[90.4118566,23.740584],[90.411907,23.7405995],[90.4118924,23.7406396],[90.411842,23.7406241],[90.4118566,23.740584]]]},"properties":{"sources":[{"property":"","dataset":"Google Open Buildings","license":null,"record_id":"7MMGPCR6+6PXH","update_time":"2023-05-01T00:00:00.000Z","confidence":0.7761,"between":null,"provider":"google","resource":"open_buildings","version":"2024-04-16"}],"is_underground":false,"has_parts":false,"version":1}},
{"id":"0a76c285-1187-4ab5-ab18-c6137bf6bbe2","type":"Feature","geometry":{"type":"Polygon","coordinates":[[[90.4119145,23.7403343],[90.4119071,23.7403979],[90.4118631,23.7403936],[90.4118603,23.7404176],[90.4117907,23.7404107],[90.4118009,23.7403231],[90.4119145,23.7403343]]]},"properties":{"sources":[{"property":"","dataset":"Google Open Buildings","license":null,"record_id":"7MMGPCR6+4PXJ","update_time":"2023-05-01T00:00:00.000Z","confidence":0.7743,"between":null,"provider":"google","resource":"open_buildings","version":"2024-04-16"}],"is_underground":false,"has_parts":false,"version":1}},
{"id":"ca769d04-45cd-4d23-895e-46d5de99c256","type":"Feature","geometry":{"type":"Polygon","coordinates":[[[90.4119832,23.7403159],[90.4117727,23.7403159],[90.4117727,23.7402325],[90.4119832,23.7402325],[90.4119832,23.7403159]]]},"properties":{"sources":[{"property":"","dataset":"OpenStreetMap","license":"ODbL-1.0","record_id":"w506038755@1","update_time":"2017-07-08T11:56:16.000Z","confidence":null,"between":null,"provider":"osm","resource":"planet","version":"2026-09-06T00:00:00.000Z"}],"is_underground":false,"has_parts":false,"version":1}},
{"id":"de116fcf-5e4a-440b-87f1-11ff915efb89","type":"Feature","geometry":{"type":"Polygon","coordinates":[[[90.4119309,23.7402146],[90.411772,23.7402165],[90.4117709,23.7401328],[90.4119298,23.7401309],[90.4119309,23.7402146]]]},"properties":{"sources":[{"property":"","dataset":"OpenStreetMap","license":"ODbL-1.0","record_id":"w506038754@1","update_time":"2017-07-08T11:56:16.000Z","confidence":null,"between":null,"provider":"osm","resource":"planet","version":"2026-09-06T00:00:00.000Z"}],"is_underground":false,"has_parts":false,"version":1}},
{"id":"2d848388-8ea2-4e3c-a84e-9c5b28902017","type":"Feature","geometry":{"type":"Polygon","coordinates":[[[90.4118746,23.7400931],[90.4117164,23.7400937],[90.411716,23.7400133],[90.4118742,23.7400127],[90.4118746,23.7400931]]]},"properties":{"sources":[{"property":"","dataset":"OpenStreetMap","license":"ODbL-1.0","record_id":"w506038752@1","update_time":"2017-07-08T11:56:16.000Z","confidence":null,"between":null,"provider":"osm","resource":"planet","version":"2026-09-06T00:00:00.000Z"}],"is_underground":false,"has_parts":false,"version":1}},
{"id":"e6b088bd-0492-4426-a61f-60ef368b2aa3","type":"Feature","geometry":{"type":"Polygon","coordinates":[[[90.4118839,23.7396579],[90.411726,23.7396494],[90.4117328,23.7395429],[90.4118907,23.7395513],[90.4118839,23.7396579]]]},"properties":{"sources":[{"property":"","dataset":"OpenStreetMap","license":"ODbL-1.0","record_id":"w369707237@3","update_time":"2022-07-26T19:36:06.000Z","confidence":null,"between":null,"provider":"osm","resource":"planet","version":"2026-09-06T00:00:00.000Z"}],"is_underground":false,"has_parts":false,"version":1}},
{"id":"5372ec4d-279b-4bef-8575-cb648f2793bc","type":"Feature","geometry":{"type":"Polygon","coordinates":[[[90.4119609,23.7394892],[90.4118158,23.7394858],[90.4118239,23.7391948],[90.4119691,23.7391982],[90.4119609,23.7394892]]]},"properties":{"sources":[{"property":"","dataset":"OpenStreetMap","license":"ODbL-1.0","record_id":"w369708133@1","update_time":"2022-07-26T19:36:06.000Z","confidence":null,"between":null,"provider":"osm","resource":"planet","version":"2026-09-06T00:00:00.000Z"}],"is_underground":false,"has_parts":false,"version":1}},
{"id":"c8243a18-ccfb-46c6-bebc-4000e385c37d","type":"Feature","geometry":{"type":"Polygon","coordinates":[[[90.4157109,23.7393817],[90.4153818,23.7393774],[90.4153672,23.7393613],[90.4156569,23.7392127],[90.415682,23.7392395],[90.4156557,23.7392699],[90.4157109,23.7393817]]]},"properties":{"sources":[{"property":"","dataset":"OpenStreetMap","license":"ODbL-1.0","record_id":"w506025955@3","update_time":"2021-09-13T06:47:39.000Z","confidence":null,"between":null,"provider":"osm","resource":"planet","version":"2026-09-06T00:00:00.000Z"}],"is_underground":false,"num_floors":8,"has_parts":false,"version":1}},
{"id":"6a670968-8861-4394-92ff-a1a248a43456","type":"Feature","geometry":{"type":"Polygon","coordinates":[[[90.415149,23.7389798],[90.415215,23.7389862],[90.4151981,23.7392421],[90.4151307,23.7392562],[90.415149,23.7389798]]]},"properties":{"sources":[{"property":"","dataset":"OpenStreetMap","license":"ODbL-1.0","record_id":"w1042564673@1","update_time":"2022-03-22T08:41:18.000Z","confidence":null,"between":null,"provider":"osm","resource":"planet","version":"2026-09-06T00:00:00.000Z"}],"is_underground":false,"has_parts":false,"version":1}},
{"id":"7ceb279a-4611-4fae-94f7-3c19c86f7308","type":"Feature","geometry":{"type":"Polygon","coordinates":[[[90.4150982,23.7392003],[90.414829,23.7393572],[90.4148541,23.7387788],[90.4148577,23.7386967],[90.4151158,23.7386898],[90.4150982,23.7392003]]]},"properties":{"names":{"primary":"Eastern Plus Market","common":null,"rules":null},"sources":[{"property":"","dataset":"OpenStreetMap","license":"ODbL-1.0","record_id":"w169443242@6","update_time":"2021-09-10T19:22:21.000Z","confidence":null,"between":null,"provider":"osm","resource":"planet","version":"2026-09-06T00:00:00.000Z"}],"is_underground":false,"num_floors":8,"subtype":"commercial","class":"commercial","has_parts":true,"version":1}},
{"id":"938892b3-5c64-477c-afb5-d5efe07fe136","type":"Feature","geometry":{"type":"Polygon","coordinates":[[[90.4145354,23.7395317],[90.4144429,23.7395207],[90.414463,23.7392088],[90.4146092,23.7392199],[90.4145904,23.7394863],[90.4145864,23.7394973],[90.4145783,23.7395072],[90.4145354,23.7395317]]]},"properties":{"sources":[{"property":"","dataset":"OpenStreetMap","license":"ODbL-1.0","record_id":"w450088223@1","update_time":"2021-09-14T05:49:22.000Z","confidence":null,"between":null,"provider":"osm","resource":"planet","version":"2026-09-06T00:00:00.000Z"}],"is_underground":false,"subtype":"residential","class":"apartments","has_parts":false,"version":1}},
{"id":"7c3ce997-1f86-4360-9a8b-85a4dbbe28c6","type":"Feature","geometry":{"type":"Polygon","coordinates":[[[90.4142775,23.7394878],[90.4142923,23.7391981],[90.4144545,23.7392042],[90.4144371,23.7395001],[90.4142775,23.7394878]]]},"properties":{"sources":[{"property":"","dataset":"OpenStreetMap","license":"ODbL-1.0","record_id":"w450088218@1","update_time":"2021-09-14T05:49:22.000Z","confidence":null,"between":null,"provider":"osm","resource":"planet","version":"2026-09-06T00:00:00.000Z"}],"is_underground":false,"subtype":"residential","class":"apartments","has_parts":false,"version":1}},
{"id":"38f4d581-16c3-43a1-b543-958e7daa6f7d","type":"Feature","geometry":{"type":"Polygon","coordinates":[[[90.4142376,23.7394039],[90.4141449,23.7394001],[90.4141604,23.7391725],[90.4142503,23.7391751],[90.4142376,23.7394039]]]},"properties":{"sources":[{"property":"","dataset":"OpenStreetMap","license":"ODbL-1.0","record_id":"w1042564680@1","update_time":"2022-03-22T08:41:18.000Z","confidence":null,"between":null,"provider":"osm","resource":"planet","version":"2026-09-06T00:00:00.000Z"}],"is_underground":false,"has_parts":false,"version":1}},
{"id":"6b49d514-f81a-4992-ad5e-2bde36d61f3a","type":"Feature","geometry":{"type":"Polygon","coordinates":[[[90.4141155,23.7394027],[90.4140228,23.7393988],[90.4140382,23.7391712],[90.4141281,23.7391738],[90.4141155,23.7394027]]]},"properties":{"sources":[{"property":"","dataset":"OpenStreetMap","license":"ODbL-1.0","record_id":"w1042564679@1","update_time":"2022-03-22T08:41:18.000Z","confidence":null,"between":null,"provider":"osm","resource":"planet","version":"2026-09-06T00:00:00.000Z"}],"is_underground":false,"has_parts":false,"version":1}},
{"id":"9b922265-b332-4909-a7fa-01990b5b2722","type":"Feature","geometry":{"type":"Polygon","coordinates":[[[90.4139968,23.7393898],[90.4139041,23.7393859],[90.4139195,23.7391584],[90.4140094,23.7391609],[90.4139968,23.7393898]]]},"properties":{"sources":[{"property":"","dataset":"OpenStreetMap","license":"ODbL-1.0","record_id":"w1042564678@1","update_time":"2022-03-22T08:41:18.000Z","confidence":null,"between":null,"provider":"osm","resource":"planet","version":"2026-09-06T00:00:00.000Z"}],"is_underground":false,"has_parts":false,"version":1}},
{"id":"4930096e-64b5-496c-84fb-131a08e916ea","type":"Feature","geometry":{"type":"Polygon","coordinates":[[[90.4138712,23.7393917],[90.4136558,23.7393864],[90.413663,23.7391416],[90.4138784,23.7391469],[90.4138712,23.7393917]]]},"properties":{"sources":[{"property":"","dataset":"OpenStreetMap","license":"ODbL-1.0","record_id":"w369718064@1","update_time":"2022-03-22T08:41:18.000Z","confidence":null,"between":null,"provider":"osm","resource":"planet","version":"2026-09-06T00:00:00.000Z"}],"is_underground":false,"has_parts":false,"version":1}},
{"id":"8db243cf-3997-40db-affa-ebd45db450b3","type":"Feature","geometry":{"type":"Polygon","coordinates":[[[90.4135092,23.7393652],[90.4133478,23.7393538],[90.4133642,23.7391276],[90.4135348,23.7391395],[90.4135092,23.7393652]]]},"properties":{"sources":[{"property":"","dataset":"OpenStreetMap","license":"ODbL-1.0","record_id":"w369717808@1","update_time":"2022-05-25T07:08:06.000Z","confidence":null,"between":null,"provider":"osm","resource":"planet","version":"2026-09-06T00:00:00.000Z"}],"is_underground":false,"has_parts":false,"version":1}},
{"id":"8085a6c5-47b8-4e1c-91fd-c3e718f55871","type":"Feature","geometry":{"type":"Polygon","coordinates":[[[90.413268,23.7393622],[90.4131903,23.739359],[90.4131932,23.7393013],[90.4132708,23.7393045],[90.413268,23.7393622]]]},"properties":{"sources":[{"property":"","dataset":"Microsoft ML Buildings","license":"ODbL-1.0","record_id":null,"update_time":null,"confidence":null,"between":null,"provider":"microsoft","resource":"ml_buildings","version":"2026-08-11"}],"is_underground":false,"has_parts":false,"version":4}},
{"id":"050bf38a-8efc-40e2-a7d1-e0a825f1b6f1","type":"Feature","geometry":{"type":"Polygon","coordinates":[[[90.4131527,23.7394154],[90.4130454,23.7394103],[90.4130502,23.739326],[90.4131575,23.7393312],[90.4131527,23.7394154]]]},"properties":{"sources":[{"property":"","dataset":"OpenStreetMap","license":"ODbL-1.0","record_id":"w1430645163@1","update_time":"2025-09-17T16:47:36.000Z","confidence":null,"between":null,"provider":"osm","resource":"planet","version":"2026-09-06T00:00:00.000Z"}],"is_underground":false,"has_parts":false,"version":1}},
{"id":"cdd50c5f-e5aa-4505-9cd7-1a0b23de154e","type":"Feature","geometry":{"type":"Polygon","coordinates":[[[90.4131412,23.7393708],[90.4130234,23.7393725],[90.4130215,23.7392598],[90.4131392,23.7392581],[90.4131412,23.7393708]]]},"properties":{"sources":[{"property":"","dataset":"OpenStreetMap","license":"ODbL-1.0","record_id":"w1430646628@1","update_time":"2025-09-17T16:51:49.000Z","confidence":null,"between":null,"provider":"osm","resource":"planet","version":"2026-09-06T00:00:00.000Z"}],"is_underground":false,"has_parts":false,"version":1}},
{"id":"034907fd-c1dc-446a-b23d-847969a3739c","type":"Feature","geometry":{"type":"Polygon","coordinates":[[[90.4129717,23.7393463],[90.4128121,23.7393402],[90.4128167,23.7392404],[90.4129763,23.7392466],[90.4129717,23.7393463]]]},"properties":{"sources":[{"property":"","dataset":"OpenStreetMap","license":"ODbL-1.0","record_id":"w506038939@1","update_time":"2022-07-26T19:36:06.000Z","confidence":null,"between":null,"provider":"osm","resource":"planet","version":"2026-09-06T00:00:00.000Z"}],"is_underground":false,"has_parts":false,"version":1}},
{"id":"82973e66-3dca-4fb4-aa1c-9d9450f25b70","type":"Feature","geometry":{"type":"Polygon","coordinates":[[[90.4127666,23.7393796],[90.4125647,23.7393687],[90.4125748,23.7392117],[90.4127768,23.7392226],[90.4127666,23.7393796]]]},"properties":{"sources":[{"property":"","dataset":"OpenStreetMap","license":"ODbL-1.0","record_id":"w506038933@1","update_time":"2022-07-26T19:36:06.000Z","confidence":null,"between":null,"provider":"osm","resource":"planet","version":"2026-09-06T00:00:00.000Z"}],"is_underground":false,"has_parts":false,"version":1}},
{"id":"c24e6eaf-df6e-4868-b5a7-4110719a597f","type":"Feature","geometry":{"type":"Polygon","coordinates":[[[90.4125272,23.7393676],[90.4123461,23.7393667],[90.4123466,23.7392882],[90.4125276,23.739289],[90.4125272,23.7393676]]]},"properties":{"sources":[{"property":"","dataset":"OpenStreetMap","license":"ODbL-1.0","record_id":"w490284251@1","update_time":"2022-07-26T19:36:06.000Z","confidence":null,"between":null,"provider":"osm","resource":"planet","version":"2026-09-06T00:00:00.000Z"}],"is_underground":false,"has_parts":false,"version":1}},
{"id":"ad1f9267-5b35-4bce-b9bc-c1857cdcaea3","type":"Feature","geometry":{"type":"Polygon","coordinates":[[[90.4123178,23.7393151],[90.4120319,23.7393158],[90.4120308,23.7389289],[90.4123167,23.7389282],[90.4123178,23.7393151]]]},"properties":{"sources":[{"property":"","dataset":"OpenStreetMap","license":"ODbL-1.0","record_id":"w369709991@1","update_time":"2022-07-26T19:36:06.000Z","confidence":null,"between":null,"provider":"osm","resource":"planet","version":"2026-09-06T00:00:00.000Z"}],"is_underground":false,"has_parts":false,"version":1}},
{"id":"14bb2a37-570d-4197-b6d6-514d6535971b","type":"Feature","geometry":{"type":"Polygon","coordinates":[[[90.4120896,23.739665],[90.4119151,23.7396582],[90.4119202,23.739548],[90.4120948,23.7395548],[90.4120896,23.739665]]]},"properties":{"sources":[{"property":"","dataset":"OpenStreetMap","license":"ODbL-1.0","record_id":"w369707240@1","update_time":"2022-07-26T19:36:06.000Z","confidence":null,"between":null,"provider":"osm","resource":"planet","version":"2026-09-06T00:00:00.000Z"}],"is_underground":false,"has_parts":false,"version":1}},
{"id":"c10e225d-e48d-463c-9ceb-084bce2143e8","type":"Feature","geometry":{"type":"Polygon","coordinates":[[[90.4123233,23.7395079],[90.412016,23.7395054],[90.4120195,23.7393242],[90.412322,23.7393234],[90.4123233,23.7395079]]]},"properties":{"sources":[{"property":"","dataset":"OpenStreetMap","license":"ODbL-1.0","record_id":"w369708340@1","update_time":"2022-07-26T19:36:06.000Z","confidence":null,"between":null,"provider":"osm","resource":"planet","version":"2026-09-06T00:00:00.000Z"}],"is_underground":false,"has_parts":false,"version":1}},
{"id":"44cbc467-8fb7-484a-9022-576089e957ee","type":"Feature","geometry":{"type":"Polygon","coordinates":[[[90.4124569,23.7396907],[90.4122852,23.7396806],[90.4122928,23.7395719],[90.4124646,23.7395821],[90.4124569,23.7396907]]]},"properties":{"sources":[{"property":"","dataset":"OpenStreetMap","license":"ODbL-1.0","record_id":"w369707485@1","update_time":"2022-07-26T19:36:06.000Z","confidence":null,"between":null,"provider":"osm","resource":"planet","version":"2026-09-06T00:00:00.000Z"}],"is_underground":false,"has_parts":false,"version":1}},
{"id":"b92dbc93-cb48-48a2-bd2a-5eba89f46979","type":"Feature","geometry":{"type":"Polygon","coordinates":[[[90.4122783,23.7396803],[90.4121038,23.7396735],[90.4121089,23.7395632],[90.4122835,23.73957],[90.4122783,23.7396803]]]},"properties":{"sources":[{"property":"","dataset":"OpenStreetMap","license":"ODbL-1.0","record_id":"w369707254@1","update_time":"2022-07-26T19:36:06.000Z","confidence":null,"between":null,"provider":"osm","resource":"planet","version":"2026-09-06T00:00:00.000Z"}],"is_underground":false,"has_parts":false,"version":1}},
{"id":"b0cead72-d62c-450e-95c5-7f133947ca22","type":"Feature","geometry":{"type":"Polygon","coordinates":[[[90.4122749,23.739958],[90.4120584,23.7399445],[90.4120663,23.7398388],[90.4121393,23.7398411],[90.4121433,23.7397803],[90.4122215,23.7397783],[90.4122216,23.7398446],[90.4122717,23.7398473],[90.4122804,23.7398514],[90.4122749,23.739958]]]},"properties":{"sources":[{"property":"","dataset":"OpenStreetMap","license":"ODbL-1.0","record_id":"w369706538@1","update_time":"2017-07-08T11:56:37.000Z","confidence":null,"between":null,"provider":"osm","resource":"planet","version":"2026-09-06T00:00:00.000Z"}],"is_underground":false,"has_parts":false,"version":1}},
{"id":"b1050827-c25f-4907-86db-d879b7b2af38","type":"Feature","geometry":{"type":"Polygon","coordinates":[[[90.4124897,23.7399654],[90.4122837,23.7399519],[90.4122932,23.7398323],[90.4123406,23.7398278],[90.4123521,23.7397835],[90.4124454,23.7397912],[90.412444,23.7398506],[90.4124926,23.7398519],[90.4124937,23.7398643],[90.4124897,23.7399654]]]},"properties":{"sources":[{"property":"","dataset":"OpenStreetMap","license":"ODbL-1.0","record_id":"w369705150@1","update_time":"2017-07-08T11:56:36.000Z","confidence":null,"between":null,"provider":"osm","resource":"planet","version":"2026-09-06T00:00:00.000Z"}],"is_underground":false,"has_parts":false,"version":1}},
{"id":"3c4900eb-69be-4722-ab0c-79c1bb75fad9","type":"Feature","geometry":{"type":"Polygon","coordinates":[[[90.4125076,23.7402435],[90.4119511,23.7402005],[90.4119578,23.740127],[90.4125144,23.74017],[90.4125076,23.7402435]]]},"properties":{"sources":[{"property":"","dataset":"OpenStreetMap","license":"ODbL-1.0","record_id":"w506038759@1","update_time":"2017-07-08T11:56:16.000Z","confidence":null,"between":null,"provider":"osm","resource":"planet","version":"2026-09-06T00:00:00.000Z"}],"is_underground":false,"has_parts":false,"version":1}},
{"id":"1e20914b-e121-4c1e-b527-831ed3daf118","type":"Feature","geometry":{"type":"Polygon","coordinates":[[[90.4123909,23.7401392],[90.4121227,23.7401256],[90.4121277,23.7400421],[90.412396,23.7400556],[90.4123909,23.7401392]]]},"properties":{"sources":[{"property":"","dataset":"OpenStreetMap","license":"ODbL-1.0","record_id":"w506038763@1","update_time":"2017-07-08T11:56:16.000Z","confidence":null,"between":null,"provider":"osm","resource":"planet","version":"2026-09-06T00:00:00.000Z"}],"is_underground":false,"has_parts":false,"version":1}},
{"id":"1fbcbe7d-f9cb-4596-99b6-f2ac59dc7e12","type":"Feature","geometry":{"type":"Polygon","coordinates":[[[90.4120472,23.7399352],[90.4118307,23.7399217],[90.4118386,23.739816],[90.4119041,23.7398156],[90.4119096,23.7397644],[90.4120013,23.739768],[90.4120015,23.7398315],[90.4120456,23.7398328],[90.4120527,23.7398286],[90.4120472,23.7399352]]]},"properties":{"sources":[{"property":"","dataset":"OpenStreetMap","license":"ODbL-1.0","record_id":"w369706697@1","update_time":"2017-07-08T11:56:37.000Z","confidence":null,"between":null,"provider":"osm","resource":"planet","version":"2026-09-06T00:00:00.000Z"}],"is_underground":false,"has_parts":false,"version":1}},
{"id":"d52c2fcb-9028-4868-92c3-8512b6f03352","type":"Feature","geometry":{"type":"Polygon","coordinates":[[[90.412109,23.7401174],[90.4119272,23.7401167],[90.4119276,23.7400229],[90.4121093,23.7400235],[90.412109,23.7401174]]]},"properties":{"sources":[{"property":"","dataset":"OpenStreetMap","license":"ODbL-1.0","record_id":"w506038757@1","update_time":"2017-07-08T11:56:16.000Z","confidence":null,"between":null,"provider":"osm","resource":"planet","version":"2026-09-06T00:00:00.000Z"}],"is_underground":false,"has_parts":false,"version":1}},
{"id":"106961b0-264c-47bd-89b4-326d3d45b6e1","type":"Feature","geometry":{"type":"Polygon","coordinates":[[[90.4119583,23.7409128],[90.4118802,23.7408802],[90.4119252,23.7407858],[90.412054,23.7408395],[90.4120259,23.7408996],[90.4120653,23.740915],[90.4120934,23.740855],[90.4122161,23.7409052],[90.4121677,23.7410048],[90.4120884,23.7409718],[90.4120799,23.7409888],[90.4121592,23.7410219],[90.4121183,23.7411049],[90.4120004,23.7410562],[90.4120294,23.7409951],[90.4119901,23.7409794],[90.4119611,23.7410406],[90.4118274,23.7409855],[90.4118714,23.7408977],[90.4119495,23.7409303],[90.4119583,23.7409128]]]},"properties":{"sources":[{"property":"","dataset":"OpenStreetMap","license":"ODbL-1.0","record_id":"w983110723@1","update_time":"2021-09-14T05:49:22.000Z","confidence":null,"between":null,"provider":"osm","resource":"planet","version":"2026-09-06T00:00:00.000Z"}],"is_underground":false,"num_floors":12,"subtype":"residential","class":"apartments","has_parts":false,"version":1}},
{"id":"9fb84ce9-99df-46e3-b893-5f315027abff","type":"Feature","geometry":{"type":"Polygon","coordinates":[[[90.4120721,23.7406802],[90.4119941,23.7406476],[90.4120391,23.7405531],[90.4121679,23.7406069],[90.4121398,23.740667],[90.4121792,23.7406824],[90.4122073,23.7406224],[90.41233,23.7406726],[90.4122816,23.7407722],[90.4122022,23.7407392],[90.4121938,23.7407562],[90.4122731,23.7407893],[90.4122322,23.7408723],[90.4121143,23.7408236],[90.4121433,23.7407625],[90.412104,23.7407468],[90.412075,23.740808],[90.4119413,23.7407529],[90.4119853,23.7406651],[90.4120634,23.7406977],[90.4120721,23.7406802]]]},"properties":{"sources":[{"property":"","dataset":"OpenStreetMap","license":"ODbL-1.0","record_id":"w983110724@1","update_time":"2021-09-14T05:49:22.000Z","confidence":null,"between":null,"provider":"osm","resource":"planet","version":"2026-09-06T00:00:00.000Z"}],"is_underground":false,"num_floors":12,"subtype":"residential","class":"apartments","has_parts":false,"version":1}},
{"id":"c7d7d4fc-b980-4581-ab75-19829eea966e","type":"Feature","geometry":{"type":"Polygon","coordinates":[[[90.4122663,23.7410995],[90.4122245,23.7410596],[90.4123401,23.7408452],[90.4124435,23.7409439],[90.4122663,23.7410995]]]},"properties":{"names":{"primary":"Popular Diagnostic Center- Unit 1","common":null,"rules":null},"sources":[{"property":"","dataset":"OpenStreetMap","license":"ODbL-1.0","record_id":"w610898379@3","update_time":"2021-09-14T05:49:22.000Z","confidence":null,"between":null,"provider":"osm","resource":"planet","version":"2026-09-06T00:00:00.000Z"}],"is_underground":false,"num_floors":12,"subtype":"medical","class":"hospital","has_parts":false,"version":1}},
{"id":"53ef942f-0505-4da9-86b0-00e43b3d0dbe","type":"Feature","geometry":{"type":"Polygon","coordinates":[[[90.4123895,23.7407314],[90.4123546,23.7407203],[90.4123704,23.7406789],[90.4124052,23.74069],[90.4123895,23.7407314]]]},"properties":{"sources":[{"property":"","dataset":"OpenStreetMap","license":"ODbL-1.0","record_id":"w1456722279@1","update_time":"2025-12-07T17:00:57.000Z","confidence":null,"between":null,"provider":"osm","resource":"planet","version":"2026-09-06T00:00:00.000Z"}],"is_underground":false,"has_parts":false,"version":1}},
{"id":"73b2a57e-caec-46bc-9f60-d4feaa187b58","type":"Feature","geometry":{"type":"Polygon","coordinates":[[[90.4121221,23.7404121],[90.4120386,23.7403938],[90.412063,23.7402932],[90.4122006,23.7403233],[90.4121857,23.7403872],[90.4122276,23.7403954],[90.4122425,23.7403315],[90.4123735,23.7403592],[90.4123469,23.7404655],[90.4122621,23.7404471],[90.4122574,23.7404653],[90.4123422,23.7404837],[90.4123195,23.7405724],[90.4121936,23.7405454],[90.4122092,23.7404803],[90.4121673,23.7404719],[90.4121517,23.740537],[90.4120089,23.7405064],[90.4120337,23.7404125],[90.4121172,23.7404308],[90.4121221,23.7404121]]]},"properties":{"sources":[{"property":"","dataset":"OpenStreetMap","license":"ODbL-1.0","record_id":"w983110725@1","update_time":"2021-09-14T05:49:22.000Z","confidence":null,"between":null,"provider":"osm","resource":"planet","version":"2026-09-06T00:00:00.000Z"}],"is_underground":false,"num_floors":12,"subtype":"residential","class":"apartments","has_parts":false,"version":1}},
{"id":"57068b4a-3b90-49ad-a6aa-646fbccee772","type":"Feature","geometry":{"type":"Polygon","coordinates":[[[90.4125346,23.740258999999998],[90.4125702,23.7402652],[90.4125551,23.7403343],[90.4125204,23.7403279],[90.4125346,23.740258999999998]]]},"properties":{"sources":[{"property":"","dataset":"Google Open Buildings","license":null,"record_id":"7MMGPCR7+427V","update_time":"2023-05-01T00:00:00.000Z","confidence":0.6631,"between":null,"provider":"google","resource":"open_buildings","version":"2024-04-16"}],"is_underground":false,"has_parts":false,"version":1}},
{"id":"5fed309e-ecb5-4bef-b182-b0f175a7daa5","type":"Feature","geometry":{"type":"Polygon","coordinates":[[[90.4126798,23.7403452],[90.4126035,23.7403299],[90.4126339,23.7402033],[90.4127101,23.7402186],[90.4126798,23.7403452]]]},"properties":{"sources":[{"property":"","dataset":"OpenStreetMap","license":"ODbL-1.0","record_id":"w1430626368@1","update_time":"2025-09-17T15:58:19.000Z","confidence":null,"between":null,"provider":"osm","resource":"planet","version":"2026-09-06T00:00:00.000Z"}],"is_underground":false,"has_parts":false,"version":2}},
{"id":"315adf2f-e0e1-41cb-981c-2667acb75fb5","type":"Feature","geometry":{"type":"Polygon","coordinates":[[[90.412465,23.7404799],[90.4123815,23.7404616],[90.4124058,23.7403611],[90.4125435,23.7403912],[90.4125286,23.7404551],[90.4125705,23.7404633],[90.4125854,23.7403994],[90.4127164,23.740427],[90.4126898,23.7405334],[90.412605,23.7405149],[90.4126003,23.7405331],[90.4126851,23.7405516],[90.4126624,23.7406402],[90.4125364,23.7406133],[90.4125521,23.7405481],[90.4125102,23.7405397],[90.4124946,23.7406048],[90.4123518,23.7405743],[90.4123766,23.7404804],[90.4124601,23.7404986],[90.412465,23.7404799]]]},"properties":{"sources":[{"property":"","dataset":"OpenStreetMap","license":"ODbL-1.0","record_id":"w983110726@1","update_time":"2021-09-14T05:49:22.000Z","confidence":null,"between":null,"provider":"osm","resource":"planet","version":"2026-09-06T00:00:00.000Z"}],"is_underground":false,"num_floors":12,"subtype":"residential","class":"apartments","has_parts":false,"version":1}},
{"id":"4fbd1089-e6c2-4b14-99fd-eff23c2c552d","type":"Feature","geometry":{"type":"Polygon","coordinates":[[[90.4125987,23.7407929],[90.4125207,23.7408563],[90.4124048,23.7407369],[90.4124827,23.7406735],[90.4125987,23.7407929]]]},"properties":{"names":{"primary":"Popular Diagnostic Centre- Unit 2","common":null,"rules":null},"sources":[{"property":"","dataset":"OpenStreetMap","license":"ODbL-1.0","record_id":"w610898381@3","update_time":"2021-09-14T05:49:22.000Z","confidence":null,"between":null,"provider":"osm","resource":"planet","version":"2026-09-06T00:00:00.000Z"}],"is_underground":false,"num_floors":10,"subtype":"medical","class":"hospital","has_parts":false,"version":1}},
{"id":"28c89b71-9b3a-4bd3-9cea-06a3d9324636","type":"Feature","geometry":{"type":"Polygon","coordinates":[[[90.4123511,23.7408272],[90.4124214,23.7407673],[90.4125134,23.7408576],[90.4124431,23.7409176],[90.4123511,23.7408272]]]},"properties":{"sources":[{"property":"","dataset":"OpenStreetMap","license":"ODbL-1.0","record_id":"w610898380@1","update_time":"2021-09-14T05:49:22.000Z","confidence":null,"between":null,"provider":"osm","resource":"planet","version":"2026-09-06T00:00:00.000Z"}],"is_underground":false,"num_floors":3,"has_parts":false,"version":1}},
{"id":"2e94c372-9b98-4071-bc00-972d29247ff9","type":"Feature","geometry":{"type":"Polygon","coordinates":[[[90.4125808,23.740885],[90.4125525,23.7408514],[90.4126462,23.7407855],[90.4126744,23.7408191],[90.4125808,23.740885]]]},"properties":{"sources":[{"property":"","dataset":"OpenStreetMap","license":"ODbL-1.0","record_id":"w1456722280@1","update_time":"2025-12-07T17:00:57.000Z","confidence":null,"between":null,"provider":"osm","resource":"planet","version":"2026-09-06T00:00:00.000Z"}],"is_underground":false,"has_parts":false,"version":1}},
{"id":"20997c24-e78d-42c9-b1c6-3fa58a721aa8","type":"Feature","geometry":{"type":"Polygon","coordinates":[[[90.4127324,23.7407023],[90.4126278,23.7407858],[90.4125124,23.7406753],[90.4127324,23.7407023]]]},"properties":{"sources":[{"property":"","dataset":"OpenStreetMap","license":"ODbL-1.0","record_id":"w610898382@1","update_time":"2021-09-14T05:49:22.000Z","confidence":null,"between":null,"provider":"osm","resource":"planet","version":"2026-09-06T00:00:00.000Z"}],"is_underground":false,"num_floors":8,"subtype":"commercial","class":"commercial","has_parts":false,"version":1}},
{"id":"0d45f05c-e67c-459c-a5b5-4f2c42f71f3b","type":"Feature","geometry":{"type":"Polygon","coordinates":[[[90.4128071,23.7406962],[90.4126917,23.7406723],[90.4127255,23.7405354],[90.4128056,23.7405519],[90.4127914,23.7406096],[90.4129138,23.7406349],[90.4128071,23.7406962]]]},"properties":{"sources":[{"property":"","dataset":"OpenStreetMap","license":"ODbL-1.0","record_id":"w983110727@1","update_time":"2021-09-14T05:49:22.000Z","confidence":null,"between":null,"provider":"osm","resource":"planet","version":"2026-09-06T00:00:00.000Z"}],"is_underground":false,"num_floors":8,"subtype":"commercial","class":"commercial","has_parts":false,"version":1}},
{"id":"c7934ef8-6cd5-4804-ad83-f5cde0d1b7b2","type":"Feature","geometry":{"type":"Polygon","coordinates":[[[90.412787,23.7403681],[90.4127107,23.7403528],[90.4127411,23.7402262],[90.4128173,23.7402415],[90.412787,23.7403681]]]},"properties":{"sources":[{"property":"","dataset":"OpenStreetMap","license":"ODbL-1.0","record_id":"w1442007278@1","update_time":"2025-10-13T19:35:24.000Z","confidence":null,"between":null,"provider":"osm","resource":"planet","version":"2026-09-06T00:00:00.000Z"}],"is_underground":false,"has_parts":false,"version":1}},
{"id":"3c34f702-adf2-4fb5-8c6e-b50507f54af8","type":"Feature","geometry":{"type":"Polygon","coordinates":[[[90.4128201,23.7402221],[90.4127438,23.7402068],[90.4127742,23.7400802],[90.4128504,23.7400955],[90.4128201,23.7402221]]]},"properties":{"sources":[{"property":"","dataset":"OpenStreetMap","license":"ODbL-1.0","record_id":"w1442007279@1","update_time":"2025-10-13T19:35:24.000Z","confidence":null,"between":null,"provider":"osm","resource":"planet","version":"2026-09-06T00:00:00.000Z"}],"is_underground":false,"has_parts":false,"version":1}},
{"id":"d4cca684-b023-4956-a57d-ab4676f2b4a4","type":"Feature","geometry":{"type":"Polygon","coordinates":[[[90.4128309,23.7399088],[90.4127209,23.7398996],[90.4127384,23.7397241],[90.4128483,23.7397332],[90.4128309,23.7399088]]]},"properties":{"sources":[{"property":"","dataset":"OpenStreetMap","license":"ODbL-1.0","record_id":"w506039026@1","update_time":"2022-07-26T19:36:06.000Z","confidence":null,"between":null,"provider":"osm","resource":"planet","version":"2026-09-06T00:00:00.000Z"}],"is_underground":false,"has_parts":false,"version":1}},
{"id":"a8949496-7f90-45fd-b7df-24f4896bf316","type":"Feature","geometry":{"type":"Polygon","coordinates":[[[90.4126364,23.7401625],[90.4124245,23.7401379],[90.4124342,23.7400675],[90.4126461,23.7400921],[90.4126364,23.7401625]]]},"properties":{"sources":[{"property":"","dataset":"OpenStreetMap","license":"ODbL-1.0","record_id":"w506038761@1","update_time":"2017-07-08T11:56:16.000Z","confidence":null,"between":null,"provider":"osm","resource":"planet","version":"2026-09-06T00:00:00.000Z"}],"is_underground":false,"has_parts":false,"version":1}},
{"id":"4e360aa4-e247-4034-8563-24b60ff8ffe0","type":"Feature","geometry":{"type":"Polygon","coordinates":[[[90.412702,23.7400303],[90.4125051,23.7400141],[90.4125334,23.7398326],[90.4125807,23.7398433],[90.4126059,23.73981],[90.4126729,23.7398535],[90.4126868,23.739902],[90.4127231,23.7399225],[90.4127178,23.739924],[90.412702,23.7400303]]]},"properties":{"sources":[{"property":"","dataset":"OpenStreetMap","license":"ODbL-1.0","record_id":"w369705052@1","update_time":"2017-07-08T11:56:36.000Z","confidence":null,"between":null,"provider":"osm","resource":"planet","version":"2026-09-06T00:00:00.000Z"}],"is_underground":false,"has_parts":false,"version":1}},
{"id":"cbfc72c7-d7d4-44bb-bfa0-02686553cc25","type":"Feature","geometry":{"type":"Polygon","coordinates":[[[90.4126807,23.7396959],[90.4124842,23.7396865],[90.4124907,23.7395728],[90.4126871,23.7395821],[90.4126807,23.7396959]]]},"properties":{"sources":[{"property":"","dataset":"OpenStreetMap","license":"ODbL-1.0","record_id":"w369707816@1","update_time":"2022-07-26T19:36:06.000Z","confidence":null,"between":null,"provider":"osm","resource":"planet","version":"2026-09-06T00:00:00.000Z"}],"is_underground":false,"has_parts":false,"version":1}},
{"id":"6bdfd21c-c48b-4641-ba39-a05e0b2a021c","type":"Feature","geometry":{"type":"Polygon","coordinates":[[[90.4124952,23.7395233],[90.412349,23.7395159],[90.4123558,23.7394021],[90.412502,23.7394095],[90.4124952,23.7395233]]]},"properties":{"sources":[{"property":"","dataset":"OpenStreetMap","license":"ODbL-1.0","record_id":"w506038931@1","update_time":"2022-07-26T19:36:06.000Z","confidence":null,"between":null,"provider":"osm","resource":"planet","version":"2026-09-06T00:00:00.000Z"}],"is_underground":false,"has_parts":false,"version":1}},
{"id":"42e19377-6698-4a38-bb95-e2b6a278381b","type":"Feature","geometry":{"type":"Polygon","coordinates":[[[90.4126996,23.7395327],[90.412536,23.7395237],[90.4125472,23.7394161],[90.4127093,23.7394271],[90.4126996,23.7395327]]]},"properties":{"sources":[{"property":"","dataset":"OpenStreetMap","license":"ODbL-1.0","record_id":"w369709394@1","update_time":"2022-07-26T19:36:06.000Z","confidence":null,"between":null,"provider":"osm","resource":"planet","version":"2026-09-06T00:00:00.000Z"}],"is_underground":false,"has_parts":false,"version":1}},
{"id":"165bc27a-c941-476b-8569-33ff87b4edcc","type":"Feature","geometry":{"type":"Polygon","coordinates":[[[90.4127948,23.7394587],[90.4127885,23.7395466],[90.412736,23.7395434],[90.4127422,23.7394555],[90.4127948,23.7394587]]]},"properties":{"sources":[{"property":"","dataset":"Google Open Buildings","license":null,"record_id":"7MMGPCQ7+R423","update_time":"2023-05-01T00:00:00.000Z","confidence":0.6732,"between":null,"provider":"google","resource":"open_buildings","version":"2024-04-16"}],"is_underground":false,"has_parts":false,"version":1}},
{"id":"f8d42a46-b149-4c1a-a063-ad5cf293bf96","type":"Feature","geometry":{"type":"Polygon","coordinates":[[[90.4129597,23.739695],[90.4128255,23.7396883],[90.4128319,23.7395798],[90.4129662,23.7395865],[90.4129597,23.739695]]]},"properties":{"sources":[{"property":"","dataset":"OpenStreetMap","license":"ODbL-1.0","record_id":"w369710578@1","update_time":"2022-07-26T19:36:06.000Z","confidence":null,"between":null,"provider":"osm","resource":"planet","version":"2026-09-06T00:00:00.000Z"}],"is_underground":false,"has_parts":false,"version":1}},
{"id":"8e671cc2-2043-42e2-862d-8565aaf71a97","type":"Feature","geometry":{"type":"Polygon","coordinates":[[[90.4130583,23.7395632],[90.4127994,23.7395485],[90.4128077,23.7394274],[90.4130665,23.7394421],[90.4130583,23.7395632]]]},"properties":{"sources":[{"property":"","dataset":"OpenStreetMap","license":"ODbL-1.0","record_id":"w506038935@1","update_time":"2022-07-26T19:36:06.000Z","confidence":null,"between":null,"provider":"osm","resource":"planet","version":"2026-09-06T00:00:00.000Z"}],"is_underground":false,"has_parts":false,"version":1}},
{"id":"030d63c7-d6b6-463c-aff8-d1b50a138728","type":"Feature","geometry":{"type":"Polygon","coordinates":[[[90.4130245,23.7401017],[90.41292,23.7400895],[90.4129294,23.740022],[90.4130338,23.7400341],[90.4130245,23.7401017]]]},"properties":{"sources":[{"property":"","dataset":"OpenStreetMap","license":"ODbL-1.0","record_id":"w1430646647@1","update_time":"2025-09-17T16:51:49.000Z","confidence":null,"between":null,"provider":"osm","resource":"planet","version":"2026-09-06T00:00:00.000Z"}],"is_underground":false,"has_parts":false,"version":1}},
{"id":"accf3f04-c39b-462e-a457-d721e3d29dfc","type":"Feature","geometry":{"type":"Polygon","coordinates":[[[90.4131435,23.7399048],[90.413132,23.7400038],[90.4129492,23.7399861],[90.4129607,23.739887],[90.4131435,23.7399048]]]},"properties":{"sources":[{"property":"","dataset":"OpenStreetMap","license":"ODbL-1.0","record_id":"w490283864@1","update_time":"2017-07-08T11:57:02.000Z","confidence":null,"between":null,"provider":"osm","resource":"planet","version":"2026-09-06T00:00:00.000Z"}],"is_underground":false,"has_parts":false,"version":1}},
{"id":"3230316d-78dd-4457-8382-3d05fbaaefc6","type":"Feature","geometry":{"type":"Polygon","coordinates":[[[90.4131109,23.7398735],[90.4129634,23.7398539],[90.4129746,23.7397837],[90.4131221,23.7398033],[90.4131109,23.7398735]]]},"properties":{"sources":[{"property":"","dataset":"OpenStreetMap","license":"ODbL-1.0","record_id":"w506039027@1","update_time":"2017-07-08T11:56:24.000Z","confidence":null,"between":null,"provider":"osm","resource":"planet","version":"2026-09-06T00:00:00.000Z"}],"is_underground":false,"has_parts":false,"version":1}},
{"id":"0cb9b32e-b329-4b19-aa2c-26d6d03893d9","type":"Feature","geometry":{"type":"Polygon","coordinates":[[[90.4132592,23.7400116],[90.4131549,23.740007],[90.4131604,23.7399037],[90.4132647,23.7399084],[90.4132592,23.7400116]]]},"properties":{"sources":[{"property":"","dataset":"OpenStreetMap","license":"ODbL-1.0","record_id":"w1430642229@1","update_time":"2025-09-17T16:34:42.000Z","confidence":null,"between":null,"provider":"osm","resource":"planet","version":"2026-09-06T00:00:00.000Z"}],"is_underground":false,"has_parts":false,"version":1}},
{"id":"42612447-d1e7-40d2-845a-2382e9d1d785","type":"Feature","geometry":{"type":"Polygon","coordinates":[[[90.4132333,23.7401311],[90.413259,23.7400386],[90.4133436,23.7400583],[90.4134789,23.7400897],[90.4134533,23.7401822],[90.4132333,23.7401311]]]},"properties":{"sources":[{"property":"","dataset":"OpenStreetMap","license":"ODbL-1.0","record_id":"w490283269@1","update_time":"2020-07-22T19:08:32.000Z","confidence":null,"between":null,"provider":"osm","resource":"planet","version":"2026-09-06T00:00:00.000Z"}],"is_underground":false,"has_parts":false,"version":1}},
{"id":"5dfb7bf4-0649-404f-b335-cdc6754e006b","type":"Feature","geometry":{"type":"Polygon","coordinates":[[[90.4132305,23.7398887],[90.4131552,23.7398883],[90.4131565,23.7397102],[90.4132318,23.7397107],[90.4132305,23.7398887]]]},"properties":{"sources":[{"property":"","dataset":"OpenStreetMap","license":"ODbL-1.0","record_id":"w506039029@1","update_time":"2017-07-08T11:56:24.000Z","confidence":null,"between":null,"provider":"osm","resource":"planet","version":"2026-09-06T00:00:00.000Z"}],"is_underground":false,"has_parts":false,"version":1}},
{"id":"c99724d9-ff01-4b45-96cc-78c4ac887f17","type":"Feature","geometry":{"type":"Polygon","coordinates":[[[90.4132366,23.7397015],[90.4131664,23.7396979],[90.4131694,23.7396493],[90.4132396,23.7396529],[90.4132366,23.7397015]]]},"properties":{"sources":[{"property":"","dataset":"OpenStreetMap","license":"ODbL-1.0","record_id":"w1430646630@1","update_time":"2025-09-17T16:51:49.000Z","confidence":null,"between":null,"provider":"osm","resource":"planet","version":"2026-09-06T00:00:00.000Z"}],"is_underground":false,"has_parts":false,"version":1}},
{"id":"88e16d60-fce4-43a5-95ad-eb1c1a555ec2","type":"Feature","geometry":{"type":"Polygon","coordinates":[[[90.4131939,23.7395955],[90.4131959,23.7395533],[90.4132358,23.739555],[90.4132384,23.7395017],[90.4132776,23.7395033],[90.413273,23.7395987],[90.4131939,23.7395955]]]},"properties":{"sources":[{"property":"","dataset":"OpenStreetMap","license":"ODbL-1.0","record_id":"w490284603@1","update_time":"2017-07-08T11:57:03.000Z","confidence":null,"between":null,"provider":"osm","resource":"planet","version":"2026-09-06T00:00:00.000Z"}],"is_underground":false,"has_parts":false,"version":1}},
{"id":"0b35872f-d434-47d2-8333-bad6ab79ecf0","type":"Feature","geometry":{"type":"Polygon","coordinates":[[[90.4130963,23.7395195],[90.4131861,23.7395179],[90.4131876,23.7395914],[90.4130978,23.739593],[90.4130963,23.7395195]]]},"properties":{"sources":[{"property":"","dataset":"Google Open Buildings","license":null,"record_id":"7MMGPCQ7+R7C8","update_time":"2023-05-01T00:00:00.000Z","confidence":0.8072,"between":null,"provider":"google","resource":"open_buildings","version":"2024-04-16"}],"is_underground":false,"has_parts":false,"version":1}},
{"id":"e66849db-c545-410f-a525-55665e30e4ab","type":"Feature","geometry":{"type":"Polygon","coordinates":[[[90.4132993,23.7394892],[90.4131888,23.739484],[90.4131931,23.7394078],[90.4133037,23.739413],[90.4132993,23.7394892]]]},"properties":{"sources":[{"property":"","dataset":"OpenStreetMap","license":"ODbL-1.0","record_id":"w490283956@1","update_time":"2017-07-08T11:57:02.000Z","confidence":null,"between":null,"provider":"osm","resource":"planet","version":"2026-09-06T00:00:00.000Z"}],"is_underground":false,"has_parts":false,"version":1}},
{"id":"ce424a22-bd25-453d-a957-0a4d2ab92b26","type":"Feature","geometry":{"type":"Polygon","coordinates":[[[90.4135057,23.7396227],[90.4133396,23.7396246],[90.4133517,23.7393865],[90.4135178,23.7393846],[90.4135057,23.7396227]]]},"properties":{"sources":[{"property":"","dataset":"OpenStreetMap","license":"ODbL-1.0","record_id":"w506038937@1","update_time":"2022-05-25T07:08:06.000Z","confidence":null,"between":null,"provider":"osm","resource":"planet","version":"2026-09-06T00:00:00.000Z"}],"is_underground":false,"has_parts":false,"version":1}},
{"id":"c35f71a3-a811-4c79-b204-3a4718020dde","type":"Feature","geometry":{"type":"Polygon","coordinates":[[[90.4134972,23.7398833],[90.4133215,23.7398747],[90.4133335,23.7396795],[90.4135132,23.7396868],[90.4134972,23.7398833]]]},"properties":{"sources":[{"property":"","dataset":"OpenStreetMap","license":"ODbL-1.0","record_id":"w450087649@1","update_time":"2022-05-25T07:08:06.000Z","confidence":null,"between":null,"provider":"osm","resource":"planet","version":"2026-09-06T00:00:00.000Z"}],"is_underground":false,"has_parts":false,"version":1}},
{"id":"2750b54a-e201-4545-afc8-20809657c078","type":"Feature","geometry":{"type":"Polygon","coordinates":[[[90.4137345,23.739629],[90.4135696,23.7396192],[90.4135843,23.7394031],[90.4137493,23.7394167],[90.4137345,23.739629]]]},"properties":{"sources":[{"property":"","dataset":"OpenStreetMap","license":"ODbL-1.0","record_id":"w450087815@1","update_time":"2025-10-28T18:13:41.000Z","confidence":null,"between":null,"provider":"osm","resource":"planet","version":"2026-09-06T00:00:00.000Z"}],"is_underground":false,"subtype":"residential","class":"apartments","has_parts":false,"version":2}},
{"id":"f2c7d9b7-9f9b-4c46-82eb-4bfb875aa420","type":"Feature","geometry":{"type":"Polygon","coordinates":[[[90.4138794,23.7394501],[90.4137959,23.7394465],[90.4137982,23.7393999],[90.4138817,23.7394034],[90.4138794,23.7394501]]]},"properties":{"sources":[{"property":"","dataset":"OpenStreetMap","license":"ODbL-1.0","record_id":"w1430642234@1","update_time":"2025-09-17T16:34:42.000Z","confidence":null,"between":null,"provider":"osm","resource":"planet","version":"2026-09-06T00:00:00.000Z"}],"is_underground":false,"has_parts":false,"version":1}},
{"id":"6a315714-475c-4b5b-802c-e83a3d090e4a","type":"Feature","geometry":{"type":"Polygon","coordinates":[[[90.4138278,23.7396225],[90.4137474,23.7396199],[90.4137534,23.7394636],[90.4138338,23.7394662],[90.4138278,23.7396225]]]},"properties":{"sources":[{"property":"","dataset":"OpenStreetMap","license":"ODbL-1.0","record_id":"w1445818549@1","update_time":"2025-10-28T18:13:41.000Z","confidence":null,"between":null,"provider":"osm","resource":"planet","version":"2026-09-06T00:00:00.000Z"}],"is_underground":false,"has_parts":false,"version":1}},
{"id":"f9b3c9eb-43cf-484f-90b5-7369eadeb9bf","type":"Feature","geometry":{"type":"Polygon","coordinates":[[[90.4138279,23.7396821],[90.4137022,23.7396766],[90.4137044,23.7396344],[90.4138301,23.7396399],[90.4138279,23.7396821]]]},"properties":{"sources":[{"property":"","dataset":"OpenStreetMap","license":"ODbL-1.0","record_id":"w1430642214@1","update_time":"2025-09-17T16:34:42.000Z","confidence":null,"between":null,"provider":"osm","resource":"planet","version":"2026-09-06T00:00:00.000Z"}],"is_underground":false,"has_parts":false,"version":1}},
{"id":"0fcecd26-9e6e-4892-a22a-034d9e4797c8","type":"Feature","geometry":{"type":"Polygon","coordinates":[[[90.4136412,23.7397876],[90.4136479,23.7396785],[90.4139254,23.7396926],[90.4139188,23.7398017],[90.4136412,23.7397876]]]},"properties":{"sources":[{"property":"","dataset":"OpenStreetMap","license":"ODbL-1.0","record_id":"w450087955@1","update_time":"2019-04-10T20:54:23.000Z","confidence":null,"between":null,"provider":"osm","resource":"planet","version":"2026-09-06T00:00:00.000Z"}],"is_underground":false,"has_parts":false,"version":1}},
{"id":"3655af14-0f97-46dd-95b7-ea3be9037d31","type":"Feature","geometry":{"type":"Polygon","coordinates":[[[90.4135714,23.7400548],[90.4135781,23.7399457],[90.4138556,23.7399598],[90.413849,23.7400689],[90.4135714,23.7400548]]]},"properties":{"sources":[{"property":"","dataset":"OpenStreetMap","license":"ODbL-1.0","record_id":"w1136693922@1","update_time":"2023-01-31T12:01:26.000Z","confidence":null,"between":null,"provider":"osm","resource":"planet","version":"2026-09-06T00:00:00.000Z"}],"is_underground":false,"has_parts":false,"version":1}},
{"id":"df94ba60-b64b-4065-bea4-940c0af0d695","type":"Feature","geometry":{"type":"Polygon","coordinates":[[[90.4138104,23.7398772],[90.4136665,23.7398706],[90.4136703,23.7398015],[90.4138142,23.7398081],[90.4138104,23.7398772]]]},"properties":{"sources":[{"property":"","dataset":"OpenStreetMap","license":"ODbL-1.0","record_id":"w1432323636@1","update_time":"2025-09-23T15:48:46.000Z","confidence":null,"between":null,"provider":"osm","resource":"planet","version":"2026-09-06T00:00:00.000Z"}],"is_underground":false,"has_parts":false,"version":1}},
{"id":"695eb060-e84b-4197-9be3-3818a70b7cd6","type":"Feature","geometry":{"type":"Polygon","coordinates":[[[90.4136519,23.7398707],[90.413569,23.7398675],[90.413572,23.7398033],[90.4136543,23.7398068],[90.4136519,23.7398707]]]},"properties":{"sources":[{"property":"","dataset":"OpenStreetMap","license":"ODbL-1.0","record_id":"w1449560150@1","update_time":"2025-11-11T02:45:54.000Z","confidence":null,"between":null,"provider":"osm","resource":"planet","version":"2026-09-06T00:00:00.000Z"}],"is_underground":false,"has_parts":false,"version":2}},
{"id":"97ce047a-6b1c-4d17-b375-e070796157ac","type":"Feature","geometry":{"type":"Polygon","coordinates":[[[90.413479,23.7399686],[90.4133107,23.7399567],[90.4133165,23.739888],[90.4134848,23.7398999],[90.413479,23.7399686]]]},"properties":{"sources":[{"property":"","dataset":"OpenStreetMap","license":"ODbL-1.0","record_id":"w1430626408@1","update_time":"2025-09-17T15:58:19.000Z","confidence":null,"between":null,"provider":"osm","resource":"planet","version":"2026-09-06T00:00:00.000Z"}],"is_underground":false,"has_parts":false,"version":1}},
{"id":"3eef7480-188b-4a67-9d6b-dbea8afaeedd","type":"Feature","geometry":{"type":"Polygon","coordinates":[[[90.4134408,23.7403564],[90.4133359,23.7403425],[90.413346,23.7402785],[90.4134515,23.7402888],[90.4134408,23.7403564]]]},"properties":{"sources":[{"property":"","dataset":"OpenStreetMap","license":"ODbL-1.0","record_id":"w1430645162@1","update_time":"2025-09-17T16:47:36.000Z","confidence":null,"between":null,"provider":"osm","resource":"planet","version":"2026-09-06T00:00:00.000Z"}],"is_underground":false,"has_parts":false,"version":1}},
{"id":"9e939e4e-8abe-4903-85de-a9ce2a4f79b1","type":"Feature","geometry":{"type":"Polygon","coordinates":[[[90.4134067,23.740649],[90.4134125,23.7405845],[90.4135639,23.7404902],[90.4135989,23.7404684],[90.4135882,23.7405875],[90.4137344,23.7405985],[90.4137237,23.7407174],[90.4135819,23.7407067],[90.4135831,23.7406931],[90.4134804,23.7406853],[90.413474,23.7407565],[90.4134234,23.7407527],[90.4134298,23.7406817],[90.4134173,23.7406807],[90.4134201,23.74065],[90.4134067,23.740649]]]},"properties":{"names":{"primary":"Navana Somerset","common":null,"rules":null},"sources":[{"property":"","dataset":"OpenStreetMap","license":"ODbL-1.0","record_id":"w479896639@8","update_time":"2021-10-15T11:20:45.000Z","confidence":null,"between":null,"provider":"osm","resource":"planet","version":"2026-09-06T00:00:00.000Z"}],"is_underground":false,"num_floors":19,"subtype":"residential","class":"apartments","has_parts":false,"version":1}},
{"id":"37f79d17-bfae-41ce-8ac8-e9f71a393331","type":"Feature","geometry":{"type":"Polygon","coordinates":[[[90.413623,23.740469],[90.413614,23.7404574],[90.4137879,23.7403437],[90.4137922,23.7403492],[90.413797,23.7403552],[90.413623,23.740469]]]},"properties":{"sources":[{"property":"","dataset":"OpenStreetMap","license":"ODbL-1.0","record_id":"w981835823@4","update_time":"2023-08-28T15:05:13.000Z","confidence":null,"between":null,"provider":"osm","resource":"planet","version":"2026-09-06T00:00:00.000Z"}],"is_underground":false,"num_floors":1,"subtype":"commercial","class":"retail","has_parts":false,"version":1}},
{"id":"0943c95a-ac89-4dd8-9219-b4aee535b93c","type":"Feature","geometry":{"type":"Polygon","coordinates":[[[90.4137995,23.7405644],[90.4137158,23.7405581],[90.4137198,23.7405132],[90.4138035,23.7405196],[90.4137995,23.7405644]]]},"properties":{"sources":[{"property":"","dataset":"OpenStreetMap","license":"ODbL-1.0","record_id":"w1456722278@1","update_time":"2025-12-07T17:00:57.000Z","confidence":null,"between":null,"provider":"osm","resource":"planet","version":"2026-09-06T00:00:00.000Z"}],"is_underground":false,"has_parts":false,"version":1}},
{"id":"ce101dae-99e8-4c5c-b4ef-b173ea926686","type":"Feature","geometry":{"type":"Polygon","coordinates":[[[90.413626,23.7404766],[90.4137139,23.7404792],[90.4137123,23.7405262],[90.4136244,23.7405236],[90.413626,23.7404766]]]},"properties":{"sources":[{"property":"","dataset":"Google Open Buildings","license":null,"record_id":"7MMGPCR7+6F33","update_time":"2023-05-01T00:00:00.000Z","confidence":0.7533,"between":null,"provider":"google","resource":"open_buildings","version":"2024-04-16"}],"is_underground":false,"has_parts":false,"version":1}},
{"id":"3ac08ac1-fae6-4aac-8195-3c308e04248c","type":"Feature","geometry":{"type":"Polygon","coordinates":[[[90.413619,23.7405411],[90.4137103,23.7405331],[90.413715,23.7405793],[90.4136237,23.7405872],[90.413619,23.7405411]]]},"properties":{"sources":[{"property":"","dataset":"Google Open Buildings","license":null,"record_id":"7MMGPCR7+6FFF","update_time":"2023-05-01T00:00:00.000Z","confidence":0.7012,"between":null,"provider":"google","resource":"open_buildings","version":"2024-04-16"}],"is_underground":false,"has_parts":false,"version":1}},
{"id":"11340775-c162-4e3d-b5c0-fa8e3b64712f","type":"Feature","geometry":{"type":"Polygon","coordinates":[[[90.413762,23.7406999],[90.4137284,23.7406974],[90.4137331,23.7406441],[90.4137667,23.7406466],[90.413762,23.7406999]]]},"properties":{"sources":[{"property":"","dataset":"OpenStreetMap","license":"ODbL-1.0","record_id":"w1430642239@1","update_time":"2025-09-17T16:34:42.000Z","confidence":null,"between":null,"provider":"osm","resource":"planet","version":"2026-09-06T00:00:00.000Z"}],"is_underground":false,"has_parts":false,"version":1}},
{"id":"9ce599f0-6f71-47be-83d9-46bd674384c9","type":"Feature","geometry":{"type":"Polygon","coordinates":[[[90.4138559,23.7408713],[90.4137514,23.7408641],[90.4137721,23.7406162],[90.4139036,23.7406254],[90.413886,23.7408357],[90.4138591,23.7408338],[90.4138559,23.7408713]]]},"properties":{"sources":[{"property":"","dataset":"OpenStreetMap","license":"ODbL-1.0","record_id":"w479895987@4","update_time":"2021-09-10T19:15:57.000Z","confidence":null,"between":null,"provider":"osm","resource":"planet","version":"2026-09-06T00:00:00.000Z"}],"is_underground":false,"num_floors":4,"has_parts":false,"version":1}},
{"id":"815cbb94-bcdd-4a58-8127-1f77e27fc8e3","type":"Feature","geometry":{"type":"Polygon","coordinates":[[[90.4138661,23.740951],[90.4137529,23.7409454],[90.413757,23.7408753],[90.4138702,23.7408809],[90.4138661,23.740951]]]},"properties":{"sources":[{"property":"","dataset":"OpenStreetMap","license":"ODbL-1.0","record_id":"w981835815@2","update_time":"2021-09-12T06:29:58.000Z","confidence":null,"between":null,"provider":"osm","resource":"planet","version":"2026-09-06T00:00:00.000Z"}],"is_underground":false,"num_floors":4,"subtype":"residential","class":"residential","has_parts":false,"version":1}},
{"id":"d81e5c11-767e-4f20-bc8f-60b259d1fa0d","type":"Feature","geometry":{"type":"Polygon","coordinates":[[[90.4137461,23.7409434],[90.4136711,23.7409404],[90.4136802,23.74075],[90.4137552,23.740753],[90.4137461,23.7409434]]]},"properties":{"sources":[{"property":"","dataset":"OpenStreetMap","license":"ODbL-1.0","record_id":"w981835814@4","update_time":"2023-08-28T15:05:13.000Z","confidence":null,"between":null,"provider":"osm","resource":"planet","version":"2026-09-06T00:00:00.000Z"}],"is_underground":false,"num_floors":4,"subtype":"residential","class":"residential","has_parts":false,"version":1}},
{"id":"908d968b-a8fa-4086-afb1-80fed1613f68","type":"Feature","geometry":{"type":"Polygon","coordinates":[[[90.4136628,23.7409382],[90.4135836,23.7409347],[90.4135938,23.7407456],[90.4136731,23.7407492],[90.4136628,23.7409382]]]},"properties":{"sources":[{"property":"","dataset":"OpenStreetMap","license":"ODbL-1.0","record_id":"w981835813@2","update_time":"2025-09-17T16:34:42.000Z","confidence":null,"between":null,"provider":"osm","resource":"planet","version":"2026-09-06T00:00:00.000Z"}],"is_underground":false,"has_parts":false,"version":1}},
{"id":"ffa391aa-4733-4dd1-8089-d84cdda6e10c","type":"Feature","geometry":{"type":"Polygon","coordinates":[[[90.4135789,23.7409339],[90.4134932,23.7409307],[90.4135016,23.7407392],[90.4135874,23.7407423],[90.4135789,23.7409339]]]},"properties":{"sources":[{"property":"","dataset":"OpenStreetMap","license":"ODbL-1.0","record_id":"w981835812@2","update_time":"2021-09-12T06:29:58.000Z","confidence":null,"between":null,"provider":"osm","resource":"planet","version":"2026-09-06T00:00:00.000Z"}],"is_underground":false,"num_floors":4,"subtype":"residential","class":"residential","has_parts":false,"version":1}},
{"id":"967d6092-b6b8-4ccf-9191-69a3be5f0add","type":"Feature","geometry":{"type":"Polygon","coordinates":[[[90.4134878,23.7409278],[90.4133931,23.7409253],[90.4133973,23.7407868],[90.4134921,23.7407893],[90.4134878,23.7409278]]]},"properties":{"sources":[{"property":"","dataset":"OpenStreetMap","license":"ODbL-1.0","record_id":"w981835811@2","update_time":"2021-09-12T06:29:58.000Z","confidence":null,"between":null,"provider":"osm","resource":"planet","version":"2026-09-06T00:00:00.000Z"}],"is_underground":false,"num_floors":5,"subtype":"residential","class":"residential","has_parts":false,"version":1}},
{"id":"ad8e0ba7-e200-4394-95c1-e9b4eba53f0c","type":"Feature","geometry":{"type":"Polygon","coordinates":[[[90.4134649,23.7410917],[90.4132819,23.7410793],[90.4132914,23.7409609],[90.4134744,23.7409733],[90.4134649,23.7410917]]]},"properties":{"names":{"primary":"kazi Manzil","common":null,"rules":null},"sources":[{"property":"","dataset":"OpenStreetMap","license":"ODbL-1.0","record_id":"w981310492@3","update_time":"2021-09-12T06:58:24.000Z","confidence":null,"between":null,"provider":"osm","resource":"planet","version":"2026-09-06T00:00:00.000Z"}],"is_underground":false,"num_floors":4,"subtype":"residential","class":"residential","has_parts":false,"version":1}},
{"id":"c5da6840-2e43-49e0-bbca-99e5dd2a1a34","type":"Feature","geometry":{"type":"Polygon","coordinates":[[[90.4131887,23.7408855],[90.4131875,23.7408518],[90.41339,23.7408496],[90.4133909,23.7409232],[90.4132486,23.7409248],[90.4132259,23.7409186],[90.4132086,23.7409101],[90.4131976,23.7409006],[90.4131887,23.7408855]]]},"properties":{"sources":[{"property":"","dataset":"OpenStreetMap","license":"ODbL-1.0","record_id":"w981835810@5","update_time":"2023-08-28T15:05:13.000Z","confidence":null,"between":null,"provider":"osm","resource":"planet","version":"2026-09-06T00:00:00.000Z"}],"is_underground":false,"num_floors":4,"subtype":"residential","class":"residential","has_parts":false,"version":1}},
{"id":"ca1ac17a-87ce-4778-a732-7dd638fbb774","type":"Feature","geometry":{"type":"Polygon","coordinates":[[[90.4132667,23.7410262],[90.4131285,23.7410184],[90.4131563,23.7409511],[90.4132716,23.7409575],[90.4132667,23.7410262]]]},"properties":{"sources":[{"property":"","dataset":"OpenStreetMap","license":"ODbL-1.0","record_id":"w981007434@4","update_time":"2023-08-28T15:05:13.000Z","confidence":null,"between":null,"provider":"osm","resource":"planet","version":"2026-09-06T00:00:00.000Z"}],"is_underground":false,"num_floors":4,"subtype":"residential","class":"residential","has_parts":false,"version":1}},
{"id":"6adf971c-b113-4a9a-a573-6b73902e85d6","type":"Feature","geometry":{"type":"Polygon","coordinates":[[[90.4133009,23.7408457],[90.4131869,23.7408445],[90.4131869,23.740726],[90.4132439,23.7406843],[90.4133036,23.7406536],[90.4133009,23.7408457]]]},"properties":{"sources":[{"property":"","dataset":"OpenStreetMap","license":"ODbL-1.0","record_id":"w981835807@4","update_time":"2023-08-28T15:05:13.000Z","confidence":null,"between":null,"provider":"osm","resource":"planet","version":"2026-09-06T00:00:00.000Z"}],"is_underground":false,"num_floors":6,"has_parts":false,"version":1}},
{"id":"6b4eea60-c6b9-463a-b34d-7e4bbed5c83a","type":"Feature","geometry":{"type":"Polygon","coordinates":[[[90.4133846,23.7408382],[90.4133058,23.7408369],[90.4133091,23.7406666],[90.4133879,23.7406679],[90.4133846,23.7408382]]]},"properties":{"sources":[{"property":"","dataset":"OpenStreetMap","license":"ODbL-1.0","record_id":"w981835808@4","update_time":"2023-08-28T15:05:13.000Z","confidence":null,"between":null,"provider":"osm","resource":"planet","version":"2026-09-06T00:00:00.000Z"}],"is_underground":false,"num_floors":6,"has_parts":false,"version":1}},
{"id":"a82a93e1-9c4d-4474-94ba-101ffc5e5c34","type":"Feature","geometry":{"type":"Polygon","coordinates":[[[90.4133879,23.7406679],[90.4133091,23.7406666],[90.413309,23.7406524],[90.4133915,23.7405959],[90.4133879,23.7406679]]]},"properties":{"sources":[{"property":"","dataset":"OpenStreetMap","license":"ODbL-1.0","record_id":"w981835809@3","update_time":"2022-09-07T16:57:58.000Z","confidence":null,"between":null,"provider":"osm","resource":"planet","version":"2026-09-06T00:00:00.000Z"}],"is_underground":false,"num_floors":2,"has_parts":false,"version":1}},
{"id":"861dc747-1aea-4263-bea0-494a3489c896","type":"Feature","geometry":{"type":"Polygon","coordinates":[[[90.4133243,23.7403595],[90.4132286,23.740354],[90.4132324,23.7402983],[90.4133281,23.7403037],[90.4133243,23.7403595]]]},"properties":{"sources":[{"property":"","dataset":"OpenStreetMap","license":"ODbL-1.0","record_id":"w1456722277@1","update_time":"2025-12-07T17:00:57.000Z","confidence":null,"between":null,"provider":"osm","resource":"planet","version":"2026-09-06T00:00:00.000Z"}],"is_underground":false,"has_parts":false,"version":1}},
{"id":"4747e30b-4e41-4033-be34-c1db9192d0a3","type":"Feature","geometry":{"type":"Polygon","coordinates":[[[90.4131622,23.7405007],[90.4131022,23.7405059],[90.4130898,23.7403851],[90.413151,23.7403798],[90.4131492,23.7403627],[90.4130261,23.7403733],[90.413017,23.7402847],[90.4131165,23.7402761],[90.4131149,23.7402604],[90.4130554,23.7402656],[90.4130392,23.7401079],[90.4131807,23.7400957],[90.413218,23.7404585],[90.4131583,23.740463600000002],[90.4131622,23.7405007]]]},"properties":{"sources":[{"property":"","dataset":"OpenStreetMap","license":"ODbL-1.0","record_id":"w490281794@4","update_time":"2021-10-15T11:20:45.000Z","confidence":null,"between":null,"provider":"osm","resource":"planet","version":"2026-09-06T00:00:00.000Z"}],"is_underground":false,"num_floors":10,"has_parts":false,"version":1}},
{"id":"487fa06f-ec1c-4728-b29e-3d1ba93e97da","type":"Feature","geometry":{"type":"Polygon","coordinates":[[[90.4129777,23.7403786],[90.4128369,23.7403587],[90.4128785,23.7401131],[90.4130192,23.7401331],[90.4129777,23.7403786]]]},"properties":{"sources":[{"property":"","dataset":"OpenStreetMap","license":"ODbL-1.0","record_id":"w506039025@3","update_time":"2021-10-15T11:20:45.000Z","confidence":null,"between":null,"provider":"osm","resource":"planet","version":"2026-09-06T00:00:00.000Z"}],"is_underground":false,"num_floors":10,"has_parts":false,"version":1}},
{"id":"7b5b2486-cb55-4012-860e-82d652fe393b","type":"Feature","geometry":{"type":"Polygon","coordinates":[[[90.4129363,23.7406264],[90.4128135,23.7406011],[90.4128538,23.7404368],[90.4130115,23.7404692],[90.4129795,23.7406018],[90.4129598,23.7406027],[90.4129363,23.7406264]]]},"properties":{"sources":[{"property":"","dataset":"OpenStreetMap","license":"ODbL-1.0","record_id":"w369704950@3","update_time":"2021-09-14T05:49:22.000Z","confidence":null,"between":null,"provider":"osm","resource":"planet","version":"2026-09-06T00:00:00.000Z"}],"is_underground":false,"num_floors":6,"subtype":"commercial","class":"commercial","has_parts":false,"version":1}},
{"id":"82c906cc-4ce4-4290-9cda-f1806dc5f0ef","type":"Feature","geometry":{"type":"Polygon","coordinates":[[[90.4131634,23.7407395],[90.4131471,23.7408257],[90.4130769,23.7408113],[90.4131634,23.7407395]]]},"properties":{"sources":[{"property":"","dataset":"OpenStreetMap","license":"ODbL-1.0","record_id":"w1092674571@1","update_time":"2022-09-07T16:57:42.000Z","confidence":null,"between":null,"provider":"osm","resource":"planet","version":"2026-09-06T00:00:00.000Z"}],"is_underground":false,"num_floors":2,"subtype":"commercial","class":"commercial","has_parts":false,"version":1}},
{"id":"468d3b40-0377-480f-aaaf-ba37d97a068a","type":"Feature","geometry":{"type":"Polygon","coordinates":[[[90.4129321,23.7416024],[90.412886,23.7416001],[90.4128931,23.7414868],[90.4130768,23.7414938],[90.4130704,23.7416094],[90.4130243,23.741607],[90.4130142,23.7416031],[90.413004,23.7415998],[90.4129917,23.7415973],[90.4129785,23.7415963],[90.4129673,23.7415961],[90.4129557,23.7415974],[90.4129444,23.7415995],[90.4129321,23.7416024]]]},"properties":{"sources":[{"property":"","dataset":"OpenStreetMap","license":"ODbL-1.0","record_id":"w980575462@2","update_time":"2021-09-09T18:19:04.000Z","confidence":null,"between":null,"provider":"osm","resource":"planet","version":"2026-09-06T00:00:00.000Z"}],"is_underground":false,"num_floors":1,"has_parts":false,"version":1}},
{"id":"2b25ef67-cfde-49ac-b84a-0248476a4697","type":"Feature","geometry":{"type":"Polygon","coordinates":[[[90.4130564,23.7418086],[90.4130526,23.7418737],[90.4130047,23.7418716],[90.4129982,23.7418767],[90.4129899,23.7418813],[90.4129766,23.7418838],[90.4129617,23.7418854],[90.412948,23.7418823],[90.4129371,23.7418782],[90.4129284,23.7418733],[90.4129209,23.7418675],[90.4128789,23.7418654],[90.4128801,23.7418456],[90.4128712,23.7418451],[90.412874,23.7417994],[90.4128634,23.7417987],[90.4128672,23.7417527],[90.4128767,23.7417536],[90.4128822,23.741662],[90.4128767,23.7416618],[90.4128791,23.741629],[90.4128842,23.7416291],[90.412886,23.7416001],[90.4129321,23.7416024],[90.4129444,23.7415995],[90.4129557,23.7415974],[90.4129673,23.7415961],[90.4129785,23.7415963],[90.4129917,23.7415973],[90.413004,23.7415998],[90.4130142,23.7416031],[90.4130243,23.741607],[90.4130704,23.7416094],[90.4130682,23.7416463],[90.4130772,23.7416468],[90.4130754,23.7416776],[90.4130668,23.7416772],[90.4130615,23.7417661],[90.4130678,23.7417664],[90.4130652,23.7418093],[90.4130564,23.7418086]]]},"properties":{"names":{"primary":"Pankouri","common":null,"rules":null},"sources":[{"property":"","dataset":"OpenStreetMap","license":"ODbL-1.0","record_id":"w980575461@3","update_time":"2021-09-09T18:19:04.000Z","confidence":null,"between":null,"provider":"osm","resource":"planet","version":"2026-09-06T00:00:00.000Z"}],"is_underground":false,"num_floors":9,"subtype":"residential","class":"apartments","has_parts":false,"version":1}},
{"id":"125096c4-bc48-41dd-a221-2bf3adbb2636","type":"Feature","geometry":{"type":"Polygon","coordinates":[[[90.4130887,23.7416103],[90.4130704,23.7416094],[90.4130768,23.7414938],[90.4132448,23.7414987],[90.4132385,23.7416157],[90.413201,23.7416143],[90.4131947,23.7416097],[90.4131869,23.7416052],[90.4131772,23.741602],[90.4131667,23.741601],[90.4131557,23.7416013],[90.4131442,23.7416038],[90.4131352,23.7416073],[90.4131261,23.7416116],[90.4130887,23.7416103]]]},"properties":{"sources":[{"property":"","dataset":"OpenStreetMap","license":"ODbL-1.0","record_id":"w980575464@2","update_time":"2021-09-09T18:19:04.000Z","confidence":null,"between":null,"provider":"osm","resource":"planet","version":"2026-09-06T00:00:00.000Z"}],"is_underground":false,"num_floors":1,"has_parts":false,"version":1}},
{"id":"cd153b68-ae90-4716-95ff-032c2170ab9d","type":"Feature","geometry":{"type":"Polygon","coordinates":[[[90.413201,23.7416143],[90.4132385,23.7416157],[90.4132186,23.7419113],[90.4132006,23.7419123],[90.4131803,23.7419128],[90.4131628,23.7419108],[90.4131436,23.7419031],[90.4131271,23.7418962],[90.4131154,23.7418918],[90.4131143,23.7418826],[90.4130677,23.7418815],[90.4130692,23.741861],[90.4130762,23.741861],[90.4130887,23.7416103],[90.4131261,23.7416116],[90.4131352,23.7416073],[90.4131442,23.7416038],[90.4131557,23.7416013],[90.4131667,23.741601],[90.4131772,23.741602],[90.4131869,23.7416052],[90.4131947,23.7416097],[90.413201,23.7416143]]]},"properties":{"names":{"primary":"Chandramallika","common":null,"rules":null},"sources":[{"property":"","dataset":"OpenStreetMap","license":"ODbL-1.0","record_id":"w980575463@3","update_time":"2021-09-09T18:19:04.000Z","confidence":null,"between":null,"provider":"osm","resource":"planet","version":"2026-09-06T00:00:00.000Z"}],"is_underground":false,"num_floors":9,"subtype":"residential","class":"apartments","has_parts":false,"version":1}},
{"id":"e8de4d59-16e7-40be-8204-ecc0c1c05ea2","type":"Feature","geometry":{"type":"Polygon","coordinates":[[[90.4133015,23.7419615],[90.4132198,23.7419564],[90.4132375,23.7417194],[90.4133192,23.7417245],[90.4133015,23.7419615]]]},"properties":{"sources":[{"property":"","dataset":"OpenStreetMap","license":"ODbL-1.0","record_id":"w980575467@3","update_time":"2023-08-28T15:05:13.000Z","confidence":null,"between":null,"provider":"osm","resource":"planet","version":"2026-09-06T00:00:00.000Z"}],"is_underground":false,"num_floors":6,"has_parts":false,"version":1}},
{"id":"6b8031ac-dd21-4879-8f0c-f465f5e84ce1","type":"Feature","geometry":{"type":"Polygon","coordinates":[[[90.413242,23.7417134],[90.4132563,23.741498],[90.4133337,23.7415023],[90.4133195,23.7417177],[90.413242,23.7417134]]]},"properties":{"sources":[{"property":"","dataset":"OpenStreetMap","license":"ODbL-1.0","record_id":"w932285194@4","update_time":"2025-01-11T00:49:18.000Z","confidence":null,"between":null,"provider":"osm","resource":"planet","version":"2026-09-06T00:00:00.000Z"}],"is_underground":false,"num_floors":8,"subtype":"residential","class":"apartments","has_parts":false,"version":1}},
{"id":"90f88136-3209-40f8-ba06-53a7418c23a7","type":"Feature","geometry":{"type":"Polygon","coordinates":[[[90.4134323,23.741426],[90.4133068,23.7414238],[90.4133093,23.7413103],[90.4134348,23.7413126],[90.4134323,23.741426]]]},"properties":{"names":{"primary":"Sirajul Manzil","common":null,"rules":null},"sources":[{"property":"","dataset":"OpenStreetMap","license":"ODbL-1.0","record_id":"w981310498@1","update_time":"2021-09-09T16:32:42.000Z","confidence":null,"between":null,"provider":"osm","resource":"planet","version":"2026-09-06T00:00:00.000Z"}],"is_underground":false,"num_floors":4,"subtype":"residential","class":"residential","has_parts":false,"version":1}},
{"id":"7f75fe1f-d3e5-4436-9d2a-91fc76ff063f","type":"Feature","geometry":{"type":"Polygon","coordinates":[[[90.4133007,23.7414241],[90.4132424,23.7414252],[90.4132394,23.7413151],[90.4132981,23.7413139],[90.4133007,23.7414241]]]},"properties":{"sources":[{"property":"","dataset":"OpenStreetMap","license":"ODbL-1.0","record_id":"w981310499@3","update_time":"2023-08-28T15:05:13.000Z","confidence":null,"between":null,"provider":"osm","resource":"planet","version":"2026-09-06T00:00:00.000Z"}],"is_underground":false,"num_floors":2,"subtype":"residential","class":"residential","has_parts":false,"version":1}},
{"id":"6f1cdd6f-bb95-4e84-921c-fbb48619e69d","type":"Feature","geometry":{"type":"Polygon","coordinates":[[[90.4132428,23.741439],[90.4131591,23.7414409],[90.4131557,23.741317],[90.4132394,23.7413151],[90.4132424,23.7414252],[90.4132428,23.741439]]]},"properties":{"sources":[{"property":"","dataset":"OpenStreetMap","license":"ODbL-1.0","record_id":"w981310497@3","update_time":"2023-08-28T15:05:13.000Z","confidence":null,"between":null,"provider":"osm","resource":"planet","version":"2026-09-06T00:00:00.000Z"}],"is_underground":false,"num_floors":4,"subtype":"residential","class":"residential","has_parts":false,"version":1}},
{"id":"4f92848b-6b84-4a81-b462-639db567eff4","type":"Feature","geometry":{"type":"Polygon","coordinates":[[[90.4131285,23.7410184],[90.4132667,23.7410262],[90.4132628,23.7410842],[90.4131247,23.7410764],[90.4131285,23.7410184]]]},"properties":{"sources":[{"property":"","dataset":"OpenStreetMap","license":"ODbL-1.0","record_id":"w981310488@3","update_time":"2023-08-28T15:05:13.000Z","confidence":null,"between":null,"provider":"osm","resource":"planet","version":"2026-09-06T00:00:00.000Z"}],"is_underground":false,"num_floors":4,"subtype":"residential","class":"residential","has_parts":false,"version":1}},
{"id":"6b6107c6-abc7-429d-b762-4d1a06d903f8","type":"Feature","geometry":{"type":"Polygon","coordinates":[[[90.4132889,23.7412982],[90.4131526,23.7413066],[90.4131325,23.7410873],[90.4132704,23.7410916],[90.4132735,23.7411875],[90.4134591,23.7411945],[90.4134527,23.7413017],[90.4132889,23.7412982]]]},"properties":{"sources":[{"property":"","dataset":"OpenStreetMap","license":"ODbL-1.0","record_id":"w981310490@3","update_time":"2023-08-28T15:05:13.000Z","confidence":null,"between":null,"provider":"osm","resource":"planet","version":"2026-09-06T00:00:00.000Z"}],"is_underground":false,"num_floors":10,"subtype":"residential","class":"residential","has_parts":false,"version":1}},
{"id":"1b63acb1-10ec-4f30-9381-49302f7cd934","type":"Feature","geometry":{"type":"Polygon","coordinates":[[[90.4134596,23.7411836],[90.4132911,23.7411794],[90.4132936,23.7410947],[90.4134621,23.7410989],[90.4134596,23.7411836]]]},"properties":{"sources":[{"property":"","dataset":"OpenStreetMap","license":"ODbL-1.0","record_id":"w981310491@3","update_time":"2023-08-28T15:05:13.000Z","confidence":null,"between":null,"provider":"osm","resource":"planet","version":"2026-09-06T00:00:00.000Z"}],"is_underground":false,"num_floors":6,"subtype":"residential","class":"residential","has_parts":false,"version":1}},
{"id":"d519a76b-367d-4231-b34e-6e50973f807f","type":"Feature","geometry":{"type":"Polygon","coordinates":[[[90.4134568,23.7414403],[90.4134434,23.7414398],[90.4134487,23.7413209],[90.4134613,23.7413214],[90.4134667,23.7411992],[90.4135832,23.7412035],[90.4135829,23.7412091],[90.4135914,23.7412094],[90.4135911,23.7412182],[90.4136001,23.7412185],[90.4135972,23.7412969],[90.4135865,23.7412965],[90.4135842,23.7413595],[90.4135737,23.7413592],[90.4135707,23.7414451],[90.4135608,23.7414448],[90.4135606,23.7414507],[90.4135416,23.7414501],[90.4135418,23.7414449],[90.4135325,23.7414446],[90.4135323,23.7414506],[90.4134926,23.7414492],[90.4134928,23.7414432],[90.4134833,23.7414429],[90.413483,23.7414496],[90.4134565,23.7414486],[90.4134568,23.7414403]]]},"properties":{"names":{"primary":"Paradise M.A. Khan Garden","common":null,"rules":null},"sources":[{"property":"","dataset":"OpenStreetMap","license":"ODbL-1.0","record_id":"w447183774@5","update_time":"2021-10-06T14:37:41.000Z","confidence":null,"between":null,"provider":"osm","resource":"planet","version":"2026-09-06T00:00:00.000Z"}],"is_underground":false,"num_floors":6,"subtype":"residential","class":"apartments","has_parts":false,"version":1}},
{"id":"bfaa18ad-ef63-46da-a114-3f35b454c1b9","type":"Feature","geometry":{"type":"Polygon","coordinates":[[[90.4135944,23.7411886],[90.4134706,23.7411797],[90.413489,23.7409654],[90.4136128,23.7409743],[90.4135944,23.7411886]]]},"properties":{"names":{"primary":"Bokul","common":null,"rules":null},"sources":[{"property":"","dataset":"OpenStreetMap","license":"ODbL-1.0","record_id":"w981310493@1","update_time":"2021-09-09T16:32:42.000Z","confidence":null,"between":null,"provider":"osm","resource":"planet","version":"2026-09-06T00:00:00.000Z"}],"is_underground":false,"num_floors":6,"subtype":"residential","class":"residential","has_parts":false,"version":1}},
{"id":"e4b80857-3d0b-4b5a-a5be-94f61af4e139","type":"Feature","geometry":{"type":"Polygon","coordinates":[[[90.4136351,23.7410052],[90.4136371,23.7409804],[90.4136622,23.7409822],[90.4136629,23.740974],[90.4137174,23.7409778],[90.4137165,23.7409882],[90.4137398,23.7409898],[90.4137234,23.7411899],[90.4137181,23.7411895],[90.4137171,23.7412015],[90.41368,23.7411989],[90.4136804,23.741194],[90.413653,23.7411921],[90.4136528,23.7411947],[90.4136198,23.7411925],[90.4136202,23.7411865],[90.4136163,23.7411862],[90.413619,23.7411535],[90.413616,23.7411533],[90.4136283,23.7410047],[90.4136351,23.7410052]]]},"properties":{"names":{"primary":"Dara's Paradise","common":null,"rules":null},"sources":[{"property":"","dataset":"OpenStreetMap","license":"ODbL-1.0","record_id":"w981310494@1","update_time":"2021-09-09T16:32:42.000Z","confidence":null,"between":null,"provider":"osm","resource":"planet","version":"2026-09-06T00:00:00.000Z"}],"is_underground":false,"num_floors":6,"subtype":"residential","class":"residential","has_parts":false,"version":1}},
{"id":"06c333ab-4b10-4a5f-9794-83566cd674b0","type":"Feature","geometry":{"type":"Polygon","coordinates":[[[90.41375,23.7410705],[90.4137541,23.7410047],[90.4138541,23.7410099],[90.413852,23.7410665],[90.4138692,23.7410686],[90.4138726,23.7410109],[90.4139751,23.7410162],[90.4139711,23.7410805],[90.4138907,23.7410765],[90.4138887,23.7410958],[90.4139699,23.7411002],[90.4139661,23.7411622],[90.4139061,23.741159],[90.4139046,23.7411765],[90.4139649,23.7411813],[90.4139609,23.7412462],[90.4137399,23.7412348],[90.4137435,23.7411714],[90.4137983,23.7411725],[90.4137999,23.7411564],[90.4137448,23.7411552],[90.4137489,23.7410887],[90.4138314,23.7410939],[90.4138325,23.7410742],[90.41375,23.7410705]]]},"properties":{"names":{"primary":"Chameli","common":null,"rules":null},"sources":[{"property":"","dataset":"OpenStreetMap","license":"ODbL-1.0","record_id":"w447358516@2","update_time":"2021-09-09T16:32:42.000Z","confidence":null,"between":null,"provider":"osm","resource":"planet","version":"2026-09-06T00:00:00.000Z"}],"is_underground":false,"num_floors":9,"subtype":"residential","class":"apartments","has_parts":false,"version":1}},
{"id":"409e69a7-847f-44bf-8c86-8adcc7b2e2b9","type":"Feature","geometry":{"type":"Polygon","coordinates":[[[90.4138577,23.7413146],[90.4138428,23.741486],[90.4137893,23.7414821],[90.4138013,23.7413121],[90.4138577,23.7413146]]]},"properties":{"sources":[{"property":"","dataset":"OpenStreetMap","license":"ODbL-1.0","record_id":"w1435604702@1","update_time":"2025-10-05T08:26:17.000Z","confidence":null,"between":null,"provider":"osm","resource":"planet","version":"2026-09-06T00:00:00.000Z"}],"is_underground":false,"has_parts":false,"version":1}},
{"id":"f295453e-7d23-46ad-a720-bbc3c91b43bc","type":"Feature","geometry":{"type":"Polygon","coordinates":[[[90.4137823,23.7414856],[90.4137006,23.7414816],[90.4137116,23.7412988],[90.4137973,23.7413034],[90.4137823,23.7414856]]]},"properties":{"names":{"primary":"Mounobash","common":null,"rules":null},"sources":[{"property":"","dataset":"OpenStreetMap","license":"ODbL-1.0","record_id":"w447358517@2","update_time":"2025-10-05T08:26:17.000Z","confidence":null,"between":null,"provider":"osm","resource":"planet","version":"2026-09-06T00:00:00.000Z"}],"is_underground":false,"num_floors":9,"subtype":"residential","class":"apartments","has_parts":false,"version":2}},
{"id":"1236ed5d-f311-48a4-aff0-45da48bc83cd","type":"Feature","geometry":{"type":"Polygon","coordinates":[[[90.4136049,23.7412925],[90.4136118,23.7412097],[90.4137126,23.7412167],[90.4137057,23.7412995],[90.4136049,23.7412925]]]},"properties":{"sources":[{"property":"","dataset":"OpenStreetMap","license":"ODbL-1.0","record_id":"w981310495@3","update_time":"2023-08-28T15:05:13.000Z","confidence":null,"between":null,"provider":"osm","resource":"planet","version":"2026-09-06T00:00:00.000Z"}],"is_underground":false,"num_floors":5,"subtype":"residential","class":"residential","has_parts":false,"version":1}},
{"id":"c13991c4-aa9c-452b-bd6f-02540cf15c24","type":"Feature","geometry":{"type":"Polygon","coordinates":[[[90.4136865,23.7414562],[90.4135891,23.7414509],[90.4135921,23.7414037],[90.4135989,23.7414041],[90.413603,23.7413407],[90.4135954,23.7413403],[90.4135976,23.7413061],[90.4136439,23.7413086],[90.4136442,23.741304],[90.4136962,23.7413068],[90.4136865,23.7414562]]]},"properties":{"names":{"primary":"Assort Pradip Shikha","common":null,"rules":null},"sources":[{"property":"","dataset":"OpenStreetMap","license":"ODbL-1.0","record_id":"w981310496@1","update_time":"2021-09-09T16:32:42.000Z","confidence":null,"between":null,"provider":"osm","resource":"planet","version":"2026-09-06T00:00:00.000Z"}],"is_underground":false,"num_floors":7,"subtype":"residential","class":"residential","has_parts":false,"version":1}},
{"id":"6d079894-dbb7-4051-906c-5751b450aa9c","type":"Feature","geometry":{"type":"Polygon","coordinates":[[[90.4138195,23.741654],[90.4136661,23.7416476],[90.413671,23.7415489],[90.4138244,23.7415552],[90.4138195,23.741654]]]},"properties":{"sources":[{"property":"","dataset":"OpenStreetMap","license":"ODbL-1.0","record_id":"w447227019@4","update_time":"2023-08-28T15:05:13.000Z","confidence":null,"between":null,"provider":"osm","resource":"planet","version":"2026-09-06T00:00:00.000Z"}],"is_underground":false,"num_floors":4,"subtype":"residential","class":"residential","has_parts":false,"version":1}},
{"id":"cf19192b-ba06-467e-907b-b67ee294ac3e","type":"Feature","geometry":{"type":"Polygon","coordinates":[[[90.4138125,23.7415504],[90.4137321,23.7415442],[90.4137349,23.7415138],[90.4138153,23.7415201],[90.4138125,23.7415504]]]},"properties":{"sources":[{"property":"","dataset":"OpenStreetMap","license":"ODbL-1.0","record_id":"w1456722281@1","update_time":"2025-12-07T17:00:57.000Z","confidence":null,"between":null,"provider":"osm","resource":"planet","version":"2026-09-06T00:00:00.000Z"}],"is_underground":false,"has_parts":false,"version":1}},
{"id":"36da5f9f-f1e1-4219-afe7-644eefc60c63","type":"Feature","geometry":{"type":"Polygon","coordinates":[[[90.4136676,23.7416657],[90.4137982,23.741672],[90.4137914,23.7417921],[90.4136607,23.7417858],[90.4136676,23.7416657]]]},"properties":{"sources":[{"property":"","dataset":"OpenStreetMap","license":"ODbL-1.0","record_id":"w447360646@4","update_time":"2023-08-28T15:05:13.000Z","confidence":null,"between":null,"provider":"osm","resource":"planet","version":"2026-09-06T00:00:00.000Z"}],"is_underground":false,"num_floors":4,"subtype":"residential","class":"residential","has_parts":false,"version":1}},
{"id":"ceb51617-0fbe-4248-ae39-14fc0bfc2087","type":"Feature","geometry":{"type":"Polygon","coordinates":[[[90.4135244,23.7418056],[90.4135392,23.7415389],[90.4136423,23.7415437],[90.4136262,23.7418324],[90.4135776,23.7418301],[90.4135789,23.7418081],[90.4135244,23.7418056]]]},"properties":{"sources":[{"property":"","dataset":"OpenStreetMap","license":"ODbL-1.0","record_id":"w447227016@4","update_time":"2023-08-28T15:05:13.000Z","confidence":null,"between":null,"provider":"osm","resource":"planet","version":"2026-09-06T00:00:00.000Z"}],"is_underground":false,"num_floors":8,"has_parts":false,"version":1}},
{"id":"76ec99a4-a10e-4de7-94a5-8c0b9432c2ac","type":"Feature","geometry":{"type":"Polygon","coordinates":[[[90.4133402,23.7415874],[90.4133451,23.741493],[90.4134999,23.7414997],[90.413495,23.7415942],[90.4133402,23.7415874]]]},"properties":{"names":{"primary":"Ektu Thai","common":null,"rules":null},"sources":[{"property":"","dataset":"OpenStreetMap","license":"ODbL-1.0","record_id":"w447227023@3","update_time":"2021-09-07T13:40:26.000Z","confidence":null,"between":null,"provider":"osm","resource":"planet","version":"2026-09-06T00:00:00.000Z"}],"is_underground":false,"num_floors":5,"subtype":"residential","class":"house","has_parts":false,"version":1}},
{"id":"95ddc9cf-b813-4c6e-954d-9332c57459a8","type":"Feature","geometry":{"type":"Polygon","coordinates":[[[90.4133362,23.7416881],[90.4133411,23.7415937],[90.4134959,23.7416004],[90.413491,23.7416949],[90.4133362,23.7416881]]]},"properties":{"sources":[{"property":"","dataset":"OpenStreetMap","license":"ODbL-1.0","record_id":"w980575472@3","update_time":"2023-08-28T15:05:13.000Z","confidence":null,"between":null,"provider":"osm","resource":"planet","version":"2026-09-06T00:00:00.000Z"}],"is_underground":false,"num_floors":5,"subtype":"residential","class":"house","has_parts":false,"version":1}},
{"id":"42acf97f-d4fb-46ca-82cf-4b3d0347a6b2","type":"Feature","geometry":{"type":"Polygon","coordinates":[[[90.4133308,23.741787],[90.4133357,23.7416925],[90.4134905,23.7416992],[90.4134856,23.7417937],[90.4133308,23.741787]]]},"properties":{"sources":[{"property":"","dataset":"OpenStreetMap","license":"ODbL-1.0","record_id":"w980575473@3","update_time":"2023-08-28T15:05:13.000Z","confidence":null,"between":null,"provider":"osm","resource":"planet","version":"2026-09-06T00:00:00.000Z"}],"is_underground":false,"num_floors":5,"subtype":"residential","class":"house","has_parts":false,"version":1}},
{"id":"c2fc6649-cc56-4eb7-9ebb-a9bcda9b40ab","type":"Feature","geometry":{"type":"Polygon","coordinates":[[[90.4133167,23.7418942],[90.4133224,23.7417984],[90.4134952,23.741807],[90.4134895,23.7419028],[90.4133167,23.7418942]]]},"properties":{"sources":[{"property":"","dataset":"OpenStreetMap","license":"ODbL-1.0","record_id":"w980575471@3","update_time":"2023-08-28T15:05:13.000Z","confidence":null,"between":null,"provider":"osm","resource":"planet","version":"2026-09-06T00:00:00.000Z"}],"is_underground":false,"num_floors":6,"subtype":"residential","class":"residential","has_parts":false,"version":1}},
{"id":"532fc188-c743-475a-996a-f803731843eb","type":"Feature","geometry":{"type":"Polygon","coordinates":[[[90.4134746,23.7420056],[90.4133903,23.7419956],[90.4133802,23.7419631],[90.4133878,23.7419096],[90.4134242,23.7419139],[90.4134253,23.7419059],[90.4134557,23.7419095],[90.4134545,23.741918],[90.4134864,23.7419218],[90.4134746,23.7420056]]]},"properties":{"sources":[{"property":"","dataset":"OpenStreetMap","license":"ODbL-1.0","record_id":"w980575470@3","update_time":"2023-08-28T15:05:13.000Z","confidence":null,"between":null,"provider":"osm","resource":"planet","version":"2026-09-06T00:00:00.000Z"}],"is_underground":false,"num_floors":4,"subtype":"residential","class":"residential","has_parts":false,"version":1}},
{"id":"f97dde5a-d419-439e-bc11-f5b442df33a6","type":"Feature","geometry":{"type":"Polygon","coordinates":[[[90.4134142,23.7422281],[90.4133455,23.7422162],[90.4133754,23.7420707],[90.4135374,23.7420986],[90.4135207,23.7421797],[90.4134274,23.7421637],[90.4134142,23.7422281]]]},"properties":{"sources":[{"property":"","dataset":"OpenStreetMap","license":"ODbL-1.0","record_id":"w980575474@3","update_time":"2023-08-28T15:05:13.000Z","confidence":null,"between":null,"provider":"osm","resource":"planet","version":"2026-09-06T00:00:00.000Z"}],"is_underground":false,"num_floors":6,"subtype":"residential","class":"residential","has_parts":false,"version":1}},
{"id":"e01c9811-eadb-4e6a-91c0-dbdc780ebd24","type":"Feature","geometry":{"type":"Polygon","coordinates":[[[90.413505,23.7420158],[90.4135091,23.7418681],[90.4136283,23.7418709],[90.4136277,23.7418939],[90.4136226,23.7420789],[90.4135803,23.7420779],[90.413582,23.7420176],[90.413505,23.7420158]]]},"properties":{"sources":[{"property":"","dataset":"OpenStreetMap","license":"ODbL-1.0","record_id":"w447878721@4","update_time":"2023-08-28T15:05:13.000Z","confidence":null,"between":null,"provider":"osm","resource":"planet","version":"2026-09-06T00:00:00.000Z"}],"is_underground":false,"num_floors":9,"subtype":"residential","class":"residential","has_parts":false,"version":1}},
{"id":"540da80d-44ea-4b35-b1d6-5f87a11394d7","type":"Feature","geometry":{"type":"Polygon","coordinates":[[[90.4136832,23.7420047],[90.4136311,23.7420033],[90.4136348,23.7418928],[90.4136354,23.7418738],[90.4137099,23.7418759],[90.413706,23.7419925],[90.4136913,23.7419949],[90.4136832,23.7420047]]]},"properties":{"sources":[{"property":"","dataset":"OpenStreetMap","license":"ODbL-1.0","record_id":"w454878854@4","update_time":"2023-08-28T15:05:13.000Z","confidence":null,"between":null,"provider":"osm","resource":"planet","version":"2026-09-06T00:00:00.000Z"}],"is_underground":false,"num_floors":4,"subtype":"residential","class":"residential","has_parts":false,"version":1}},
{"id":"2a37e054-2b20-4cf0-9438-fc19f204f71b","type":"Feature","geometry":{"type":"Polygon","coordinates":[[[90.4137888,23.7421109],[90.4137133,23.7421046],[90.4137347,23.7418886],[90.4138102,23.7418949],[90.4137888,23.7421109]]]},"properties":{"sources":[{"property":"","dataset":"OpenStreetMap","license":"ODbL-1.0","record_id":"w454878853@4","update_time":"2023-08-28T15:05:13.000Z","confidence":null,"between":null,"provider":"osm","resource":"planet","version":"2026-09-06T00:00:00.000Z"}],"is_underground":false,"num_floors":3,"subtype":"residential","class":"residential","has_parts":false,"version":1}},
{"id":"a75c97b2-0fd6-459b-8c77-96dac971d2d0","type":"Feature","geometry":{"type":"Polygon","coordinates":[[[90.4138893,23.7422979],[90.4138364,23.7422897],[90.4138311,23.742318],[90.4138824,23.742326],[90.4138642,23.7424242],[90.4138281,23.7424186],[90.4138201,23.7424616],[90.4135354,23.7424173],[90.4135607,23.7422811],[90.4136216,23.7422906],[90.4136262,23.7422659],[90.4135655,23.7422577],[90.4135813,23.7421691],[90.4139053,23.7422112],[90.4138893,23.7422979]],[[90.4136321,23.7423761],[90.4136719,23.7423832],[90.4136802,23.7423447],[90.4136403,23.7423376],[90.4136321,23.7423761]],[[90.4138046,23.7423681],[90.4137648,23.742361],[90.4137565,23.7423995],[90.4137963,23.7424066],[90.4138046,23.7423681]]]},"properties":{"sources":[{"property":"","dataset":"OpenStreetMap","license":"ODbL-1.0","record_id":"r12771229@5","update_time":"2023-08-28T15:05:13.000Z","confidence":null,"between":null,"provider":"osm","resource":"planet","version":"2026-09-06T00:00:00.000Z"}],"is_underground":false,"num_floors":10,"has_parts":false,"version":2}},
{"id":"72899286-7c32-40fa-9fe1-0f2ba63d05cd","type":"Feature","geometry":{"type":"Polygon","coordinates":[[[90.4137916,23.7425925],[90.4136907,23.7425767],[90.413711,23.7424678],[90.4138119,23.7424836],[90.4137916,23.7425925]]]},"properties":{"sources":[{"property":"","dataset":"OpenStreetMap","license":"ODbL-1.0","record_id":"w981831806@2","update_time":"2023-08-28T15:05:13.000Z","confidence":null,"between":null,"provider":"osm","resource":"planet","version":"2026-09-06T00:00:00.000Z"}],"is_underground":false,"num_floors":4,"subtype":"residential","class":"residential","has_parts":false,"version":1}},
{"id":"14d914dc-0eaa-4ec0-b22d-45caea6f1249","type":"Feature","geometry":{"type":"Polygon","coordinates":[[[90.4138239,23.7426062],[90.4138423,23.7425676],[90.4138659,23.7425771],[90.4138475,23.7426156],[90.4138239,23.7426062]]]},"properties":{"sources":[{"property":"","dataset":"OpenStreetMap","license":"ODbL-1.0","record_id":"w1430758765@1","update_time":"2025-09-18T00:23:06.000Z","confidence":null,"between":null,"provider":"osm","resource":"planet","version":"2026-09-06T00:00:00.000Z"}],"is_underground":false,"subtype":"residential","class":"house","has_parts":false,"version":1}},
{"id":"b5de65ee-c9ad-46fa-86cb-2632dfd5858d","type":"Feature","geometry":{"type":"Polygon","coordinates":[[[90.4138711,23.7426217],[90.4138524,23.7426136],[90.4138708,23.7425782],[90.4138868,23.7425914],[90.4138711,23.7426217]]]},"properties":{"sources":[{"property":"","dataset":"OpenStreetMap","license":"ODbL-1.0","record_id":"w1456722282@1","update_time":"2025-12-07T17:00:57.000Z","confidence":null,"between":null,"provider":"osm","resource":"planet","version":"2026-09-06T00:00:00.000Z"}],"is_underground":false,"has_parts":false,"version":1}},
{"id":"0eaa53e2-7c7c-4319-b50e-3fc2bb086427","type":"Feature","geometry":{"type":"Polygon","coordinates":[[[90.4138466,23.7426525],[90.4138064,23.7426321],[90.4138189,23.7426115],[90.4138591,23.7426319],[90.4138466,23.7426525]]]},"properties":{"sources":[{"property":"","dataset":"OpenStreetMap","license":"ODbL-1.0","record_id":"w1430758764@1","update_time":"2025-09-18T00:23:06.000Z","confidence":null,"between":null,"provider":"osm","resource":"planet","version":"2026-09-06T00:00:00.000Z"}],"is_underground":false,"subtype":"residential","class":"house","has_parts":false,"version":1}},
{"id":"f0944033-a6c4-4ff4-a28c-431f68f994da","type":"Feature","geometry":{"type":"Polygon","coordinates":[[[90.4136534,23.7426466],[90.4134983,23.7426245],[90.4135063,23.7425775],[90.4136614,23.7425996],[90.4136534,23.7426466]]]},"properties":{"sources":[{"property":"","dataset":"OpenStreetMap","license":"ODbL-1.0","record_id":"w981831808@2","update_time":"2023-08-28T15:05:13.000Z","confidence":null,"between":null,"provider":"osm","resource":"planet","version":"2026-09-06T00:00:00.000Z"}],"is_underground":false,"num_floors":4,"subtype":"residential","class":"residential","has_parts":false,"version":1}},
{"id":"1aaae9e6-2f1b-4ae8-9f8f-8f93685faf00","type":"Feature","geometry":{"type":"Polygon","coordinates":[[[90.4136977,23.7424672],[90.413677,23.7425888],[90.4135139,23.7425656],[90.4135345,23.742444],[90.4136977,23.7424672]]]},"properties":{"sources":[{"property":"","dataset":"OpenStreetMap","license":"ODbL-1.0","record_id":"w981831807@2","update_time":"2023-08-28T15:05:13.000Z","confidence":null,"between":null,"provider":"osm","resource":"planet","version":"2026-09-06T00:00:00.000Z"}],"is_underground":false,"num_floors":4,"subtype":"residential","class":"residential","has_parts":false,"version":1}},
{"id":"6a7ff073-19a1-404c-803c-a262d16ba899","type":"Feature","geometry":{"type":"Polygon","coordinates":[[[90.4134932,23.7424986],[90.4134698,23.7426322],[90.4131428,23.7425843],[90.4131662,23.7424506],[90.4134932,23.7424986]]]},"properties":{"names":{"primary":"28","common":null,"rules":null},"sources":[{"property":"","dataset":"OpenStreetMap","license":"ODbL-1.0","record_id":"w980133971@3","update_time":"2022-03-20T05:29:22.000Z","confidence":null,"between":null,"provider":"osm","resource":"planet","version":"2026-09-06T00:00:00.000Z"}],"is_underground":false,"num_floors":5,"has_parts":false,"version":1}},
{"id":"11867197-a6cb-48ca-ac25-d28b2c98d255","type":"Feature","geometry":{"type":"Polygon","coordinates":[[[90.4131425,23.7426041],[90.4132837,23.7426241],[90.4132769,23.7426648],[90.4131356,23.7426448],[90.4131425,23.7426041]]]},"properties":{"sources":[{"property":"","dataset":"OpenStreetMap","license":"ODbL-1.0","record_id":"w980670936@3","update_time":"2023-08-28T15:05:13.000Z","confidence":null,"between":null,"provider":"osm","resource":"planet","version":"2026-09-06T00:00:00.000Z"}],"is_underground":false,"num_floors":1,"has_parts":false,"version":1}},
{"id":"ecf639f3-a828-4b6c-93b3-cf6521e7bf81","type":"Feature","geometry":{"type":"Polygon","coordinates":[[[90.4134177,23.7422373],[90.4134336,23.7421762],[90.4135248,23.7421934],[90.4134716,23.7424639],[90.4131484,23.7424178],[90.4131008,23.7427198],[90.4130586,23.7427037],[90.4130423,23.7427039],[90.4130325,23.7427022],[90.4130255,23.7426971],[90.4130185,23.7426867],[90.4130136,23.7426746],[90.4129775,23.7426658],[90.41283489999999,23.7424893],[90.4128681,23.7423149],[90.4129202,23.7423238],[90.4129267,23.7422857],[90.4131962,23.7423225],[90.4132171,23.7422076],[90.4134177,23.7422373]]]},"properties":{"names":{"primary":"Concord Twin Tower","common":null,"rules":[{"variant":"alternate","language":null,"perspectives":null,"value":"Twin Tower Apartment Complex","between":null,"side":null}]},"sources":[{"property":"","dataset":"OpenStreetMap","license":"ODbL-1.0","record_id":"w447227007@6","update_time":"2022-03-20T05:29:22.000Z","confidence":null,"between":null,"provider":"osm","resource":"planet","version":"2026-09-06T00:00:00.000Z"}],"is_underground":false,"num_floors":22,"has_parts":false,"version":1}},
{"id":"6a5c8edc-64dd-4d43-a504-17ed804ea738","type":"Feature","geometry":{"type":"Polygon","coordinates":[[[90.4133345,23.7422145],[90.4132039,23.7421951],[90.4132253,23.7420745],[90.4133559,23.742094],[90.4133345,23.7422145]]]},"properties":{"sources":[{"property":"","dataset":"OpenStreetMap","license":"ODbL-1.0","record_id":"w454881046@4","update_time":"2023-08-28T15:05:13.000Z","confidence":null,"between":null,"provider":"osm","resource":"planet","version":"2026-09-06T00:00:00.000Z"}],"is_underground":false,"num_floors":6,"has_parts":false,"version":1}},
{"id":"722c1f96-b11e-437f-9d0d-e270b9afe9b1","type":"Feature","geometry":{"type":"Polygon","coordinates":[[[90.4135589,23.7420347],[90.4135488,23.7420881],[90.4131979,23.7420328],[90.413208,23.7419794],[90.4135589,23.7420347]]]},"properties":{"sources":[{"property":"","dataset":"OpenStreetMap","license":"ODbL-1.0","record_id":"w454881045@4","update_time":"2023-08-28T15:05:13.000Z","confidence":null,"between":null,"provider":"osm","resource":"planet","version":"2026-09-06T00:00:00.000Z"}],"is_underground":false,"num_floors":4,"has_parts":false,"version":1}},
{"id":"2438ba9f-28d4-4423-96f1-87899cb81c79","type":"Feature","geometry":{"type":"Polygon","coordinates":[[[90.4130813,23.7420297],[90.413088,23.7419796],[90.4130944,23.7419719],[90.4131023,23.7419681],[90.4131132,23.7419683],[90.4131209,23.7419744],[90.4131236,23.741979099999998],[90.4131378,23.7419799],[90.4131436,23.7419823],[90.4131472,23.7419862],[90.4131454,23.7419999],[90.4131509,23.7420066],[90.4131493,23.7420196],[90.413146,23.742035],[90.4131479,23.7420438],[90.4131471,23.7420509],[90.4131451,23.7420601],[90.4131492,23.7420649],[90.4131533,23.7420711],[90.4131518,23.7420777],[90.4131472,23.7420821],[90.4131397,23.7420823],[90.4131386,23.7420988],[90.4131627,23.7420998],[90.4131691,23.7420987],[90.4131757,23.7420985],[90.4131822,23.7420982],[90.4131887,23.7420994],[90.413177,23.7421875],[90.4131667,23.7421863],[90.4131639,23.7422069],[90.4131736,23.742208],[90.4131715,23.7422234],[90.4131645,23.7422226],[90.4131586,23.7422659],[90.4131469,23.7422646],[90.4131458,23.742273],[90.4131259,23.7422707],[90.4131264,23.7422667],[90.4131064,23.7422645],[90.4131053,23.742273],[90.4130909,23.7422714],[90.4130902,23.7422763],[90.4130601,23.7422729],[90.4130617,23.7422608],[90.4130506,23.7422596],[90.4130787,23.7420496],[90.4130715,23.7420484],[90.4130743,23.7420286],[90.4130813,23.7420297]]]},"properties":{"sources":[{"property":"","dataset":"OpenStreetMap","license":"ODbL-1.0","record_id":"w980575468@3","update_time":"2023-08-28T15:05:13.000Z","confidence":null,"between":null,"provider":"osm","resource":"planet","version":"2026-09-06T00:00:00.000Z"}],"is_underground":false,"num_floors":9,"subtype":"residential","class":"residential","has_parts":false,"version":1}},
{"id":"c3466cad-a884-49bf-b82c-5f78520254f6","type":"Feature","geometry":{"type":"Polygon","coordinates":[[[90.4130522,23.7421624],[90.4128716,23.7421403],[90.4129011,23.741939],[90.4130818,23.7419611],[90.4130522,23.7421624]]]},"properties":{"sources":[{"property":"","dataset":"OpenStreetMap","license":"ODbL-1.0","record_id":"w980575466@3","update_time":"2023-08-28T15:05:13.000Z","confidence":null,"between":null,"provider":"osm","resource":"planet","version":"2026-09-06T00:00:00.000Z"}],"is_underground":false,"num_floors":8,"subtype":"residential","class":"residential","has_parts":false,"version":1}},
{"id":"9bda2da9-5e9c-42ea-b1e6-d6d64e04f80e","type":"Feature","geometry":{"type":"Polygon","coordinates":[[[90.4130098,23.7422665],[90.4128547,23.7422454],[90.4128735,23.7421299],[90.4130285,23.7421509],[90.4130098,23.7422665]]]},"properties":{"sources":[{"property":"","dataset":"OpenStreetMap","license":"ODbL-1.0","record_id":"w980575465@3","update_time":"2024-03-23T18:56:43.000Z","confidence":null,"between":null,"provider":"osm","resource":"planet","version":"2026-09-06T00:00:00.000Z"}],"is_underground":false,"num_floors":6,"subtype":"residential","class":"residential","has_parts":false,"version":1}},
{"id":"606fcc1e-2335-491a-9222-e8ef45e5650f","type":"Feature","geometry":{"type":"Polygon","coordinates":[[[90.4124883,23.7421305],[90.4124774,23.7421169],[90.4125138,23.7420925],[90.4125036,23.7420609],[90.412524,23.7420348],[90.4126317,23.7420297],[90.4126607,23.7420613],[90.4126571,23.7421251],[90.4125609,23.7421902],[90.4125385,23.7421928],[90.4125212,23.7421712],[90.4125281,23.7421666],[90.4125212,23.742158],[90.4125144,23.7421626],[90.412499,23.7421433],[90.4125053,23.7421391],[90.4124949,23.7421261],[90.4124883,23.7421305]]]},"properties":{"sources":[{"property":"","dataset":"OpenStreetMap","license":"ODbL-1.0","record_id":"w980102423@3","update_time":"2023-08-28T15:05:13.000Z","confidence":null,"between":null,"provider":"osm","resource":"planet","version":"2026-09-06T00:00:00.000Z"}],"is_underground":false,"num_floors":6,"subtype":"residential","class":"residential","has_parts":false,"version":1}},
{"id":"36d914bd-095d-4675-bb18-34aa1fdeb65f","type":"Feature","geometry":{"type":"Polygon","coordinates":[[[90.4125099,23.7420908],[90.4124759,23.7421139],[90.4124572,23.7420861],[90.4124988,23.742061],[90.4125099,23.7420908]]]},"properties":{"sources":[{"property":"","dataset":"OpenStreetMap","license":"ODbL-1.0","record_id":"w980102424@3","update_time":"2023-08-28T15:05:13.000Z","confidence":null,"between":null,"provider":"osm","resource":"planet","version":"2026-09-06T00:00:00.000Z"}],"is_underground":false,"num_floors":4,"subtype":"commercial","class":"commercial","has_parts":false,"version":1}},
{"id":"7dc516a1-8736-4f45-835b-251caf61609f","type":"Feature","geometry":{"type":"Polygon","coordinates":[[[90.412456,23.7420827],[90.4123546,23.7419385],[90.4124868,23.741927],[90.4124876,23.7419582],[90.412456,23.7420827]]]},"properties":{"names":{"primary":"Rowshan Manjil","common":null,"rules":null},"sources":[{"property":"","dataset":"OpenStreetMap","license":"ODbL-1.0","record_id":"w454885267@4","update_time":"2021-09-07T13:47:01.000Z","confidence":null,"between":null,"provider":"osm","resource":"planet","version":"2026-09-06T00:00:00.000Z"}],"is_underground":false,"num_floors":5,"has_parts":false,"version":1}},
{"id":"3fa31ed3-cb0d-48da-9ec3-486afb52be43","type":"Feature","geometry":{"type":"Polygon","coordinates":[[[90.4125519,23.742015],[90.412494,23.7420161],[90.4124909,23.7419269],[90.4125493,23.7419263],[90.4126035,23.7419225],[90.4126754,23.7419124],[90.4126729,23.7420062],[90.4126116,23.7420111],[90.4125519,23.742015]]]},"properties":{"sources":[{"property":"","dataset":"OpenStreetMap","license":"ODbL-1.0","record_id":"w454885269@5","update_time":"2023-08-28T15:05:13.000Z","confidence":null,"between":null,"provider":"osm","resource":"planet","version":"2026-09-06T00:00:00.000Z"}],"is_underground":false,"num_floors":6,"has_parts":false,"version":1}},
{"id":"8af4f505-e708-47da-95e1-a0db5827946c","type":"Feature","geometry":{"type":"Polygon","coordinates":[[[90.4128386,23.7420156],[90.4126764,23.7420063],[90.4126799,23.7419124],[90.4128507,23.7419212],[90.4128386,23.7420156]]]},"properties":{"sources":[{"property":"","dataset":"OpenStreetMap","license":"ODbL-1.0","record_id":"w980102421@3","update_time":"2023-08-28T15:05:13.000Z","confidence":null,"between":null,"provider":"osm","resource":"planet","version":"2026-09-06T00:00:00.000Z"}],"is_underground":false,"num_floors":6,"subtype":"residential","class":"residential","has_parts":false,"version":1}},
{"id":"70a9e8e8-beb7-4359-9bab-9cdaebaddc0e","type":"Feature","geometry":{"type":"Polygon","coordinates":[[[90.4126299,23.7422622],[90.4125832,23.7422097],[90.412639,23.7421865],[90.4126906,23.742152],[90.4126921,23.7421363],[90.4126825,23.742136],[90.4126929,23.7420256],[90.4128284,23.7420324],[90.4127983,23.742259],[90.4127694,23.7424216],[90.4127466,23.7423949],[90.4126836,23.7423232],[90.4126299,23.7422622]]]},"properties":{"names":{"primary":"Tropical Razia Shopping Complex","common":null,"rules":null},"sources":[{"property":"","dataset":"OpenStreetMap","license":"ODbL-1.0","record_id":"w980102422@3","update_time":"2022-03-11T00:50:41.000Z","confidence":null,"between":null,"provider":"osm","resource":"planet","version":"2026-09-06T00:00:00.000Z"}],"level":-1,"is_underground":false,"num_floors":4,"subtype":"commercial","class":"commercial","has_parts":false,"version":1}},
{"id":"f9233457-a2ae-4238-8ac6-61184484910e","type":"Feature","geometry":{"type":"Polygon","coordinates":[[[90.4126632,23.7414874],[90.4128559,23.7414949],[90.4128376,23.7418894],[90.4126524,23.7418813],[90.4126632,23.7414874]]]},"properties":{"names":{"primary":"Aminbag Mosque","common":[["bn","আমিনবাগ জামে মসজিদ"]],"rules":null},"sources":[{"property":"","dataset":"OpenStreetMap","license":"ODbL-1.0","record_id":"w430820872@5","update_time":"2021-09-06T11:28:23.000Z","confidence":null,"between":null,"provider":"osm","resource":"planet","version":"2026-09-06T00:00:00.000Z"}],"is_underground":false,"subtype":"religious","has_parts":false,"version":1}},
{"id":"be569647-de5c-44d5-b3dc-509f818bc911","type":"Feature","geometry":{"type":"Polygon","coordinates":[[[90.4124723,23.7412914],[90.4124476,23.741273],[90.4130872,23.7408142],[90.4131471,23.7408257],[90.4131381,23.7408926],[90.4131061,23.7409902],[90.4131022,23.7411997],[90.4131072,23.7413057],[90.4131207,23.7414169],[90.4127773,23.7414199],[90.4127386,23.7414011],[90.4127213,23.7412994],[90.4124723,23.7412914]]]},"properties":{"names":{"primary":"Green Peace","common":null,"rules":null},"sources":[{"property":"","dataset":"OpenStreetMap","license":"ODbL-1.0","record_id":"w1039216533@2","update_time":"2022-03-15T15:30:46.000Z","confidence":null,"between":null,"provider":"osm","resource":"planet","version":"2026-09-06T00:00:00.000Z"}],"is_underground":false,"num_floors":18,"subtype":"residential","class":"apartments","has_parts":false,"version":1}},
{"id":"db7a5f59-eca8-43c5-9669-82d7f76d25b7","type":"Feature","geometry":{"type":"Polygon","coordinates":[[[90.4124042,23.7414703],[90.4123981,23.7413661],[90.4124468,23.7413698],[90.4124488,23.7413293],[90.4126497,23.7413488],[90.4126487,23.7416797],[90.412458,23.7416885],[90.4124452,23.7414683],[90.4124042,23.7414703]]]},"properties":{"sources":[{"property":"","dataset":"OpenStreetMap","license":"ODbL-1.0","record_id":"w980609917@2","update_time":"2021-09-09T18:19:04.000Z","confidence":null,"between":null,"provider":"osm","resource":"planet","version":"2026-09-06T00:00:00.000Z"}],"level":1,"is_underground":false,"num_floors":1,"has_parts":false,"version":1}},
{"id":"3313fed7-3c9d-4cc2-8730-fa590339245f","type":"Feature","geometry":{"type":"Polygon","coordinates":[[[90.4126349,23.7417859],[90.4122679,23.7418025],[90.4122671,23.7417872],[90.4122553,23.7417826],[90.4122452,23.7417757],[90.4122385,23.7417649],[90.4122344,23.7417548],[90.4122338,23.7417388],[90.4122371,23.7417288],[90.41224390000001,23.7417202],[90.4122522,23.7417141],[90.412263,23.7417103],[90.4122627,23.7417066],[90.4122623,23.7417001],[90.4123288,23.7416969],[90.412454,23.7416909],[90.4126293,23.7416828],[90.4126349,23.7417859]]]},"properties":{"sources":[{"property":"","dataset":"OpenStreetMap","license":"ODbL-1.0","record_id":"w980090996@5","update_time":"2023-08-28T15:05:13.000Z","confidence":null,"between":null,"provider":"osm","resource":"planet","version":"2026-09-06T00:00:00.000Z"}],"is_underground":false,"num_floors":8,"subtype":"commercial","class":"commercial","has_parts":false,"version":1}},
{"id":"69e0724b-4d02-47f8-8e2e-fbe484547f65","type":"Feature","geometry":{"type":"Polygon","coordinates":[[[90.4122676,23.7418065],[90.4126348,23.7417884],[90.4126432,23.7418875],[90.4123394,23.7419168],[90.4122676,23.7418065]]]},"properties":{"sources":[{"property":"","dataset":"OpenStreetMap","license":"ODbL-1.0","record_id":"w980094413@3","update_time":"2023-08-28T15:05:13.000Z","confidence":null,"between":null,"provider":"osm","resource":"planet","version":"2026-09-06T00:00:00.000Z"}],"is_underground":false,"num_floors":4,"subtype":"commercial","class":"commercial","has_parts":false,"version":1}},
{"id":"b662fbb9-990a-4faf-be13-c149fffcfefe","type":"Feature","geometry":{"type":"Polygon","coordinates":[[[90.4121828,23.7417016],[90.4121812,23.7416757],[90.4124566,23.7416625],[90.412458,23.7416885],[90.4122663,23.7416976],[90.4121828,23.7417016]]]},"properties":{"sources":[{"property":"","dataset":"OpenStreetMap","license":"ODbL-1.0","record_id":"w980094411@3","update_time":"2023-08-28T15:05:13.000Z","confidence":null,"between":null,"provider":"osm","resource":"planet","version":"2026-09-06T00:00:00.000Z"}],"is_underground":false,"num_floors":2,"subtype":"commercial","class":"commercial","has_parts":false,"version":1}},
{"id":"25ef6584-a875-4421-8dc5-552b0a9b2dad","type":"Feature","geometry":{"type":"Polygon","coordinates":[[[90.4121812,23.7416757],[90.4121752,23.7415701],[90.4124505,23.7415568],[90.4124566,23.7416625],[90.4121812,23.7416757]]]},"properties":{"sources":[{"property":"","dataset":"OpenStreetMap","license":"ODbL-1.0","record_id":"w980090995@4","update_time":"2023-08-28T15:05:13.000Z","confidence":null,"between":null,"provider":"osm","resource":"planet","version":"2026-09-06T00:00:00.000Z"}],"is_underground":false,"num_floors":7,"subtype":"commercial","class":"commercial","has_parts":false,"version":1}},
{"id":"ee83db68-e566-4175-abd3-233a41da9e72","type":"Feature","geometry":{"type":"Polygon","coordinates":[[[90.4123492,23.7413265],[90.4123956,23.7413242],[90.4123981,23.7413661],[90.4123995,23.7413904],[90.4124042,23.7414703],[90.4124452,23.7414683],[90.4124505,23.7415568],[90.4121752,23.7415701],[90.4121712,23.7414944],[90.4122981,23.7413546],[90.4123492,23.7413265]]]},"properties":{"names":{"primary":"Aziz Market","common":null,"rules":null},"sources":[{"property":"","dataset":"OpenStreetMap","license":"ODbL-1.0","record_id":"w980090994@3","update_time":"2021-09-07T15:14:15.000Z","confidence":null,"between":null,"provider":"osm","resource":"planet","version":"2026-09-06T00:00:00.000Z"}],"is_underground":false,"num_floors":6,"subtype":"commercial","class":"commercial","has_parts":true,"version":1}},
{"id":"48d18456-8d2e-48c7-bc4d-9eadf09c916e","type":"Feature","geometry":{"type":"Polygon","coordinates":[[[90.412224,23.7410689],[90.4122585,23.7411023],[90.4122097,23.7411444],[90.4121838,23.7411158],[90.412224,23.7410689]]]},"properties":{"sources":[{"property":"","dataset":"OpenStreetMap","license":"ODbL-1.0","record_id":"w979843458@1","update_time":"2021-09-14T05:49:22.000Z","confidence":null,"between":null,"provider":"osm","resource":"planet","version":"2026-09-06T00:00:00.000Z"}],"is_underground":false,"num_floors":6,"subtype":"commercial","class":"commercial","has_parts":false,"version":1}},
{"id":"28344e41-955a-4949-8c6a-8c9fc347f9e3","type":"Feature","geometry":{"type":"Polygon","coordinates":[[[90.4121931,23.7412341],[90.4121308,23.7411874],[90.4121772,23.7411354],[90.4122395,23.7411821],[90.4121931,23.7412341]]]},"properties":{"sources":[{"property":"","dataset":"OpenStreetMap","license":"ODbL-1.0","record_id":"w1430642221@1","update_time":"2025-09-17T16:34:42.000Z","confidence":null,"between":null,"provider":"osm","resource":"planet","version":"2026-09-06T00:00:00.000Z"}],"is_underground":false,"has_parts":false,"version":1}},
{"id":"928a954a-1e57-4145-aeec-3649e5565fd2","type":"Feature","geometry":{"type":"Polygon","coordinates":[[[90.4120543,23.7413553],[90.4120217,23.7413209],[90.4120722,23.7412808],[90.4121048,23.7413152],[90.4120543,23.7413553]]]},"properties":{"sources":[{"property":"","dataset":"OpenStreetMap","license":"ODbL-1.0","record_id":"w1112182046@1","update_time":"2022-11-11T04:29:41.000Z","confidence":null,"between":null,"provider":"osm","resource":"planet","version":"2026-09-06T00:00:00.000Z"}],"is_underground":false,"has_parts":false,"version":1}},
{"id":"595f567d-0247-4ef6-b11e-319777e64406","type":"Feature","geometry":{"type":"Polygon","coordinates":[[[90.4121062,23.7413086],[90.4120639,23.7412655],[90.4121149,23.7412235],[90.4121572,23.7412666],[90.4121062,23.7413086]]]},"properties":{"sources":[{"property":"","dataset":"OpenStreetMap","license":"ODbL-1.0","record_id":"w1447523079@1","update_time":"2025-11-04T18:49:08.000Z","confidence":null,"between":null,"provider":"osm","resource":"planet","version":"2026-09-06T00:00:00.000Z"}],"is_underground":false,"has_parts":false,"version":2}},
{"id":"7edb2e5a-8bf0-4f56-8a0c-fdd38086fd7a","type":"Feature","geometry":{"type":"Polygon","coordinates":[[[90.4120489,23.7411906],[90.4119771,23.7411254],[90.4120302,23.7410869],[90.4120933,23.7411414],[90.4120489,23.7411906]]]},"properties":{"sources":[{"property":"","dataset":"OpenStreetMap","license":"ODbL-1.0","record_id":"w1430645161@1","update_time":"2025-09-17T16:47:36.000Z","confidence":null,"between":null,"provider":"osm","resource":"planet","version":"2026-09-06T00:00:00.000Z"}],"is_underground":false,"has_parts":false,"version":1}},
{"id":"c4edf773-f8b9-42d0-bcc6-b57c6b4cf374","type":"Feature","geometry":{"type":"Polygon","coordinates":[[[90.4118608,23.7412978],[90.4118093,23.7412318],[90.4119498,23.7411571],[90.412052,23.7412628],[90.4119799,23.7413281],[90.4118608,23.7412978]]]},"properties":{"sources":[{"property":"","dataset":"OpenStreetMap","license":"ODbL-1.0","record_id":"w983235049@1","update_time":"2021-09-14T14:24:41.000Z","confidence":null,"between":null,"provider":"osm","resource":"planet","version":"2026-09-06T00:00:00.000Z"}],"is_underground":false,"num_floors":1,"subtype":"commercial","class":"commercial","has_parts":false,"version":1}},
{"id":"339326a9-90aa-43dd-b840-12535b934e0d","type":"Feature","geometry":{"type":"Polygon","coordinates":[[[90.4120813,23.7421332],[90.4119472,23.7421841],[90.4119213,23.7421269],[90.4120554,23.742076],[90.4120813,23.7421332]]]},"properties":{"sources":[{"property":"","dataset":"OpenStreetMap","license":"ODbL-1.0","record_id":"w1456634673@1","update_time":"2025-12-07T08:36:30.000Z","confidence":null,"between":null,"provider":"osm","resource":"planet","version":"2026-09-06T00:00:00.000Z"}],"is_underground":false,"has_parts":false,"version":1}},
{"id":"c00b3538-179c-4176-b29b-e4a16b5c5acb","type":"Feature","geometry":{"type":"Polygon","coordinates":[[[90.4120297,23.7421135],[90.4119753,23.7421243],[90.4119605,23.7420615],[90.4120149,23.7420507],[90.4120297,23.7421135]]]},"properties":{"sources":[{"property":"","dataset":"OpenStreetMap","license":"ODbL-1.0","record_id":"w1456722259@1","update_time":"2025-12-07T17:00:57.000Z","confidence":null,"between":null,"provider":"osm","resource":"planet","version":"2026-09-06T00:00:00.000Z"}],"is_underground":false,"has_parts":false,"version":1}},
{"id":"227f649e-1a8b-4ec3-b5e4-8bdf16d7d3d3","type":"Feature","geometry":{"type":"Polygon","coordinates":[[[90.4121495,23.7422395],[90.4120154,23.7422904],[90.4119895,23.7422332],[90.4121236,23.7421823],[90.4121495,23.7422395]]]},"properties":{"sources":[{"property":"","dataset":"OpenStreetMap","license":"ODbL-1.0","record_id":"w1456634674@1","update_time":"2025-12-07T08:36:30.000Z","confidence":null,"between":null,"provider":"osm","resource":"planet","version":"2026-09-06T00:00:00.000Z"}],"is_underground":false,"has_parts":false,"version":1}},
{"id":"711577da-9853-457f-8b4e-fe98ff882df9","type":"Feature","geometry":{"type":"Polygon","coordinates":[[[90.4121431,23.7425215],[90.4122853,23.7424408],[90.412476,23.7426763],[90.41234,23.7426776],[90.4122703,23.7426063],[90.4122021,23.7426315],[90.4121431,23.7425215]]]},"properties":{"sources":[{"property":"","dataset":"OpenStreetMap","license":"ODbL-1.0","record_id":"w447724776@1","update_time":"2021-05-30T03:01:44.000Z","confidence":null,"between":null,"provider":"osm","resource":"planet","version":"2026-09-06T00:00:00.000Z"}],"is_underground":false,"num_floors":7,"subtype":"commercial","class":"commercial","has_parts":false,"version":1}},
{"id":"1d7b9f5b-9161-4600-8ca8-2db282fb9788","type":"Feature","geometry":{"type":"Polygon","coordinates":[[[90.4120961,23.7425602],[90.4120394,23.7425461],[90.4121198,23.7425191],[90.4121807,23.7426319],[90.412151,23.7426452],[90.4120961,23.7425602]]]},"properties":{"sources":[{"property":"","dataset":"OpenStreetMap","license":"ODbL-1.0","record_id":"w450085459@2","update_time":"2021-05-30T03:01:44.000Z","confidence":null,"between":null,"provider":"osm","resource":"planet","version":"2026-09-06T00:00:00.000Z"}],"is_underground":false,"has_parts":false,"version":1}},
{"id":"949776aa-51f0-4e45-a0f1-6cddf1b3efcd","type":"Feature","geometry":{"type":"Polygon","coordinates":[[[90.4120719,23.7425307],[90.4120283,23.7425314],[90.4120262,23.7424203],[90.4120698,23.7424196],[90.4120719,23.7425307]]]},"properties":{"sources":[{"property":"","dataset":"OpenStreetMap","license":"ODbL-1.0","record_id":"w505558588@1","update_time":"2017-07-06T11:02:33.000Z","confidence":null,"between":null,"provider":"osm","resource":"planet","version":"2026-09-06T00:00:00.000Z"}],"is_underground":false,"has_parts":false,"version":1}},
{"id":"b94b92c1-28ca-4f30-9df2-8505f8e0062c","type":"Feature","geometry":{"type":"Polygon","coordinates":[[[90.4122505,23.7424326],[90.4121164,23.7424835],[90.4120905,23.7424263],[90.4122246,23.7423754],[90.4122505,23.7424326]]]},"properties":{"sources":[{"property":"","dataset":"OpenStreetMap","license":"ODbL-1.0","record_id":"w505558591@1","update_time":"2017-07-06T11:02:33.000Z","confidence":null,"between":null,"provider":"osm","resource":"planet","version":"2026-09-06T00:00:00.000Z"}],"is_underground":false,"has_parts":false,"version":1}},
{"id":"869fb661-438b-4a59-9453-6d488bb81e3c","type":"Feature","geometry":{"type":"Polygon","coordinates":[[[90.4122151,23.7423537],[90.4121325,23.7423646],[90.412124,23.7423109],[90.4122067,23.7423],[90.4122151,23.7423537]]]},"properties":{"sources":[{"property":"","dataset":"OpenStreetMap","license":"ODbL-1.0","record_id":"w1456722260@1","update_time":"2025-12-07T17:00:57.000Z","confidence":null,"between":null,"provider":"osm","resource":"planet","version":"2026-09-06T00:00:00.000Z"}],"is_underground":false,"has_parts":false,"version":1}},
{"id":"d139f709-96fb-41b7-aa5c-3194b0f36b57","type":"Feature","geometry":{"type":"Polygon","coordinates":[[[90.412037,23.7424041],[90.4119822,23.7424052],[90.4119814,23.7423718],[90.4120362,23.7423707],[90.412037,23.7424041]]]},"properties":{"sources":[{"property":"","dataset":"OpenStreetMap","license":"ODbL-1.0","record_id":"w1426303693@1","update_time":"2025-09-01T00:37:41.000Z","confidence":null,"between":null,"provider":"osm","resource":"planet","version":"2026-09-06T00:00:00.000Z"}],"is_underground":false,"has_parts":false,"version":1}},
{"id":"971192f4-23b7-4094-bcb0-d656767687fa","type":"Feature","geometry":{"type":"Polygon","coordinates":[[[90.4120135,23.7425416],[90.4119212,23.7425467],[90.4119158,23.7424645],[90.4120081,23.7424594],[90.4120135,23.7425416]]]},"properties":{"sources":[{"property":"","dataset":"OpenStreetMap","license":"ODbL-1.0","record_id":"w450085522@1","update_time":"2017-07-06T11:02:36.000Z","confidence":null,"between":null,"provider":"osm","resource":"planet","version":"2026-09-06T00:00:00.000Z"}],"is_underground":false,"has_parts":false,"version":1}},
{"id":"4bd2c4da-83bc-435f-9c5f-cfe227223281","type":"Feature","geometry":{"type":"Polygon","coordinates":[[[90.4120629,23.7429223],[90.4119498,23.7429254],[90.4119459,23.7428063],[90.412059,23.7428032],[90.4120629,23.7429223]]]},"properties":{"sources":[{"property":"","dataset":"OpenStreetMap","license":"ODbL-1.0","record_id":"w450084845@1","update_time":"2020-01-21T05:37:09.000Z","confidence":null,"between":null,"provider":"osm","resource":"planet","version":"2026-09-06T00:00:00.000Z"}],"is_underground":false,"has_parts":false,"version":1}},
{"id":"abed62c5-a5f9-4536-af7e-2d2b65af4850","type":"Feature","geometry":{"type":"Polygon","coordinates":[[[90.4120582,23.7426134],[90.4120539,23.7427766],[90.4119533,23.7427744],[90.4119576,23.7426112],[90.4120582,23.7426134]]]},"properties":{"sources":[{"property":"","dataset":"OpenStreetMap","license":"ODbL-1.0","record_id":"w450085505@1","update_time":"2020-01-21T05:37:09.000Z","confidence":null,"between":null,"provider":"osm","resource":"planet","version":"2026-09-06T00:00:00.000Z"}],"is_underground":false,"has_parts":false,"version":1}},
{"id":"bd0ed599-c27f-44b3-8908-23c83e23f73e","type":"Feature","geometry":{"type":"Polygon","coordinates":[[[90.4120899,23.7431628],[90.4119586,23.7431637],[90.4119572,23.7429931],[90.4120886,23.7429922],[90.4120899,23.7431628]]]},"properties":{"sources":[{"property":"","dataset":"OpenStreetMap","license":"ODbL-1.0","record_id":"w505555765@1","update_time":"2021-05-30T03:01:44.000Z","confidence":null,"between":null,"provider":"osm","resource":"planet","version":"2026-09-06T00:00:00.000Z"}],"is_underground":false,"has_parts":false,"version":1}},
{"id":"9d8f2a09-874a-4aff-8e11-07e40322b4d1","type":"Feature","geometry":{"type":"Polygon","coordinates":[[[90.4120609,23.743316],[90.4119517,23.7433153],[90.4119527,23.7431861],[90.4120619,23.7431868],[90.4120609,23.743316]]]},"properties":{"sources":[{"property":"","dataset":"OpenStreetMap","license":"ODbL-1.0","record_id":"w1433317426@1","update_time":"2025-09-26T11:42:44.000Z","confidence":null,"between":null,"provider":"osm","resource":"planet","version":"2026-09-06T00:00:00.000Z"}],"is_underground":false,"has_parts":false,"version":1}},
{"id":"64abf0de-156d-4523-bdf8-ec370f23834a","type":"Feature","geometry":{"type":"Polygon","coordinates":[[[90.4120525,23.7434664],[90.4119625,23.7434688],[90.4119587,23.7433459],[90.4120487,23.7433435],[90.4120525,23.7434664]]]},"properties":{"sources":[{"property":"","dataset":"OpenStreetMap","license":"ODbL-1.0","record_id":"w505558602@1","update_time":"2017-07-06T11:02:34.000Z","confidence":null,"between":null,"provider":"osm","resource":"planet","version":"2026-09-06T00:00:00.000Z"}],"is_underground":false,"has_parts":false,"version":1}},
{"id":"70a3344e-bf2c-4a49-9e37-501d9b94a195","type":"Feature","geometry":{"type":"Polygon","coordinates":[[[90.4121395,23.7434463],[90.412066,23.7434504],[90.4120576,23.7433227],[90.4121311,23.7433186],[90.4121395,23.7434463]]]},"properties":{"sources":[{"property":"","dataset":"OpenStreetMap","license":"ODbL-1.0","record_id":"w505558603@1","update_time":"2017-07-06T11:02:34.000Z","confidence":null,"between":null,"provider":"osm","resource":"planet","version":"2026-09-06T00:00:00.000Z"}],"is_underground":false,"has_parts":false,"version":1}},
{"id":"7e1b2518-f3b6-4c07-adf7-ad1afd6405ab","type":"Feature","geometry":{"type":"Polygon","coordinates":[[[90.41225,23.7431606],[90.4121095,23.7431612],[90.4121089,23.7430594],[90.4122494,23.7430587],[90.41225,23.7431606]]]},"properties":{"sources":[{"property":"","dataset":"OpenStreetMap","license":"ODbL-1.0","record_id":"w1433371531@1","update_time":"2025-09-26T16:05:11.000Z","confidence":null,"between":null,"provider":"osm","resource":"planet","version":"2026-09-06T00:00:00.000Z"}],"is_underground":false,"has_parts":false,"version":1}},
{"id":"49f127a6-05b1-48c0-bac6-5cccfa5283b8","type":"Feature","geometry":{"type":"Polygon","coordinates":[[[90.412231,23.7435761],[90.4122281,23.7433413],[90.41239,23.7433428],[90.4123822,23.7435741],[90.412231,23.7435761]]]},"properties":{"sources":[{"property":"","dataset":"OpenStreetMap","license":"ODbL-1.0","record_id":"w450087241@3","update_time":"2022-05-25T07:20:25.000Z","confidence":null,"between":null,"provider":"osm","resource":"planet","version":"2026-09-06T00:00:00.000Z"}],"is_underground":false,"has_parts":false,"version":1}},
{"id":"a6e377b0-0590-424f-be4c-44a21e5235f9","type":"Feature","geometry":{"type":"Polygon","coordinates":[[[90.4123763,23.7433061],[90.4122364,23.7432963],[90.4122458,23.7431837],[90.4123857,23.7431935],[90.4123763,23.7433061]]]},"properties":{"sources":[{"property":"","dataset":"OpenStreetMap","license":"ODbL-1.0","record_id":"w450084998@1","update_time":"2021-05-30T03:01:44.000Z","confidence":null,"between":null,"provider":"osm","resource":"planet","version":"2026-09-06T00:00:00.000Z"}],"is_underground":false,"has_parts":false,"version":1}},
{"id":"e99b4482-5198-4b4a-a624-8087eb1de82c","type":"Feature","geometry":{"type":"Polygon","coordinates":[[[90.4124174,23.7431661],[90.4122823,23.7431618],[90.412289,23.7429838],[90.4124241,23.7429881],[90.4124174,23.7431661]]]},"properties":{"sources":[{"property":"","dataset":"OpenStreetMap","license":"ODbL-1.0","record_id":"w505555772@1","update_time":"2021-05-30T03:01:44.000Z","confidence":null,"between":null,"provider":"osm","resource":"planet","version":"2026-09-06T00:00:00.000Z"}],"is_underground":false,"has_parts":false,"version":1}},
{"id":"3bb80b25-b2dc-4bce-a4c5-dc42690467b4","type":"Feature","geometry":{"type":"Polygon","coordinates":[[[90.4122582,23.7430391],[90.4121201,23.743044],[90.4121086,23.7429639],[90.4122813,23.7429344],[90.4122582,23.7430391]]]},"properties":{"sources":[{"property":"","dataset":"OpenStreetMap","license":"ODbL-1.0","record_id":"w505555764@1","update_time":"2021-05-30T03:01:44.000Z","confidence":null,"between":null,"provider":"osm","resource":"planet","version":"2026-09-06T00:00:00.000Z"}],"is_underground":false,"has_parts":false,"version":1}},
{"id":"dc943326-c3bf-4305-811f-0a68d74520a0","type":"Feature","geometry":{"type":"Polygon","coordinates":[[[90.4121339,23.7429275],[90.4121149,23.7427272],[90.4122748,23.74273],[90.412255,23.7429119],[90.4121339,23.7429275]]]},"properties":{"sources":[{"property":"","dataset":"OpenStreetMap","license":"ODbL-1.0","record_id":"w450084971@1","update_time":"2020-01-21T05:37:09.000Z","confidence":null,"between":null,"provider":"osm","resource":"planet","version":"2026-09-06T00:00:00.000Z"}],"is_underground":false,"has_parts":false,"version":1}},
{"id":"77347efa-b5d6-4f09-87fc-74cea7b87722","type":"Feature","geometry":{"type":"Polygon","coordinates":[[[90.4123858,23.7429112],[90.4122606,23.7429019],[90.4122745,23.7427447],[90.4123997,23.7427539],[90.4123858,23.7429112]]]},"properties":{"sources":[{"property":"","dataset":"OpenStreetMap","license":"ODbL-1.0","record_id":"w450084977@1","update_time":"2020-01-21T05:37:09.000Z","confidence":null,"between":null,"provider":"osm","resource":"planet","version":"2026-09-06T00:00:00.000Z"}],"is_underground":false,"has_parts":false,"version":1}},
{"id":"8a82cbb3-0fda-4f43-937c-2603e857ff47","type":"Feature","geometry":{"type":"Polygon","coordinates":[[[90.4125228,23.7427443],[90.4125537,23.7427516],[90.4126918,23.7428954],[90.4125604,23.7430291],[90.4125254,23.7429985],[90.4124624,23.7429849],[90.4124705,23.7428535],[90.4125054,23.7428302],[90.4124853,23.7428007],[90.4124907,23.7427676],[90.4125228,23.7427443]]]},"properties":{"sources":[{"property":"","dataset":"OpenStreetMap","license":"ODbL-1.0","record_id":"w450085168@3","update_time":"2021-05-30T03:01:44.000Z","confidence":null,"between":null,"provider":"osm","resource":"planet","version":"2026-09-06T00:00:00.000Z"}],"is_underground":false,"num_floors":10,"has_parts":false,"version":1}},
{"id":"2d4be187-f3e3-4c57-b5f8-57058c9aa275","type":"Feature","geometry":{"type":"Polygon","coordinates":[[[90.412975,23.7432189],[90.4124478,23.7431699],[90.412464,23.7430239],[90.4126068,23.7430371],[90.4127556,23.7429182],[90.4128956,23.7430649],[90.4129117,23.7430992],[90.4129823,23.7431536],[90.412975,23.7432189]]]},"properties":{"sources":[{"property":"","dataset":"OpenStreetMap","license":"ODbL-1.0","record_id":"w505555762@2","update_time":"2021-05-30T03:01:44.000Z","confidence":null,"between":null,"provider":"osm","resource":"planet","version":"2026-09-06T00:00:00.000Z"}],"is_underground":false,"num_floors":12,"has_parts":false,"version":1}},
{"id":"6685404b-55c4-4cc4-bd62-25675ed7d60d","type":"Feature","geometry":{"type":"Polygon","coordinates":[[[90.4128147,23.743481],[90.412421,23.743481],[90.412421,23.7432306],[90.4128147,23.7432306],[90.4128147,23.743481]]]},"properties":{"names":{"primary":"Sky City Hotel Dhaka","common":[["bn","স্কাই সিটি হোটেল ঢাকা"]],"rules":null},"sources":[{"property":"","dataset":"OpenStreetMap","license":"ODbL-1.0","record_id":"w505555763@3","update_time":"2021-10-11T05:55:26.000Z","confidence":null,"between":null,"provider":"osm","resource":"planet","version":"2026-09-06T00:00:00.000Z"}],"is_underground":false,"num_floors":8,"has_parts":false,"version":1}},
{"id":"68240bd1-2d0e-4ae9-a08e-4d01422b1382","type":"Feature","geometry":{"type":"Polygon","coordinates":[[[90.4134033,23.7435849],[90.4131095,23.7435565],[90.4131349,23.7433362],[90.4134058,23.7435633],[90.4134033,23.7435849]]]},"properties":{"sources":[{"property":"","dataset":"OpenStreetMap","license":"ODbL-1.0","record_id":"w505555785@2","update_time":"2021-10-11T05:55:26.000Z","confidence":null,"between":null,"provider":"osm","resource":"planet","version":"2026-09-06T00:00:00.000Z"}],"is_underground":false,"num_floors":6,"has_parts":false,"version":1}},
{"id":"83097bac-83a7-4644-bdd2-66e44662f814","type":"Feature","geometry":{"type":"Polygon","coordinates":[[[90.4130714,23.7435506],[90.412833,23.7435413],[90.4128448,23.7432333],[90.4130021,23.7432488],[90.4130139,23.7432163],[90.4130934,23.7432813],[90.4130714,23.7435506]]]},"properties":{"sources":[{"property":"","dataset":"OpenStreetMap","license":"ODbL-1.0","record_id":"w991854248@2","update_time":"2022-03-23T09:08:39.000Z","confidence":null,"between":null,"provider":"osm","resource":"planet","version":"2026-09-06T00:00:00.000Z"}],"is_underground":false,"has_parts":false,"version":1}},
{"id":"cbb1c4c0-f6e5-4ead-ab62-869d104b3319","type":"Feature","geometry":{"type":"Polygon","coordinates":[[[90.4132208,23.7427156],[90.413353,23.7428353],[90.4133649,23.7427726],[90.4134558,23.742787],[90.4134271,23.7429385],[90.4133386,23.7430204],[90.4131126,23.7428156],[90.4132208,23.7427156]]]},"properties":{"sources":[{"property":"","dataset":"OpenStreetMap","license":"ODbL-1.0","record_id":"w981831809@2","update_time":"2023-08-28T15:05:13.000Z","confidence":null,"between":null,"provider":"osm","resource":"planet","version":"2026-09-06T00:00:00.000Z"}],"is_underground":false,"num_floors":5,"subtype":"commercial","class":"commercial","has_parts":false,"version":1}},
{"id":"8c0dd9e8-71aa-402f-97e9-d61789b38fb6","type":"Feature","geometry":{"type":"Polygon","coordinates":[[[90.413468,23.7427775],[90.4132704,23.7427515],[90.4132898,23.7426275],[90.4134875,23.7426535],[90.413468,23.7427775]]]},"properties":{"sources":[{"property":"","dataset":"OpenStreetMap","license":"ODbL-1.0","record_id":"w980670937@3","update_time":"2023-08-28T15:05:13.000Z","confidence":null,"between":null,"provider":"osm","resource":"planet","version":"2026-09-06T00:00:00.000Z"}],"is_underground":false,"num_floors":3,"has_parts":false,"version":1}},
{"id":"2d3b0153-f285-490c-8649-7300429ee86c","type":"Feature","geometry":{"type":"Polygon","coordinates":[[[90.4136465,23.742822],[90.4134452,23.7429784],[90.4134533,23.7429306],[90.4134762,23.7427961],[90.4136465,23.742822]]]},"properties":{"names":{"primary":"Paradise Bhuiyan Centre","common":null,"rules":null},"sources":[{"property":"","dataset":"OpenStreetMap","license":"ODbL-1.0","record_id":"w454881050@3","update_time":"2021-09-10T18:48:20.000Z","confidence":null,"between":null,"provider":"osm","resource":"planet","version":"2026-09-06T00:00:00.000Z"}],"is_underground":false,"num_floors":8,"subtype":"commercial","class":"commercial","has_parts":false,"version":1}},
{"id":"84605128-1d13-445f-a7cc-4b1accdbada9","type":"Feature","geometry":{"type":"Polygon","coordinates":[[[90.4134533,23.7429306],[90.4134452,23.7429784],[90.4133718,23.7430465],[90.4133498,23.7430266],[90.4134533,23.7429306]]]},"properties":{"sources":[{"property":"","dataset":"OpenStreetMap","license":"ODbL-1.0","record_id":"w981831810@2","update_time":"2023-08-28T15:05:13.000Z","confidence":null,"between":null,"provider":"osm","resource":"planet","version":"2026-09-06T00:00:00.000Z"}],"is_underground":false,"num_floors":2,"subtype":"commercial","class":"commercial","has_parts":false,"version":1}},
{"id":"fd0eb3f1-e7b4-4501-b8c4-345182de0e64","type":"Feature","geometry":{"type":"Polygon","coordinates":[[[90.4136145,23.7430293],[90.4137211,23.7431332],[90.4136913,23.7431591],[90.4135847,23.7430552],[90.4136145,23.7430293]]]},"properties":{"sources":[{"property":"","dataset":"Google Open Buildings","license":null,"record_id":"7MMGPCV7+6FJQ","update_time":"2023-05-01T00:00:00.000Z","confidence":0.6503,"between":null,"provider":"google","resource":"open_buildings","version":"2024-04-16"}],"is_underground":false,"has_parts":false,"version":1}},
{"id":"54050e7b-e294-4251-97c7-ddae71b64a92","type":"Feature","geometry":{"type":"Polygon","coordinates":[[[90.4136639,23.742805],[90.4134785,23.7427777],[90.4135019,23.7426444],[90.4136481,23.7426659],[90.4136498,23.7426559],[90.4137129,23.7426652],[90.4137112,23.7426748],[90.4137876,23.7426861],[90.4136639,23.742805]]]},"properties":{"names":{"primary":"Chameli Mansion","common":null,"rules":null},"sources":[{"property":"","dataset":"OpenStreetMap","license":"ODbL-1.0","record_id":"w454881051@1","update_time":"2021-09-06T13:48:58.000Z","confidence":null,"between":null,"provider":"osm","resource":"planet","version":"2026-09-06T00:00:00.000Z"}],"is_underground":false,"num_floors":6,"subtype":"residential","class":"apartments","has_parts":false,"version":1}},
{"id":"ea2cfb2f-58d5-4b5e-9091-095b7bb1172c","type":"Feature","geometry":{"type":"Polygon","coordinates":[[[90.4137662,23.7430792],[90.4137344,23.7431054],[90.4136271,23.742996],[90.4136442,23.7429819],[90.4136283,23.7429658],[90.4139276,23.74272],[90.41389,23.7426815],[90.4140098,23.7425831],[90.4140733,23.7425874],[90.4141983,23.742714],[90.4137619,23.7430748],[90.4137662,23.7430792]]]},"properties":{"names":{"primary":"CID Bangladesh","common":null,"rules":null},"sources":[{"property":"","dataset":"OpenStreetMap","license":"ODbL-1.0","record_id":"w981333518@1","update_time":"2021-09-09T18:12:23.000Z","confidence":null,"between":null,"provider":"osm","resource":"planet","version":"2026-09-06T00:00:00.000Z"}],"is_underground":false,"num_floors":5,"has_parts":false,"version":1}},
{"id":"2437d47f-1145-44b8-8664-e2643d38d01a","type":"Feature","geometry":{"type":"Polygon","coordinates":[[[90.4138663,23.7433774],[90.4139312,23.7433225],[90.4141503,23.743542],[90.4141136,23.7435731],[90.4141291,23.7435886],[90.414065,23.7436429],[90.4138493,23.7434268],[90.4138852,23.7433964],[90.4138663,23.7433774]]]},"properties":{"sources":[{"property":"","dataset":"Google Open Buildings","license":null,"record_id":"7MMGPCV7+9HX9","update_time":"2023-05-01T00:00:00.000Z","confidence":0.8427,"between":null,"provider":"google","resource":"open_buildings","version":"2024-04-16"}],"is_underground":false,"has_parts":false,"version":1}},
{"id":"62921b12-9c52-4995-885a-c72d499b249d","type":"Feature","geometry":{"type":"Polygon","coordinates":[[[90.4142437,23.743204],[90.4141759,23.7432573],[90.4141528,23.7432327],[90.4140536,23.7431996],[90.4141014,23.7431622],[90.4140679,23.7431262],[90.4140337,23.743153],[90.4140534,23.7431741],[90.413982,23.74323],[90.4138534,23.7430923],[90.4142136,23.7428105],[90.4142972,23.7429001],[90.4143305,23.742874],[90.4144762,23.7430298],[90.4144624,23.7430406],[90.4144212,23.7430729],[90.4144366,23.7430893],[90.4142636,23.7432252],[90.4142437,23.743204]]]},"properties":{"names":{"primary":"Cyber Police Center","common":null,"rules":null},"sources":[{"property":"","dataset":"OpenStreetMap","license":"ODbL-1.0","record_id":"w981333514@1","update_time":"2021-09-09T18:12:23.000Z","confidence":null,"between":null,"provider":"osm","resource":"planet","version":"2026-09-06T00:00:00.000Z"}],"is_underground":false,"num_floors":13,"has_parts":false,"version":1}},
{"id":"7a159c4e-2e28-4ffc-a06e-166b50b70533","type":"Feature","geometry":{"type":"Polygon","coordinates":[[[90.4143104,23.7427749],[90.4143514,23.7426871],[90.4145103,23.7427493],[90.4144693,23.7428371],[90.4143104,23.7427749]]]},"properties":{"sources":[{"property":"","dataset":"OpenStreetMap","license":"ODbL-1.0","record_id":"w450086143@2","update_time":"2021-09-09T18:12:23.000Z","confidence":null,"between":null,"provider":"osm","resource":"planet","version":"2026-09-06T00:00:00.000Z"}],"is_underground":false,"num_floors":5,"has_parts":false,"version":1}},
{"id":"be7efb5a-55f7-4155-a908-5395657f1fd1","type":"Feature","geometry":{"type":"Polygon","coordinates":[[[90.4145756,23.742958],[90.4146294,23.7430026],[90.4145891,23.7430438],[90.4145353,23.7429992],[90.4145756,23.742958]]]},"properties":{"sources":[{"property":"","dataset":"Google Open Buildings","license":null,"record_id":"7MMGPCV7+6R44","update_time":"2023-05-01T00:00:00.000Z","confidence":0.8526,"between":null,"provider":"google","resource":"open_buildings","version":"2024-04-16"}],"is_underground":false,"has_parts":false,"version":1}},
{"id":"b3c18138-881b-4e1e-9385-80a5fbe02eb3","type":"Feature","geometry":{"type":"Polygon","coordinates":[[[90.4143702,23.7434685],[90.4143473,23.7434439],[90.4144154,23.7433908],[90.4143956,23.7433695],[90.4145693,23.7432343],[90.4145846,23.7432507],[90.4146293,23.7432158],[90.4146396,23.7432077],[90.4147851,23.7433637],[90.4147517,23.7433898],[90.4148353,23.7434793],[90.4144752,23.7437611],[90.4143466,23.7436235],[90.4144181,23.7435676],[90.4144378,23.7435887],[90.414472,23.7435619],[90.4144384,23.743526],[90.4143906,23.7435634],[90.4143702,23.7434685]]]},"properties":{"sources":[{"property":"","dataset":"OpenStreetMap","license":"ODbL-1.0","record_id":"w981333516@1","update_time":"2021-09-09T18:12:23.000Z","confidence":null,"between":null,"provider":"osm","resource":"planet","version":"2026-09-06T00:00:00.000Z"}],"is_underground":false,"num_floors":13,"has_parts":false,"version":1}},
{"id":"aea6700d-45df-4fc4-aafc-ef0ecbca9c01","type":"Feature","geometry":{"type":"Polygon","coordinates":[[[90.4144366,23.7430893],[90.4144212,23.7430729],[90.4144624,23.7430406],[90.4146293,23.7432158],[90.4145846,23.7432507],[90.4145693,23.7432343],[90.4143956,23.7433695],[90.4142636,23.7432252],[90.4144366,23.7430893]]]},"properties":{"names":{"primary":"SB office","common":null,"rules":null},"sources":[{"property":"","dataset":"OpenStreetMap","license":"ODbL-1.0","record_id":"w981333517@1","update_time":"2021-09-09T18:12:23.000Z","confidence":null,"between":null,"provider":"osm","resource":"planet","version":"2026-09-06T00:00:00.000Z"}],"is_underground":false,"num_floors":5,"has_parts":true,"version":1}},
{"id":"e7fb61f4-c3e5-43ae-99e0-5b13ed129a91","type":"Feature","geometry":{"type":"Polygon","coordinates":[[[90.4153327,23.743107],[90.4149457,23.7433926],[90.4148602,23.7432956],[90.4152473,23.74301],[90.4153327,23.743107]]]},"properties":{"sources":[{"property":"","dataset":"OpenStreetMap","license":"ODbL-1.0","record_id":"w506022993@2","update_time":"2021-10-11T05:55:26.000Z","confidence":null,"between":null,"provider":"osm","resource":"planet","version":"2026-09-06T00:00:00.000Z"}],"is_underground":false,"num_floors":5,"has_parts":false,"version":1}},
{"id":"25673793-4317-4347-be4a-4edaa1d11aa1","type":"Feature","geometry":{"type":"Polygon","coordinates":[[[90.4153117,23.7427684],[90.4153181,23.7427928],[90.4152536,23.7428073],[90.4152472,23.7427829],[90.4153117,23.7427684]]]},"properties":{"sources":[{"property":"","dataset":"Google Open Buildings","license":null,"record_id":"7MMGPCV8+447C","update_time":"2023-05-01T00:00:00.000Z","confidence":0.6532,"between":null,"provider":"google","resource":"open_buildings","version":"2024-04-16"}],"is_underground":false,"has_parts":false,"version":1}},
{"id":"ea5d585b-670d-4c7d-b97c-64b6b861224e","type":"Feature","geometry":{"type":"Polygon","coordinates":[[[90.4156786,23.743501],[90.4155258,23.743494],[90.4155513,23.7433835],[90.4157081,23.7432469],[90.4156786,23.743501]]]},"properties":{"sources":[{"property":"","dataset":"OpenStreetMap","license":"ODbL-1.0","record_id":"w505555830@1","update_time":"2021-05-30T03:01:44.000Z","confidence":null,"between":null,"provider":"osm","resource":"planet","version":"2026-09-06T00:00:00.000Z"}],"is_underground":false,"has_parts":false,"version":1}},
{"id":"db0d4d16-64d8-4e1b-a3dd-3d287adbd927","type":"Feature","geometry":{"type":"Polygon","coordinates":[[[90.4157594,23.7434495],[90.4157312,23.7434448],[90.4157396,23.743402],[90.4157678,23.7434066],[90.4157594,23.7434495]]]},"properties":{"sources":[{"property":"","dataset":"OpenStreetMap","license":"ODbL-1.0","record_id":"w1425755157@1","update_time":"2025-08-29T08:13:24.000Z","confidence":null,"between":null,"provider":"osm","resource":"planet","version":"2026-09-06T00:00:00.000Z"}],"is_underground":false,"has_parts":false,"version":1}},
{"id":"c212af37-1d6c-4d39-9b8e-4c1e490fbc6a","type":"Feature","geometry":{"type":"Polygon","coordinates":[[[90.4158255,23.7432963],[90.4157521,23.7432898],[90.4157636,23.7431918],[90.4158078,23.7431748],[90.4158255,23.7432963]]]},"properties":{"sources":[{"property":"","dataset":"OpenStreetMap","license":"ODbL-1.0","record_id":"w1085100469@1","update_time":"2022-08-09T13:54:36.000Z","confidence":null,"between":null,"provider":"osm","resource":"planet","version":"2026-09-06T00:00:00.000Z"}],"is_underground":false,"has_parts":false,"version":1}},
{"id":"18fa4d52-b8d0-4709-81a3-9f66126bab64","type":"Feature","geometry":{"type":"Polygon","coordinates":[[[90.4154144,23.7430848],[90.4153107,23.7429696],[90.4157759,23.7426188],[90.4158796,23.742734],[90.4154144,23.7430848]]]},"properties":{"sources":[{"property":"","dataset":"OpenStreetMap","license":"ODbL-1.0","record_id":"w506022992@2","update_time":"2021-10-11T05:55:26.000Z","confidence":null,"between":null,"provider":"osm","resource":"planet","version":"2026-09-06T00:00:00.000Z"}],"is_underground":false,"num_floors":5,"has_parts":false,"version":1}},
{"id":"f9e87447-38ed-4c94-9e77-cf335f64b2e5","type":"Feature","geometry":{"type":"Polygon","coordinates":[[[90.4156545,23.7425421],[90.415689,23.742592899999998],[90.4156045,23.7426416],[90.4155699,23.7425908],[90.4156545,23.7425421]]]},"properties":{"sources":[{"property":"","dataset":"Google Open Buildings","license":null,"record_id":"7MMGPCV8+27JJ","update_time":"2023-05-01T00:00:00.000Z","confidence":0.821,"between":null,"provider":"google","resource":"open_buildings","version":"2024-04-16"}],"is_underground":false,"has_parts":false,"version":1}},
{"id":"6ef81b87-2882-4120-b64f-c5a3e1a11b59","type":"Feature","geometry":{"type":"Polygon","coordinates":[[[90.4153076,23.7426517],[90.4152907,23.7423638],[90.4155462,23.7423512],[90.4155631,23.7426391],[90.4153076,23.7426517]]]},"properties":{"names":{"primary":"রাজারবাগ পুলিশ লাইন জামে মসজিদ","common":[["en","Rajarbagh Police line Jame Masjid"]],"rules":null},"sources":[{"property":"","dataset":"OpenStreetMap","license":"ODbL-1.0","record_id":"w222332699@4","update_time":"2021-09-17T21:39:26.000Z","confidence":null,"between":null,"provider":"osm","resource":"planet","version":"2026-09-06T00:00:00.000Z"}],"is_underground":false,"subtype":"religious","has_parts":false,"version":1}},
{"id":"10314246-4e13-438a-9535-1733f3b7470d","type":"Feature","geometry":{"type":"Polygon","coordinates":[[[90.415596,23.7419157],[90.415552,23.7419575],[90.4155202,23.7419292],[90.4155642,23.7418874],[90.415596,23.7419157]]]},"properties":{"sources":[{"property":"","dataset":"Google Open Buildings","license":null,"record_id":"7MMGPCR8+Q67X","update_time":"2023-05-01T00:00:00.000Z","confidence":0.8014,"between":null,"provider":"google","resource":"open_buildings","version":"2024-04-16"}],"is_underground":false,"has_parts":false,"version":1}},
{"id":"861bce97-65a0-4ae9-b534-db433547ba8b","type":"Feature","geometry":{"type":"Polygon","coordinates":[[[90.4151355,23.7415688],[90.4151791,23.7416154],[90.4151551,23.7416345],[90.4151114,23.741588],[90.4151355,23.7415688]]]},"properties":{"sources":[{"property":"","dataset":"Google Open Buildings","license":null,"record_id":"7MMGPCR8+J3R4","update_time":"2023-05-01T00:00:00.000Z","confidence":0.6615,"between":null,"provider":"google","resource":"open_buildings","version":"2024-04-16"}],"is_underground":false,"has_parts":false,"version":1}},
{"id":"24b79abe-fc1d-45a2-bd6b-83f0abf60980","type":"Feature","geometry":{"type":"Polygon","coordinates":[[[90.4149647,23.7416171],[90.4152022,23.7417432],[90.4151928,23.7417581],[90.4151997,23.7417617],[90.4151792,23.741794],[90.4151711,23.7417896],[90.4151545,23.7418159],[90.415142,23.7418093],[90.4151349,23.7418206],[90.4150992,23.7418017],[90.4151063,23.7417906],[90.4150821,23.7417778],[90.4150748,23.7417894],[90.4150434,23.7417728],[90.4150574,23.7417505],[90.4150526,23.741748],[90.4150693,23.7417216],[90.4150536,23.7417132],[90.4150369,23.7417396],[90.4150309,23.7417365],[90.4150174,23.7417578],[90.4149883,23.7417424],[90.414997,23.7417287],[90.4149709,23.7417149],[90.4149627,23.7417278],[90.414935,23.7417131],[90.4149457,23.7416961],[90.4149225,23.7416838],[90.4149647,23.7416171]]]},"properties":{"sources":[{"property":"","dataset":"OpenStreetMap","license":"ODbL-1.0","record_id":"w982406650@2","update_time":"2021-09-13T06:56:29.000Z","confidence":null,"between":null,"provider":"osm","resource":"planet","version":"2026-09-06T00:00:00.000Z"}],"is_underground":false,"num_floors":5,"subtype":"residential","class":"apartments","has_parts":false,"version":1}},
{"id":"28e1c886-8672-45c5-80af-d41b233bda45","type":"Feature","geometry":{"type":"Polygon","coordinates":[[[90.4149525,23.7420958],[90.4151998,23.7422047],[90.4151917,23.7422202],[90.4151989,23.7422233],[90.4151812,23.7422569],[90.4151727,23.7422532],[90.4151584,23.7422806],[90.4151454,23.7422749],[90.4151392,23.7422867],[90.4151021,23.7422704],[90.4151082,23.7422588],[90.4150831,23.7422478],[90.4150768,23.7422598],[90.415044,23.7422454],[90.4150561,23.7422223],[90.4150511,23.7422201],[90.4150656,23.7421925],[90.4150491,23.7421853],[90.4150347,23.7422129],[90.4150285,23.7422101],[90.4150168,23.7422324],[90.4149866,23.7422191],[90.414994,23.7422048],[90.4149668,23.7421928],[90.4149597,23.7422063],[90.4149309,23.7421936],[90.4149402,23.7421759],[90.414916,23.7421653],[90.4149525,23.7420958]]]},"properties":{"sources":[{"property":"","dataset":"OpenStreetMap","license":"ODbL-1.0","record_id":"w982406652@2","update_time":"2025-01-28T10:51:19.000Z","confidence":null,"between":null,"provider":"osm","resource":"planet","version":"2026-09-06T00:00:00.000Z"}],"is_underground":false,"num_floors":5,"subtype":"residential","class":"apartments","has_parts":false,"version":1}},
{"id":"3d4c0f0c-68a9-417b-a8ab-d60415d76eb0","type":"Feature","geometry":{"type":"Polygon","coordinates":[[[90.4151655,23.74197],[90.4154095,23.742085199999998],[90.4154009,23.7421004],[90.415408,23.7421038],[90.4153893,23.7421369],[90.4153809,23.742133],[90.4153658,23.7421599],[90.415353,23.7421539],[90.4153464,23.7421655],[90.4153098,23.7421483],[90.4153162,23.7421369],[90.4152915,23.7421252],[90.4152848,23.7421371],[90.4152525,23.7421219],[90.4152653,23.742099],[90.4152604,23.7420967],[90.4152756,23.7420696],[90.4152595,23.7420619],[90.4152442,23.7420891],[90.4152381,23.7420862],[90.4152257,23.7421081],[90.4151959,23.7420941],[90.4152038,23.74208],[90.4151769,23.7420673],[90.4151694,23.7420806],[90.415141,23.7420672],[90.4151508,23.7420497],[90.415127,23.7420385],[90.4151655,23.74197]]]},"properties":{"sources":[{"property":"","dataset":"OpenStreetMap","license":"ODbL-1.0","record_id":"w982406651@2","update_time":"2025-01-28T10:51:19.000Z","confidence":null,"between":null,"provider":"osm","resource":"planet","version":"2026-09-06T00:00:00.000Z"}],"is_underground":false,"num_floors":5,"subtype":"residential","class":"apartments","has_parts":false,"version":1}},
{"id":"b1946f63-841f-4243-9703-7ce6225f670f","type":"Feature","geometry":{"type":"Polygon","coordinates":[[[90.4150326,23.7424229],[90.4148724,23.742353],[90.4149129,23.7422752],[90.4150731,23.7423451],[90.4150326,23.7424229]]]},"properties":{"sources":[{"property":"","dataset":"OpenStreetMap","license":"ODbL-1.0","record_id":"w450086228@2","update_time":"2025-01-28T10:51:19.000Z","confidence":null,"between":null,"provider":"osm","resource":"planet","version":"2026-09-06T00:00:00.000Z"}],"is_underground":false,"num_floors":5,"has_parts":false,"version":1}},
{"id":"d3eb32e0-251f-4ef0-8f51-c56bc14cfa48","type":"Feature","geometry":{"type":"Polygon","coordinates":[[[90.4148949,23.7425335],[90.414781,23.742808],[90.414697,23.7427788],[90.4148496,23.7424109],[90.4152201,23.7425397],[90.4151813,23.7426331],[90.4148949,23.7425335]]]},"properties":{"sources":[{"property":"","dataset":"OpenStreetMap","license":"ODbL-1.0","record_id":"w1354896806@1","update_time":"2025-01-28T10:47:41.000Z","confidence":null,"between":null,"provider":"osm","resource":"planet","version":"2026-09-06T00:00:00.000Z"}],"is_underground":false,"num_floors":1,"subtype":"agricultural","class":"stable","has_parts":false,"version":1}},
{"id":"277e2148-b879-4e66-9e55-bcea1ae44b32","type":"Feature","geometry":{"type":"Polygon","coordinates":[[[90.4147109,23.7425571],[90.4146063,23.7425316],[90.4146529,23.7423714],[90.4147575,23.7423969],[90.4147109,23.7425571]]]},"properties":{"sources":[{"property":"","dataset":"OpenStreetMap","license":"ODbL-1.0","record_id":"w450086155@4","update_time":"2023-08-28T15:05:13.000Z","confidence":null,"between":null,"provider":"osm","resource":"planet","version":"2026-09-06T00:00:00.000Z"}],"is_underground":false,"num_floors":5,"has_parts":false,"version":1}},
{"id":"e4013c3d-53b2-47d2-aa7f-1bfe09944f03","type":"Feature","geometry":{"type":"Polygon","coordinates":[[[90.414771,23.7423712],[90.4146881,23.7423555],[90.4147099,23.7422399],[90.4148149,23.7422503],[90.414771,23.7423712]]]},"properties":{"sources":[{"property":"","dataset":"OpenStreetMap","license":"ODbL-1.0","record_id":"w980138285@3","update_time":"2025-02-05T11:29:51.000Z","confidence":null,"between":null,"provider":"osm","resource":"planet","version":"2026-09-06T00:00:00.000Z"}],"is_underground":false,"num_floors":5,"subtype":"residential","class":"residential","has_parts":false,"version":1}},
{"id":"78906e10-b26d-4fb5-bb38-c9bf4ad06811","type":"Feature","geometry":{"type":"Polygon","coordinates":[[[90.4148157,23.7422351],[90.414721,23.7422237],[90.4147435,23.7420212],[90.4148735,23.7420285],[90.4148157,23.7422351]]]},"properties":{"names":{"primary":"Chameli","common":null,"rules":null},"sources":[{"property":"","dataset":"OpenStreetMap","license":"ODbL-1.0","record_id":"w450086234@3","update_time":"2023-08-17T17:17:09.000Z","confidence":null,"between":null,"provider":"osm","resource":"planet","version":"2026-09-06T00:00:00.000Z"}],"is_underground":false,"num_floors":6,"subtype":"residential","class":"apartments","has_parts":false,"version":1}},
{"id":"11355428-5a66-46e1-8a60-66ec7faa6184","type":"Feature","geometry":{"type":"Polygon","coordinates":[[[90.4146473,23.7421891],[90.4146175,23.7421867],[90.4146325,23.742028],[90.4147272,23.7420355],[90.4147146,23.7421683],[90.414685,23.742166],[90.4146838,23.7421784],[90.4146486,23.7421756],[90.4146473,23.7421891]]]},"properties":{"sources":[{"property":"","dataset":"OpenStreetMap","license":"ODbL-1.0","record_id":"w980138283@4","update_time":"2025-02-05T11:29:51.000Z","confidence":null,"between":null,"provider":"osm","resource":"planet","version":"2026-09-06T00:00:00.000Z"}],"is_underground":false,"num_floors":4,"subtype":"residential","class":"residential","has_parts":false,"version":1}},
{"id":"5ab99d83-a05f-4b56-9aaa-11d77bd53e54","type":"Feature","geometry":{"type":"Polygon","coordinates":[[[90.4144637,23.7421468],[90.4144619,23.7421716],[90.4143568,23.7421651],[90.4143694,23.7419953],[90.4143828,23.7419845],[90.4146124,23.7419983],[90.414623,23.742007],[90.4146172,23.7420849],[90.414485,23.7420767],[90.4144797,23.7421478],[90.4144637,23.7421468]]]},"properties":{"sources":[{"property":"","dataset":"OpenStreetMap","license":"ODbL-1.0","record_id":"w981325526@3","update_time":"2025-02-05T11:29:51.000Z","confidence":null,"between":null,"provider":"osm","resource":"planet","version":"2026-09-06T00:00:00.000Z"}],"is_underground":false,"num_floors":8,"subtype":"residential","class":"apartments","has_parts":false,"version":1}},
{"id":"b1741a95-48ed-4ec3-8fc8-2cb964284c3a","type":"Feature","geometry":{"type":"Polygon","coordinates":[[[90.4145968,23.7421842],[90.4144893,23.7421778],[90.4144954,23.7420913],[90.414603,23.7420976],[90.4145968,23.7421842]]]},"properties":{"sources":[{"property":"","dataset":"OpenStreetMap","license":"ODbL-1.0","record_id":"w981325527@2","update_time":"2023-08-28T15:05:13.000Z","confidence":null,"between":null,"provider":"osm","resource":"planet","version":"2026-09-06T00:00:00.000Z"}],"is_underground":false,"num_floors":2,"subtype":"residential","class":"residential","has_parts":false,"version":1}},
{"id":"f6bf9883-6012-4f07-8196-5ffc161d4b79","type":"Feature","geometry":{"type":"Polygon","coordinates":[[[90.4146487,23.7419806],[90.4146056,23.741979099999998],[90.4146062,23.7419651],[90.4144116,23.7419581],[90.4144144,23.7418938],[90.4144803,23.7418962],[90.414481,23.7418809],[90.4144266,23.7418789],[90.4144297,23.741807],[90.4145368,23.7418108],[90.4145335,23.7418895],[90.4145588,23.7418904],[90.414562,23.7418142],[90.4146343,23.7418167],[90.4146673,23.7417985],[90.414666,23.7418355],[90.4146789,23.7418359],[90.4146771,23.7418876],[90.4146128,23.7418856],[90.4146123,23.7418988],[90.4146728,23.7419006],[90.4146706,23.741962],[90.4146487,23.7419806]]]},"properties":{"sources":[{"property":"","dataset":"OpenStreetMap","license":"ODbL-1.0","record_id":"w981325525@4","update_time":"2025-02-05T11:29:51.000Z","confidence":null,"between":null,"provider":"osm","resource":"planet","version":"2026-09-06T00:00:00.000Z"}],"is_underground":false,"subtype":"residential","class":"apartments","has_parts":false,"version":1}},
{"id":"177916df-3edc-4995-bd11-a78e863f1f0c","type":"Feature","geometry":{"type":"Polygon","coordinates":[[[90.4143676,23.7422806],[90.4144013,23.7422819],[90.4143999,23.7423135],[90.4143662,23.7423122],[90.4143676,23.7422806]]]},"properties":{"sources":[{"property":"","dataset":"Google Open Buildings","license":null,"record_id":"7MMGPCR7+WQ6V","update_time":"2023-05-01T00:00:00.000Z","confidence":0.6839,"between":null,"provider":"google","resource":"open_buildings","version":"2024-04-16"}],"is_underground":false,"has_parts":false,"version":1}},
{"id":"b141a945-a761-4bac-b5fa-5566c86c4006","type":"Feature","geometry":{"type":"Polygon","coordinates":[[[90.4146657,23.7423242],[90.4144689,23.7422981],[90.4144817,23.7422175],[90.4146784,23.7422436],[90.4146657,23.7423242]]]},"properties":{"names":{"primary":"Prottasha Paradise","common":null,"rules":null},"sources":[{"property":"","dataset":"OpenStreetMap","license":"ODbL-1.0","record_id":"w450086337@3","update_time":"2021-09-09T18:12:23.000Z","confidence":null,"between":null,"provider":"osm","resource":"planet","version":"2026-09-06T00:00:00.000Z"}],"is_underground":false,"num_floors":6,"has_parts":false,"version":1}},
{"id":"159dcaa2-697f-4df6-b1f5-750a844e52f8","type":"Feature","geometry":{"type":"Polygon","coordinates":[[[90.4146362,23.7423368],[90.414616,23.7424347],[90.4144485,23.7424059],[90.4144686,23.7423079],[90.4146362,23.7423368]]]},"properties":{"sources":[{"property":"","dataset":"OpenStreetMap","license":"ODbL-1.0","record_id":"w450086340@3","update_time":"2023-08-28T15:05:13.000Z","confidence":null,"between":null,"provider":"osm","resource":"planet","version":"2026-09-06T00:00:00.000Z"}],"is_underground":false,"num_floors":4,"has_parts":false,"version":1}},
{"id":"2d3e76c8-f19d-4f9f-a524-67035ddea706","type":"Feature","geometry":{"type":"Polygon","coordinates":[[[90.4145909,23.7424435],[90.4145717,23.7425252],[90.414466,23.7425044],[90.4144751,23.742466],[90.4144383,23.7424588],[90.4144485,23.7424155],[90.4145909,23.7424435]]]},"properties":{"sources":[{"property":"","dataset":"OpenStreetMap","license":"ODbL-1.0","record_id":"w454879615@4","update_time":"2023-08-28T15:05:13.000Z","confidence":null,"between":null,"provider":"osm","resource":"planet","version":"2026-09-06T00:00:00.000Z"}],"is_underground":false,"num_floors":4,"has_parts":false,"version":1}},
{"id":"8fe8f9dd-9f22-42e1-b9ff-95ed88d6b77a","type":"Feature","geometry":{"type":"Polygon","coordinates":[[[90.4146692,23.7426159],[90.4146312,23.7427055],[90.4144625,23.7426455],[90.4145004,23.742556],[90.4146692,23.7426159]]]},"properties":{"sources":[{"property":"","dataset":"OpenStreetMap","license":"ODbL-1.0","record_id":"w450086150@2","update_time":"2021-09-09T18:12:23.000Z","confidence":null,"between":null,"provider":"osm","resource":"planet","version":"2026-09-06T00:00:00.000Z"}],"is_underground":false,"num_floors":5,"has_parts":false,"version":1}},
{"id":"0d83464e-9eb6-4f77-a851-ddd13f7b259d","type":"Feature","geometry":{"type":"Polygon","coordinates":[[[90.4144232,23.7426919],[90.4143603,23.7426684],[90.4144034,23.7425716],[90.4144663,23.742595],[90.4144232,23.7426919]]]},"properties":{"sources":[{"property":"","dataset":"OpenStreetMap","license":"ODbL-1.0","record_id":"w1456722283@1","update_time":"2025-12-07T17:00:57.000Z","confidence":null,"between":null,"provider":"osm","resource":"planet","version":"2026-09-06T00:00:00.000Z"}],"is_underground":false,"has_parts":false,"version":1}},
{"id":"a67e6ab5-182d-406d-9c97-1da14866a891","type":"Feature","geometry":{"type":"Polygon","coordinates":[[[90.4142469,23.7425483],[90.4142225,23.7425451],[90.4142473,23.7424187],[90.4143565,23.7424313],[90.4143526,23.742443],[90.4143451,23.7424641],[90.4143327,23.7424924],[90.4143181,23.7425175],[90.4143039,23.7425329],[90.4142832,23.742543],[90.4142659,23.7425463],[90.4142469,23.7425483]]]},"properties":{"sources":[{"property":"","dataset":"OpenStreetMap","license":"ODbL-1.0","record_id":"w980575476@4","update_time":"2026-02-27T20:59:15.000Z","confidence":null,"between":null,"provider":"osm","resource":"planet","version":"2026-09-06T00:00:00.000Z"}],"is_underground":false,"num_floors":1,"has_parts":false,"version":2}},
{"id":"e7ea1a84-9bc9-403e-b7c1-cb9cfc6cfb9f","type":"Feature","geometry":{"type":"Polygon","coordinates":[[[90.4141168,23.7424879],[90.4140853,23.7424845],[90.4140799,23.7425269],[90.4140148,23.7425199],[90.414032,23.7423851],[90.4140037,23.7423821],[90.4140181,23.7422695],[90.4140531,23.7422732],[90.4140624,23.742201],[90.4141067,23.7422057],[90.414105,23.7422189],[90.4141354,23.7422221],[90.4141315,23.7422524],[90.4141713,23.7422566],[90.4141627,23.7423238],[90.4142151,23.7423294],[90.414225,23.7422522],[90.4142618,23.7422561],[90.4142662,23.7422222],[90.4143721,23.7422335],[90.4143489,23.7424146],[90.4141292,23.742391],[90.4141168,23.7424879]]]},"properties":{"names":{"primary":"Sham Naz Heights","common":null,"rules":null},"sources":[{"property":"","dataset":"OpenStreetMap","license":"ODbL-1.0","record_id":"w1354896737@3","update_time":"2026-02-27T20:59:15.000Z","confidence":null,"between":null,"provider":"osm","resource":"planet","version":"2026-09-06T00:00:00.000Z"}],"is_underground":false,"num_floors":9,"subtype":"residential","class":"residential","has_parts":false,"version":2}},
{"id":"84e90cb2-2491-4f89-8ce7-f864bead4e3f","type":"Feature","geometry":{"type":"Polygon","coordinates":[[[90.4142159,23.7425431],[90.4141355,23.7425313],[90.414157,23.742408],[90.4142374,23.7424198],[90.4142159,23.7425431]]]},"properties":{"sources":[{"property":"","dataset":"OpenStreetMap","license":"ODbL-1.0","record_id":"w980575475@3","update_time":"2026-02-27T20:59:15.000Z","confidence":null,"between":null,"provider":"osm","resource":"planet","version":"2026-09-06T00:00:00.000Z"}],"is_underground":false,"num_floors":3,"subtype":"residential","class":"residential","has_parts":false,"version":2}},
{"id":"a79147bc-a602-48ad-8036-66d1b98ed83d","type":"Feature","geometry":{"type":"Polygon","coordinates":[[[90.4143164,23.7427089],[90.4142544,23.7427566],[90.4141447,23.7426371],[90.4142067,23.7425894],[90.4143164,23.7427089]]]},"properties":{"sources":[{"property":"","dataset":"OpenStreetMap","license":"ODbL-1.0","record_id":"w450086142@2","update_time":"2023-11-09T20:11:20.000Z","confidence":null,"between":null,"provider":"osm","resource":"planet","version":"2026-09-06T00:00:00.000Z"}],"is_underground":false,"num_floors":5,"has_parts":false,"version":1}},
{"id":"80b638ca-8973-40ae-ac98-69883204b7d9","type":"Feature","geometry":{"type":"Polygon","coordinates":[[[90.4139866,23.7421324],[90.413804,23.7421143],[90.4138154,23.7420182],[90.41398,23.7420345],[90.4139912,23.7420927],[90.4139866,23.7421324]]]},"properties":{"sources":[{"property":"","dataset":"OpenStreetMap","license":"ODbL-1.0","record_id":"w447716830@5","update_time":"2023-08-28T15:05:13.000Z","confidence":null,"between":null,"provider":"osm","resource":"planet","version":"2026-09-06T00:00:00.000Z"}],"is_underground":false,"num_floors":5,"has_parts":false,"version":1}},
{"id":"c82117f1-5072-4a11-8a30-9447994a9cc0","type":"Feature","geometry":{"type":"Polygon","coordinates":[[[90.4138133,23.7419995],[90.4138238,23.7418933],[90.413984,23.7419065],[90.4139731,23.7420167],[90.4139462,23.7420145],[90.4139477,23.7419999],[90.4139181,23.7419975],[90.4139171,23.742008],[90.4138133,23.7419995]]]},"properties":{"sources":[{"property":"","dataset":"OpenStreetMap","license":"ODbL-1.0","record_id":"w980619090@3","update_time":"2023-08-28T15:05:13.000Z","confidence":null,"between":null,"provider":"osm","resource":"planet","version":"2026-09-06T00:00:00.000Z"}],"is_underground":false,"num_floors":5,"subtype":"residential","class":"residential","has_parts":false,"version":1}},
{"id":"e30c6aea-8c64-420a-ae83-edba18480540","type":"Feature","geometry":{"type":"Polygon","coordinates":[[[90.4142302,23.7421264],[90.414252,23.7419729],[90.4142839,23.7419807],[90.4143502,23.7419886],[90.4143208,23.7421679],[90.4142925,23.7421758],[90.4142629,23.7421659],[90.4142415,23.7421528],[90.4142302,23.7421264]]]},"properties":{"names":{"primary":"Shwapnonir","common":null,"rules":null},"sources":[{"property":"","dataset":"OpenStreetMap","license":"ODbL-1.0","record_id":"w450086331@4","update_time":"2021-09-09T17:39:56.000Z","confidence":null,"between":null,"provider":"osm","resource":"planet","version":"2026-09-06T00:00:00.000Z"}],"is_underground":false,"num_floors":6,"subtype":"residential","class":"apartments","has_parts":false,"version":1}},
{"id":"787d1cb1-e051-4ccc-9428-3a2e2d28e745","type":"Feature","geometry":{"type":"Polygon","coordinates":[[[90.414377,23.7419745],[90.4142491,23.7419674],[90.4142554,23.741872],[90.4143833,23.7418791],[90.414377,23.7419745]]]},"properties":{"names":{"primary":"Shahporan Monjil","common":null,"rules":null},"sources":[{"property":"","dataset":"OpenStreetMap","license":"ODbL-1.0","record_id":"w454879609@3","update_time":"2025-02-05T11:29:51.000Z","confidence":null,"between":null,"provider":"osm","resource":"planet","version":"2026-09-06T00:00:00.000Z"}],"is_underground":false,"num_floors":5,"subtype":"residential","class":"apartments","has_parts":false,"version":1}},
{"id":"8034321d-98e8-492d-945f-b120f5e8349a","type":"Feature","geometry":{"type":"Polygon","coordinates":[[[90.4143858,23.7418744],[90.414255,23.7418683],[90.4142597,23.7417837],[90.4143905,23.7417898],[90.4143858,23.7418744]]]},"properties":{"names":{"primary":"Shahjalal Monjil","common":null,"rules":null},"sources":[{"property":"","dataset":"OpenStreetMap","license":"ODbL-1.0","record_id":"w454879610@3","update_time":"2025-02-05T11:29:51.000Z","confidence":null,"between":null,"provider":"osm","resource":"planet","version":"2026-09-06T00:00:00.000Z"}],"is_underground":false,"num_floors":5,"subtype":"residential","class":"apartments","has_parts":false,"version":1}},
{"id":"b9be9582-1d66-48ff-814b-923d1db0081c","type":"Feature","geometry":{"type":"Polygon","coordinates":[[[90.4142303,23.7415483],[90.4140856,23.7415371],[90.4141001,23.7413801],[90.4142425,23.7413912],[90.4142409,23.7414079],[90.4142315,23.7414071],[90.4142297,23.7414263],[90.4142402,23.7414271],[90.4142375,23.7414559],[90.4142283,23.7414552],[90.4142261,23.7414788],[90.4142353,23.7414796],[90.4142326,23.7415095],[90.414225,23.7415089],[90.4142233,23.7415268],[90.4142323,23.7415275],[90.4142303,23.7415483]]]},"properties":{"sources":[{"property":"","dataset":"OpenStreetMap","license":"ODbL-1.0","record_id":"w447360638@4","update_time":"2023-08-28T15:05:13.000Z","confidence":null,"between":null,"provider":"osm","resource":"planet","version":"2026-09-06T00:00:00.000Z"}],"is_underground":false,"subtype":"residential","class":"apartments","has_parts":false,"version":1}},
{"id":"ae51d2e9-0e7b-4a35-b8c2-28d22eb5b8d2","type":"Feature","geometry":{"type":"Polygon","coordinates":[[[90.4141641,23.7418423],[90.4140609,23.7418341],[90.4140838,23.7415919],[90.4141879,23.7416001],[90.4141733,23.7417548],[90.4142098,23.7417577],[90.4142024,23.7418357],[90.414165,23.7418327],[90.4141641,23.7418423]]]},"properties":{"sources":[{"property":"","dataset":"OpenStreetMap","license":"ODbL-1.0","record_id":"w980619091@2","update_time":"2025-02-05T11:29:51.000Z","confidence":null,"between":null,"provider":"osm","resource":"planet","version":"2026-09-06T00:00:00.000Z"}],"is_underground":false,"num_floors":8,"subtype":"residential","class":"apartments","has_parts":false,"version":1}},
{"id":"6c0a0ec3-822f-4802-9d4e-62aa389cc98b","type":"Feature","geometry":{"type":"Polygon","coordinates":[[[90.4138235,23.7418812],[90.4138321,23.7418074],[90.4139931,23.7418231],[90.4139845,23.741897],[90.4138235,23.7418812]]]},"properties":{"sources":[{"property":"","dataset":"OpenStreetMap","license":"ODbL-1.0","record_id":"w980619089@3","update_time":"2023-08-28T15:05:13.000Z","confidence":null,"between":null,"provider":"osm","resource":"planet","version":"2026-09-06T00:00:00.000Z"}],"is_underground":false,"num_floors":5,"subtype":"residential","class":"residential","has_parts":false,"version":1}},
{"id":"e357b499-4116-4ea2-8f9d-caa13e605dae","type":"Feature","geometry":{"type":"Polygon","coordinates":[[[90.4139934,23.7418152],[90.4138188,23.7417978],[90.4138277,23.7417226],[90.4140024,23.74174],[90.4139934,23.7418152]]]},"properties":{"sources":[{"property":"","dataset":"OpenStreetMap","license":"ODbL-1.0","record_id":"w980619088@3","update_time":"2023-08-28T15:05:13.000Z","confidence":null,"between":null,"provider":"osm","resource":"planet","version":"2026-09-06T00:00:00.000Z"}],"is_underground":false,"num_floors":5,"subtype":"residential","class":"residential","has_parts":false,"version":1}},
{"id":"bd07e85a-d0ba-4610-9c14-ed3bfe735938","type":"Feature","geometry":{"type":"Polygon","coordinates":[[[90.4139992,23.7417343],[90.4138304,23.7417165],[90.4138387,23.7416502],[90.4138555,23.7416414],[90.4139952,23.7416549],[90.4140074,23.7416684],[90.4139992,23.7417343]]]},"properties":{"sources":[{"property":"","dataset":"OpenStreetMap","license":"ODbL-1.0","record_id":"w980619087@3","update_time":"2023-08-28T15:05:13.000Z","confidence":null,"between":null,"provider":"osm","resource":"planet","version":"2026-09-06T00:00:00.000Z"}],"is_underground":false,"num_floors":5,"subtype":"residential","class":"residential","has_parts":false,"version":1}},
{"id":"8df13cc7-9cf0-4855-8d9d-0fd205436082","type":"Feature","geometry":{"type":"Polygon","coordinates":[[[90.4140114,23.7416474],[90.4138341,23.7416305],[90.4138414,23.7415655],[90.4138607,23.7415516],[90.4139929,23.741566],[90.4140173,23.7415962],[90.4140114,23.7416474]]]},"properties":{"sources":[{"property":"","dataset":"OpenStreetMap","license":"ODbL-1.0","record_id":"w980609918@3","update_time":"2023-08-28T15:05:13.000Z","confidence":null,"between":null,"provider":"osm","resource":"planet","version":"2026-09-06T00:00:00.000Z"}],"is_underground":false,"num_floors":5,"subtype":"residential","class":"residential","has_parts":false,"version":1}},
{"id":"e828927b-e287-48c8-a2de-64405e2d0edb","type":"Feature","geometry":{"type":"Polygon","coordinates":[[[90.4140719,23.741534],[90.4139689,23.7415268],[90.4139816,23.7413754],[90.4140845,23.7413826],[90.4140719,23.741534]]]},"properties":{"sources":[{"property":"","dataset":"OpenStreetMap","license":"ODbL-1.0","record_id":"w447360636@4","update_time":"2023-08-28T15:05:13.000Z","confidence":null,"between":null,"provider":"osm","resource":"planet","version":"2026-09-06T00:00:00.000Z"}],"is_underground":false,"num_floors":8,"subtype":"residential","class":"apartments","has_parts":false,"version":1}},
{"id":"5633e748-5aa8-4976-a4fb-7d3f6a8d8b37","type":"Feature","geometry":{"type":"Polygon","coordinates":[[[90.4141115,23.7413716],[90.4139795,23.741362],[90.4139892,23.741251],[90.4141212,23.7412606],[90.4141115,23.7413716]]]},"properties":{"sources":[{"property":"","dataset":"OpenStreetMap","license":"ODbL-1.0","record_id":"w981310503@3","update_time":"2023-08-28T15:05:13.000Z","confidence":null,"between":null,"provider":"osm","resource":"planet","version":"2026-09-06T00:00:00.000Z"}],"is_underground":false,"subtype":"residential","class":"residential","has_parts":false,"version":1}},
{"id":"65e69cc5-a110-49c4-9000-42d6b65680c1","type":"Feature","geometry":{"type":"Polygon","coordinates":[[[90.4139539,23.741503],[90.41386,23.7414922],[90.4138622,23.74137],[90.4138673,23.7412571],[90.4139679,23.7412625],[90.4139588,23.7414194],[90.4139539,23.741503]]]},"properties":{"sources":[{"property":"","dataset":"OpenStreetMap","license":"ODbL-1.0","record_id":"w981310500@3","update_time":"2025-10-05T08:26:17.000Z","confidence":null,"between":null,"provider":"osm","resource":"planet","version":"2026-09-06T00:00:00.000Z"}],"is_underground":false,"num_floors":4,"subtype":"residential","class":"residential","has_parts":true,"version":2}},
{"id":"60f38175-38f7-45d5-98b5-39352a908a4d","type":"Feature","geometry":{"type":"Polygon","coordinates":[[[90.4141148,23.7411476],[90.4140027,23.7411439],[90.4140084,23.7409947],[90.4141205,23.7409983],[90.4141148,23.7411476]]]},"properties":{"sources":[{"property":"","dataset":"OpenStreetMap","license":"ODbL-1.0","record_id":"w981310507@3","update_time":"2023-08-28T15:05:13.000Z","confidence":null,"between":null,"provider":"osm","resource":"planet","version":"2026-09-06T00:00:00.000Z"}],"is_underground":false,"num_floors":5,"subtype":"residential","class":"residential","has_parts":false,"version":1}},
{"id":"8c453309-f7ea-425c-b87d-38e218be71c2","type":"Feature","geometry":{"type":"Polygon","coordinates":[[[90.4142069,23.741154],[90.4141201,23.7411498],[90.4141286,23.7410013],[90.4141766,23.7410036],[90.4141771,23.7409945],[90.4142159,23.7409963],[90.4142069,23.741154]]]},"properties":{"sources":[{"property":"","dataset":"OpenStreetMap","license":"ODbL-1.0","record_id":"w981310508@3","update_time":"2023-08-28T15:05:13.000Z","confidence":null,"between":null,"provider":"osm","resource":"planet","version":"2026-09-06T00:00:00.000Z"}],"is_underground":false,"num_floors":4,"subtype":"residential","class":"residential","has_parts":false,"version":1}},
{"id":"54613be2-bd08-4c36-b332-8cd93869fc56","type":"Feature","geometry":{"type":"Polygon","coordinates":[[[90.4142677,23.7412594],[90.4139886,23.7412417],[90.4139942,23.7411568],[90.4141547,23.7411583],[90.4142774,23.7411693],[90.4142677,23.7412594]]]},"properties":{"names":{"primary":"Paradise Kamal House","common":null,"rules":null},"sources":[{"property":"","dataset":"OpenStreetMap","license":"ODbL-1.0","record_id":"w981310506@1","update_time":"2021-09-09T16:32:42.000Z","confidence":null,"between":null,"provider":"osm","resource":"planet","version":"2026-09-06T00:00:00.000Z"}],"is_underground":false,"num_floors":6,"subtype":"residential","class":"residential","has_parts":false,"version":1}},
{"id":"760b43fe-bc74-427a-94ab-999031154db8","type":"Feature","geometry":{"type":"Polygon","coordinates":[[[90.4142524,23.7413819],[90.414118,23.7413725],[90.4141268,23.7412675],[90.4142612,23.7412769],[90.4142524,23.7413819]]]},"properties":{"sources":[{"property":"","dataset":"OpenStreetMap","license":"ODbL-1.0","record_id":"w981310504@3","update_time":"2023-08-28T15:05:13.000Z","confidence":null,"between":null,"provider":"osm","resource":"planet","version":"2026-09-06T00:00:00.000Z"}],"is_underground":false,"subtype":"residential","class":"residential","has_parts":false,"version":1}},
{"id":"1e23c7e1-934c-47f0-a527-0226dc702550","type":"Feature","geometry":{"type":"Polygon","coordinates":[[[90.4142771,23.7411565],[90.4142069,23.741154],[90.4142159,23.7409963],[90.414267,23.7409997],[90.4142847,23.7410152],[90.4142771,23.7411565]]]},"properties":{"sources":[{"property":"","dataset":"OpenStreetMap","license":"ODbL-1.0","record_id":"w981310509@3","update_time":"2023-08-28T15:05:13.000Z","confidence":null,"between":null,"provider":"osm","resource":"planet","version":"2026-09-06T00:00:00.000Z"}],"is_underground":false,"num_floors":5,"subtype":"residential","class":"residential","has_parts":false,"version":1}},
{"id":"2c69cb8d-88e1-45d9-ae08-acd731825033","type":"Feature","geometry":{"type":"Polygon","coordinates":[[[90.4144709,23.7410964],[90.4144791,23.7410809],[90.4147263,23.7411902],[90.4146897,23.7412596],[90.4146655,23.7412489],[90.4146562,23.7412666],[90.4146273,23.7412538],[90.4146345,23.7412404],[90.4146073,23.7412283],[90.4145997,23.7412426],[90.4145695,23.7412292],[90.4145812,23.741207],[90.414575,23.7412042],[90.4145896,23.7411767],[90.4145732,23.7411695],[90.4145586,23.7411969],[90.4145537,23.7411947],[90.4145414,23.7412179],[90.4145087,23.7412034],[90.4145151,23.7411913],[90.41449,23.7411802],[90.4144839,23.7411918],[90.4144468,23.7411754],[90.4144531,23.7411636],[90.4144401,23.7411578],[90.4144546,23.7411305],[90.4144461,23.7411268],[90.4144638,23.7410932],[90.4144709,23.7410964]]]},"properties":{"sources":[{"property":"","dataset":"OpenStreetMap","license":"ODbL-1.0","record_id":"w982406646@2","update_time":"2021-09-13T06:56:29.000Z","confidence":null,"between":null,"provider":"osm","resource":"planet","version":"2026-09-06T00:00:00.000Z"}],"is_underground":false,"num_floors":5,"subtype":"residential","class":"apartments","has_parts":false,"version":1}},
{"id":"8d4a8b39-1287-4d89-b9c0-786379f121d4","type":"Feature","geometry":{"type":"Polygon","coordinates":[[[90.4143288,23.7413916],[90.4143328,23.7413749],[90.4146011,23.7414281],[90.4145833,23.7415034],[90.414557,23.7414982],[90.4145525,23.7415174],[90.4145212,23.7415112],[90.4145247,23.7414966],[90.4144951,23.7414907],[90.4144915,23.7415062],[90.4144586,23.7414996],[90.4144644,23.7414755],[90.4144576,23.7414742],[90.4144647,23.7414443],[90.4144469,23.7414408],[90.4144398,23.7414706],[90.4144344,23.7414695],[90.4144284,23.7414947],[90.4143929,23.7414876],[90.4143961,23.7414745],[90.4143688,23.7414691],[90.4143659,23.7414816],[90.4143256,23.7414736],[90.4143287,23.7414608],[90.4143146,23.741458],[90.4143217,23.7414284],[90.4143124,23.7414265],[90.4143211,23.7413901],[90.4143288,23.7413916]]]},"properties":{"sources":[{"property":"","dataset":"OpenStreetMap","license":"ODbL-1.0","record_id":"w982406647@2","update_time":"2021-09-13T06:56:29.000Z","confidence":null,"between":null,"provider":"osm","resource":"planet","version":"2026-09-06T00:00:00.000Z"}],"is_underground":false,"num_floors":5,"subtype":"residential","class":"apartments","has_parts":false,"version":1}},
{"id":"f24b0bf2-19bb-4771-b9c9-31c74e6de756","type":"Feature","geometry":{"type":"Polygon","coordinates":[[[90.4143255,23.741329],[90.4143475,23.7411544],[90.4144297,23.7411631],[90.4144076,23.7413376],[90.4143255,23.741329]]]},"properties":{"sources":[{"property":"","dataset":"OpenStreetMap","license":"ODbL-1.0","record_id":"w506608811@3","update_time":"2021-09-13T06:56:29.000Z","confidence":null,"between":null,"provider":"osm","resource":"planet","version":"2026-09-06T00:00:00.000Z"}],"is_underground":false,"num_floors":5,"has_parts":false,"version":1}},
{"id":"18742cfc-3fe1-411c-8f42-8b76fd5f0c9f","type":"Feature","geometry":{"type":"Polygon","coordinates":[[[90.4144341,23.7415718],[90.4142794,23.7415569],[90.4142897,23.741467],[90.4144341,23.7415718]]]},"properties":{"sources":[{"property":"","dataset":"OpenStreetMap","license":"ODbL-1.0","record_id":"w981318325@3","update_time":"2023-08-28T15:05:13.000Z","confidence":null,"between":null,"provider":"osm","resource":"planet","version":"2026-09-06T00:00:00.000Z"}],"is_underground":false,"num_floors":2,"subtype":"commercial","class":"retail","has_parts":false,"version":1}},
{"id":"129f8fb9-5b48-4be2-90cd-73ac98d2f470","type":"Feature","geometry":{"type":"Polygon","coordinates":[[[90.4146586,23.7417629],[90.414266,23.741752],[90.4142767,23.7415704],[90.4144374,23.7415819],[90.4146598,23.7417104],[90.4146586,23.7417629]]]},"properties":{"names":{"primary":"Latif's Paradise","common":null,"rules":null},"sources":[{"property":"","dataset":"OpenStreetMap","license":"ODbL-1.0","record_id":"w447360644@2","update_time":"2021-09-09T17:39:56.000Z","confidence":null,"between":null,"provider":"osm","resource":"planet","version":"2026-09-06T00:00:00.000Z"}],"is_underground":false,"num_floors":6,"subtype":"residential","class":"apartments","has_parts":false,"version":1}},
{"id":"13eed524-f7b3-4d13-a255-b2418f528944","type":"Feature","geometry":{"type":"Polygon","coordinates":[[[90.4145841,23.7415175],[90.4145935,23.7415026],[90.414831,23.7416287],[90.4147888,23.7416954],[90.4147655,23.741683],[90.4147547,23.7417],[90.4147271,23.7416853],[90.4147353,23.7416724],[90.4147091,23.7416585],[90.4147005,23.7416722],[90.4146714,23.7416567],[90.414685,23.7416354],[90.414679,23.7416322],[90.4146958,23.7416058],[90.41468,23.7415974],[90.4146633,23.7416238],[90.4146585,23.7416213],[90.4146443,23.7416435],[90.4146129,23.7416268],[90.4146203,23.7416152],[90.4145962,23.7416024],[90.4145891,23.7416135],[90.4145536,23.7415946],[90.4145608,23.7415832],[90.4145483,23.7415766],[90.414565,23.7415504],[90.4145568,23.7415461],[90.4145773,23.7415138],[90.4145841,23.7415175]]]},"properties":{"sources":[{"property":"","dataset":"OpenStreetMap","license":"ODbL-1.0","record_id":"w982406649@2","update_time":"2021-09-13T06:56:29.000Z","confidence":null,"between":null,"provider":"osm","resource":"planet","version":"2026-09-06T00:00:00.000Z"}],"is_underground":false,"num_floors":5,"subtype":"residential","class":"apartments","has_parts":false,"version":1}},
{"id":"9d80c751-8f06-4b18-b85f-245ab3af122c","type":"Feature","geometry":{"type":"Polygon","coordinates":[[[90.4148859,23.7419979],[90.4146927,23.741995],[90.4146976,23.7417239],[90.4149278,23.7418444],[90.4148859,23.7419979]]]},"properties":{"sources":[{"property":"","dataset":"OpenStreetMap","license":"ODbL-1.0","record_id":"w949113343@5","update_time":"2025-01-11T00:46:26.000Z","confidence":null,"between":null,"provider":"osm","resource":"planet","version":"2026-09-06T00:00:00.000Z"}],"is_underground":false,"num_floors":10,"subtype":"residential","class":"apartments","has_parts":false,"version":1}},
{"id":"57e75393-d915-425d-afbe-23f7d65d9a90","type":"Feature","geometry":{"type":"Polygon","coordinates":[[[90.4147175,23.741355],[90.4147269,23.7413401],[90.4149644,23.7414662],[90.4149222,23.7415329],[90.4148989,23.7415205],[90.4148882,23.7415375],[90.4148605,23.7415228],[90.4148687,23.7415099],[90.4148426,23.741496],[90.4148339,23.7415097],[90.4148048,23.7414942],[90.4148184,23.7414729],[90.4148124,23.7414697],[90.4148292,23.7414433],[90.4148134,23.741435],[90.4147967,23.7414613],[90.4147919,23.7414588],[90.4147778,23.741481],[90.4147463,23.7414643],[90.4147537,23.7414527],[90.4147296,23.7414399],[90.4147226,23.741451],[90.414687,23.7414321],[90.4146942,23.7414207],[90.4146817,23.7414141],[90.4146984,23.7413879],[90.4146902,23.7413836],[90.4147107,23.7413513],[90.4147175,23.741355]]]},"properties":{"sources":[{"property":"","dataset":"OpenStreetMap","license":"ODbL-1.0","record_id":"w982406648@2","update_time":"2021-09-13T06:56:29.000Z","confidence":null,"between":null,"provider":"osm","resource":"planet","version":"2026-09-06T00:00:00.000Z"}],"is_underground":false,"num_floors":5,"subtype":"residential","class":"apartments","has_parts":false,"version":1}},
{"id":"35fa5121-170d-45b2-83bc-0ade96a8d915","type":"Feature","geometry":{"type":"Polygon","coordinates":[[[90.4148083,23.7411067],[90.41471,23.7409994],[90.4147695,23.7409537],[90.4148678,23.7410611],[90.4148083,23.7411067]]]},"properties":{"sources":[{"property":"","dataset":"OpenStreetMap","license":"ODbL-1.0","record_id":"w982406654@1","update_time":"2021-09-13T06:47:39.000Z","confidence":null,"between":null,"provider":"osm","resource":"planet","version":"2026-09-06T00:00:00.000Z"}],"is_underground":false,"has_parts":false,"version":1}},
{"id":"bd4b41d2-5f45-42d4-bd70-4a12637a8089","type":"Feature","geometry":{"type":"Polygon","coordinates":[[[90.414808,23.7409483],[90.4147894,23.7409627],[90.4147613,23.7409322],[90.4148052,23.7408983],[90.4148529,23.74095],[90.4148276,23.7409696],[90.414808,23.7409483]]]},"properties":{"sources":[{"property":"","dataset":"OpenStreetMap","license":"ODbL-1.0","record_id":"w982406655@1","update_time":"2021-09-13T06:47:39.000Z","confidence":null,"between":null,"provider":"osm","resource":"planet","version":"2026-09-06T00:00:00.000Z"}],"is_underground":false,"has_parts":false,"version":1}},
{"id":"f405f5c4-ed63-4027-85dd-84af74972312","type":"Feature","geometry":{"type":"Polygon","coordinates":[[[90.4147668,23.7406892],[90.4148754,23.7407087],[90.4148665,23.7407507],[90.4147579,23.7407311],[90.4147668,23.7406892]]]},"properties":{"sources":[{"property":"","dataset":"Google Open Buildings","license":null,"record_id":"7MMGPCR7+7WPJ","update_time":"2023-05-01T00:00:00.000Z","confidence":0.6912,"between":null,"provider":"google","resource":"open_buildings","version":"2024-04-16"}],"is_underground":false,"has_parts":false,"version":1}},
{"id":"f0a4d728-a0a1-4c69-8b32-3dc619daf3eb","type":"Feature","geometry":{"type":"Polygon","coordinates":[[[90.4147042,23.7404722],[90.4146148,23.7404667],[90.4146236,23.7403461],[90.414732,23.7403527],[90.4147248,23.7404513],[90.4147042,23.7404722]]]},"properties":{"sources":[{"property":"","dataset":"OpenStreetMap","license":"ODbL-1.0","record_id":"w485056210@4","update_time":"2023-08-28T15:05:13.000Z","confidence":null,"between":null,"provider":"osm","resource":"planet","version":"2026-09-06T00:00:00.000Z"}],"is_underground":false,"num_floors":4,"has_parts":false,"version":1}},
{"id":"de8548bc-1c9d-4b29-8a1b-57aee47f4c44","type":"Feature","geometry":{"type":"Polygon","coordinates":[[[90.4146209,23.7402559],[90.4147474,23.7402628],[90.4147417,23.7403491],[90.4144888,23.7403352],[90.4144945,23.7402489],[90.4146209,23.7402559]]]},"properties":{"sources":[{"property":"","dataset":"OpenStreetMap","license":"ODbL-1.0","record_id":"w485056211@2","update_time":"2021-09-10T19:15:57.000Z","confidence":null,"between":null,"provider":"osm","resource":"planet","version":"2026-09-06T00:00:00.000Z"}],"is_underground":false,"num_floors":6,"subtype":"residential","class":"apartments","has_parts":false,"version":1}},
{"id":"32947d76-431f-472d-88f4-d0a23d9b0908","type":"Feature","geometry":{"type":"Polygon","coordinates":[[[90.4146111,23.7404602],[90.4145548,23.7404569],[90.4145621,23.7403497],[90.4146185,23.740353],[90.4146111,23.7404602]]]},"properties":{"sources":[{"property":"","dataset":"OpenStreetMap","license":"ODbL-1.0","record_id":"w485056209@4","update_time":"2023-08-28T15:05:13.000Z","confidence":null,"between":null,"provider":"osm","resource":"planet","version":"2026-09-06T00:00:00.000Z"}],"is_underground":false,"num_floors":4,"has_parts":false,"version":1}},
{"id":"be0a0dc1-cf99-4684-84d9-6a44eadb92a6","type":"Feature","geometry":{"type":"Polygon","coordinates":[[[90.4144766,23.7404505],[90.4144842,23.7403425],[90.4145537,23.7403466],[90.4145461,23.7404546],[90.4144766,23.7404505]]]},"properties":{"sources":[{"property":"","dataset":"OpenStreetMap","license":"ODbL-1.0","record_id":"w981835819@4","update_time":"2023-08-28T15:05:13.000Z","confidence":null,"between":null,"provider":"osm","resource":"planet","version":"2026-09-06T00:00:00.000Z"}],"is_underground":false,"num_floors":3,"subtype":"residential","class":"residential","has_parts":false,"version":1}},
{"id":"b17801b8-6e26-4013-9aa5-dba1ed5c7bff","type":"Feature","geometry":{"type":"Polygon","coordinates":[[[90.4146551,23.7410908],[90.4143633,23.7410573],[90.4144332,23.7405475],[90.414725,23.740581],[90.4146551,23.7410908]]]},"properties":{"sources":[{"property":"","dataset":"OpenStreetMap","license":"ODbL-1.0","record_id":"w981338055@2","update_time":"2021-10-10T23:48:40.000Z","confidence":null,"between":null,"provider":"osm","resource":"planet","version":"2026-09-06T00:00:00.000Z"}],"is_underground":false,"num_floors":12,"has_parts":false,"version":1}},
{"id":"8b6f9d43-54ae-4d60-9c61-cafc5e1fe623","type":"Feature","geometry":{"type":"Polygon","coordinates":[[[90.4142385,23.7409503],[90.4142502,23.7408374],[90.4143147,23.740843],[90.4143029,23.740956],[90.4142385,23.7409503]]]},"properties":{"names":{"primary":"Tushar Bhaban","common":null,"rules":null},"sources":[{"property":"","dataset":"OpenStreetMap","license":"ODbL-1.0","record_id":"w479896647@5","update_time":"2021-09-12T06:58:24.000Z","confidence":null,"between":null,"provider":"osm","resource":"planet","version":"2026-09-06T00:00:00.000Z"}],"is_underground":false,"num_floors":2,"has_parts":false,"version":1}},
{"id":"89ff288d-74f6-49cb-a7c9-9e13b604f76a","type":"Feature","geometry":{"type":"Polygon","coordinates":[[[90.414323,23.7407613],[90.4141664,23.7407485],[90.4141743,23.7406669],[90.4143309,23.7406796],[90.414323,23.7407613]]]},"properties":{"sources":[{"property":"","dataset":"OpenStreetMap","license":"ODbL-1.0","record_id":"w479896649@6","update_time":"2023-08-28T15:05:13.000Z","confidence":null,"between":null,"provider":"osm","resource":"planet","version":"2026-09-06T00:00:00.000Z"}],"is_underground":false,"num_floors":3,"has_parts":false,"version":1}},
{"id":"67700f4d-e1e1-48d7-9b90-11f395b0da79","type":"Feature","geometry":{"type":"Polygon","coordinates":[[[90.4143208,23.7407715],[90.4143135,23.7408382],[90.4141594,23.7408241],[90.4141667,23.7407575],[90.4143208,23.7407715]]]},"properties":{"sources":[{"property":"","dataset":"OpenStreetMap","license":"ODbL-1.0","record_id":"w479896648@5","update_time":"2023-08-28T15:05:13.000Z","confidence":null,"between":null,"provider":"osm","resource":"planet","version":"2026-09-06T00:00:00.000Z"}],"is_underground":false,"num_floors":4,"has_parts":false,"version":1}},
{"id":"45222fc1-1d74-4dc0-8c52-18f1d3bab9a9","type":"Feature","geometry":{"type":"Polygon","coordinates":[[[90.4142334,23.7409503],[90.4141474,23.7409446],[90.4141559,23.7408292],[90.4142451,23.7408374],[90.4142334,23.7409503]]]},"properties":{"sources":[{"property":"","dataset":"OpenStreetMap","license":"ODbL-1.0","record_id":"w479896646@5","update_time":"2023-08-28T15:05:13.000Z","confidence":null,"between":null,"provider":"osm","resource":"planet","version":"2026-09-06T00:00:00.000Z"}],"is_underground":false,"num_floors":4,"has_parts":false,"version":1}},
{"id":"d2eb390f-7faf-41d1-9b65-9bdde626ac73","type":"Feature","geometry":{"type":"Polygon","coordinates":[[[90.4139907,23.7409524],[90.4138881,23.7409443],[90.4138987,23.7408309],[90.4140014,23.740839],[90.4139907,23.7409524]]]},"properties":{"sources":[{"property":"","dataset":"OpenStreetMap","license":"ODbL-1.0","record_id":"w981835816@2","update_time":"2021-09-12T06:29:58.000Z","confidence":null,"between":null,"provider":"osm","resource":"planet","version":"2026-09-06T00:00:00.000Z"}],"is_underground":false,"num_floors":5,"subtype":"residential","class":"residential","has_parts":false,"version":1}},
{"id":"077fce08-1587-4559-8881-688e92b7111a","type":"Feature","geometry":{"type":"Polygon","coordinates":[[[90.4140017,23.7408344],[90.4138991,23.7408263],[90.4139097,23.7407129],[90.4140124,23.740721],[90.4140017,23.7408344]]]},"properties":{"sources":[{"property":"","dataset":"OpenStreetMap","license":"ODbL-1.0","record_id":"w981835817@2","update_time":"2021-09-12T06:29:58.000Z","confidence":null,"between":null,"provider":"osm","resource":"planet","version":"2026-09-06T00:00:00.000Z"}],"is_underground":false,"num_floors":5,"subtype":"residential","class":"residential","has_parts":false,"version":1}},
{"id":"8e7cf30c-0230-4409-84a8-0f593311bbaf","type":"Feature","geometry":{"type":"Polygon","coordinates":[[[90.4140138,23.7407173],[90.4139145,23.7407088],[90.4139234,23.7406211],[90.4140227,23.7406296],[90.4140138,23.7407173]]]},"properties":{"sources":[{"property":"","dataset":"OpenStreetMap","license":"ODbL-1.0","record_id":"w981835818@2","update_time":"2021-09-12T06:29:58.000Z","confidence":null,"between":null,"provider":"osm","resource":"planet","version":"2026-09-06T00:00:00.000Z"}],"is_underground":false,"num_floors":5,"subtype":"residential","class":"residential","has_parts":false,"version":1}},
{"id":"d6ae0c9f-dfe8-4e65-b612-96fea29b5ca9","type":"Feature","geometry":{"type":"Polygon","coordinates":[[[90.4141397,23.740945],[90.4140038,23.7409393],[90.4140333,23.7406375],[90.4141653,23.7406494],[90.4141397,23.740945]]]},"properties":{"names":{"primary":"Rabbani's Paradise","common":null,"rules":null},"sources":[{"property":"","dataset":"OpenStreetMap","license":"ODbL-1.0","record_id":"w479895990@3","update_time":"2021-09-10T19:15:57.000Z","confidence":null,"between":null,"provider":"osm","resource":"planet","version":"2026-09-06T00:00:00.000Z"}],"is_underground":false,"num_floors":6,"subtype":"residential","class":"apartments","has_parts":false,"version":1}},
{"id":"67488cda-8ac0-4fbd-9c68-140005a069c2","type":"Feature","geometry":{"type":"Polygon","coordinates":[[[90.4138726,23.7403789],[90.413871,23.7403974],[90.4139631,23.7404042],[90.4139541,23.7405066],[90.4139726,23.740508],[90.4139654,23.7405896],[90.4138853,23.7405837],[90.4138936,23.7404895],[90.4138581,23.7404869],[90.4138573,23.7404956],[90.413811,23.7404921],[90.4138183,23.7404092],[90.4138215,23.7403735],[90.4138264,23.7403629],[90.4138369,23.7403585],[90.4138525,23.7403577],[90.4138634,23.7403615],[90.4138696,23.7403681],[90.4138726,23.7403789]]]},"properties":{"names":{"primary":"Era International School","common":null,"rules":null},"sources":[{"property":"","dataset":"OpenStreetMap","license":"ODbL-1.0","record_id":"w980135778@3","update_time":"2021-09-12T06:46:32.000Z","confidence":null,"between":null,"provider":"osm","resource":"planet","version":"2026-09-06T00:00:00.000Z"}],"is_underground":false,"num_floors":3,"subtype":"education","class":"school","has_parts":false,"version":1}},
{"id":"7c858aef-8574-48db-9f1f-58a9fe4d3a9c","type":"Feature","geometry":{"type":"Polygon","coordinates":[[[90.4138332,23.7403207],[90.4138332,23.7403133],[90.4139776,23.7402299],[90.413977,23.7403338],[90.4138331,23.7403331],[90.4138332,23.7403207]]]},"properties":{"sources":[{"property":"","dataset":"OpenStreetMap","license":"ODbL-1.0","record_id":"w980135777@3","update_time":"2021-09-12T06:46:32.000Z","confidence":null,"between":null,"provider":"osm","resource":"planet","version":"2026-09-06T00:00:00.000Z"}],"is_underground":false,"num_floors":4,"subtype":"residential","class":"residential","has_parts":false,"version":1}},
{"id":"5c86f6d2-96ab-417f-a841-25d04481aaba","type":"Feature","geometry":{"type":"Polygon","coordinates":[[[90.4140568,23.7403883],[90.4140653,23.740179],[90.414212,23.740184],[90.4142035,23.7403933],[90.4140568,23.7403883]]]},"properties":{"names":{"primary":"Eastern Pair","common":null,"rules":null},"sources":[{"property":"","dataset":"OpenStreetMap","license":"ODbL-1.0","record_id":"w980135773@3","update_time":"2021-09-12T06:46:32.000Z","confidence":null,"between":null,"provider":"osm","resource":"planet","version":"2026-09-06T00:00:00.000Z"}],"is_underground":false,"num_floors":9,"subtype":"residential","class":"residential","has_parts":false,"version":1}},
{"id":"0f2c0679-f620-4d1d-bc6f-2b8a53e64e18","type":"Feature","geometry":{"type":"Polygon","coordinates":[[[90.4143509,23.7406251],[90.4140455,23.740615],[90.4140538,23.7404039],[90.4143593,23.740414],[90.4143509,23.7406251]]]},"properties":{"names":{"primary":"Eastern Pair","common":null,"rules":null},"sources":[{"property":"","dataset":"OpenStreetMap","license":"ODbL-1.0","record_id":"w980135774@3","update_time":"2021-09-12T06:46:32.000Z","confidence":null,"between":null,"provider":"osm","resource":"planet","version":"2026-09-06T00:00:00.000Z"}],"is_underground":false,"num_floors":12,"subtype":"residential","class":"residential","has_parts":false,"version":1}},
{"id":"97f7b090-7c41-4704-8478-76be9f8028b9","type":"Feature","geometry":{"type":"Polygon","coordinates":[[[90.4142427,23.7400804],[90.4143112,23.7400841],[90.4143048,23.7401854],[90.414451,23.7401933],[90.4144427,23.7403223],[90.4142279,23.7403107],[90.4142427,23.7400804]]]},"properties":{"sources":[{"property":"","dataset":"Google Open Buildings","license":null,"record_id":"7MMGPCR7+3PW3","update_time":"2023-05-01T00:00:00.000Z","confidence":0.7293,"between":null,"provider":"google","resource":"open_buildings","version":"2024-04-16"}],"is_underground":false,"has_parts":false,"version":1}},
{"id":"f1715639-de2a-4e44-b8fb-3763dd6b0e74","type":"Feature","geometry":{"type":"Polygon","coordinates":[[[90.414212,23.740184],[90.4140653,23.740179],[90.4142145,23.7400752],[90.414212,23.740184]]]},"properties":{"names":{"primary":"Eastern Pair","common":null,"rules":null},"sources":[{"property":"","dataset":"OpenStreetMap","license":"ODbL-1.0","record_id":"w980135776@3","update_time":"2021-09-12T06:46:32.000Z","confidence":null,"between":null,"provider":"osm","resource":"planet","version":"2026-09-06T00:00:00.000Z"}],"is_underground":false,"num_floors":2,"subtype":"commercial","class":"commercial","has_parts":false,"version":1}},
{"id":"43e2b08e-c10d-4ad2-b362-e8b5290711a8","type":"Feature","geometry":{"type":"Polygon","coordinates":[[[90.414226,23.7397882],[90.4139162,23.7399736],[90.4139292,23.7396832],[90.4140414,23.7396875],[90.4140525,23.7394399],[90.414232,23.7394421],[90.414226,23.7397882]]]},"properties":{"sources":[{"property":"","dataset":"OpenStreetMap","license":"ODbL-1.0","record_id":"w481823429@1","update_time":"2021-09-14T05:49:22.000Z","confidence":null,"between":null,"provider":"osm","resource":"planet","version":"2026-09-06T00:00:00.000Z"}],"is_underground":false,"num_floors":12,"subtype":"residential","class":"apartments","has_parts":false,"version":1}},
{"id":"0106d464-f7b9-46ea-8c17-95f2babb1188","type":"Feature","geometry":{"type":"Polygon","coordinates":[[[90.4140361,23.7396476],[90.4138417,23.7396439],[90.4138459,23.7394548],[90.4140404,23.7394585],[90.4140361,23.7396476]]]},"properties":{"sources":[{"property":"","dataset":"OpenStreetMap","license":"ODbL-1.0","record_id":"w506039043@1","update_time":"2025-10-28T18:13:41.000Z","confidence":null,"between":null,"provider":"osm","resource":"planet","version":"2026-09-06T00:00:00.000Z"}],"is_underground":false,"has_parts":false,"version":2}},
{"id":"434cbf31-0050-4f1b-8d9c-7c80b4810d61","type":"Feature","geometry":{"type":"Polygon","coordinates":[[[90.4143322,23.7396821],[90.4142491,23.7396803],[90.4142525,23.739543],[90.4143356,23.7395447],[90.4143322,23.7396821]]]},"properties":{"sources":[{"property":"","dataset":"OpenStreetMap","license":"ODbL-1.0","record_id":"w1430646646@1","update_time":"2025-09-17T16:51:49.000Z","confidence":null,"between":null,"provider":"osm","resource":"planet","version":"2026-09-06T00:00:00.000Z"}],"is_underground":false,"has_parts":false,"version":1}},
{"id":"c69a790d-1382-4642-bb82-a207d8c529aa","type":"Feature","geometry":{"type":"Polygon","coordinates":[[[90.4144444,23.7396977],[90.4143428,23.7396962],[90.414345,23.7395736],[90.4144466,23.7395751],[90.4144444,23.7396977]]]},"properties":{"sources":[{"property":"","dataset":"OpenStreetMap","license":"ODbL-1.0","record_id":"w1430626397@1","update_time":"2025-09-17T15:58:19.000Z","confidence":null,"between":null,"provider":"osm","resource":"planet","version":"2026-09-06T00:00:00.000Z"}],"is_underground":false,"has_parts":false,"version":1}},
{"id":"9f5fae15-9c53-4952-9718-53983bb208a5","type":"Feature","geometry":{"type":"Polygon","coordinates":[[[90.4144482,23.7401208],[90.4144676,23.7401493],[90.4144148,23.7401797],[90.4143954,23.7401511],[90.4144482,23.7401208]]]},"properties":{"sources":[{"property":"","dataset":"Google Open Buildings","license":null,"record_id":"7MMGPCR7+3Q75","update_time":"2023-05-01T00:00:00.000Z","confidence":0.6511,"between":null,"provider":"google","resource":"open_buildings","version":"2024-04-16"}],"is_underground":false,"has_parts":false,"version":1}},
{"id":"cc133d92-223d-42bf-af23-04b2cb1a711c","type":"Feature","geometry":{"type":"Polygon","coordinates":[[[90.4146324,23.7402362],[90.4145116,23.7402279],[90.4145207,23.7401173],[90.4146415,23.7401256],[90.4146324,23.7402362]]]},"properties":{"sources":[{"property":"","dataset":"OpenStreetMap","license":"ODbL-1.0","record_id":"w485056214@3","update_time":"2021-09-14T14:24:41.000Z","confidence":null,"between":null,"provider":"osm","resource":"planet","version":"2026-09-06T00:00:00.000Z"}],"is_underground":false,"num_floors":8,"has_parts":false,"version":1}},
{"id":"f82e2570-34a6-4bd5-acee-e14f8d58b0c4","type":"Feature","geometry":{"type":"Polygon","coordinates":[[[90.4146344,23.7401153],[90.4145192,23.7401106],[90.4145228,23.7400392],[90.4146379,23.7400439],[90.4146344,23.7401153]]]},"properties":{"sources":[{"property":"","dataset":"OpenStreetMap","license":"ODbL-1.0","record_id":"w981835822@2","update_time":"2021-09-14T14:24:41.000Z","confidence":null,"between":null,"provider":"osm","resource":"planet","version":"2026-09-06T00:00:00.000Z"}],"is_underground":false,"num_floors":3,"has_parts":false,"version":1}},
{"id":"c9e56041-7577-4e4c-aa24-298f6d29e574","type":"Feature","geometry":{"type":"Polygon","coordinates":[[[90.414742,23.7402435],[90.4146385,23.7402366],[90.4146446,23.7401607],[90.4147481,23.7401677],[90.414742,23.7402435]]]},"properties":{"sources":[{"property":"","dataset":"OpenStreetMap","license":"ODbL-1.0","record_id":"w981835820@1","update_time":"2021-09-10T19:15:57.000Z","confidence":null,"between":null,"provider":"osm","resource":"planet","version":"2026-09-06T00:00:00.000Z"}],"is_underground":false,"num_floors":6,"has_parts":false,"version":1}},
{"id":"b98fc8a1-ae5a-410f-9568-3bb33d1ba0ba","type":"Feature","geometry":{"type":"Polygon","coordinates":[[[90.4147485,23.7401635],[90.4146439,23.7401583],[90.4146506,23.7400439],[90.4147553,23.7400491],[90.4147485,23.7401635]]]},"properties":{"names":{"primary":"Paradise Mahmuda Village","common":null,"rules":null},"sources":[{"property":"","dataset":"OpenStreetMap","license":"ODbL-1.0","record_id":"w981835821@4","update_time":"2021-09-14T14:24:41.000Z","confidence":null,"between":null,"provider":"osm","resource":"planet","version":"2026-09-06T00:00:00.000Z"}],"is_underground":false,"num_floors":6,"subtype":"residential","class":"apartments","has_parts":false,"version":1}},
{"id":"78bebdd4-540e-41e1-81bd-179cd27491a5","type":"Feature","geometry":{"type":"Polygon","coordinates":[[[90.4148137,23.7396489],[90.414866,23.7396182],[90.4148613,23.7397686],[90.4148101,23.7397673],[90.4148137,23.7396489]]]},"properties":{"sources":[{"property":"","dataset":"OpenStreetMap","license":"ODbL-1.0","record_id":"w485056206@3","update_time":"2021-09-13T06:47:39.000Z","confidence":null,"between":null,"provider":"osm","resource":"planet","version":"2026-09-06T00:00:00.000Z"}],"is_underground":false,"num_floors":4,"subtype":"commercial","class":"commercial","has_parts":false,"version":1}},
{"id":"d8f78106-8607-45e4-ad24-fe9dc94b85c2","type":"Feature","geometry":{"type":"Polygon","coordinates":[[[90.4148062,23.7398427],[90.4148096,23.7397758],[90.4149153,23.7397803],[90.414912,23.7398472],[90.4148062,23.7398427]]]},"properties":{"sources":[{"property":"","dataset":"OpenStreetMap","license":"ODbL-1.0","record_id":"w981835825@2","update_time":"2021-09-12T06:58:24.000Z","confidence":null,"between":null,"provider":"osm","resource":"planet","version":"2026-09-06T00:00:00.000Z"}],"is_underground":false,"num_floors":1,"subtype":"residential","class":"residential","has_parts":false,"version":1}},
{"id":"db518c2d-125a-4102-a675-dfb857db35b2","type":"Feature","geometry":{"type":"Polygon","coordinates":[[[90.4152442,23.7398134],[90.4149367,23.7398131],[90.4149408,23.739582],[90.4152492,23.7394265],[90.4152442,23.7398134]]]},"properties":{"names":{"primary":"Concord Grand","common":null,"rules":null},"sources":[{"property":"","dataset":"OpenStreetMap","license":"ODbL-1.0","record_id":"w485056205@5","update_time":"2023-09-11T06:28:58.000Z","confidence":null,"between":null,"provider":"osm","resource":"planet","version":"2026-09-06T00:00:00.000Z"}],"is_underground":false,"num_floors":20,"has_parts":false,"version":1}},
{"id":"f8b9b6ce-56c6-4eeb-bb71-3c7d11ddef19","type":"Feature","geometry":{"type":"Polygon","coordinates":[[[90.4152066,23.7401325],[90.4151154,23.7401299],[90.4151231,23.7399045],[90.4152144,23.7399071],[90.4152066,23.7401325]]]},"properties":{"sources":[{"property":"","dataset":"OpenStreetMap","license":"ODbL-1.0","record_id":"w981835830@4","update_time":"2023-08-28T15:05:13.000Z","confidence":null,"between":null,"provider":"osm","resource":"planet","version":"2026-09-06T00:00:00.000Z"}],"is_underground":false,"num_floors":5,"subtype":"residential","class":"residential","has_parts":false,"version":1}},
{"id":"6c0749d5-67f8-4541-ab4f-56419ff4a456","type":"Feature","geometry":{"type":"Polygon","coordinates":[[[90.4153171,23.740145],[90.4152109,23.7401418],[90.4152185,23.7399295],[90.4153247,23.7399326],[90.4153171,23.740145]]]},"properties":{"sources":[{"property":"","dataset":"OpenStreetMap","license":"ODbL-1.0","record_id":"w981835834@4","update_time":"2023-08-28T15:05:13.000Z","confidence":null,"between":null,"provider":"osm","resource":"planet","version":"2026-09-06T00:00:00.000Z"}],"is_underground":false,"num_floors":5,"subtype":"residential","class":"residential","has_parts":false,"version":1}},
{"id":"b99ce456-5415-462e-9bf9-8e0d3d98c38c","type":"Feature","geometry":{"type":"Polygon","coordinates":[[[90.415272,23.7402525],[90.4151571,23.7402531],[90.4151571,23.740159],[90.4152885,23.7401658],[90.415272,23.7402525]]]},"properties":{"sources":[{"property":"","dataset":"OpenStreetMap","license":"ODbL-1.0","record_id":"w981835833@4","update_time":"2023-08-28T15:05:13.000Z","confidence":null,"between":null,"provider":"osm","resource":"planet","version":"2026-09-06T00:00:00.000Z"}],"is_underground":false,"num_floors":5,"subtype":"residential","class":"residential","has_parts":false,"version":1}},
{"id":"786aa7c2-e10c-4206-b34f-d845d67ed7d0","type":"Feature","geometry":{"type":"Polygon","coordinates":[[[90.41515,23.7402556],[90.4149819,23.7402539],[90.4149831,23.7401554],[90.4151512,23.7401571],[90.41515,23.7402556]]]},"properties":{"sources":[{"property":"","dataset":"OpenStreetMap","license":"ODbL-1.0","record_id":"w981835832@4","update_time":"2023-08-28T15:05:13.000Z","confidence":null,"between":null,"provider":"osm","resource":"planet","version":"2026-09-06T00:00:00.000Z"}],"is_underground":false,"num_floors":5,"subtype":"residential","class":"residential","has_parts":false,"version":1}},
{"id":"a597203e-8c99-4eeb-940e-558a464cd733","type":"Feature","geometry":{"type":"Polygon","coordinates":[[[90.4151046,23.7401296],[90.4150298,23.7401279],[90.4150343,23.7399623],[90.4151091,23.739964],[90.4151046,23.7401296]]]},"properties":{"sources":[{"property":"","dataset":"OpenStreetMap","license":"ODbL-1.0","record_id":"w981835829@4","update_time":"2023-08-28T15:05:13.000Z","confidence":null,"between":null,"provider":"osm","resource":"planet","version":"2026-09-06T00:00:00.000Z"}],"is_underground":false,"num_floors":5,"subtype":"residential","class":"residential","has_parts":false,"version":1}},
{"id":"3ce922bb-cd72-42f0-996e-9bc3bf39c26c","type":"Feature","geometry":{"type":"Polygon","coordinates":[[[90.4150282,23.7400103],[90.4147976,23.7400054],[90.4148015,23.7398502],[90.4151109,23.7398568],[90.4151084,23.7399536],[90.4150296,23.739952],[90.4150282,23.7400103]]]},"properties":{"names":{"primary":"Chamelibag Apartment","common":null,"rules":null},"sources":[{"property":"","dataset":"OpenStreetMap","license":"ODbL-1.0","record_id":"w981835826@2","update_time":"2021-09-12T06:58:24.000Z","confidence":null,"between":null,"provider":"osm","resource":"planet","version":"2026-09-06T00:00:00.000Z"}],"is_underground":false,"subtype":"residential","class":"residential","has_parts":false,"version":1}},
{"id":"4a09e39e-718b-479d-9245-f4547c44c428","type":"Feature","geometry":{"type":"Polygon","coordinates":[[[90.4147899,23.7401148],[90.4147941,23.7400168],[90.4150211,23.7400249],[90.4150169,23.7401229],[90.4147899,23.7401148]]]},"properties":{"sources":[{"property":"","dataset":"OpenStreetMap","license":"ODbL-1.0","record_id":"w981835828@4","update_time":"2023-08-28T15:05:13.000Z","confidence":null,"between":null,"provider":"osm","resource":"planet","version":"2026-09-06T00:00:00.000Z"}],"is_underground":false,"num_floors":5,"subtype":"residential","class":"residential","has_parts":false,"version":1}},
{"id":"45761f89-bdf2-4b9d-b38e-59ee8828c674","type":"Feature","geometry":{"type":"Polygon","coordinates":[[[90.4149226,23.7402555],[90.4147804,23.7402509],[90.4147844,23.7401479],[90.4149767,23.7401541],[90.4149727,23.7402569],[90.4149552,23.7402564],[90.4149549,23.7402654],[90.4149222,23.7402643],[90.4149226,23.7402555]]]},"properties":{"sources":[{"property":"","dataset":"OpenStreetMap","license":"ODbL-1.0","record_id":"w981835831@3","update_time":"2023-08-28T15:05:13.000Z","confidence":null,"between":null,"provider":"osm","resource":"planet","version":"2026-09-06T00:00:00.000Z"}],"is_underground":false,"num_floors":5,"subtype":"residential","class":"residential","has_parts":false,"version":1}},
{"id":"d6b7e1c6-1a1b-405d-867c-94b8ab14b8c4","type":"Feature","geometry":{"type":"Polygon","coordinates":[[[90.4150162,23.7402871],[90.4150019,23.7404955],[90.4147726,23.7404824],[90.4147537,23.7404633],[90.4147594,23.7403811],[90.4147966,23.7403833],[90.4147978,23.7403666],[90.4148435,23.7403692],[90.4148458,23.7403361],[90.4148731,23.7403377],[90.4148716,23.7403596],[90.4149106,23.7403619],[90.4149097,23.740375],[90.4149334,23.7403764],[90.4149398,23.7402827],[90.4150162,23.7402871]]]},"properties":{"sources":[{"property":"","dataset":"OpenStreetMap","license":"ODbL-1.0","record_id":"w981835835@4","update_time":"2023-08-28T15:05:13.000Z","confidence":null,"between":null,"provider":"osm","resource":"planet","version":"2026-09-06T00:00:00.000Z"}],"is_underground":false,"num_floors":4,"subtype":"industrial","class":"industrial","has_parts":false,"version":1}},
{"id":"8bcaaadb-45bc-4938-bd33-e3c9c86615f7","type":"Feature","geometry":{"type":"Polygon","coordinates":[[[90.4151137,23.7406483],[90.4148043,23.7406103],[90.4148165,23.7405267],[90.4151259,23.7405646],[90.4151137,23.7406483]]]},"properties":{"sources":[{"property":"","dataset":"OpenStreetMap","license":"ODbL-1.0","record_id":"w506608819@3","update_time":"2021-09-13T06:56:29.000Z","confidence":null,"between":null,"provider":"osm","resource":"planet","version":"2026-09-06T00:00:00.000Z"}],"is_underground":false,"num_floors":5,"has_parts":false,"version":1}},
{"id":"e76d7f05-b412-4626-985f-88efca8921ea","type":"Feature","geometry":{"type":"Polygon","coordinates":[[[90.4148704,23.7407045],[90.4149767,23.7407195],[90.4149659,23.7407842],[90.4148597,23.7407692],[90.4148704,23.7407045]]]},"properties":{"sources":[{"property":"","dataset":"Google Open Buildings","license":null,"record_id":"7MMGPCR7+7XVM","update_time":"2023-05-01T00:00:00.000Z","confidence":0.6972,"between":null,"provider":"google","resource":"open_buildings","version":"2024-04-16"}],"is_underground":false,"has_parts":false,"version":1}},
{"id":"a74ca1d5-ce62-4a5e-b947-acfc078c84a5","type":"Feature","geometry":{"type":"Polygon","coordinates":[[[90.4152906,23.7409332],[90.4153745,23.7410327],[90.4152294,23.7411364],[90.4151455,23.7410369],[90.4152906,23.7409332]]]},"properties":{"sources":[{"property":"","dataset":"Google Open Buildings","license":null,"record_id":"7MMGPCR8+C467","update_time":"2023-05-01T00:00:00.000Z","confidence":0.8268,"between":null,"provider":"google","resource":"open_buildings","version":"2024-04-16"}],"is_underground":false,"has_parts":false,"version":1}},
{"id":"01b2c1a1-ae9f-4811-bdb2-6357ff07d2f1","type":"Feature","geometry":{"type":"Polygon","coordinates":[[[90.41525,23.7405273],[90.4152768,23.7404602],[90.4153194,23.7404745],[90.4152925,23.7405416],[90.41525,23.7405273]]]},"properties":{"sources":[{"property":"","dataset":"Microsoft ML Buildings","license":"ODbL-1.0","record_id":null,"update_time":null,"confidence":null,"between":null,"provider":"microsoft","resource":"ml_buildings","version":"2026-08-11"}],"is_underground":false,"has_parts":false,"version":4}},
{"id":"57f6314c-4d13-4b18-a145-e1733ed0c414","type":"Feature","geometry":{"type":"Polygon","coordinates":[[[90.415198,23.7405126],[90.415021,23.7405046],[90.4150266,23.7404006],[90.4152036,23.7404085],[90.415198,23.7405126]]]},"properties":{"sources":[{"property":"","dataset":"OpenStreetMap","license":"ODbL-1.0","record_id":"w506025949@4","update_time":"2023-08-28T15:05:13.000Z","confidence":null,"between":null,"provider":"osm","resource":"planet","version":"2026-09-06T00:00:00.000Z"}],"is_underground":false,"num_floors":5,"has_parts":false,"version":1}},
{"id":"8c113970-ab12-4806-974d-4ef95f6c7982","type":"Feature","geometry":{"type":"Polygon","coordinates":[[[90.4152009,23.7403775],[90.4150279,23.740372],[90.4150315,23.7402764],[90.4152045,23.7402819],[90.4152009,23.7403775]]]},"properties":{"sources":[{"property":"","dataset":"OpenStreetMap","license":"ODbL-1.0","record_id":"w506025948@4","update_time":"2023-08-28T15:05:13.000Z","confidence":null,"between":null,"provider":"osm","resource":"planet","version":"2026-09-06T00:00:00.000Z"}],"is_underground":false,"num_floors":5,"has_parts":false,"version":1}},
{"id":"4238e7bb-6c0d-44fe-b78e-e9819634986e","type":"Feature","geometry":{"type":"Polygon","coordinates":[[[90.4152997,23.7402216],[90.4153007,23.7401575],[90.415448,23.7401595],[90.4154477,23.7401759],[90.4155409,23.7401772],[90.4155392,23.7402825],[90.4154432,23.7402812],[90.4154428,23.7403038],[90.4153639,23.7403027],[90.4153642,23.7402845],[90.4153441,23.7402842],[90.4153452,23.7402222],[90.4152997,23.7402216]]]},"properties":{"sources":[{"property":"","dataset":"OpenStreetMap","license":"ODbL-1.0","record_id":"w982162941@2","update_time":"2021-09-12T18:25:32.000Z","confidence":null,"between":null,"provider":"osm","resource":"planet","version":"2026-09-06T00:00:00.000Z"}],"is_underground":false,"num_floors":5,"subtype":"residential","class":"residential","has_parts":false,"version":1}},
{"id":"70cc4204-13d1-494a-b1f1-a2ac5b9dadad","type":"Feature","geometry":{"type":"Polygon","coordinates":[[[90.4154295,23.7404818],[90.415334,23.7404799],[90.4153359,23.7404065],[90.4156324,23.7404129],[90.4156305,23.7404862],[90.4155317,23.7404846],[90.4155291,23.7405628],[90.4154269,23.7405599],[90.4154295,23.7404818]]]},"properties":{"sources":[{"property":"","dataset":"OpenStreetMap","license":"ODbL-1.0","record_id":"w982406643@2","update_time":"2021-09-13T06:56:29.000Z","confidence":null,"between":null,"provider":"osm","resource":"planet","version":"2026-09-06T00:00:00.000Z"}],"is_underground":false,"num_floors":5,"subtype":"residential","class":"residential","has_parts":false,"version":1}},
{"id":"20161f4e-e357-45c6-8212-c77fe0e639ae","type":"Feature","geometry":{"type":"Polygon","coordinates":[[[90.4155606,23.7407284],[90.4154652,23.7407265],[90.415467,23.7406531],[90.4157635,23.7406595],[90.4157616,23.7407328],[90.4156628,23.7407312],[90.4156602,23.7408094],[90.415558,23.7408065],[90.4155606,23.7407284]]]},"properties":{"sources":[{"property":"","dataset":"OpenStreetMap","license":"ODbL-1.0","record_id":"w982406645@2","update_time":"2021-09-13T06:56:29.000Z","confidence":null,"between":null,"provider":"osm","resource":"planet","version":"2026-09-06T00:00:00.000Z"}],"is_underground":false,"num_floors":5,"subtype":"residential","class":"residential","has_parts":false,"version":1}},
{"id":"2d9997fe-87b4-4a3f-a4e8-f87705920a2d","type":"Feature","geometry":{"type":"Polygon","coordinates":[[[90.4156465,23.7405118],[90.4156879,23.7405557],[90.415624,23.7406067],[90.4155826,23.7405628],[90.4156465,23.7405118]]]},"properties":{"sources":[{"property":"","dataset":"Google Open Buildings","license":null,"record_id":"7MMGPCR8+67C7","update_time":"2023-05-01T00:00:00.000Z","confidence":0.7388,"between":null,"provider":"google","resource":"open_buildings","version":"2024-04-16"}],"is_underground":false,"has_parts":false,"version":1}},
{"id":"577d6a8b-2457-43c8-ba9e-16df26290a83","type":"Feature","geometry":{"type":"Polygon","coordinates":[[[90.4158237,23.7403139],[90.4156888,23.7403131],[90.4156902,23.7401105],[90.4158251,23.7401113],[90.4158237,23.7403139]]]},"properties":{"sources":[{"property":"","dataset":"OpenStreetMap","license":"ODbL-1.0","record_id":"w982162943@2","update_time":"2021-09-12T18:25:32.000Z","confidence":null,"between":null,"provider":"osm","resource":"planet","version":"2026-09-06T00:00:00.000Z"}],"is_underground":false,"num_floors":5,"subtype":"residential","class":"residential","has_parts":false,"version":1}},
{"id":"c78dd7a8-92dd-477d-9239-1863927a5f81","type":"Feature","geometry":{"type":"Polygon","coordinates":[[[90.4157051,23.7400803],[90.4156726,23.7400815],[90.4156709,23.7400458],[90.4156789,23.7400455],[90.4156771,23.7400062],[90.415729,23.7400042],[90.4157284,23.7399921],[90.4158278,23.7399883],[90.4158322,23.7400861],[90.4157056,23.740091],[90.4157051,23.7400803]]]},"properties":{"sources":[{"property":"","dataset":"OpenStreetMap","license":"ODbL-1.0","record_id":"w982162934@2","update_time":"2021-09-12T18:25:32.000Z","confidence":null,"between":null,"provider":"osm","resource":"planet","version":"2026-09-06T00:00:00.000Z"}],"is_underground":false,"num_floors":5,"subtype":"residential","class":"residential","has_parts":false,"version":1}},
{"id":"885ee425-ccc0-4a95-a2ef-572e138e0133","type":"Feature","geometry":{"type":"Polygon","coordinates":[[[90.4158191,23.7399494],[90.4156744,23.739954],[90.4156717,23.7398839],[90.4158164,23.7398793],[90.4158191,23.7399494]]]},"properties":{"sources":[{"property":"","dataset":"OpenStreetMap","license":"ODbL-1.0","record_id":"w982162931@2","update_time":"2021-09-12T18:25:32.000Z","confidence":null,"between":null,"provider":"osm","resource":"planet","version":"2026-09-06T00:00:00.000Z"}],"is_underground":false,"num_floors":5,"subtype":"residential","class":"residential","has_parts":false,"version":1}},
{"id":"04e16a61-11e5-4f98-be16-cd76ec10111d","type":"Feature","geometry":{"type":"Polygon","coordinates":[[[90.4156309,23.7399585],[90.4155835,23.7399593],[90.4155828,23.7399259],[90.4156302,23.7399251],[90.4156309,23.7399585]]]},"properties":{"sources":[{"property":"","dataset":"OpenStreetMap","license":"ODbL-1.0","record_id":"w1456722275@1","update_time":"2025-12-07T17:00:57.000Z","confidence":null,"between":null,"provider":"osm","resource":"planet","version":"2026-09-06T00:00:00.000Z"}],"is_underground":false,"has_parts":false,"version":1}},
{"id":"9b6e0763-8dce-4429-b731-83569d46a1cd","type":"Feature","geometry":{"type":"Polygon","coordinates":[[[90.4156575,23.7400813],[90.4155182,23.7400654],[90.4155307,23.7399741],[90.4156699,23.73999],[90.4156575,23.7400813]]]},"properties":{"sources":[{"property":"","dataset":"OpenStreetMap","license":"ODbL-1.0","record_id":"w982162933@2","update_time":"2021-09-12T18:25:32.000Z","confidence":null,"between":null,"provider":"osm","resource":"planet","version":"2026-09-06T00:00:00.000Z"}],"is_underground":false,"num_floors":5,"subtype":"residential","class":"residential","has_parts":false,"version":1}},
{"id":"90ed8e68-b317-431f-ae1b-25f05a90447a","type":"Feature","geometry":{"type":"Polygon","coordinates":[[[90.4156729,23.7403235],[90.4156034,23.7403226],[90.4156043,23.7402599],[90.415565,23.7402594],[90.4155656,23.7402232],[90.4155482,23.740223],[90.4155502,23.7400931],[90.4156765,23.7400948],[90.4156729,23.7403235]]]},"properties":{"sources":[{"property":"","dataset":"OpenStreetMap","license":"ODbL-1.0","record_id":"w982162942@2","update_time":"2021-09-12T18:25:32.000Z","confidence":null,"between":null,"provider":"osm","resource":"planet","version":"2026-09-06T00:00:00.000Z"}],"is_underground":false,"num_floors":5,"subtype":"residential","class":"residential","has_parts":false,"version":1}},
{"id":"108f73ff-8b93-452c-82ff-29e8a8bf3efe","type":"Feature","geometry":{"type":"Polygon","coordinates":[[[90.4155253,23.7401603],[90.4153333,23.7401378],[90.4153425,23.7400722],[90.4155345,23.7400948],[90.4155253,23.7401603]]]},"properties":{"sources":[{"property":"","dataset":"OpenStreetMap","license":"ODbL-1.0","record_id":"w982162940@2","update_time":"2021-09-12T18:25:32.000Z","confidence":null,"between":null,"provider":"osm","resource":"planet","version":"2026-09-06T00:00:00.000Z"}],"is_underground":false,"num_floors":5,"subtype":"residential","class":"residential","has_parts":false,"version":1}},
{"id":"eee0b509-1d64-4a3a-ab47-846b00b51436","type":"Feature","geometry":{"type":"Polygon","coordinates":[[[90.4154676,23.740061],[90.4153354,23.740048],[90.4153496,23.7399268],[90.4155212,23.7399437],[90.4155083,23.7400537],[90.415469,23.7400498],[90.4154676,23.740061]]]},"properties":{"sources":[{"property":"","dataset":"OpenStreetMap","license":"ODbL-1.0","record_id":"w982162932@2","update_time":"2021-09-12T18:25:32.000Z","confidence":null,"between":null,"provider":"osm","resource":"planet","version":"2026-09-06T00:00:00.000Z"}],"is_underground":false,"num_floors":5,"subtype":"residential","class":"residential","has_parts":false,"version":1}},
{"id":"76ca5632-2e03-4311-93ab-b7c0e19a0f1a","type":"Feature","geometry":{"type":"Polygon","coordinates":[[[90.4153001,23.7398326],[90.4153013,23.7397594],[90.4154256,23.7397611],[90.4154237,23.7398801],[90.4153369,23.7398789],[90.4153001,23.7398326]]]},"properties":{"sources":[{"property":"","dataset":"OpenStreetMap","license":"ODbL-1.0","record_id":"w982162913@2","update_time":"2021-09-12T18:25:32.000Z","confidence":null,"between":null,"provider":"osm","resource":"planet","version":"2026-09-06T00:00:00.000Z"}],"is_underground":false,"num_floors":5,"has_parts":false,"version":1}},
{"id":"6c1b87aa-ad63-45ee-99ec-7a289ec94176","type":"Feature","geometry":{"type":"Polygon","coordinates":[[[90.4155105,23.7398872],[90.415434,23.7398865],[90.4154355,23.7397546],[90.415512,23.7397553],[90.4155105,23.7398872]]]},"properties":{"sources":[{"property":"","dataset":"OpenStreetMap","license":"ODbL-1.0","record_id":"w982162914@2","update_time":"2021-09-12T18:25:32.000Z","confidence":null,"between":null,"provider":"osm","resource":"planet","version":"2026-09-06T00:00:00.000Z"}],"is_underground":false,"num_floors":5,"has_parts":false,"version":1}},
{"id":"098fb4d8-fbcf-4d00-953b-425a25a42fe0","type":"Feature","geometry":{"type":"Polygon","coordinates":[[[90.4156383,23.7394248],[90.4156338,23.7397426],[90.4153035,23.7397387],[90.415308,23.739421],[90.4156383,23.7394248]]]},"properties":{"names":{"primary":"Sky View Park City Apartment","common":null,"rules":null},"sources":[{"property":"","dataset":"OpenStreetMap","license":"ODbL-1.0","record_id":"w490299853@7","update_time":"2022-05-12T00:02:46.000Z","confidence":null,"between":null,"provider":"osm","resource":"planet","version":"2026-09-06T00:00:00.000Z"}],"is_underground":false,"num_floors":22,"num_floors_underground":2,"has_parts":false,"version":1}},
{"id":"5657a2f6-9a33-4a04-ae9e-59b3f48e94fe","type":"Feature","geometry":{"type":"Polygon","coordinates":[[[90.4156619,23.7398535],[90.4155217,23.7398518],[90.4155232,23.7397532],[90.4156633,23.7397549],[90.4156619,23.7398535]]]},"properties":{"sources":[{"property":"","dataset":"OpenStreetMap","license":"ODbL-1.0","record_id":"w982162915@2","update_time":"2021-09-12T18:25:32.000Z","confidence":null,"between":null,"provider":"osm","resource":"planet","version":"2026-09-06T00:00:00.000Z"}],"is_underground":false,"num_floors":5,"has_parts":false,"version":1}},
{"id":"c001fbcb-8433-4a67-b8e1-5eb72cd06c7e","type":"Feature","geometry":{"type":"Polygon","coordinates":[[[90.4157929,23.7398476],[90.4157017,23.7398439],[90.4157044,23.7397604],[90.4157996,23.7397617],[90.4157929,23.7398476]]]},"properties":{"sources":[{"property":"","dataset":"OpenStreetMap","license":"ODbL-1.0","record_id":"w1456936818@1","update_time":"2025-12-08T16:18:55.000Z","confidence":null,"between":null,"provider":"osm","resource":"planet","version":"2026-09-06T00:00:00.000Z"}],"is_underground":false,"has_parts":false,"version":1}},
{"id":"4aaee873-161d-4983-938c-73c9e3af697e","type":"Feature","geometry":{"type":"Polygon","coordinates":[[[90.4157842,23.7397375],[90.4156556,23.7397361],[90.4156595,23.7394326],[90.415788,23.739434],[90.4157842,23.7397375]]]},"properties":{"sources":[{"property":"","dataset":"OpenStreetMap","license":"ODbL-1.0","record_id":"w982162916@1","update_time":"2021-09-12T06:29:58.000Z","confidence":null,"between":null,"provider":"osm","resource":"planet","version":"2026-09-06T00:00:00.000Z"}],"is_underground":false,"subtype":"residential","class":"residential","has_parts":false,"version":1}},
{"id":"1d4db2e4-80fe-4f72-873c-5b16f5f70242","type":"Feature","geometry":{"type":"Polygon","coordinates":[[[90.4158075,23.7397103],[90.4158109,23.7394341],[90.4159593,23.7394356],[90.4159559,23.7397119],[90.4158075,23.7397103]]]},"properties":{"sources":[{"property":"","dataset":"OpenStreetMap","license":"ODbL-1.0","record_id":"w982162917@1","update_time":"2021-09-12T06:29:58.000Z","confidence":null,"between":null,"provider":"osm","resource":"planet","version":"2026-09-06T00:00:00.000Z"}],"is_underground":false,"subtype":"residential","class":"residential","has_parts":false,"version":1}},
{"id":"1e416dc7-50b3-4fb2-a5be-79f241977338","type":"Feature","geometry":{"type":"Polygon","coordinates":[[[90.4159964,23.740203],[90.4158747,23.7402036],[90.4158744,23.740141],[90.4159961,23.7401404],[90.4159964,23.740203]]]},"properties":{"sources":[{"property":"","dataset":"OpenStreetMap","license":"ODbL-1.0","record_id":"w1456722276@1","update_time":"2025-12-07T17:00:57.000Z","confidence":null,"between":null,"provider":"osm","resource":"planet","version":"2026-09-06T00:00:00.000Z"}],"is_underground":false,"has_parts":false,"version":1}},
{"id":"9515ee10-8520-41da-a2e4-4367515b2bb4","type":"Feature","geometry":{"type":"Polygon","coordinates":[[[90.4160537,23.7400905],[90.4159633,23.7400961],[90.415951,23.7399274],[90.4160413,23.7399219],[90.4160537,23.7400905]]]},"properties":{"sources":[{"property":"","dataset":"OpenStreetMap","license":"ODbL-1.0","record_id":"w982162939@2","update_time":"2021-09-12T18:25:32.000Z","confidence":null,"between":null,"provider":"osm","resource":"planet","version":"2026-09-06T00:00:00.000Z"}],"is_underground":false,"num_floors":5,"subtype":"residential","class":"residential","has_parts":false,"version":1}},
{"id":"1bf85545-9f83-40c7-8ec3-7b5f55d1c914","type":"Feature","geometry":{"type":"Polygon","coordinates":[[[90.4160423,23.7399151],[90.415943,23.7399168],[90.4159398,23.7397583],[90.4160391,23.7397566],[90.4160423,23.7399151]]]},"properties":{"sources":[{"property":"","dataset":"OpenStreetMap","license":"ODbL-1.0","record_id":"w982162937@2","update_time":"2021-09-12T18:25:32.000Z","confidence":null,"between":null,"provider":"osm","resource":"planet","version":"2026-09-06T00:00:00.000Z"}],"is_underground":false,"num_floors":5,"subtype":"residential","class":"residential","has_parts":false,"version":1}},
{"id":"cd6c46cc-26d8-4003-aa5b-17d030c968b6","type":"Feature","geometry":{"type":"Polygon","coordinates":[[[90.4159581,23.7400962],[90.4158495,23.7400986],[90.4158428,23.7399532],[90.415946,23.7399403],[90.4159581,23.7400962]]]},"properties":{"sources":[{"property":"","dataset":"OpenStreetMap","license":"ODbL-1.0","record_id":"w982162935@2","update_time":"2021-09-12T18:25:32.000Z","confidence":null,"between":null,"provider":"osm","resource":"planet","version":"2026-09-06T00:00:00.000Z"}],"is_underground":false,"num_floors":5,"subtype":"residential","class":"residential","has_parts":false,"version":1}},
{"id":"3217fa20-d304-4401-9bd7-c8ec1f67d087","type":"Feature","geometry":{"type":"Polygon","coordinates":[[[90.4159191,23.7399394],[90.4158418,23.7399421],[90.4158342,23.7397599],[90.4159268,23.7397566],[90.4159328,23.7398979],[90.4159174,23.7398984],[90.4159191,23.7399394]]]},"properties":{"sources":[{"property":"","dataset":"OpenStreetMap","license":"ODbL-1.0","record_id":"w982162936@2","update_time":"2021-09-12T18:25:32.000Z","confidence":null,"between":null,"provider":"osm","resource":"planet","version":"2026-09-06T00:00:00.000Z"}],"is_underground":false,"num_floors":5,"subtype":"residential","class":"residential","has_parts":false,"version":1}},
{"id":"e42e03a9-41e6-4c12-b17d-e878c1541d7a","type":"Feature","geometry":{"type":"Polygon","coordinates":[[[90.4158498,23.7402509],[90.4159059,23.7402552],[90.4158985,23.7403363],[90.4158424,23.740332],[90.4158498,23.7402509]]]},"properties":{"sources":[{"property":"","dataset":"Google Open Buildings","license":null,"record_id":"7MMGPCR8+489Q","update_time":"2023-05-01T00:00:00.000Z","confidence":0.7117,"between":null,"provider":"google","resource":"open_buildings","version":"2024-04-16"}],"is_underground":false,"has_parts":false,"version":1}},
{"id":"9284d69d-c626-45f8-a36e-c1a3f8a494f6","type":"Feature","geometry":{"type":"Polygon","coordinates":[[[90.4158239,23.7405255],[90.4157284,23.7405236],[90.4157303,23.7404503],[90.4160267,23.7404567],[90.4160248,23.74053],[90.4159261,23.7405284],[90.4159234,23.7406066],[90.4158213,23.7406037],[90.4158239,23.7405255]]]},"properties":{"sources":[{"property":"","dataset":"OpenStreetMap","license":"ODbL-1.0","record_id":"w982406644@2","update_time":"2021-09-13T06:56:29.000Z","confidence":null,"between":null,"provider":"osm","resource":"planet","version":"2026-09-06T00:00:00.000Z"}],"is_underground":false,"num_floors":5,"subtype":"residential","class":"residential","has_parts":false,"version":1}},
{"id":"6bf128a9-639d-45cd-b8b2-78f583dc17ef","type":"Feature","geometry":{"type":"Polygon","coordinates":[[[90.4158834,23.7408054],[90.4159464,23.7408775],[90.4158781,23.7409281],[90.4158151,23.740856],[90.4158834,23.7408054]]]},"properties":{"sources":[{"property":"","dataset":"Google Open Buildings","license":null,"record_id":"7MMGPCR8+89RJ","update_time":"2023-05-01T00:00:00.000Z","confidence":0.8516,"between":null,"provider":"google","resource":"open_buildings","version":"2024-04-16"}],"is_underground":false,"has_parts":false,"version":1}},
{"id":"80f69491-7b2d-44af-9a90-82dfe3173e1d","type":"Feature","geometry":{"type":"Polygon","coordinates":[[[90.4160312,23.7410143],[90.4159252,23.740897],[90.416365,23.7405643],[90.4164709,23.7406817],[90.4160312,23.7410143]]]},"properties":{"sources":[{"property":"","dataset":"OpenStreetMap","license":"ODbL-1.0","record_id":"w222332394@3","update_time":"2021-10-11T05:55:26.000Z","confidence":null,"between":null,"provider":"osm","resource":"planet","version":"2026-09-06T00:00:00.000Z"}],"is_underground":false,"num_floors":5,"subtype":"civic","class":"government","has_parts":false,"version":1}},
{"id":"b69f2432-ea84-4957-acff-b6bffddac1a0","type":"Feature","geometry":{"type":"Polygon","coordinates":[[[90.4160048,23.740248],[90.4160057,23.7402112],[90.4160782,23.7402128],[90.4160787,23.7401934],[90.4162159,23.7401964],[90.4162154,23.7402151],[90.416285,23.7402166],[90.416284,23.7402565],[90.4163226,23.7402574],[90.4163214,23.7403034],[90.4162827,23.7403026],[90.4162821,23.7403247],[90.4161977,23.7403229],[90.4161961,23.7403832],[90.4160813,23.7403807],[90.416083,23.7403154],[90.4160032,23.7403137],[90.4160037,23.7402933],[90.4159644,23.7402925],[90.4159655,23.7402471],[90.4160048,23.740248]]]},"properties":{"sources":[{"property":"","dataset":"OpenStreetMap","license":"ODbL-1.0","record_id":"w473935531@4","update_time":"2021-09-17T21:39:26.000Z","confidence":null,"between":null,"provider":"osm","resource":"planet","version":"2026-09-06T00:00:00.000Z"}],"is_underground":false,"num_floors":5,"has_parts":false,"version":1}},
{"id":"5cac0053-e329-40fe-8d74-188158de3fdd","type":"Feature","geometry":{"type":"Polygon","coordinates":[[[90.4161052,23.7412588],[90.4159868,23.7413461],[90.4159309,23.7412826],[90.4160493,23.7411953],[90.4161052,23.7412588]]]},"properties":{"sources":[{"property":"","dataset":"OpenStreetMap","license":"ODbL-1.0","record_id":"w991854254@1","update_time":"2021-10-11T05:55:26.000Z","confidence":null,"between":null,"provider":"osm","resource":"planet","version":"2026-09-06T00:00:00.000Z"}],"is_underground":false,"num_floors":1,"has_parts":false,"version":1}},
{"id":"0fad5e06-acde-4533-b90e-3b1a8359b24e","type":"Feature","geometry":{"type":"Polygon","coordinates":[[[90.4157994,23.7409436],[90.4160045,23.7411938],[90.4158429,23.7413061],[90.4157081,23.7411417],[90.4157553,23.7411089],[90.415685,23.7410231],[90.4157994,23.7409436]]]},"properties":{"sources":[{"property":"","dataset":"Google Open Buildings","license":null,"record_id":"7MMGPCR8+F844","update_time":"2023-05-01T00:00:00.000Z","confidence":0.8867,"between":null,"provider":"google","resource":"open_buildings","version":"2024-04-16"}],"is_underground":false,"has_parts":false,"version":1}},
{"id":"7b9870bc-4f09-4524-a00a-0d44d56c5a03","type":"Feature","geometry":{"type":"Polygon","coordinates":[[[90.416113,23.7421974],[90.4159959,23.7422751],[90.4159676,23.742239],[90.4160847,23.7421613],[90.416113,23.7421974]]]},"properties":{"sources":[{"property":"","dataset":"Google Open Buildings","license":null,"record_id":"7MMGPCR8+VCMM","update_time":"2023-05-01T00:00:00.000Z","confidence":0.772,"between":null,"provider":"google","resource":"open_buildings","version":"2024-04-16"}],"is_underground":false,"has_parts":false,"version":1}},
{"id":"2d5bc1b0-177b-4cec-ab64-6daef6e4ddcb","type":"Feature","geometry":{"type":"Polygon","coordinates":[[[90.4160014,23.7426433],[90.4158989,23.7425285],[90.4162958,23.7422314],[90.4163983,23.7423462],[90.4160014,23.7426433]]]},"properties":{"sources":[{"property":"","dataset":"OpenStreetMap","license":"ODbL-1.0","record_id":"w506022991@2","update_time":"2021-10-11T05:55:26.000Z","confidence":null,"between":null,"provider":"osm","resource":"planet","version":"2026-09-06T00:00:00.000Z"}],"is_underground":false,"num_floors":5,"has_parts":false,"version":1}},
{"id":"a756cb83-7ebc-4c39-ba8f-e132bf3ac853","type":"Feature","geometry":{"type":"Polygon","coordinates":[[[90.4158949,23.74262],[90.4159386,23.7426697],[90.4158902,23.7427058],[90.4158464,23.742656],[90.4158949,23.74262]]]},"properties":{"sources":[{"property":"","dataset":"Google Open Buildings","license":null,"record_id":"7MMGPCV8+396G","update_time":"2023-05-01T00:00:00.000Z","confidence":0.6646,"between":null,"provider":"google","resource":"open_buildings","version":"2024-04-16"}],"is_underground":false,"has_parts":false,"version":1}},
{"id":"fbc39b42-137e-4c46-b98b-c2b86b893dc1","type":"Feature","geometry":{"type":"Polygon","coordinates":[[[90.4159198,23.7432504],[90.41582,23.7432473],[90.415824,23.7431392],[90.4159238,23.7431423],[90.4159198,23.7432504]]]},"properties":{"sources":[{"property":"","dataset":"OpenStreetMap","license":"ODbL-1.0","record_id":"w505555828@1","update_time":"2020-07-29T23:19:27.000Z","confidence":null,"between":null,"provider":"osm","resource":"planet","version":"2026-09-06T00:00:00.000Z"}],"is_underground":false,"has_parts":false,"version":1}},
{"id":"05d418ff-0ab0-40d5-a0dc-807e28802d51","type":"Feature","geometry":{"type":"Polygon","coordinates":[[[90.4158972,23.7433951],[90.4157467,23.7433732],[90.4157494,23.7433084],[90.4159095,23.7433263],[90.4158972,23.7433951]]]},"properties":{"sources":[{"property":"","dataset":"OpenStreetMap","license":"ODbL-1.0","record_id":"w1085100470@1","update_time":"2022-08-09T13:54:36.000Z","confidence":null,"between":null,"provider":"osm","resource":"planet","version":"2026-09-06T00:00:00.000Z"}],"is_underground":false,"has_parts":false,"version":1}},
{"id":"938ae3e2-336d-4309-bd6e-0ca78ccf2688","type":"Feature","geometry":{"type":"Polygon","coordinates":[[[90.4158713,23.743443],[90.4158271,23.7434395],[90.4158304,23.7434056],[90.4158746,23.7434092],[90.4158713,23.743443]]]},"properties":{"sources":[{"property":"","dataset":"OpenStreetMap","license":"ODbL-1.0","record_id":"w1425700353@1","update_time":"2025-08-29T00:28:56.000Z","confidence":null,"between":null,"provider":"osm","resource":"planet","version":"2026-09-06T00:00:00.000Z"}],"is_underground":false,"has_parts":false,"version":1}},
{"id":"e11122fb-420b-4cdd-8581-0e79dd20311b","type":"Feature","geometry":{"type":"Polygon","coordinates":[[[90.4159563,23.743479],[90.4158858,23.7434493],[90.4159023,23.7434165],[90.4159728,23.7434463],[90.4159563,23.743479]]]},"properties":{"sources":[{"property":"","dataset":"OpenStreetMap","license":"ODbL-1.0","record_id":"w1425879077@1","update_time":"2025-08-29T16:56:16.000Z","confidence":null,"between":null,"provider":"osm","resource":"planet","version":"2026-09-06T00:00:00.000Z"}],"is_underground":false,"has_parts":false,"version":1}},
{"id":"ab125bac-1052-45a8-a7c6-f7e0d010f25e","type":"Feature","geometry":{"type":"Polygon","coordinates":[[[90.4156987,23.7392266],[90.4159936,23.7390697],[90.415981,23.7393898],[90.4157197,23.7393898],[90.4156987,23.7392266]]]},"properties":{"sources":[{"property":"","dataset":"OpenStreetMap","license":"ODbL-1.0","record_id":"w1042564677@1","update_time":"2022-03-22T08:41:18.000Z","confidence":null,"between":null,"provider":"osm","resource":"planet","version":"2026-09-06T00:00:00.000Z"}],"is_underground":false,"has_parts":false,"version":1}}]}