{"type": "FeatureCollection", "features": [
{"id":"c7d7d4fc-b980-4581-ab75-19829eea966e","type":"Feature","geometry":{"type":"Polygon","coordinates":[[[90.4122663,23.7410995],[90.4122245,23.7410596],[90.4123401,23.7408452],[90.4124435,23.7409439],[90.4122663,23.7410995]]]},"properties":{"names":{"primary":"Popular Diagnostic Center- Unit 1","common":null,"rules":null},"sources":[{"property":"","dataset":"OpenStreetMap","license":"ODbL-1.0","record_id":"w610898379@3","update_time":"2021-09-14T05:49:22.000Z","confidence":null,"between":null,"provider":"osm","resource":"planet","version":"2026-09-06T00:00:00.000Z"}],"is_underground":false,"num_floors":12,"subtype":"medical","class":"hospital","has_parts":false,"version":1}},
{"id":"ad8e0ba7-e200-4394-95c1-e9b4eba53f0c","type":"Feature","geometry":{"type":"Polygon","coordinates":[[[90.4134649,23.7410917],[90.4132819,23.7410793],[90.4132914,23.7409609],[90.4134744,23.7409733],[90.4134649,23.7410917]]]},"properties":{"names":{"primary":"kazi Manzil","common":null,"rules":null},"sources":[{"property":"","dataset":"OpenStreetMap","license":"ODbL-1.0","record_id":"w981310492@3","update_time":"2021-09-12T06:58:24.000Z","confidence":null,"between":null,"provider":"osm","resource":"planet","version":"2026-09-06T00:00:00.000Z"}],"is_underground":false,"num_floors":4,"subtype":"residential","class":"residential","has_parts":false,"version":1}},
{"id":"468d3b40-0377-480f-aaaf-ba37d97a068a","type":"Feature","geometry":{"type":"Polygon","coordinates":[[[90.4129321,23.7416024],[90.412886,23.7416001],[90.4128931,23.7414868],[90.4130768,23.7414938],[90.4130704,23.7416094],[90.4130243,23.741607],[90.4130142,23.7416031],[90.413004,23.7415998],[90.4129917,23.7415973],[90.4129785,23.7415963],[90.4129673,23.7415961],[90.4129557,23.7415974],[90.4129444,23.7415995],[90.4129321,23.7416024]]]},"properties":{"sources":[{"property":"","dataset":"OpenStreetMap","license":"ODbL-1.0","record_id":"w980575462@2","update_time":"2021-09-09T18:19:04.000Z","confidence":null,"between":null,"provider":"osm","resource":"planet","version":"2026-09-06T00:00:00.000Z"}],"is_underground":false,"num_floors":1,"has_parts":false,"version":1}},
{"id":"2b25ef67-cfde-49ac-b84a-0248476a4697","type":"Feature","geometry":{"type":"Polygon","coordinates":[[[90.4130564,23.7418086],[90.4130526,23.7418737],[90.4130047,23.7418716],[90.4129982,23.7418767],[90.4129899,23.7418813],[90.4129766,23.7418838],[90.4129617,23.7418854],[90.412948,23.7418823],[90.4129371,23.7418782],[90.4129284,23.7418733],[90.4129209,23.7418675],[90.4128789,23.7418654],[90.4128801,23.7418456],[90.4128712,23.7418451],[90.412874,23.7417994],[90.4128634,23.7417987],[90.4128672,23.7417527],[90.4128767,23.7417536],[90.4128822,23.741662],[90.4128767,23.7416618],[90.4128791,23.741629],[90.4128842,23.7416291],[90.412886,23.7416001],[90.4129321,23.7416024],[90.4129444,23.7415995],[90.4129557,23.7415974],[90.4129673,23.7415961],[90.4129785,23.7415963],[90.4129917,23.7415973],[90.413004,23.7415998],[90.4130142,23.7416031],[90.4130243,23.741607],[90.4130704,23.7416094],[90.4130682,23.7416463],[90.4130772,23.7416468],[90.4130754,23.7416776],[90.4130668,23.7416772],[90.4130615,23.7417661],[90.4130678,23.7417664],[90.4130652,23.7418093],[90.4130564,23.7418086]]]},"properties":{"names":{"primary":"Pankouri","common":null,"rules":null},"sources":[{"property":"","dataset":"OpenStreetMap","license":"ODbL-1.0","record_id":"w980575461@3","update_time":"2021-09-09T18:19:04.000Z","confidence":null,"between":null,"provider":"osm","resource":"planet","version":"2026-09-06T00:00:00.000Z"}],"is_underground":false,"num_floors":9,"subtype":"residential","class":"apartments","has_parts":false,"version":1}},
{"id":"125096c4-bc48-41dd-a221-2bf3adbb2636","type":"Feature","geometry":{"type":"Polygon","coordinates":[[[90.4130887,23.7416103],[90.4130704,23.7416094],[90.4130768,23.7414938],[90.4132448,23.7414987],[90.4132385,23.7416157],[90.413201,23.7416143],[90.4131947,23.7416097],[90.4131869,23.7416052],[90.4131772,23.741602],[90.4131667,23.741601],[90.4131557,23.7416013],[90.4131442,23.7416038],[90.4131352,23.7416073],[90.4131261,23.7416116],[90.4130887,23.7416103]]]},"properties":{"sources":[{"property":"","dataset":"OpenStreetMap","license":"ODbL-1.0","record_id":"w980575464@2","update_time":"2021-09-09T18:19:04.000Z","confidence":null,"between":null,"provider":"osm","resource":"planet","version":"2026-09-06T00:00:00.000Z"}],"is_underground":false,"num_floors":1,"has_parts":false,"version":1}},
{"id":"cd153b68-ae90-4716-95ff-032c2170ab9d","type":"Feature","geometry":{"type":"Polygon","coordinates":[[[90.413201,23.7416143],[90.4132385,23.7416157],[90.4132186,23.7419113],[90.4132006,23.7419123],[90.4131803,23.7419128],[90.4131628,23.7419108],[90.4131436,23.7419031],[90.4131271,23.7418962],[90.4131154,23.7418918],[90.4131143,23.7418826],[90.4130677,23.7418815],[90.4130692,23.741861],[90.4130762,23.741861],[90.4130887,23.7416103],[90.4131261,23.7416116],[90.4131352,23.7416073],[90.4131442,23.7416038],[90.4131557,23.7416013],[90.4131667,23.741601],[90.4131772,23.741602],[90.4131869,23.7416052],[90.4131947,23.7416097],[90.413201,23.7416143]]]},"properties":{"names":{"primary":"Chandramallika","common":null,"rules":null},"sources":[{"property":"","dataset":"OpenStreetMap","license":"ODbL-1.0","record_id":"w980575463@3","update_time":"2021-09-09T18:19:04.000Z","confidence":null,"between":null,"provider":"osm","resource":"planet","version":"2026-09-06T00:00:00.000Z"}],"is_underground":false,"num_floors":9,"subtype":"residential","class":"apartments","has_parts":false,"version":1}},
{"id":"e8de4d59-16e7-40be-8204-ecc0c1c05ea2","type":"Feature","geometry":{"type":"Polygon","coordinates":[[[90.4133015,23.7419615],[90.4132198,23.7419564],[90.4132375,23.7417194],[90.4133192,23.7417245],[90.4133015,23.7419615]]]},"properties":{"sources":[{"property":"","dataset":"OpenStreetMap","license":"ODbL-1.0","record_id":"w980575467@3","update_time":"2023-08-28T15:05:13.000Z","confidence":null,"between":null,"provider":"osm","resource":"planet","version":"2026-09-06T00:00:00.000Z"}],"is_underground":false,"num_floors":6,"has_parts":false,"version":1}},
{"id":"6b8031ac-dd21-4879-8f0c-f465f5e84ce1","type":"Feature","geometry":{"type":"Polygon","coordinates":[[[90.413242,23.7417134],[90.4132563,23.741498],[90.4133337,23.7415023],[90.4133195,23.7417177],[90.413242,23.7417134]]]},"properties":{"sources":[{"property":"","dataset":"OpenStreetMap","license":"ODbL-1.0","record_id":"w932285194@4","update_time":"2025-01-11T00:49:18.000Z","confidence":null,"between":null,"provider":"osm","resource":"planet","version":"2026-09-06T00:00:00.000Z"}],"is_underground":false,"num_floors":8,"subtype":"residential","class":"apartments","has_parts":false,"version":1}},
{"id":"90f88136-3209-40f8-ba06-53a7418c23a7","type":"Feature","geometry":{"type":"Polygon","coordinates":[[[90.4134323,23.741426],[90.4133068,23.7414238],[90.4133093,23.7413103],[90.4134348,23.7413126],[90.4134323,23.741426]]]},"properties":{"names":{"primary":"Sirajul Manzil","common":null,"rules":null},"sources":[{"property":"","dataset":"OpenStreetMap","license":"ODbL-1.0","record_id":"w981310498@1","update_time":"2021-09-09T16:32:42.000Z","confidence":null,"between":null,"provider":"osm","resource":"planet","version":"2026-09-06T00:00:00.000Z"}],"is_underground":false,"num_floors":4,"subtype":"residential","class":"residential","has_parts":false,"version":1}},
{"id":"7f75fe1f-d3e5-4436-9d2a-91fc76ff063f","type":"Feature","geometry":{"type":"Polygon","coordinates":[[[90.4133007,23.7414241],[90.4132424,23.7414252],[90.4132394,23.7413151],[90.4132981,23.7413139],[90.4133007,23.7414241]]]},"properties":{"sources":[{"property":"","dataset":"OpenStreetMap","license":"ODbL-1.0","record_id":"w981310499@3","update_time":"2023-08-28T15:05:13.000Z","confidence":null,"between":null,"provider":"osm","resource":"planet","version":"2026-09-06T00:00:00.000Z"}],"is_underground":false,"num_floors":2,"subtype":"residential","class":"residential","has_parts":false,"version":1}},
{"id":"6f1cdd6f-bb95-4e84-921c-fbb48619e69d","type":"Feature","geometry":{"type":"Polygon","coordinates":[[[90.4132428,23.741439],[90.4131591,23.7414409],[90.4131557,23.741317],[90.4132394,23.7413151],[90.4132424,23.7414252],[90.4132428,23.741439]]]},"properties":{"sources":[{"property":"","dataset":"OpenStreetMap","license":"ODbL-1.0","record_id":"w981310497@3","update_time":"2023-08-28T15:05:13.000Z","confidence":null,"between":null,"provider":"osm","resource":"planet","version":"2026-09-06T00:00:00.000Z"}],"is_underground":false,"num_floors":4,"subtype":"residential","class":"residential","has_parts":false,"version":1}},
{"id":"4f92848b-6b84-4a81-b462-639db567eff4","type":"Feature","geometry":{"type":"Polygon","coordinates":[[[90.4131285,23.7410184],[90.4132667,23.7410262],[90.4132628,23.7410842],[90.4131247,23.7410764],[90.4131285,23.7410184]]]},"properties":{"sources":[{"property":"","dataset":"OpenStreetMap","license":"ODbL-1.0","record_id":"w981310488@3","update_time":"2023-08-28T15:05:13.000Z","confidence":null,"between":null,"provider":"osm","resource":"planet","version":"2026-09-06T00:00:00.000Z"}],"is_underground":false,"num_floors":4,"subtype":"residential","class":"residential","has_parts":false,"version":1}},
{"id":"6b6107c6-abc7-429d-b762-4d1a06d903f8","type":"Feature","geometry":{"type":"Polygon","coordinates":[[[90.4132889,23.7412982],[90.4131526,23.7413066],[90.4131325,23.7410873],[90.4132704,23.7410916],[90.4132735,23.7411875],[90.4134591,23.7411945],[90.4134527,23.7413017],[90.4132889,23.7412982]]]},"properties":{"sources":[{"property":"","dataset":"OpenStreetMap","license":"ODbL-1.0","record_id":"w981310490@3","update_time":"2023-08-28T15:05:13.000Z","confidence":null,"between":null,"provider":"osm","resource":"planet","version":"2026-09-06T00:00:00.000Z"}],"is_underground":false,"num_floors":10,"subtype":"residential","class":"residential","has_parts":false,"version":1}},
{"id":"1b63acb1-10ec-4f30-9381-49302f7cd934","type":"Feature","geometry":{"type":"Polygon","coordinates":[[[90.4134596,23.7411836],[90.4132911,23.7411794],[90.4132936,23.7410947],[90.4134621,23.7410989],[90.4134596,23.7411836]]]},"properties":{"sources":[{"property":"","dataset":"OpenStreetMap","license":"ODbL-1.0","record_id":"w981310491@3","update_time":"2023-08-28T15:05:13.000Z","confidence":null,"between":null,"provider":"osm","resource":"planet","version":"2026-09-06T00:00:00.000Z"}],"is_underground":false,"num_floors":6,"subtype":"residential","class":"residential","has_parts":false,"version":1}},
{"id":"d519a76b-367d-4231-b34e-6e50973f807f","type":"Feature","geometry":{"type":"Polygon","coordinates":[[[90.4134568,23.7414403],[90.4134434,23.7414398],[90.4134487,23.7413209],[90.4134613,23.7413214],[90.4134667,23.7411992],[90.4135832,23.7412035],[90.4135829,23.7412091],[90.4135914,23.7412094],[90.4135911,23.7412182],[90.4136001,23.7412185],[90.4135972,23.7412969],[90.4135865,23.7412965],[90.4135842,23.7413595],[90.4135737,23.7413592],[90.4135707,23.7414451],[90.4135608,23.7414448],[90.4135606,23.7414507],[90.4135416,23.7414501],[90.4135418,23.7414449],[90.4135325,23.7414446],[90.4135323,23.7414506],[90.4134926,23.7414492],[90.4134928,23.7414432],[90.4134833,23.7414429],[90.413483,23.7414496],[90.4134565,23.7414486],[90.4134568,23.7414403]]]},"properties":{"names":{"primary":"Paradise M.A. Khan Garden","common":null,"rules":null},"sources":[{"property":"","dataset":"OpenStreetMap","license":"ODbL-1.0","record_id":"w447183774@5","update_time":"2021-10-06T14:37:41.000Z","confidence":null,"between":null,"provider":"osm","resource":"planet","version":"2026-09-06T00:00:00.000Z"}],"is_underground":false,"num_floors":6,"subtype":"residential","class":"apartments","has_parts":false,"version":1}},
{"id":"bfaa18ad-ef63-46da-a114-3f35b454c1b9","type":"Feature","geometry":{"type":"Polygon","coordinates":[[[90.4135944,23.7411886],[90.4134706,23.7411797],[90.413489,23.7409654],[90.4136128,23.7409743],[90.4135944,23.7411886]]]},"properties":{"names":{"primary":"Bokul","common":null,"rules":null},"sources":[{"property":"","dataset":"OpenStreetMap","license":"ODbL-1.0","record_id":"w981310493@1","update_time":"2021-09-09T16:32:42.000Z","confidence":null,"between":null,"provider":"osm","resource":"planet","version":"2026-09-06T00:00:00.000Z"}],"is_underground":false,"num_floors":6,"subtype":"residential","class":"residential","has_parts":false,"version":1}},
{"id":"e4b80857-3d0b-4b5a-a5be-94f61af4e139","type":"Feature","geometry":{"type":"Polygon","coordinates":[[[90.4136351,23.7410052],[90.4136371,23.7409804],[90.4136622,23.7409822],[90.4136629,23.740974],[90.4137174,23.7409778],[90.4137165,23.7409882],[90.4137398,23.7409898],[90.4137234,23.7411899],[90.4137181,23.7411895],[90.4137171,23.7412015],[90.41368,23.7411989],[90.4136804,23.741194],[90.413653,23.7411921],[90.4136528,23.7411947],[90.4136198,23.7411925],[90.4136202,23.7411865],[90.4136163,23.7411862],[90.413619,23.7411535],[90.413616,23.7411533],[90.4136283,23.7410047],[90.4136351,23.7410052]]]},"properties":{"names":{"primary":"Dara's Paradise","common":null,"rules":null},"sources":[{"property":"","dataset":"OpenStreetMap","license":"ODbL-1.0","record_id":"w981310494@1","update_time":"2021-09-09T16:32:42.000Z","confidence":null,"between":null,"provider":"osm","resource":"planet","version":"2026-09-06T00:00:00.000Z"}],"is_underground":false,"num_floors":6,"subtype":"residential","class":"residential","has_parts":false,"version":1}},
{"id":"06c333ab-4b10-4a5f-9794-83566cd674b0","type":"Feature","geometry":{"type":"Polygon","coordinates":[[[90.41375,23.7410705],[90.4137541,23.7410047],[90.4138541,23.7410099],[90.413852,23.7410665],[90.4138692,23.7410686],[90.4138726,23.7410109],[90.4139751,23.7410162],[90.4139711,23.7410805],[90.4138907,23.7410765],[90.4138887,23.7410958],[90.4139699,23.7411002],[90.4139661,23.7411622],[90.4139061,23.741159],[90.4139046,23.7411765],[90.4139649,23.7411813],[90.4139609,23.7412462],[90.4137399,23.7412348],[90.4137435,23.7411714],[90.4137983,23.7411725],[90.4137999,23.7411564],[90.4137448,23.7411552],[90.4137489,23.7410887],[90.4138314,23.7410939],[90.4138325,23.7410742],[90.41375,23.7410705]]]},"properties":{"names":{"primary":"Chameli","common":null,"rules":null},"sources":[{"property":"","dataset":"OpenStreetMap","license":"ODbL-1.0","record_id":"w447358516@2","update_time":"2021-09-09T16:32:42.000Z","confidence":null,"between":null,"provider":"osm","resource":"planet","version":"2026-09-06T00:00:00.000Z"}],"is_underground":false,"num_floors":9,"subtype":"residential","class":"apartments","has_parts":false,"version":1}},
{"id":"409e69a7-847f-44bf-8c86-8adcc7b2e2b9","type":"Feature","geometry":{"type":"Polygon","coordinates":[[[90.4138577,23.7413146],[90.4138428,23.741486],[90.4137893,23.7414821],[90.4138013,23.7413121],[90.4138577,23.7413146]]]},"properties":{"sources":[{"property":"","dataset":"OpenStreetMap","license":"ODbL-1.0","record_id":"w1435604702@1","update_time":"2025-10-05T08:26:17.000Z","confidence":null,"between":null,"provider":"osm","resource":"planet","version":"2026-09-06T00:00:00.000Z"}],"is_underground":false,"has_parts":false,"version":1}},
{"id":"f295453e-7d23-46ad-a720-bbc3c91b43bc","type":"Feature","geometry":{"type":"Polygon","coordinates":[[[90.4137823,23.7414856],[90.4137006,23.7414816],[90.4137116,23.7412988],[90.4137973,23.7413034],[90.4137823,23.7414856]]]},"properties":{"names":{"primary":"Mounobash","common":null,"rules":null},"sources":[{"property":"","dataset":"OpenStreetMap","license":"ODbL-1.0","record_id":"w447358517@2","update_time":"2025-10-05T08:26:17.000Z","confidence":null,"between":null,"provider":"osm","resource":"planet","version":"2026-09-06T00:00:00.000Z"}],"is_underground":false,"num_floors":9,"subtype":"residential","class":"apartments","has_parts":false,"version":2}},
{"id":"1236ed5d-f311-48a4-aff0-45da48bc83cd","type":"Feature","geometry":{"type":"Polygon","coordinates":[[[90.4136049,23.7412925],[90.4136118,23.7412097],[90.4137126,23.7412167],[90.4137057,23.7412995],[90.4136049,23.7412925]]]},"properties":{"sources":[{"property":"","dataset":"OpenStreetMap","license":"ODbL-1.0","record_id":"w981310495@3","update_time":"2023-08-28T15:05:13.000Z","confidence":null,"between":null,"provider":"osm","resource":"planet","version":"2026-09-06T00:00:00.000Z"}],"is_underground":false,"num_floors":5,"subtype":"residential","class":"residential","has_parts":false,"version":1}},
{"id":"c13991c4-aa9c-452b-bd6f-02540cf15c24","type":"Feature","geometry":{"type":"Polygon","coordinates":[[[90.4136865,23.7414562],[90.4135891,23.7414509],[90.4135921,23.7414037],[90.4135989,23.7414041],[90.413603,23.7413407],[90.4135954,23.7413403],[90.4135976,23.7413061],[90.4136439,23.7413086],[90.4136442,23.741304],[90.4136962,23.7413068],[90.4136865,23.7414562]]]},"properties":{"names":{"primary":"Assort Pradip Shikha","common":null,"rules":null},"sources":[{"property":"","dataset":"OpenStreetMap","license":"ODbL-1.0","record_id":"w981310496@1","update_time":"2021-09-09T16:32:42.000Z","confidence":null,"between":null,"provider":"osm","resource":"planet","version":"2026-09-06T00:00:00.000Z"}],"is_underground":false,"num_floors":7,"subtype":"residential","class":"residential","has_parts":false,"version":1}},
{"id":"6d079894-dbb7-4051-906c-5751b450aa9c","type":"Feature","geometry":{"type":"Polygon","coordinates":[[[90.4138195,23.741654],[90.4136661,23.7416476],[90.413671,23.7415489],[90.4138244,23.7415552],[90.4138195,23.741654]]]},"properties":{"sources":[{"property":"","dataset":"OpenStreetMap","license":"ODbL-1.0","record_id":"w447227019@4","update_time":"2023-08-28T15:05:13.000Z","confidence":null,"between":null,"provider":"osm","resource":"planet","version":"2026-09-06T00:00:00.000Z"}],"is_underground":false,"num_floors":4,"subtype":"residential","class":"residential","has_parts":false,"version":1}},
{"id":"cf19192b-ba06-467e-907b-b67ee294ac3e","type":"Feature","geometry":{"type":"Polygon","coordinates":[[[90.4138125,23.7415504],[90.4137321,23.7415442],[90.4137349,23.7415138],[90.4138153,23.7415201],[90.4138125,23.7415504]]]},"properties":{"sources":[{"property":"","dataset":"OpenStreetMap","license":"ODbL-1.0","record_id":"w1456722281@1","update_time":"2025-12-07T17:00:57.000Z","confidence":null,"between":null,"provider":"osm","resource":"planet","version":"2026-09-06T00:00:00.000Z"}],"is_underground":false,"has_parts":false,"version":1}},
{"id":"36da5f9f-f1e1-4219-afe7-644eefc60c63","type":"Feature","geometry":{"type":"Polygon","coordinates":[[[90.4136676,23.7416657],[90.4137982,23.741672],[90.4137914,23.7417921],[90.4136607,23.7417858],[90.4136676,23.7416657]]]},"properties":{"sources":[{"property":"","dataset":"OpenStreetMap","license":"ODbL-1.0","record_id":"w447360646@4","update_time":"2023-08-28T15:05:13.000Z","confidence":null,"between":null,"provider":"osm","resource":"planet","version":"2026-09-06T00:00:00.000Z"}],"is_underground":false,"num_floors":4,"subtype":"residential","class":"residential","has_parts":false,"version":1}},
{"id":"ceb51617-0fbe-4248-ae39-14fc0bfc2087","type":"Feature","geometry":{"type":"Polygon","coordinates":[[[90.4135244,23.7418056],[90.4135392,23.7415389],[90.4136423,23.7415437],[90.4136262,23.7418324],[90.4135776,23.7418301],[90.4135789,23.7418081],[90.4135244,23.7418056]]]},"properties":{"sources":[{"property":"","dataset":"OpenStreetMap","license":"ODbL-1.0","record_id":"w447227016@4","update_time":"2023-08-28T15:05:13.000Z","confidence":null,"between":null,"provider":"osm","resource":"planet","version":"2026-09-06T00:00:00.000Z"}],"is_underground":false,"num_floors":8,"has_parts":false,"version":1}},
{"id":"76ec99a4-a10e-4de7-94a5-8c0b9432c2ac","type":"Feature","geometry":{"type":"Polygon","coordinates":[[[90.4133402,23.7415874],[90.4133451,23.741493],[90.4134999,23.7414997],[90.413495,23.7415942],[90.4133402,23.7415874]]]},"properties":{"names":{"primary":"Ektu Thai","common":null,"rules":null},"sources":[{"property":"","dataset":"OpenStreetMap","license":"ODbL-1.0","record_id":"w447227023@3","update_time":"2021-09-07T13:40:26.000Z","confidence":null,"between":null,"provider":"osm","resource":"planet","version":"2026-09-06T00:00:00.000Z"}],"is_underground":false,"num_floors":5,"subtype":"residential","class":"house","has_parts":false,"version":1}},
{"id":"95ddc9cf-b813-4c6e-954d-9332c57459a8","type":"Feature","geometry":{"type":"Polygon","coordinates":[[[90.4133362,23.7416881],[90.4133411,23.7415937],[90.4134959,23.7416004],[90.413491,23.7416949],[90.4133362,23.7416881]]]},"properties":{"sources":[{"property":"","dataset":"OpenStreetMap","license":"ODbL-1.0","record_id":"w980575472@3","update_time":"2023-08-28T15:05:13.000Z","confidence":null,"between":null,"provider":"osm","resource":"planet","version":"2026-09-06T00:00:00.000Z"}],"is_underground":false,"num_floors":5,"subtype":"residential","class":"house","has_parts":false,"version":1}},
{"id":"42acf97f-d4fb-46ca-82cf-4b3d0347a6b2","type":"Feature","geometry":{"type":"Polygon","coordinates":[[[90.4133308,23.741787],[90.4133357,23.7416925],[90.4134905,23.7416992],[90.4134856,23.7417937],[90.4133308,23.741787]]]},"properties":{"sources":[{"property":"","dataset":"OpenStreetMap","license":"ODbL-1.0","record_id":"w980575473@3","update_time":"2023-08-28T15:05:13.000Z","confidence":null,"between":null,"provider":"osm","resource":"planet","version":"2026-09-06T00:00:00.000Z"}],"is_underground":false,"num_floors":5,"subtype":"residential","class":"house","has_parts":false,"version":1}},
{"id":"c2fc6649-cc56-4eb7-9ebb-a9bcda9b40ab","type":"Feature","geometry":{"type":"Polygon","coordinates":[[[90.4133167,23.7418942],[90.4133224,23.7417984],[90.4134952,23.741807],[90.4134895,23.7419028],[90.4133167,23.7418942]]]},"properties":{"sources":[{"property":"","dataset":"OpenStreetMap","license":"ODbL-1.0","record_id":"w980575471@3","update_time":"2023-08-28T15:05:13.000Z","confidence":null,"between":null,"provider":"osm","resource":"planet","version":"2026-09-06T00:00:00.000Z"}],"is_underground":false,"num_floors":6,"subtype":"residential","class":"residential","has_parts":false,"version":1}},
{"id":"532fc188-c743-475a-996a-f803731843eb","type":"Feature","geometry":{"type":"Polygon","coordinates":[[[90.4134746,23.7420056],[90.4133903,23.7419956],[90.4133802,23.7419631],[90.4133878,23.7419096],[90.4134242,23.7419139],[90.4134253,23.7419059],[90.4134557,23.7419095],[90.4134545,23.741918],[90.4134864,23.7419218],[90.4134746,23.7420056]]]},"properties":{"sources":[{"property":"","dataset":"OpenStreetMap","license":"ODbL-1.0","record_id":"w980575470@3","update_time":"2023-08-28T15:05:13.000Z","confidence":null,"between":null,"provider":"osm","resource":"planet","version":"2026-09-06T00:00:00.000Z"}],"is_underground":false,"num_floors":4,"subtype":"residential","class":"residential","has_parts":false,"version":1}},
{"id":"f97dde5a-d419-439e-bc11-f5b442df33a6","type":"Feature","geometry":{"type":"Polygon","coordinates":[[[90.4134142,23.7422281],[90.4133455,23.7422162],[90.4133754,23.7420707],[90.4135374,23.7420986],[90.4135207,23.7421797],[90.4134274,23.7421637],[90.4134142,23.7422281]]]},"properties":{"sources":[{"property":"","dataset":"OpenStreetMap","license":"ODbL-1.0","record_id":"w980575474@3","update_time":"2023-08-28T15:05:13.000Z","confidence":null,"between":null,"provider":"osm","resource":"planet","version":"2026-09-06T00:00:00.000Z"}],"is_underground":false,"num_floors":6,"subtype":"residential","class":"residential","has_parts":false,"version":1}},
{"id":"e01c9811-eadb-4e6a-91c0-dbdc780ebd24","type":"Feature","geometry":{"type":"Polygon","coordinates":[[[90.413505,23.7420158],[90.4135091,23.7418681],[90.4136283,23.7418709],[90.4136277,23.7418939],[90.4136226,23.7420789],[90.4135803,23.7420779],[90.413582,23.7420176],[90.413505,23.7420158]]]},"properties":{"sources":[{"property":"","dataset":"OpenStreetMap","license":"ODbL-1.0","record_id":"w447878721@4","update_time":"2023-08-28T15:05:13.000Z","confidence":null,"between":null,"provider":"osm","resource":"planet","version":"2026-09-06T00:00:00.000Z"}],"is_underground":false,"num_floors":9,"subtype":"residential","class":"residential","has_parts":false,"version":1}},
{"id":"540da80d-44ea-4b35-b1d6-5f87a11394d7","type":"Feature","geometry":{"type":"Polygon","coordinates":[[[90.4136832,23.7420047],[90.4136311,23.7420033],[90.4136348,23.7418928],[90.4136354,23.7418738],[90.4137099,23.7418759],[90.413706,23.7419925],[90.4136913,23.7419949],[90.4136832,23.7420047]]]},"properties":{"sources":[{"property":"","dataset":"OpenStreetMap","license":"ODbL-1.0","record_id":"w454878854@4","update_time":"2023-08-28T15:05:13.000Z","confidence":null,"between":null,"provider":"osm","resource":"planet","version":"2026-09-06T00:00:00.000Z"}],"is_underground":false,"num_floors":4,"subtype":"residential","class":"residential","has_parts":false,"version":1}},
{"id":"2a37e054-2b20-4cf0-9438-fc19f204f71b","type":"Feature","geometry":{"type":"Polygon","coordinates":[[[90.4137888,23.7421109],[90.4137133,23.7421046],[90.4137347,23.7418886],[90.4138102,23.7418949],[90.4137888,23.7421109]]]},"properties":{"sources":[{"property":"","dataset":"OpenStreetMap","license":"ODbL-1.0","record_id":"w454878853@4","update_time":"2023-08-28T15:05:13.000Z","confidence":null,"between":null,"provider":"osm","resource":"planet","version":"2026-09-06T00:00:00.000Z"}],"is_underground":false,"num_floors":3,"subtype":"residential","class":"residential","has_parts":false,"version":1}},
{"id":"a75c97b2-0fd6-459b-8c77-96dac971d2d0","type":"Feature","geometry":{"type":"Polygon","coordinates":[[[90.4138893,23.7422979],[90.4138364,23.7422897],[90.4138311,23.742318],[90.4138824,23.742326],[90.4138642,23.7424242],[90.4138281,23.7424186],[90.4138201,23.7424616],[90.4135354,23.7424173],[90.4135607,23.7422811],[90.4136216,23.7422906],[90.4136262,23.7422659],[90.4135655,23.7422577],[90.4135813,23.7421691],[90.4139053,23.7422112],[90.4138893,23.7422979]],[[90.4136321,23.7423761],[90.4136719,23.7423832],[90.4136802,23.7423447],[90.4136403,23.7423376],[90.4136321,23.7423761]],[[90.4138046,23.7423681],[90.4137648,23.742361],[90.4137565,23.7423995],[90.4137963,23.7424066],[90.4138046,23.7423681]]]},"properties":{"sources":[{"property":"","dataset":"OpenStreetMap","license":"ODbL-1.0","record_id":"r12771229@5","update_time":"2023-08-28T15:05:13.000Z","confidence":null,"between":null,"provider":"osm","resource":"planet","version":"2026-09-06T00:00:00.000Z"}],"is_underground":false,"num_floors":10,"has_parts":false,"version":2}},
{"id":"72899286-7c32-40fa-9fe1-0f2ba63d05cd","type":"Feature","geometry":{"type":"Polygon","coordinates":[[[90.4137916,23.7425925],[90.4136907,23.7425767],[90.413711,23.7424678],[90.4138119,23.7424836],[90.4137916,23.7425925]]]},"properties":{"sources":[{"property":"","dataset":"OpenStreetMap","license":"ODbL-1.0","record_id":"w981831806@2","update_time":"2023-08-28T15:05:13.000Z","confidence":null,"between":null,"provider":"osm","resource":"planet","version":"2026-09-06T00:00:00.000Z"}],"is_underground":false,"num_floors":4,"subtype":"residential","class":"residential","has_parts":false,"version":1}},
{"id":"14d914dc-0eaa-4ec0-b22d-45caea6f1249","type":"Feature","geometry":{"type":"Polygon","coordinates":[[[90.4138239,23.7426062],[90.4138423,23.7425676],[90.4138659,23.7425771],[90.4138475,23.7426156],[90.4138239,23.7426062]]]},"properties":{"sources":[{"property":"","dataset":"OpenStreetMap","license":"ODbL-1.0","record_id":"w1430758765@1","update_time":"2025-09-18T00:23:06.000Z","confidence":null,"between":null,"provider":"osm","resource":"planet","version":"2026-09-06T00:00:00.000Z"}],"is_underground":false,"subtype":"residential","class":"house","has_parts":false,"version":1}},
{"id":"b5de65ee-c9ad-46fa-86cb-2632dfd5858d","type":"Feature","geometry":{"type":"Polygon","coordinates":[[[90.4138711,23.7426217],[90.4138524,23.7426136],[90.4138708,23.7425782],[90.4138868,23.7425914],[90.4138711,23.7426217]]]},"properties":{"sources":[{"property":"","dataset":"OpenStreetMap","license":"ODbL-1.0","record_id":"w1456722282@1","update_time":"2025-12-07T17:00:57.000Z","confidence":null,"between":null,"provider":"osm","resource":"planet","version":"2026-09-06T00:00:00.000Z"}],"is_underground":false,"has_parts":false,"version":1}},
{"id":"0eaa53e2-7c7c-4319-b50e-3fc2bb086427","type":"Feature","geometry":{"type":"Polygon","coordinates":[[[90.4138466,23.7426525],[90.4138064,23.7426321],[90.4138189,23.7426115],[90.4138591,23.7426319],[90.4138466,23.7426525]]]},"properties":{"sources":[{"property":"","dataset":"OpenStreetMap","license":"ODbL-1.0","record_id":"w1430758764@1","update_time":"2025-09-18T00:23:06.000Z","confidence":null,"between":null,"provider":"osm","resource":"planet","version":"2026-09-06T00:00:00.000Z"}],"is_underground":false,"subtype":"residential","class":"house","has_parts":false,"version":1}},
{"id":"f0944033-a6c4-4ff4-a28c-431f68f994da","type":"Feature","geometry":{"type":"Polygon","coordinates":[[[90.4136534,23.7426466],[90.4134983,23.7426245],[90.4135063,23.7425775],[90.4136614,23.7425996],[90.4136534,23.7426466]]]},"properties":{"sources":[{"property":"","dataset":"OpenStreetMap","license":"ODbL-1.0","record_id":"w981831808@2","update_time":"2023-08-28T15:05:13.000Z","confidence":null,"between":null,"provider":"osm","resource":"planet","version":"2026-09-06T00:00:00.000Z"}],"is_underground":false,"num_floors":4,"subtype":"residential","class":"residential","has_parts":false,"version":1}},
{"id":"1aaae9e6-2f1b-4ae8-9f8f-8f93685faf00","type":"Feature","geometry":{"type":"Polygon","coordinates":[[[90.4136977,23.7424672],[90.413677,23.7425888],[90.4135139,23.7425656],[90.4135345,23.742444],[90.4136977,23.7424672]]]},"properties":{"sources":[{"property":"","dataset":"OpenStreetMap","license":"ODbL-1.0","record_id":"w981831807@2","update_time":"2023-08-28T15:05:13.000Z","confidence":null,"between":null,"provider":"osm","resource":"planet","version":"2026-09-06T00:00:00.000Z"}],"is_underground":false,"num_floors":4,"subtype":"residential","class":"residential","has_parts":false,"version":1}},
{"id":"6a7ff073-19a1-404c-803c-a262d16ba899","type":"Feature","geometry":{"type":"Polygon","coordinates":[[[90.4134932,23.7424986],[90.4134698,23.7426322],[90.4131428,23.7425843],[90.4131662,23.7424506],[90.4134932,23.7424986]]]},"properties":{"names":{"primary":"28","common":null,"rules":null},"sources":[{"property":"","dataset":"OpenStreetMap","license":"ODbL-1.0","record_id":"w980133971@3","update_time":"2022-03-20T05:29:22.000Z","confidence":null,"between":null,"provider":"osm","resource":"planet","version":"2026-09-06T00:00:00.000Z"}],"is_underground":false,"num_floors":5,"has_parts":false,"version":1}},
{"id":"11867197-a6cb-48ca-ac25-d28b2c98d255","type":"Feature","geometry":{"type":"Polygon","coordinates":[[[90.4131425,23.7426041],[90.4132837,23.7426241],[90.4132769,23.7426648],[90.4131356,23.7426448],[90.4131425,23.7426041]]]},"properties":{"sources":[{"property":"","dataset":"OpenStreetMap","license":"ODbL-1.0","record_id":"w980670936@3","update_time":"2023-08-28T15:05:13.000Z","confidence":null,"between":null,"provider":"osm","resource":"planet","version":"2026-09-06T00:00:00.000Z"}],"is_underground":false,"num_floors":1,"has_parts":false,"version":1}},
{"id":"ecf639f3-a828-4b6c-93b3-cf6521e7bf81","type":"Feature","geometry":{"type":"Polygon","coordinates":[[[90.4134177,23.7422373],[90.4134336,23.7421762],[90.4135248,23.7421934],[90.4134716,23.7424639],[90.4131484,23.7424178],[90.4131008,23.7427198],[90.4130586,23.7427037],[90.4130423,23.7427039],[90.4130325,23.7427022],[90.4130255,23.7426971],[90.4130185,23.7426867],[90.4130136,23.7426746],[90.4129775,23.7426658],[90.41283489999999,23.7424893],[90.4128681,23.7423149],[90.4129202,23.7423238],[90.4129267,23.7422857],[90.4131962,23.7423225],[90.4132171,23.7422076],[90.4134177,23.7422373]]]},"properties":{"names":{"primary":"Concord Twin Tower","common":null,"rules":[{"variant":"alternate","language":null,"perspectives":null,"value":"Twin Tower Apartment Complex","between":null,"side":null}]},"sources":[{"property":"","dataset":"OpenStreetMap","license":"ODbL-1.0","record_id":"w447227007@6","update_time":"2022-03-20T05:29:22.000Z","confidence":null,"between":null,"provider":"osm","resource":"planet","version":"2026-09-06T00:00:00.000Z"}],"is_underground":false,"num_floors":22,"has_parts":false,"version":1}},
{"id":"6a5c8edc-64dd-4d43-a504-17ed804ea738","type":"Feature","geometry":{"type":"Polygon","coordinates":[[[90.4133345,23.7422145],[90.4132039,23.7421951],[90.4132253,23.7420745],[90.4133559,23.742094],[90.4133345,23.7422145]]]},"properties":{"sources":[{"property":"","dataset":"OpenStreetMap","license":"ODbL-1.0","record_id":"w454881046@4","update_time":"2023-08-28T15:05:13.000Z","confidence":null,"between":null,"provider":"osm","resource":"planet","version":"2026-09-06T00:00:00.000Z"}],"is_underground":false,"num_floors":6,"has_parts":false,"version":1}},
{"id":"722c1f96-b11e-437f-9d0d-e270b9afe9b1","type":"Feature","geometry":{"type":"Polygon","coordinates":[[[90.4135589,23.7420347],[90.4135488,23.7420881],[90.4131979,23.7420328],[90.413208,23.7419794],[90.4135589,23.7420347]]]},"properties":{"sources":[{"property":"","dataset":"OpenStreetMap","license":"ODbL-1.0","record_id":"w454881045@4","update_time":"2023-08-28T15:05:13.000Z","confidence":null,"between":null,"provider":"osm","resource":"planet","version":"2026-09-06T00:00:00.000Z"}],"is_underground":false,"num_floors":4,"has_parts":false,"version":1}},
{"id":"2438ba9f-28d4-4423-96f1-87899cb81c79","type":"Feature","geometry":{"type":"Polygon","coordinates":[[[90.4130813,23.7420297],[90.413088,23.7419796],[90.4130944,23.7419719],[90.4131023,23.7419681],[90.4131132,23.7419683],[90.4131209,23.7419744],[90.4131236,23.741979099999998],[90.4131378,23.7419799],[90.4131436,23.7419823],[90.4131472,23.7419862],[90.4131454,23.7419999],[90.4131509,23.7420066],[90.4131493,23.7420196],[90.413146,23.742035],[90.4131479,23.7420438],[90.4131471,23.7420509],[90.4131451,23.7420601],[90.4131492,23.7420649],[90.4131533,23.7420711],[90.4131518,23.7420777],[90.4131472,23.7420821],[90.4131397,23.7420823],[90.4131386,23.7420988],[90.4131627,23.7420998],[90.4131691,23.7420987],[90.4131757,23.7420985],[90.4131822,23.7420982],[90.4131887,23.7420994],[90.413177,23.7421875],[90.4131667,23.7421863],[90.4131639,23.7422069],[90.4131736,23.742208],[90.4131715,23.7422234],[90.4131645,23.7422226],[90.4131586,23.7422659],[90.4131469,23.7422646],[90.4131458,23.742273],[90.4131259,23.7422707],[90.4131264,23.7422667],[90.4131064,23.7422645],[90.4131053,23.742273],[90.4130909,23.7422714],[90.4130902,23.7422763],[90.4130601,23.7422729],[90.4130617,23.7422608],[90.4130506,23.7422596],[90.4130787,23.7420496],[90.4130715,23.7420484],[90.4130743,23.7420286],[90.4130813,23.7420297]]]},"properties":{"sources":[{"property":"","dataset":"OpenStreetMap","license":"ODbL-1.0","record_id":"w980575468@3","update_time":"2023-08-28T15:05:13.000Z","confidence":null,"between":null,"provider":"osm","resource":"planet","version":"2026-09-06T00:00:00.000Z"}],"is_underground":false,"num_floors":9,"subtype":"residential","class":"residential","has_parts":false,"version":1}},
{"id":"c3466cad-a884-49bf-b82c-5f78520254f6","type":"Feature","geometry":{"type":"Polygon","coordinates":[[[90.4130522,23.7421624],[90.4128716,23.7421403],[90.4129011,23.741939],[90.4130818,23.7419611],[90.4130522,23.7421624]]]},"properties":{"sources":[{"property":"","dataset":"OpenStreetMap","license":"ODbL-1.0","record_id":"w980575466@3","update_time":"2023-08-28T15:05:13.000Z","confidence":null,"between":null,"provider":"osm","resource":"planet","version":"2026-09-06T00:00:00.000Z"}],"is_underground":false,"num_floors":8,"subtype":"residential","class":"residential","has_parts":false,"version":1}},
{"id":"9bda2da9-5e9c-42ea-b1e6-d6d64e04f80e","type":"Feature","geometry":{"type":"Polygon","coordinates":[[[90.4130098,23.7422665],[90.4128547,23.7422454],[90.4128735,23.7421299],[90.4130285,23.7421509],[90.4130098,23.7422665]]]},"properties":{"sources":[{"property":"","dataset":"OpenStreetMap","license":"ODbL-1.0","record_id":"w980575465@3","update_time":"2024-03-23T18:56:43.000Z","confidence":null,"between":null,"provider":"osm","resource":"planet","version":"2026-09-06T00:00:00.000Z"}],"is_underground":false,"num_floors":6,"subtype":"residential","class":"residential","has_parts":false,"version":1}},
{"id":"606fcc1e-2335-491a-9222-e8ef45e5650f","type":"Feature","geometry":{"type":"Polygon","coordinates":[[[90.4124883,23.7421305],[90.4124774,23.7421169],[90.4125138,23.7420925],[90.4125036,23.7420609],[90.412524,23.7420348],[90.4126317,23.7420297],[90.4126607,23.7420613],[90.4126571,23.7421251],[90.4125609,23.7421902],[90.4125385,23.7421928],[90.4125212,23.7421712],[90.4125281,23.7421666],[90.4125212,23.742158],[90.4125144,23.7421626],[90.412499,23.7421433],[90.4125053,23.7421391],[90.4124949,23.7421261],[90.4124883,23.7421305]]]},"properties":{"sources":[{"property":"","dataset":"OpenStreetMap","license":"ODbL-1.0","record_id":"w980102423@3","update_time":"2023-08-28T15:05:13.000Z","confidence":null,"between":null,"provider":"osm","resource":"planet","version":"2026-09-06T00:00:00.000Z"}],"is_underground":false,"num_floors":6,"subtype":"residential","class":"residential","has_parts":false,"version":1}},
{"id":"36d914bd-095d-4675-bb18-34aa1fdeb65f","type":"Feature","geometry":{"type":"Polygon","coordinates":[[[90.4125099,23.7420908],[90.4124759,23.7421139],[90.4124572,23.7420861],[90.4124988,23.742061],[90.4125099,23.7420908]]]},"properties":{"sources":[{"property":"","dataset":"OpenStreetMap","license":"ODbL-1.0","record_id":"w980102424@3","update_time":"2023-08-28T15:05:13.000Z","confidence":null,"between":null,"provider":"osm","resource":"planet","version":"2026-09-06T00:00:00.000Z"}],"is_underground":false,"num_floors":4,"subtype":"commercial","class":"commercial","has_parts":false,"version":1}},
{"id":"7dc516a1-8736-4f45-835b-251caf61609f","type":"Feature","geometry":{"type":"Polygon","coordinates":[[[90.412456,23.7420827],[90.4123546,23.7419385],[90.4124868,23.741927],[90.4124876,23.7419582],[90.412456,23.7420827]]]},"properties":{"names":{"primary":"Rowshan Manjil","common":null,"rules":null},"sources":[{"property":"","dataset":"OpenStreetMap","license":"ODbL-1.0","record_id":"w454885267@4","update_time":"2021-09-07T13:47:01.000Z","confidence":null,"between":null,"provider":"osm","resource":"planet","version":"2026-09-06T00:00:00.000Z"}],"is_underground":false,"num_floors":5,"has_parts":false,"version":1}},
{"id":"3fa31ed3-cb0d-48da-9ec3-486afb52be43","type":"Feature","geometry":{"type":"Polygon","coordinates":[[[90.4125519,23.742015],[90.412494,23.7420161],[90.4124909,23.7419269],[90.4125493,23.7419263],[90.4126035,23.7419225],[90.4126754,23.7419124],[90.4126729,23.7420062],[90.4126116,23.7420111],[90.4125519,23.742015]]]},"properties":{"sources":[{"property":"","dataset":"OpenStreetMap","license":"ODbL-1.0","record_id":"w454885269@5","update_time":"2023-08-28T15:05:13.000Z","confidence":null,"between":null,"provider":"osm","resource":"planet","version":"2026-09-06T00:00:00.000Z"}],"is_underground":false,"num_floors":6,"has_parts":false,"version":1}},
{"id":"8af4f505-e708-47da-95e1-a0db5827946c","type":"Feature","geometry":{"type":"Polygon","coordinates":[[[90.4128386,23.7420156],[90.4126764,23.7420063],[90.4126799,23.7419124],[90.4128507,23.7419212],[90.4128386,23.7420156]]]},"properties":{"sources":[{"property":"","dataset":"OpenStreetMap","license":"ODbL-1.0","record_id":"w980102421@3","update_time":"2023-08-28T15:05:13.000Z","confidence":null,"between":null,"provider":"osm","resource":"planet","version":"2026-09-06T00:00:00.000Z"}],"is_underground":false,"num_floors":6,"subtype":"residential","class":"residential","has_parts":false,"version":1}},
{"id":"70a9e8e8-beb7-4359-9bab-9cdaebaddc0e","type":"Feature","geometry":{"type":"Polygon","coordinates":[[[90.4126299,23.7422622],[90.4125832,23.7422097],[90.412639,23.7421865],[90.4126906,23.742152],[90.4126921,23.7421363],[90.4126825,23.742136],[90.4126929,23.7420256],[90.4128284,23.7420324],[90.4127983,23.742259],[90.4127694,23.7424216],[90.4127466,23.7423949],[90.4126836,23.7423232],[90.4126299,23.7422622]]]},"properties":{"names":{"primary":"Tropical Razia Shopping Complex","common":null,"rules":null},"sources":[{"property":"","dataset":"OpenStreetMap","license":"ODbL-1.0","record_id":"w980102422@3","update_time":"2022-03-11T00:50:41.000Z","confidence":null,"between":null,"provider":"osm","resource":"planet","version":"2026-09-06T00:00:00.000Z"}],"level":-1,"is_underground":false,"num_floors":4,"subtype":"commercial","class":"commercial","has_parts":false,"version":1}},
{"id":"f9233457-a2ae-4238-8ac6-61184484910e","type":"Feature","geometry":{"type":"Polygon","coordinates":[[[90.4126632,23.7414874],[90.4128559,23.7414949],[90.4128376,23.7418894],[90.4126524,23.7418813],[90.4126632,23.7414874]]]},"properties":{"names":{"primary":"Aminbag Mosque","common":[["bn","আমিনবাগ জামে মসজিদ"]],"rules":null},"sources":[{"property":"","dataset":"OpenStreetMap","license":"ODbL-1.0","record_id":"w430820872@5","update_time":"2021-09-06T11:28:23.000Z","confidence":null,"between":null,"provider":"osm","resource":"planet","version":"2026-09-06T00:00:00.000Z"}],"is_underground":false,"subtype":"religious","has_parts":false,"version":1}},
{"id":"be569647-de5c-44d5-b3dc-509f818bc911","type":"Feature","geometry":{"type":"Polygon","coordinates":[[[90.4124723,23.7412914],[90.4124476,23.741273],[90.4130872,23.7408142],[90.4131471,23.7408257],[90.4131381,23.7408926],[90.4131061,23.7409902],[90.4131022,23.7411997],[90.4131072,23.7413057],[90.4131207,23.7414169],[90.4127773,23.7414199],[90.4127386,23.7414011],[90.4127213,23.7412994],[90.4124723,23.7412914]]]},"properties":{"names":{"primary":"Green Peace","common":null,"rules":null},"sources":[{"property":"","dataset":"OpenStreetMap","license":"ODbL-1.0","record_id":"w1039216533@2","update_time":"2022-03-15T15:30:46.000Z","confidence":null,"between":null,"provider":"osm","resource":"planet","version":"2026-09-06T00:00:00.000Z"}],"is_underground":false,"num_floors":18,"subtype":"residential","class":"apartments","has_parts":false,"version":1}},
{"id":"db7a5f59-eca8-43c5-9669-82d7f76d25b7","type":"Feature","geometry":{"type":"Polygon","coordinates":[[[90.4124042,23.7414703],[90.4123981,23.7413661],[90.4124468,23.7413698],[90.4124488,23.7413293],[90.4126497,23.7413488],[90.4126487,23.7416797],[90.412458,23.7416885],[90.4124452,23.7414683],[90.4124042,23.7414703]]]},"properties":{"sources":[{"property":"","dataset":"OpenStreetMap","license":"ODbL-1.0","record_id":"w980609917@2","update_time":"2021-09-09T18:19:04.000Z","confidence":null,"between":null,"provider":"osm","resource":"planet","version":"2026-09-06T00:00:00.000Z"}],"level":1,"is_underground":false,"num_floors":1,"has_parts":false,"version":1}},
{"id":"3313fed7-3c9d-4cc2-8730-fa590339245f","type":"Feature","geometry":{"type":"Polygon","coordinates":[[[90.4126349,23.7417859],[90.4122679,23.7418025],[90.4122671,23.7417872],[90.4122553,23.7417826],[90.4122452,23.7417757],[90.4122385,23.7417649],[90.4122344,23.7417548],[90.4122338,23.7417388],[90.4122371,23.7417288],[90.41224390000001,23.7417202],[90.4122522,23.7417141],[90.412263,23.7417103],[90.4122627,23.7417066],[90.4122623,23.7417001],[90.4123288,23.7416969],[90.412454,23.7416909],[90.4126293,23.7416828],[90.4126349,23.7417859]]]},"properties":{"sources":[{"property":"","dataset":"OpenStreetMap","license":"ODbL-1.0","record_id":"w980090996@5","update_time":"2023-08-28T15:05:13.000Z","confidence":null,"between":null,"provider":"osm","resource":"planet","version":"2026-09-06T00:00:00.000Z"}],"is_underground":false,"num_floors":8,"subtype":"commercial","class":"commercial","has_parts":false,"version":1}},
{"id":"69e0724b-4d02-47f8-8e2e-fbe484547f65","type":"Feature","geometry":{"type":"Polygon","coordinates":[[[90.4122676,23.7418065],[90.4126348,23.7417884],[90.4126432,23.7418875],[90.4123394,23.7419168],[90.4122676,23.7418065]]]},"properties":{"sources":[{"property":"","dataset":"OpenStreetMap","license":"ODbL-1.0","record_id":"w980094413@3","update_time":"2023-08-28T15:05:13.000Z","confidence":null,"between":null,"provider":"osm","resource":"planet","version":"2026-09-06T00:00:00.000Z"}],"is_underground":false,"num_floors":4,"subtype":"commercial","class":"commercial","has_parts":false,"version":1}},
{"id":"b662fbb9-990a-4faf-be13-c149fffcfefe","type":"Feature","geometry":{"type":"Polygon","coordinates":[[[90.4121828,23.7417016],[90.4121812,23.7416757],[90.4124566,23.7416625],[90.412458,23.7416885],[90.4122663,23.7416976],[90.4121828,23.7417016]]]},"properties":{"sources":[{"property":"","dataset":"OpenStreetMap","license":"ODbL-1.0","record_id":"w980094411@3","update_time":"2023-08-28T15:05:13.000Z","confidence":null,"between":null,"provider":"osm","resource":"planet","version":"2026-09-06T00:00:00.000Z"}],"is_underground":false,"num_floors":2,"subtype":"commercial","class":"commercial","has_parts":false,"version":1}},
{"id":"25ef6584-a875-4421-8dc5-552b0a9b2dad","type":"Feature","geometry":{"type":"Polygon","coordinates":[[[90.4121812,23.7416757],[90.4121752,23.7415701],[90.4124505,23.7415568],[90.4124566,23.7416625],[90.4121812,23.7416757]]]},"properties":{"sources":[{"property":"","dataset":"OpenStreetMap","license":"ODbL-1.0","record_id":"w980090995@4","update_time":"2023-08-28T15:05:13.000Z","confidence":null,"between":null,"provider":"osm","resource":"planet","version":"2026-09-06T00:00:00.000Z"}],"is_underground":false,"num_floors":7,"subtype":"commercial","class":"commercial","has_parts":false,"version":1}},
{"id":"ee83db68-e566-4175-abd3-233a41da9e72","type":"Feature","geometry":{"type":"Polygon","coordinates":[[[90.4123492,23.7413265],[90.4123956,23.7413242],[90.4123981,23.7413661],[90.4123995,23.7413904],[90.4124042,23.7414703],[90.4124452,23.7414683],[90.4124505,23.7415568],[90.4121752,23.7415701],[90.4121712,23.7414944],[90.4122981,23.7413546],[90.4123492,23.7413265]]]},"properties":{"names":{"primary":"Aziz Market","common":null,"rules":null},"sources":[{"property":"","dataset":"OpenStreetMap","license":"ODbL-1.0","record_id":"w980090994@3","update_time":"2021-09-07T15:14:15.000Z","confidence":null,"between":null,"provider":"osm","resource":"planet","version":"2026-09-06T00:00:00.000Z"}],"is_underground":false,"num_floors":6,"subtype":"commercial","class":"commercial","has_parts":true,"version":1}},
{"id":"711577da-9853-457f-8b4e-fe98ff882df9","type":"Feature","geometry":{"type":"Polygon","coordinates":[[[90.4121431,23.7425215],[90.4122853,23.7424408],[90.412476,23.7426763],[90.41234,23.7426776],[90.4122703,23.7426063],[90.4122021,23.7426315],[90.4121431,23.7425215]]]},"properties":{"sources":[{"property":"","dataset":"OpenStreetMap","license":"ODbL-1.0","record_id":"w447724776@1","update_time":"2021-05-30T03:01:44.000Z","confidence":null,"between":null,"provider":"osm","resource":"planet","version":"2026-09-06T00:00:00.000Z"}],"is_underground":false,"num_floors":7,"subtype":"commercial","class":"commercial","has_parts":false,"version":1}},
{"id":"e99b4482-5198-4b4a-a624-8087eb1de82c","type":"Feature","geometry":{"type":"Polygon","coordinates":[[[90.4124174,23.7431661],[90.4122823,23.7431618],[90.412289,23.7429838],[90.4124241,23.7429881],[90.4124174,23.7431661]]]},"properties":{"sources":[{"property":"","dataset":"OpenStreetMap","license":"ODbL-1.0","record_id":"w505555772@1","update_time":"2021-05-30T03:01:44.000Z","confidence":null,"between":null,"provider":"osm","resource":"planet","version":"2026-09-06T00:00:00.000Z"}],"is_underground":false,"has_parts":false,"version":1}},
{"id":"8a82cbb3-0fda-4f43-937c-2603e857ff47","type":"Feature","geometry":{"type":"Polygon","coordinates":[[[90.4125228,23.7427443],[90.4125537,23.7427516],[90.4126918,23.7428954],[90.4125604,23.7430291],[90.4125254,23.7429985],[90.4124624,23.7429849],[90.4124705,23.7428535],[90.4125054,23.7428302],[90.4124853,23.7428007],[90.4124907,23.7427676],[90.4125228,23.7427443]]]},"properties":{"sources":[{"property":"","dataset":"OpenStreetMap","license":"ODbL-1.0","record_id":"w450085168@3","update_time":"2021-05-30T03:01:44.000Z","confidence":null,"between":null,"provider":"osm","resource":"planet","version":"2026-09-06T00:00:00.000Z"}],"is_underground":false,"num_floors":10,"has_parts":false,"version":1}},
{"id":"2d4be187-f3e3-4c57-b5f8-57058c9aa275","type":"Feature","geometry":{"type":"Polygon","coordinates":[[[90.412975,23.7432189],[90.4124478,23.7431699],[90.412464,23.7430239],[90.4126068,23.7430371],[90.4127556,23.7429182],[90.4128956,23.7430649],[90.4129117,23.7430992],[90.4129823,23.7431536],[90.412975,23.7432189]]]},"properties":{"sources":[{"property":"","dataset":"OpenStreetMap","license":"ODbL-1.0","record_id":"w505555762@2","update_time":"2021-05-30T03:01:44.000Z","confidence":null,"between":null,"provider":"osm","resource":"planet","version":"2026-09-06T00:00:00.000Z"}],"is_underground":false,"num_floors":12,"has_parts":false,"version":1}},
{"id":"6685404b-55c4-4cc4-bd62-25675ed7d60d","type":"Feature","geometry":{"type":"Polygon","coordinates":[[[90.4128147,23.743481],[90.412421,23.743481],[90.412421,23.7432306],[90.4128147,23.7432306],[90.4128147,23.743481]]]},"properties":{"names":{"primary":"Sky City Hotel Dhaka","common":[["bn","স্কাই সিটি হোটেল ঢাকা"]],"rules":null},"sources":[{"property":"","dataset":"OpenStreetMap","license":"ODbL-1.0","record_id":"w505555763@3","update_time":"2021-10-11T05:55:26.000Z","confidence":null,"between":null,"provider":"osm","resource":"planet","version":"2026-09-06T00:00:00.000Z"}],"is_underground":false,"num_floors":8,"has_parts":false,"version":1}},
{"id":"19c3d2d8-3912-4772-817a-2e8dff97a0cc","type":"Feature","geometry":{"type":"Polygon","coordinates":[[[90.4125015,23.7439181],[90.4124009,23.7439131],[90.4124076,23.7438137],[90.4125149,23.7438186],[90.4125015,23.7439181]]]},"properties":{"sources":[{"property":"","dataset":"OpenStreetMap","license":"ODbL-1.0","record_id":"w450087201@1","update_time":"2022-05-25T07:08:06.000Z","confidence":null,"between":null,"provider":"osm","resource":"planet","version":"2026-09-06T00:00:00.000Z"}],"is_underground":false,"has_parts":false,"version":1}},
{"id":"ee12cfc4-2a83-4bdf-a5bf-41133d732e8b","type":"Feature","geometry":{"type":"Polygon","coordinates":[[[90.412445,23.7437839],[90.4124398,23.7436464],[90.41253,23.7436435],[90.4125352,23.7437811],[90.412445,23.7437839]]]},"properties":{"sources":[{"property":"","dataset":"OpenStreetMap","license":"ODbL-1.0","record_id":"w450620810@1","update_time":"2017-07-06T10:49:04.000Z","confidence":null,"between":null,"provider":"osm","resource":"planet","version":"2026-09-06T00:00:00.000Z"}],"is_underground":false,"has_parts":false,"version":1}},
{"id":"30420cce-bc26-4f0c-be96-c126604f06e1","type":"Feature","geometry":{"type":"Polygon","coordinates":[[[90.4126912,23.7439215],[90.4125851,23.7439192],[90.4125878,23.7438185],[90.4126939,23.7438209],[90.4126912,23.7439215]]]},"properties":{"sources":[{"property":"","dataset":"OpenStreetMap","license":"ODbL-1.0","record_id":"w505555776@1","update_time":"2022-05-25T07:08:06.000Z","confidence":null,"between":null,"provider":"osm","resource":"planet","version":"2026-09-06T00:00:00.000Z"}],"is_underground":false,"has_parts":false,"version":1}},
{"id":"09761586-8db7-4601-83d4-6c4bccf6eb53","type":"Feature","geometry":{"type":"Polygon","coordinates":[[[90.4129231,23.7437256],[90.4127273,23.7437224],[90.4127382,23.7436361],[90.4129352,23.7436405],[90.4129231,23.7437256]]]},"properties":{"sources":[{"property":"","dataset":"OpenStreetMap","license":"ODbL-1.0","record_id":"w450087174@1","update_time":"2022-05-25T07:08:06.000Z","confidence":null,"between":null,"provider":"osm","resource":"planet","version":"2026-09-06T00:00:00.000Z"}],"is_underground":false,"has_parts":false,"version":1}},
{"id":"54942448-b165-4327-ba13-a9586e225844","type":"Feature","geometry":{"type":"Polygon","coordinates":[[[90.4127079,23.7440101],[90.4127234,23.7437728],[90.4129437,23.7437799],[90.4129178,23.7440219],[90.4127079,23.7440101]]]},"properties":{"sources":[{"property":"","dataset":"OpenStreetMap","license":"ODbL-1.0","record_id":"w441366555@1","update_time":"2022-05-25T07:08:06.000Z","confidence":null,"between":null,"provider":"osm","resource":"planet","version":"2026-09-06T00:00:00.000Z"}],"is_underground":false,"has_parts":false,"version":1}},
{"id":"870b480a-9e7f-4e61-a167-0f23478dc3fe","type":"Feature","geometry":{"type":"Polygon","coordinates":[[[90.4125904,23.7438],[90.412601,23.7436243],[90.4127243,23.7436306],[90.4127136,23.7438062],[90.4125904,23.7438]]]},"properties":{"sources":[{"property":"","dataset":"OpenStreetMap","license":"ODbL-1.0","record_id":"w450087175@2","update_time":"2021-10-11T05:55:26.000Z","confidence":null,"between":null,"provider":"osm","resource":"planet","version":"2026-09-06T00:00:00.000Z"}],"is_underground":false,"has_parts":false,"version":1}},
{"id":"d4796a3b-ea14-4ba8-9b43-8cf1e282db0a","type":"Feature","geometry":{"type":"Polygon","coordinates":[[[90.4126962,23.7443094],[90.412723,23.7440516],[90.412943,23.744054],[90.4129215,23.7443044],[90.4126962,23.7443094]]]},"properties":{"sources":[{"property":"","dataset":"OpenStreetMap","license":"ODbL-1.0","record_id":"w441366556@1","update_time":"2022-05-25T07:08:06.000Z","confidence":null,"between":null,"provider":"osm","resource":"planet","version":"2026-09-06T00:00:00.000Z"}],"is_underground":false,"has_parts":false,"version":1}},
{"id":"91f112de-99c1-4af9-8f78-cf3b68755f76","type":"Feature","geometry":{"type":"Polygon","coordinates":[[[90.4126681,23.7443201],[90.4125412,23.7443176],[90.4125429,23.7442434],[90.4126698,23.7442459],[90.4126681,23.7443201]]]},"properties":{"sources":[{"property":"","dataset":"OpenStreetMap","license":"ODbL-1.0","record_id":"w1433317447@1","update_time":"2025-09-26T11:42:44.000Z","confidence":null,"between":null,"provider":"osm","resource":"planet","version":"2026-09-06T00:00:00.000Z"}],"is_underground":false,"has_parts":false,"version":1}},
{"id":"380275a3-6d1f-409e-9b4c-91505041a1a7","type":"Feature","geometry":{"type":"Polygon","coordinates":[[[90.4126704,23.7442344],[90.4125524,23.7442332],[90.4125535,23.7441474],[90.4126715,23.7441486],[90.4126704,23.7442344]]]},"properties":{"sources":[{"property":"","dataset":"OpenStreetMap","license":"ODbL-1.0","record_id":"w505555778@1","update_time":"2022-05-25T07:08:06.000Z","confidence":null,"between":null,"provider":"osm","resource":"planet","version":"2026-09-06T00:00:00.000Z"}],"is_underground":false,"has_parts":false,"version":1}},
{"id":"20390eed-10cc-4f0f-a1e7-f6ab4c6ba2a8","type":"Feature","geometry":{"type":"Polygon","coordinates":[[[90.4126919,23.7441143],[90.4125724,23.7441064],[90.4125845,23.7439541],[90.4127039,23.7439621],[90.4126919,23.7441143]]]},"properties":{"sources":[{"property":"","dataset":"OpenStreetMap","license":"ODbL-1.0","record_id":"w505555775@1","update_time":"2022-05-25T07:08:06.000Z","confidence":null,"between":null,"provider":"osm","resource":"planet","version":"2026-09-06T00:00:00.000Z"}],"is_underground":false,"has_parts":false,"version":1}},
{"id":"1009fb2f-15e4-443c-83db-2da44f086042","type":"Feature","geometry":{"type":"Polygon","coordinates":[[[90.4125229,23.7440985],[90.4123947,23.744088],[90.4124082,23.7439505],[90.4125363,23.743961],[90.4125229,23.7440985]]]},"properties":{"sources":[{"property":"","dataset":"OpenStreetMap","license":"ODbL-1.0","record_id":"w505555774@1","update_time":"2022-05-25T07:20:25.000Z","confidence":null,"between":null,"provider":"osm","resource":"planet","version":"2026-09-06T00:00:00.000Z"}],"is_underground":false,"has_parts":false,"version":1}},
{"id":"a8c9f224-fa7d-4628-a135-d98c056b8e3f","type":"Feature","geometry":{"type":"Polygon","coordinates":[[[90.4124928,23.7443202],[90.4124132,23.7443163],[90.4124253,23.7441089],[90.4125049,23.7441128],[90.4124928,23.7443202]]]},"properties":{"sources":[{"property":"","dataset":"OpenStreetMap","license":"ODbL-1.0","record_id":"w505555779@1","update_time":"2022-05-25T07:08:06.000Z","confidence":null,"between":null,"provider":"osm","resource":"planet","version":"2026-09-06T00:00:00.000Z"}],"is_underground":false,"has_parts":false,"version":1}},
{"id":"940a829d-7d70-4ff6-8855-3963094dfd79","type":"Feature","geometry":{"type":"Polygon","coordinates":[[[90.4123123,23.7437828],[90.4123048,23.7436237],[90.4124182,23.7436192],[90.4124258,23.7437783],[90.4123123,23.7437828]]]},"properties":{"sources":[{"property":"","dataset":"OpenStreetMap","license":"ODbL-1.0","record_id":"w450620732@1","update_time":"2017-07-06T10:49:04.000Z","confidence":null,"between":null,"provider":"osm","resource":"planet","version":"2026-09-06T00:00:00.000Z"}],"is_underground":false,"has_parts":false,"version":1}},
{"id":"021ce068-3396-44b0-956d-7248368d5043","type":"Feature","geometry":{"type":"Polygon","coordinates":[[[90.4125482,23.7449425],[90.4121661,23.745002],[90.4121336,23.744909],[90.4121173,23.7447676],[90.4125157,23.744708],[90.4125482,23.7449425]]]},"properties":{"names":{"primary":"Centre Point","common":null,"rules":null},"sources":[{"property":"","dataset":"OpenStreetMap","license":"ODbL-1.0","record_id":"w298116654@3","update_time":"2019-12-11T13:21:42.000Z","confidence":null,"between":null,"provider":"osm","resource":"planet","version":"2026-09-06T00:00:00.000Z"}],"is_underground":false,"has_parts":false,"version":1}},
{"id":"51fe4a59-cbb0-4962-bc6e-77bb997f9c2b","type":"Feature","geometry":{"type":"Polygon","coordinates":[[[90.4125161,23.7452934],[90.4124791,23.7450706],[90.4126455,23.7450199],[90.4127163,23.745175],[90.4125161,23.7452934]]]},"properties":{"sources":[{"property":"","dataset":"OpenStreetMap","license":"ODbL-1.0","record_id":"w385536010@1","update_time":"2016-01-12T09:23:18.000Z","confidence":null,"between":null,"provider":"osm","resource":"planet","version":"2026-09-06T00:00:00.000Z"}],"is_underground":false,"subtype":"residential","class":"house","has_parts":false,"version":1}},
{"id":"5395de8f-21f4-455d-bcfa-159c5997cebf","type":"Feature","geometry":{"type":"Polygon","coordinates":[[[90.4129067,23.744839],[90.4128013,23.7448442],[90.4127899,23.7446527],[90.4128953,23.7446475],[90.4129067,23.744839]]]},"properties":{"sources":[{"property":"","dataset":"OpenStreetMap","license":"ODbL-1.0","record_id":"w505555820@1","update_time":"2017-07-06T10:48:58.000Z","confidence":null,"between":null,"provider":"osm","resource":"planet","version":"2026-09-06T00:00:00.000Z"}],"is_underground":false,"has_parts":false,"version":1}},
{"id":"2096eb85-39b1-4505-a39d-a19e22fee66f","type":"Feature","geometry":{"type":"Polygon","coordinates":[[[90.4127755,23.7447954],[90.412567,23.7448065],[90.4125603,23.7447008],[90.4127688,23.7446898],[90.4127755,23.7447954]]]},"properties":{"sources":[{"property":"","dataset":"OpenStreetMap","license":"ODbL-1.0","record_id":"w505555821@1","update_time":"2017-07-06T10:48:58.000Z","confidence":null,"between":null,"provider":"osm","resource":"planet","version":"2026-09-06T00:00:00.000Z"}],"is_underground":false,"has_parts":false,"version":1}},
{"id":"a6ca1f03-9f53-4368-aeea-60ad8d08986a","type":"Feature","geometry":{"type":"Polygon","coordinates":[[[90.4128363,23.7450187],[90.4126977,23.7450328],[90.4126576,23.7448579],[90.412787,23.7448495],[90.4128363,23.7450187]]]},"properties":{"sources":[{"property":"","dataset":"OpenStreetMap","license":"ODbL-1.0","record_id":"w385536011@1","update_time":"2017-07-06T10:48:59.000Z","confidence":null,"between":null,"provider":"osm","resource":"planet","version":"2026-09-06T00:00:00.000Z"}],"is_underground":false,"subtype":"residential","class":"house","has_parts":false,"version":1}},
{"id":"69368e49-889b-4a8f-af75-d34a0751df3b","type":"Feature","geometry":{"type":"Polygon","coordinates":[[[90.4127892,23.7451279],[90.4127531,23.7451538],[90.4127305,23.7451274],[90.4127665,23.7451015],[90.4127892,23.7451279]]]},"properties":{"sources":[{"property":"","dataset":"OpenStreetMap","license":"ODbL-1.0","record_id":"w1425755179@1","update_time":"2025-08-29T08:13:24.000Z","confidence":null,"between":null,"provider":"osm","resource":"planet","version":"2026-09-06T00:00:00.000Z"}],"is_underground":false,"has_parts":false,"version":1}},
{"id":"4cc3e192-61cf-4786-b862-74aab03fcef7","type":"Feature","geometry":{"type":"Polygon","coordinates":[[[90.4125533,23.7445977],[90.4124098,23.7446039],[90.4124054,23.7445187],[90.4125489,23.7445126],[90.4125533,23.7445977]]]},"properties":{"sources":[{"property":"","dataset":"OpenStreetMap","license":"ODbL-1.0","record_id":"w505555803@1","update_time":"2017-07-06T10:48:57.000Z","confidence":null,"between":null,"provider":"osm","resource":"planet","version":"2026-09-06T00:00:00.000Z"}],"is_underground":false,"has_parts":false,"version":1}},
{"id":"af45ea07-01ed-4a0d-8c82-894e9ffa26d3","type":"Feature","geometry":{"type":"Polygon","coordinates":[[[90.4125784,23.7444489],[90.4124524,23.7444526],[90.4124497,23.7443482],[90.4125811,23.7443445],[90.4125784,23.7444489]]]},"properties":{"sources":[{"property":"","dataset":"OpenStreetMap","license":"ODbL-1.0","record_id":"w450086986@1","update_time":"2017-07-06T10:49:03.000Z","confidence":null,"between":null,"provider":"osm","resource":"planet","version":"2026-09-06T00:00:00.000Z"}],"is_underground":false,"has_parts":false,"version":1}},
{"id":"bde8b438-0216-4689-bdb2-34b72206dc49","type":"Feature","geometry":{"type":"Polygon","coordinates":[[[90.412845,23.7446129],[90.4125916,23.7446129],[90.4125969,23.744468],[90.4128531,23.7444717],[90.412845,23.7446129]]]},"properties":{"sources":[{"property":"","dataset":"OpenStreetMap","license":"ODbL-1.0","record_id":"w450086980@1","update_time":"2022-05-25T07:08:06.000Z","confidence":null,"between":null,"provider":"osm","resource":"planet","version":"2026-09-06T00:00:00.000Z"}],"is_underground":false,"has_parts":false,"version":1}},
{"id":"e9ca2b96-dd59-4ea3-b74e-0e18f515b566","type":"Feature","geometry":{"type":"Polygon","coordinates":[[[90.4130575,23.7444298],[90.4125854,23.744431],[90.4125852,23.7443524],[90.4130572,23.7443512],[90.4130575,23.7444298]]]},"properties":{"sources":[{"property":"","dataset":"OpenStreetMap","license":"ODbL-1.0","record_id":"w505555801@1","update_time":"2022-05-25T07:08:06.000Z","confidence":null,"between":null,"provider":"osm","resource":"planet","version":"2026-09-06T00:00:00.000Z"}],"is_underground":false,"has_parts":false,"version":1}},
{"id":"c60dc390-3d4b-4e4f-a712-cf4e62670ba3","type":"Feature","geometry":{"type":"Polygon","coordinates":[[[90.4130532,23.7446194],[90.4128696,23.7446158],[90.4128735,23.7444479],[90.4130571,23.7444515],[90.4130532,23.7446194]]]},"properties":{"sources":[{"property":"","dataset":"OpenStreetMap","license":"ODbL-1.0","record_id":"w432515123@1","update_time":"2022-05-25T07:08:06.000Z","confidence":null,"between":null,"provider":"osm","resource":"planet","version":"2026-09-06T00:00:00.000Z"}],"is_underground":false,"has_parts":false,"version":1}},
{"id":"94592039-f400-4f88-a40b-689d880fbcc5","type":"Feature","geometry":{"type":"Polygon","coordinates":[[[90.4131429,23.7446024],[90.4130918,23.7446027],[90.4130911,23.7444712],[90.413147,23.7444768],[90.4131429,23.7446024]]]},"properties":{"sources":[{"property":"","dataset":"OpenStreetMap","license":"ODbL-1.0","record_id":"w1435261349@1","update_time":"2025-10-04T08:30:27.000Z","confidence":null,"between":null,"provider":"osm","resource":"planet","version":"2026-09-06T00:00:00.000Z"}],"is_underground":false,"has_parts":false,"version":1}},
{"id":"bc1bde44-36a9-4d2e-a190-4def2a1ca335","type":"Feature","geometry":{"type":"Polygon","coordinates":[[[90.4132802,23.7446112],[90.4131574,23.7446042],[90.4131735,23.7443673],[90.4132963,23.7443743],[90.4132802,23.7446112]]]},"properties":{"sources":[{"property":"","dataset":"OpenStreetMap","license":"ODbL-1.0","record_id":"w505555818@1","update_time":"2017-07-06T10:48:58.000Z","confidence":null,"between":null,"provider":"osm","resource":"planet","version":"2026-09-06T00:00:00.000Z"}],"is_underground":false,"has_parts":false,"version":1}},
{"id":"3970fdaa-06a1-4ec6-bb7b-23df450e4f7f","type":"Feature","geometry":{"type":"Polygon","coordinates":[[[90.4133232,23.7446706],[90.413155,23.744797],[90.4131483,23.744638],[90.4133232,23.7446706]]]},"properties":{"sources":[{"property":"","dataset":"OpenStreetMap","license":"ODbL-1.0","record_id":"w505555805@1","update_time":"2020-07-29T23:19:27.000Z","confidence":null,"between":null,"provider":"osm","resource":"planet","version":"2026-09-06T00:00:00.000Z"}],"is_underground":false,"has_parts":false,"version":1}},
{"id":"8660e52a-f4f6-4a49-ae5a-9308ff070764","type":"Feature","geometry":{"type":"Polygon","coordinates":[[[90.4134281,23.7451244],[90.4133235,23.7451085],[90.4133193,23.7450491],[90.4134374,23.7449754],[90.4134281,23.7451244]]]},"properties":{"sources":[{"property":"","dataset":"OpenStreetMap","license":"ODbL-1.0","record_id":"w505555780@1","update_time":"2022-08-09T11:29:17.000Z","confidence":null,"between":null,"provider":"osm","resource":"planet","version":"2026-09-06T00:00:00.000Z"}],"is_underground":false,"has_parts":false,"version":1}},
{"id":"1a9a7e7f-7bac-4dfe-af9f-5f664d7a4bcf","type":"Feature","geometry":{"type":"Polygon","coordinates":[[[90.4130599,23.7449032],[90.4129323,23.7449131],[90.4129082,23.7446516],[90.4130358,23.7446418],[90.4130599,23.7449032]]]},"properties":{"sources":[{"property":"","dataset":"OpenStreetMap","license":"ODbL-1.0","record_id":"w505555819@1","update_time":"2022-05-25T07:08:06.000Z","confidence":null,"between":null,"provider":"osm","resource":"planet","version":"2026-09-06T00:00:00.000Z"}],"is_underground":false,"has_parts":false,"version":1}},
{"id":"12e7b381-cfd9-4c36-a8b4-82fde4192d7d","type":"Feature","geometry":{"type":"Polygon","coordinates":[[[90.4130273,23.7453265],[90.4129374,23.745316],[90.4129402,23.7453019],[90.4130283,23.7452415],[90.4130273,23.7453265]]]},"properties":{"sources":[{"property":"","dataset":"OpenStreetMap","license":"ODbL-1.0","record_id":"w390932141@2","update_time":"2023-11-09T20:11:20.000Z","confidence":null,"between":null,"provider":"osm","resource":"planet","version":"2026-09-06T00:00:00.000Z"}],"is_underground":false,"has_parts":false,"version":1}},
{"id":"b4fd8531-a73f-4a1c-874c-2942a31e4e4e","type":"Feature","geometry":{"type":"Polygon","coordinates":[[[90.4130669,23.7452449],[90.4130353,23.7452222],[90.4130816,23.7451683],[90.4131132,23.7451911],[90.4130669,23.7452449]]]},"properties":{"sources":[{"property":"","dataset":"OpenStreetMap","license":"ODbL-1.0","record_id":"w390932199@1","update_time":"2023-11-09T20:11:20.000Z","confidence":null,"between":null,"provider":"osm","resource":"planet","version":"2026-09-06T00:00:00.000Z"}],"is_underground":false,"has_parts":false,"version":1}},
{"id":"fddffb5a-4a1f-4afb-9764-0aeb244112f4","type":"Feature","geometry":{"type":"Polygon","coordinates":[[[90.4133019,23.7452148],[90.41328,23.7452136],[90.4132855,23.7451275],[90.4134823,23.7451381],[90.4134768,23.7452242],[90.4133019,23.7452148]]]},"properties":{"sources":[{"property":"","dataset":"OpenStreetMap","license":"ODbL-1.0","record_id":"w390934259@2","update_time":"2023-11-09T20:11:20.000Z","confidence":null,"between":null,"provider":"osm","resource":"planet","version":"2026-09-06T00:00:00.000Z"}],"is_underground":false,"has_parts":false,"version":1}},
{"id":"25e0838b-3bb2-4e72-924f-8558a09dd35f","type":"Feature","geometry":{"type":"Polygon","coordinates":[[[90.4134715,23.7453069],[90.4132966,23.7452975],[90.4133019,23.7452148],[90.4134768,23.7452242],[90.4134715,23.7453069]]]},"properties":{"sources":[{"property":"","dataset":"OpenStreetMap","license":"ODbL-1.0","record_id":"w390934244@2","update_time":"2023-11-09T20:11:20.000Z","confidence":null,"between":null,"provider":"osm","resource":"planet","version":"2026-09-06T00:00:00.000Z"}],"is_underground":false,"has_parts":false,"version":1}},
{"id":"15a04a96-d62f-4200-b8a6-733f97fe3d71","type":"Feature","geometry":{"type":"Polygon","coordinates":[[[90.413587,23.7453241],[90.4134813,23.7453044],[90.4135091,23.7451013],[90.4136222,23.745117],[90.413587,23.7453241]]]},"properties":{"sources":[{"property":"","dataset":"OpenStreetMap","license":"ODbL-1.0","record_id":"w385536009@1","update_time":"2023-11-09T20:11:20.000Z","confidence":null,"between":null,"provider":"osm","resource":"planet","version":"2026-09-06T00:00:00.000Z"}],"is_underground":false,"subtype":"residential","class":"house","has_parts":false,"version":1}},
{"id":"ddba3f46-ac4e-42a7-8db7-12e66d63d97b","type":"Feature","geometry":{"type":"Polygon","coordinates":[[[90.4136606,23.7452733],[90.4136707,23.7452115],[90.4137809,23.7452266],[90.4137708,23.7452884],[90.4136606,23.7452733]]]},"properties":{"sources":[{"property":"","dataset":"OpenStreetMap","license":"ODbL-1.0","record_id":"w1447755122@1","update_time":"2025-11-05T16:57:48.000Z","confidence":null,"between":null,"provider":"osm","resource":"planet","version":"2026-09-06T00:00:00.000Z"}],"is_underground":false,"has_parts":false,"version":2}},
{"id":"db1720f6-68d0-4811-a953-3f0a858f9d75","type":"Feature","geometry":{"type":"Polygon","coordinates":[[[90.4138392,23.7449876],[90.4137003,23.7449747],[90.4137108,23.7448807],[90.4138485,23.7449053],[90.4138392,23.7449876]]]},"properties":{"sources":[{"property":"","dataset":"OpenStreetMap","license":"ODbL-1.0","record_id":"w390554608@1","update_time":"2023-11-09T20:11:20.000Z","confidence":null,"between":null,"provider":"osm","resource":"planet","version":"2026-09-06T00:00:00.000Z"}],"is_underground":false,"has_parts":false,"version":1}},
{"id":"34396787-a7b6-46d0-8032-363a8480bccb","type":"Feature","geometry":{"type":"Polygon","coordinates":[[[90.4138014,23.7447709],[90.413736,23.7448136],[90.413701,23.7447612],[90.4138127,23.7446561],[90.4138014,23.7447709]]]},"properties":{"sources":[{"property":"","dataset":"OpenStreetMap","license":"ODbL-1.0","record_id":"w390554611@1","update_time":"2021-05-29T09:29:13.000Z","confidence":null,"between":null,"provider":"osm","resource":"planet","version":"2026-09-06T00:00:00.000Z"}],"is_underground":false,"has_parts":false,"version":1}},
{"id":"eb89e128-f5b8-498c-9099-561599aa3fc7","type":"Feature","geometry":{"type":"Polygon","coordinates":[[[90.4138106,23.7451883],[90.4136607,23.7451778],[90.4136807,23.7450204],[90.4138225,23.7450372],[90.4138106,23.7451883]]]},"properties":{"sources":[{"property":"","dataset":"OpenStreetMap","license":"ODbL-1.0","record_id":"w385535989@1","update_time":"2023-11-09T20:11:20.000Z","confidence":null,"between":null,"provider":"osm","resource":"planet","version":"2026-09-06T00:00:00.000Z"}],"is_underground":false,"subtype":"residential","class":"house","has_parts":false,"version":1}},
{"id":"cf423223-2639-4deb-9eba-380ae32fa82c","type":"Feature","geometry":{"type":"Polygon","coordinates":[[[90.4134384,23.7449621],[90.4134738,23.7448931],[90.4136048,23.7449128],[90.4135739,23.7449706],[90.4134384,23.7449621]]]},"properties":{"sources":[{"property":"","dataset":"OpenStreetMap","license":"ODbL-1.0","record_id":"w1085065738@1","update_time":"2022-08-09T11:29:17.000Z","confidence":null,"between":null,"provider":"osm","resource":"planet","version":"2026-09-06T00:00:00.000Z"}],"is_underground":false,"has_parts":false,"version":1}},
{"id":"f70d1093-2f19-471a-9597-45eb90243430","type":"Feature","geometry":{"type":"Polygon","coordinates":[[[90.4134217,23.7446074],[90.4133031,23.7446119],[90.4133058,23.7443688],[90.4134764,23.7443767],[90.4134745,23.7445533],[90.4134217,23.7446074]]]},"properties":{"sources":[{"property":"","dataset":"OpenStreetMap","license":"ODbL-1.0","record_id":"w505555816@1","update_time":"2020-07-29T23:19:27.000Z","confidence":null,"between":null,"provider":"osm","resource":"planet","version":"2026-09-06T00:00:00.000Z"}],"is_underground":false,"has_parts":false,"version":1}},
{"id":"bb27e43b-29e9-4ab4-9f83-51eb857a1e26","type":"Feature","geometry":{"type":"Polygon","coordinates":[[[90.4136495,23.7444532],[90.4135076,23.7445498],[90.4134966,23.7443726],[90.4136305,23.7443706],[90.4136495,23.7444532]]]},"properties":{"sources":[{"property":"","dataset":"OpenStreetMap","license":"ODbL-1.0","record_id":"w505555817@1","update_time":"2020-07-29T23:19:27.000Z","confidence":null,"between":null,"provider":"osm","resource":"planet","version":"2026-09-06T00:00:00.000Z"}],"is_underground":false,"has_parts":false,"version":1}},
{"id":"9c7a6043-a385-439b-beac-ef232494012a","type":"Feature","geometry":{"type":"Polygon","coordinates":[[[90.413606,23.7443676],[90.4135159,23.7443537],[90.4135327,23.7442623],[90.4136228,23.7442761],[90.413606,23.7443676]]]},"properties":{"sources":[{"property":"","dataset":"OpenStreetMap","license":"ODbL-1.0","record_id":"w432515122@1","update_time":"2017-07-06T10:49:02.000Z","confidence":null,"between":null,"provider":"osm","resource":"planet","version":"2026-09-06T00:00:00.000Z"}],"is_underground":false,"has_parts":false,"version":1}},
{"id":"e8777788-8095-4d0f-9382-8349af3ee88b","type":"Feature","geometry":{"type":"Polygon","coordinates":[[[90.4139118,23.7442301],[90.4137415,23.7443848],[90.4136491,23.744306],[90.413661,23.7441221],[90.4137993,23.74409],[90.4139118,23.7442301]]]},"properties":{"sources":[{"property":"","dataset":"OpenStreetMap","license":"ODbL-1.0","record_id":"w505555795@1","update_time":"2022-10-08T13:32:29.000Z","confidence":null,"between":null,"provider":"osm","resource":"planet","version":"2026-09-06T00:00:00.000Z"}],"is_underground":false,"has_parts":false,"version":1}},
{"id":"5451fdb7-3a6c-4f41-b70c-d5d0e0e33945","type":"Feature","geometry":{"type":"Polygon","coordinates":[[[90.4136928,23.7440398],[90.4135854,23.7440351],[90.4135971,23.7439411],[90.4136645,23.7438527],[90.4137363,23.7439195],[90.4136928,23.7440398]]]},"properties":{"sources":[{"property":"","dataset":"OpenStreetMap","license":"ODbL-1.0","record_id":"w505555793@2","update_time":"2022-10-29T18:39:41.000Z","confidence":null,"between":null,"provider":"osm","resource":"planet","version":"2026-09-06T00:00:00.000Z"}],"is_underground":false,"has_parts":false,"version":1}},
{"id":"6c8e7af0-2245-4a7c-89a2-0c776ab32f76","type":"Feature","geometry":{"type":"Polygon","coordinates":[[[90.4135251,23.7438253],[90.4134296,23.7438198],[90.413441,23.7436976],[90.4135284,23.7437461],[90.4135251,23.7438253]]]},"properties":{"sources":[{"property":"","dataset":"OpenStreetMap","license":"ODbL-1.0","record_id":"w505555809@1","update_time":"2022-10-29T18:39:41.000Z","confidence":null,"between":null,"provider":"osm","resource":"planet","version":"2026-09-06T00:00:00.000Z"}],"is_underground":false,"has_parts":false,"version":1}},
{"id":"0041a8d4-57c7-4688-8c04-98092c5e855b","type":"Feature","geometry":{"type":"Polygon","coordinates":[[[90.4135236,23.7439714],[90.413435,23.7439684],[90.4134403,23.743837],[90.413529,23.74384],[90.4135236,23.7439714]]]},"properties":{"sources":[{"property":"","dataset":"OpenStreetMap","license":"ODbL-1.0","record_id":"w505555811@1","update_time":"2017-07-06T10:48:57.000Z","confidence":null,"between":null,"provider":"osm","resource":"planet","version":"2026-09-06T00:00:00.000Z"}],"is_underground":false,"has_parts":false,"version":1}},
{"id":"a4007457-09bb-4e2b-beb6-b2859f452870","type":"Feature","geometry":{"type":"Polygon","coordinates":[[[90.4136459,23.7442327],[90.4135147,23.7442247],[90.4135268,23.744059],[90.4136499,23.7440731],[90.4136459,23.7442327]]]},"properties":{"sources":[{"property":"","dataset":"OpenStreetMap","license":"ODbL-1.0","record_id":"w505555783@1","update_time":"2017-07-06T10:48:57.000Z","confidence":null,"between":null,"provider":"osm","resource":"planet","version":"2026-09-06T00:00:00.000Z"}],"is_underground":false,"has_parts":false,"version":1}},
{"id":"dce1277e-f277-4f3b-a407-3beb033f35eb","type":"Feature","geometry":{"type":"Polygon","coordinates":[[[90.4135067,23.7443358],[90.4134262,23.7443321],[90.4134289,23.7442827],[90.4135094,23.7442863],[90.4135067,23.7443358]]]},"properties":{"sources":[{"property":"","dataset":"OpenStreetMap","license":"ODbL-1.0","record_id":"w505555797@1","update_time":"2017-07-06T10:48:57.000Z","confidence":null,"between":null,"provider":"osm","resource":"planet","version":"2026-09-06T00:00:00.000Z"}],"is_underground":false,"has_parts":false,"version":1}},
{"id":"ec4c85d6-020d-4ad2-95ed-475a7222f4fc","type":"Feature","geometry":{"type":"Polygon","coordinates":[[[90.4133789,23.7443525],[90.4132687,23.7443415],[90.4132861,23.7441942],[90.4133963,23.7442052],[90.4133789,23.7443525]]]},"properties":{"sources":[{"property":"","dataset":"OpenStreetMap","license":"ODbL-1.0","record_id":"w505555815@1","update_time":"2017-07-06T10:48:57.000Z","confidence":null,"between":null,"provider":"osm","resource":"planet","version":"2026-09-06T00:00:00.000Z"}],"is_underground":false,"has_parts":false,"version":1}},
{"id":"fda78518-513c-49fc-824d-edb9bd328d7b","type":"Feature","geometry":{"type":"Polygon","coordinates":[[[90.4134329,23.7441684],[90.4133197,23.7441623],[90.4133304,23.7439954],[90.4134436,23.7440015],[90.4134329,23.7441684]]]},"properties":{"sources":[{"property":"","dataset":"OpenStreetMap","license":"ODbL-1.0","record_id":"w505555813@1","update_time":"2017-07-06T10:48:57.000Z","confidence":null,"between":null,"provider":"osm","resource":"planet","version":"2026-09-06T00:00:00.000Z"}],"is_underground":false,"has_parts":false,"version":1}},
{"id":"03633cf0-5993-4521-9acd-fb5df4a31f34","type":"Feature","geometry":{"type":"Polygon","coordinates":[[[90.4134054,23.7439746],[90.4133276,23.7439743],[90.4133283,23.7438497],[90.4134061,23.74385],[90.4134054,23.7439746]]]},"properties":{"sources":[{"property":"","dataset":"OpenStreetMap","license":"ODbL-1.0","record_id":"w505555791@1","update_time":"2017-07-06T10:48:57.000Z","confidence":null,"between":null,"provider":"osm","resource":"planet","version":"2026-09-06T00:00:00.000Z"}],"is_underground":false,"has_parts":false,"version":1}},
{"id":"91856f0b-3c26-4439-9a47-421dcf3fa05e","type":"Feature","geometry":{"type":"Polygon","coordinates":[[[90.4132091,23.7441764],[90.4132261,23.7436511],[90.4133183,23.7436536],[90.4133014,23.7441789],[90.4132091,23.7441764]]]},"properties":{"sources":[{"property":"","dataset":"OpenStreetMap","license":"ODbL-1.0","record_id":"w450086956@1","update_time":"2022-03-23T09:08:39.000Z","confidence":null,"between":null,"provider":"osm","resource":"planet","version":"2026-09-06T00:00:00.000Z"}],"is_underground":false,"has_parts":false,"version":1}},
{"id":"43c59279-7f5a-4ed3-9e24-ec89aac2e69b","type":"Feature","geometry":{"type":"Polygon","coordinates":[[[90.4132026,23.7438882],[90.4131961,23.7440356],[90.413107,23.7440323],[90.4131134,23.743885],[90.4132026,23.7438882]]]},"properties":{"sources":[{"property":"","dataset":"OpenStreetMap","license":"ODbL-1.0","record_id":"w450086817@1","update_time":"2017-07-06T10:49:03.000Z","confidence":null,"between":null,"provider":"osm","resource":"planet","version":"2026-09-06T00:00:00.000Z"}],"is_underground":false,"has_parts":false,"version":1}},
{"id":"7443369d-1286-4a3b-861a-cf672e5df26a","type":"Feature","geometry":{"type":"Polygon","coordinates":[[[90.4131652,23.7443458],[90.4130532,23.7443458],[90.4130646,23.7442021],[90.4132408,23.7442138],[90.4132307,23.7443243],[90.4131665,23.7443188],[90.4131652,23.7443458]]]},"properties":{"sources":[{"property":"","dataset":"OpenStreetMap","license":"ODbL-1.0","record_id":"w505555799@1","update_time":"2017-07-06T10:48:57.000Z","confidence":null,"between":null,"provider":"osm","resource":"planet","version":"2026-09-06T00:00:00.000Z"}],"is_underground":false,"has_parts":false,"version":1}},
{"id":"a75b4e12-64b6-43a8-925c-d2b83c7e1d27","type":"Feature","geometry":{"type":"Polygon","coordinates":[[[90.413161,23.7441829],[90.4130634,23.7441817],[90.4130648,23.7440847],[90.4131623,23.7440859],[90.413161,23.7441829]]]},"properties":{"sources":[{"property":"","dataset":"OpenStreetMap","license":"ODbL-1.0","record_id":"w505555777@1","update_time":"2017-07-06T10:48:56.000Z","confidence":null,"between":null,"provider":"osm","resource":"planet","version":"2026-09-06T00:00:00.000Z"}],"is_underground":false,"has_parts":false,"version":1}},
{"id":"3b0846c3-4fd0-4ab3-ba60-fc608f70e2e0","type":"Feature","geometry":{"type":"Polygon","coordinates":[[[90.4130851,23.7440264],[90.4129878,23.7440202],[90.4129922,23.7439624],[90.4130895,23.7439685],[90.4130851,23.7440264]]]},"properties":{"sources":[{"property":"","dataset":"OpenStreetMap","license":"ODbL-1.0","record_id":"w1425755177@1","update_time":"2025-08-29T08:13:24.000Z","confidence":null,"between":null,"provider":"osm","resource":"planet","version":"2026-09-06T00:00:00.000Z"}],"is_underground":false,"has_parts":false,"version":1}},
{"id":"be2493ad-1c59-457b-bde7-04d700e814ed","type":"Feature","geometry":{"type":"Polygon","coordinates":[[[90.4131032,23.7436526],[90.4130899,23.7438265],[90.4129935,23.7438202],[90.4130041,23.7436469],[90.4131032,23.7436526]]]},"properties":{"sources":[{"property":"","dataset":"OpenStreetMap","license":"ODbL-1.0","record_id":"w1435604698@1","update_time":"2025-10-05T08:26:17.000Z","confidence":null,"between":null,"provider":"osm","resource":"planet","version":"2026-09-06T00:00:00.000Z"}],"is_underground":false,"has_parts":false,"version":1}},
{"id":"49235d3c-d209-4582-b753-50f4cecda122","type":"Feature","geometry":{"type":"Polygon","coordinates":[[[90.4130975,23.7438228],[90.4131149,23.7436497],[90.4132115,23.7436485],[90.4132008,23.7438228],[90.4130975,23.7438228]]]},"properties":{"sources":[{"property":"","dataset":"OpenStreetMap","license":"ODbL-1.0","record_id":"w450086945@1","update_time":"2017-07-06T10:49:03.000Z","confidence":null,"between":null,"provider":"osm","resource":"planet","version":"2026-09-06T00:00:00.000Z"}],"is_underground":false,"has_parts":false,"version":1}},
{"id":"b1c476c1-7c51-48af-8cb2-b8483f94339f","type":"Feature","geometry":{"type":"Polygon","coordinates":[[[90.4130975,23.7438228],[90.413186,23.7436761],[90.4132008,23.7438228],[90.4130975,23.7438228]]]},"properties":{"sources":[{"property":"","dataset":"OpenStreetMap","license":"ODbL-1.0","record_id":"w1458210716@1","update_time":"2025-12-13T04:38:03.000Z","confidence":null,"between":null,"provider":"osm","resource":"planet","version":"2026-09-06T00:00:00.000Z"}],"is_underground":false,"subtype":"commercial","has_parts":false,"version":1}},
{"id":"75d20ea9-b001-4a75-8251-2fa14d8f8c95","type":"Feature","geometry":{"type":"Polygon","coordinates":[[[90.413206,23.7438827],[90.413114,23.7438801],[90.4131155,23.7438358],[90.4132075,23.7438383],[90.413206,23.7438827]]]},"properties":{"sources":[{"property":"","dataset":"OpenStreetMap","license":"ODbL-1.0","record_id":"w1426303701@1","update_time":"2025-09-05T16:05:54.000Z","confidence":null,"between":null,"provider":"osm","resource":"planet","version":"2026-09-06T00:00:00.000Z"}],"is_underground":false,"has_parts":false,"version":1}},
{"id":"1730cfad-a88a-48f9-a9e5-9253fd56d72f","type":"Feature","geometry":{"type":"Polygon","coordinates":[[[90.413414,23.7438393],[90.4133397,23.7438405],[90.4133377,23.7437275],[90.413412,23.7437264],[90.413414,23.7438393]]]},"properties":{"sources":[{"property":"","dataset":"OpenStreetMap","license":"ODbL-1.0","record_id":"w505555789@1","update_time":"2017-07-06T10:48:57.000Z","confidence":null,"between":null,"provider":"osm","resource":"planet","version":"2026-09-06T00:00:00.000Z"}],"is_underground":false,"has_parts":false,"version":1}},
{"id":"e5b37f7b-1613-494f-b8e9-bacc96ad2100","type":"Feature","geometry":{"type":"Polygon","coordinates":[[[90.4134074,23.7437177],[90.4133243,23.7437122],[90.4133285,23.7436583],[90.4134117,23.7436638],[90.4134074,23.7437177]]]},"properties":{"sources":[{"property":"","dataset":"OpenStreetMap","license":"ODbL-1.0","record_id":"w505555787@1","update_time":"2017-07-06T10:48:57.000Z","confidence":null,"between":null,"provider":"osm","resource":"planet","version":"2026-09-06T00:00:00.000Z"}],"is_underground":false,"has_parts":false,"version":1}},
{"id":"68240bd1-2d0e-4ae9-a08e-4d01422b1382","type":"Feature","geometry":{"type":"Polygon","coordinates":[[[90.4134033,23.7435849],[90.4131095,23.7435565],[90.4131349,23.7433362],[90.4134058,23.7435633],[90.4134033,23.7435849]]]},"properties":{"sources":[{"property":"","dataset":"OpenStreetMap","license":"ODbL-1.0","record_id":"w505555785@2","update_time":"2021-10-11T05:55:26.000Z","confidence":null,"between":null,"provider":"osm","resource":"planet","version":"2026-09-06T00:00:00.000Z"}],"is_underground":false,"num_floors":6,"has_parts":false,"version":1}},
{"id":"83097bac-83a7-4644-bdd2-66e44662f814","type":"Feature","geometry":{"type":"Polygon","coordinates":[[[90.4130714,23.7435506],[90.412833,23.7435413],[90.4128448,23.7432333],[90.4130021,23.7432488],[90.4130139,23.7432163],[90.4130934,23.7432813],[90.4130714,23.7435506]]]},"properties":{"sources":[{"property":"","dataset":"OpenStreetMap","license":"ODbL-1.0","record_id":"w991854248@2","update_time":"2022-03-23T09:08:39.000Z","confidence":null,"between":null,"provider":"osm","resource":"planet","version":"2026-09-06T00:00:00.000Z"}],"is_underground":false,"has_parts":false,"version":1}},
{"id":"cbb1c4c0-f6e5-4ead-ab62-869d104b3319","type":"Feature","geometry":{"type":"Polygon","coordinates":[[[90.4132208,23.7427156],[90.413353,23.7428353],[90.4133649,23.7427726],[90.4134558,23.742787],[90.4134271,23.7429385],[90.4133386,23.7430204],[90.4131126,23.7428156],[90.4132208,23.7427156]]]},"properties":{"sources":[{"property":"","dataset":"OpenStreetMap","license":"ODbL-1.0","record_id":"w981831809@2","update_time":"2023-08-28T15:05:13.000Z","confidence":null,"between":null,"provider":"osm","resource":"planet","version":"2026-09-06T00:00:00.000Z"}],"is_underground":false,"num_floors":5,"subtype":"commercial","class":"commercial","has_parts":false,"version":1}},
{"id":"8c0dd9e8-71aa-402f-97e9-d61789b38fb6","type":"Feature","geometry":{"type":"Polygon","coordinates":[[[90.413468,23.7427775],[90.4132704,23.7427515],[90.4132898,23.7426275],[90.4134875,23.7426535],[90.413468,23.7427775]]]},"properties":{"sources":[{"property":"","dataset":"OpenStreetMap","license":"ODbL-1.0","record_id":"w980670937@3","update_time":"2023-08-28T15:05:13.000Z","confidence":null,"between":null,"provider":"osm","resource":"planet","version":"2026-09-06T00:00:00.000Z"}],"is_underground":false,"num_floors":3,"has_parts":false,"version":1}},
{"id":"2d3b0153-f285-490c-8649-7300429ee86c","type":"Feature","geometry":{"type":"Polygon","coordinates":[[[90.4136465,23.742822],[90.4134452,23.7429784],[90.4134533,23.7429306],[90.4134762,23.7427961],[90.4136465,23.742822]]]},"properties":{"names":{"primary":"Paradise Bhuiyan Centre","common":null,"rules":null},"sources":[{"property":"","dataset":"OpenStreetMap","license":"ODbL-1.0","record_id":"w454881050@3","update_time":"2021-09-10T18:48:20.000Z","confidence":null,"between":null,"provider":"osm","resource":"planet","version":"2026-09-06T00:00:00.000Z"}],"is_underground":false,"num_floors":8,"subtype":"commercial","class":"commercial","has_parts":false,"version":1}},
{"id":"84605128-1d13-445f-a7cc-4b1accdbada9","type":"Feature","geometry":{"type":"Polygon","coordinates":[[[90.4134533,23.7429306],[90.4134452,23.7429784],[90.4133718,23.7430465],[90.4133498,23.7430266],[90.4134533,23.7429306]]]},"properties":{"sources":[{"property":"","dataset":"OpenStreetMap","license":"ODbL-1.0","record_id":"w981831810@2","update_time":"2023-08-28T15:05:13.000Z","confidence":null,"between":null,"provider":"osm","resource":"planet","version":"2026-09-06T00:00:00.000Z"}],"is_underground":false,"num_floors":2,"subtype":"commercial","class":"commercial","has_parts":false,"version":1}},
{"id":"fd0eb3f1-e7b4-4501-b8c4-345182de0e64","type":"Feature","geometry":{"type":"Polygon","coordinates":[[[90.4136145,23.7430293],[90.4137211,23.7431332],[90.4136913,23.7431591],[90.4135847,23.7430552],[90.4136145,23.7430293]]]},"properties":{"sources":[{"property":"","dataset":"Google Open Buildings","license":null,"record_id":"7MMGPCV7+6FJQ","update_time":"2023-05-01T00:00:00.000Z","confidence":0.6503,"between":null,"provider":"google","resource":"open_buildings","version":"2024-04-16"}],"is_underground":false,"has_parts":false,"version":1}},
{"id":"54050e7b-e294-4251-97c7-ddae71b64a92","type":"Feature","geometry":{"type":"Polygon","coordinates":[[[90.4136639,23.742805],[90.4134785,23.7427777],[90.4135019,23.7426444],[90.4136481,23.7426659],[90.4136498,23.7426559],[90.4137129,23.7426652],[90.4137112,23.7426748],[90.4137876,23.7426861],[90.4136639,23.742805]]]},"properties":{"names":{"primary":"Chameli Mansion","common":null,"rules":null},"sources":[{"property":"","dataset":"OpenStreetMap","license":"ODbL-1.0","record_id":"w454881051@1","update_time":"2021-09-06T13:48:58.000Z","confidence":null,"between":null,"provider":"osm","resource":"planet","version":"2026-09-06T00:00:00.000Z"}],"is_underground":false,"num_floors":6,"subtype":"residential","class":"apartments","has_parts":false,"version":1}},
{"id":"ea2cfb2f-58d5-4b5e-9091-095b7bb1172c","type":"Feature","geometry":{"type":"Polygon","coordinates":[[[90.4137662,23.7430792],[90.4137344,23.7431054],[90.4136271,23.742996],[90.4136442,23.7429819],[90.4136283,23.7429658],[90.4139276,23.74272],[90.41389,23.7426815],[90.4140098,23.7425831],[90.4140733,23.7425874],[90.4141983,23.742714],[90.4137619,23.7430748],[90.4137662,23.7430792]]]},"properties":{"names":{"primary":"CID Bangladesh","common":null,"rules":null},"sources":[{"property":"","dataset":"OpenStreetMap","license":"ODbL-1.0","record_id":"w981333518@1","update_time":"2021-09-09T18:12:23.000Z","confidence":null,"between":null,"provider":"osm","resource":"planet","version":"2026-09-06T00:00:00.000Z"}],"is_underground":false,"num_floors":5,"has_parts":false,"version":1}},
{"id":"2437d47f-1145-44b8-8664-e2643d38d01a","type":"Feature","geometry":{"type":"Polygon","coordinates":[[[90.4138663,23.7433774],[90.4139312,23.7433225],[90.4141503,23.743542],[90.4141136,23.7435731],[90.4141291,23.7435886],[90.414065,23.7436429],[90.4138493,23.7434268],[90.4138852,23.7433964],[90.4138663,23.7433774]]]},"properties":{"sources":[{"property":"","dataset":"Google Open Buildings","license":null,"record_id":"7MMGPCV7+9HX9","update_time":"2023-05-01T00:00:00.000Z","confidence":0.8427,"between":null,"provider":"google","resource":"open_buildings","version":"2024-04-16"}],"is_underground":false,"has_parts":false,"version":1}},
{"id":"62921b12-9c52-4995-885a-c72d499b249d","type":"Feature","geometry":{"type":"Polygon","coordinates":[[[90.4142437,23.743204],[90.4141759,23.7432573],[90.4141528,23.7432327],[90.4140536,23.7431996],[90.4141014,23.7431622],[90.4140679,23.7431262],[90.4140337,23.743153],[90.4140534,23.7431741],[90.413982,23.74323],[90.4138534,23.7430923],[90.4142136,23.7428105],[90.4142972,23.7429001],[90.4143305,23.742874],[90.4144762,23.7430298],[90.4144624,23.7430406],[90.4144212,23.7430729],[90.4144366,23.7430893],[90.4142636,23.7432252],[90.4142437,23.743204]]]},"properties":{"names":{"primary":"Cyber Police Center","common":null,"rules":null},"sources":[{"property":"","dataset":"OpenStreetMap","license":"ODbL-1.0","record_id":"w981333514@1","update_time":"2021-09-09T18:12:23.000Z","confidence":null,"between":null,"provider":"osm","resource":"planet","version":"2026-09-06T00:00:00.000Z"}],"is_underground":false,"num_floors":13,"has_parts":false,"version":1}},
{"id":"7a159c4e-2e28-4ffc-a06e-166b50b70533","type":"Feature","geometry":{"type":"Polygon","coordinates":[[[90.4143104,23.7427749],[90.4143514,23.7426871],[90.4145103,23.7427493],[90.4144693,23.7428371],[90.4143104,23.7427749]]]},"properties":{"sources":[{"property":"","dataset":"OpenStreetMap","license":"ODbL-1.0","record_id":"w450086143@2","update_time":"2021-09-09T18:12:23.000Z","confidence":null,"between":null,"provider":"osm","resource":"planet","version":"2026-09-06T00:00:00.000Z"}],"is_underground":false,"num_floors":5,"has_parts":false,"version":1}},
{"id":"be7efb5a-55f7-4155-a908-5395657f1fd1","type":"Feature","geometry":{"type":"Polygon","coordinates":[[[90.4145756,23.742958],[90.4146294,23.7430026],[90.4145891,23.7430438],[90.4145353,23.7429992],[90.4145756,23.742958]]]},"properties":{"sources":[{"property":"","dataset":"Google Open Buildings","license":null,"record_id":"7MMGPCV7+6R44","update_time":"2023-05-01T00:00:00.000Z","confidence":0.8526,"between":null,"provider":"google","resource":"open_buildings","version":"2024-04-16"}],"is_underground":false,"has_parts":false,"version":1}},
{"id":"b3c18138-881b-4e1e-9385-80a5fbe02eb3","type":"Feature","geometry":{"type":"Polygon","coordinates":[[[90.4143702,23.7434685],[90.4143473,23.7434439],[90.4144154,23.7433908],[90.4143956,23.7433695],[90.4145693,23.7432343],[90.4145846,23.7432507],[90.4146293,23.7432158],[90.4146396,23.7432077],[90.4147851,23.7433637],[90.4147517,23.7433898],[90.4148353,23.7434793],[90.4144752,23.7437611],[90.4143466,23.7436235],[90.4144181,23.7435676],[90.4144378,23.7435887],[90.414472,23.7435619],[90.4144384,23.743526],[90.4143906,23.7435634],[90.4143702,23.7434685]]]},"properties":{"sources":[{"property":"","dataset":"OpenStreetMap","license":"ODbL-1.0","record_id":"w981333516@1","update_time":"2021-09-09T18:12:23.000Z","confidence":null,"between":null,"provider":"osm","resource":"planet","version":"2026-09-06T00:00:00.000Z"}],"is_underground":false,"num_floors":13,"has_parts":false,"version":1}},
{"id":"aea6700d-45df-4fc4-aafc-ef0ecbca9c01","type":"Feature","geometry":{"type":"Polygon","coordinates":[[[90.4144366,23.7430893],[90.4144212,23.7430729],[90.4144624,23.7430406],[90.4146293,23.7432158],[90.4145846,23.7432507],[90.4145693,23.7432343],[90.4143956,23.7433695],[90.4142636,23.7432252],[90.4144366,23.7430893]]]},"properties":{"names":{"primary":"SB office","common":null,"rules":null},"sources":[{"property":"","dataset":"OpenStreetMap","license":"ODbL-1.0","record_id":"w981333517@1","update_time":"2021-09-09T18:12:23.000Z","confidence":null,"between":null,"provider":"osm","resource":"planet","version":"2026-09-06T00:00:00.000Z"}],"is_underground":false,"num_floors":5,"has_parts":true,"version":1}},
{"id":"4fbe590f-9bec-471e-a46b-932ed943a7c8","type":"Feature","geometry":{"type":"Polygon","coordinates":[[[90.414797,23.744105],[90.4145442,23.7440882],[90.4147833,23.7439168],[90.414797,23.744105]]]},"properties":{"sources":[{"property":"","dataset":"OpenStreetMap","license":"ODbL-1.0","record_id":"w440314582@2","update_time":"2021-10-11T05:55:26.000Z","confidence":null,"between":null,"provider":"osm","resource":"planet","version":"2026-09-06T00:00:00.000Z"}],"is_underground":false,"num_floors":4,"has_parts":false,"version":1}},
{"id":"8c9a7f92-3886-44df-b154-0c198da7eb25","type":"Feature","geometry":{"type":"Polygon","coordinates":[[[90.414838,23.7440325],[90.4148035,23.7440325],[90.4147893,23.7438965],[90.4148283,23.7439151],[90.414838,23.7440325]]]},"properties":{"sources":[{"property":"","dataset":"OpenStreetMap","license":"ODbL-1.0","record_id":"w1085111536@1","update_time":"2022-08-09T14:43:48.000Z","confidence":null,"between":null,"provider":"osm","resource":"planet","version":"2026-09-06T00:00:00.000Z"}],"is_underground":false,"has_parts":false,"version":1}},
{"id":"5bfd6bca-03df-42fd-a210-c45bfa499286","type":"Feature","geometry":{"type":"Polygon","coordinates":[[[90.4146858,23.7443775],[90.4146102,23.7443633],[90.4146565,23.7441571],[90.4147322,23.7441714],[90.4146858,23.7443775]]]},"properties":{"names":{"primary":"Hotel Bongobashi","common":null,"rules":null},"sources":[{"property":"","dataset":"OpenStreetMap","license":"ODbL-1.0","record_id":"w390555178@2","update_time":"2021-10-11T05:55:26.000Z","confidence":null,"between":null,"provider":"osm","resource":"planet","version":"2026-09-06T00:00:00.000Z"}],"is_underground":false,"num_floors":3,"subtype":"commercial","class":"commercial","has_parts":false,"version":1}},
{"id":"9b44b77b-cd3b-43d2-a56a-ca8ad70ae420","type":"Feature","geometry":{"type":"Polygon","coordinates":[[[90.4142944,23.7443489],[90.4142584,23.7443134],[90.4144315,23.7441796],[90.4145678,23.7441595],[90.4145905,23.7443557],[90.4143537,23.7443788],[90.4142944,23.7443489]]]},"properties":{"names":{"primary":"বাইতুল আমান জামে মসজিদ","common":[["bn","বাইতুল আমান জামে মসজিদ"],["en","Baitul Aman Jami Masjid"]],"rules":null},"sources":[{"property":"","dataset":"OpenStreetMap","license":"ODbL-1.0","record_id":"w440309562@3","update_time":"2021-10-11T05:55:26.000Z","confidence":null,"between":null,"provider":"osm","resource":"planet","version":"2026-09-06T00:00:00.000Z"}],"is_underground":false,"subtype":"outbuilding","class":"shed","has_parts":false,"version":1}},
{"id":"b5e9ee6b-587d-4237-ae7c-845c8876a41f","type":"Feature","geometry":{"type":"Polygon","coordinates":[[[90.4141985,23.743781],[90.414316,23.7436869],[90.4144562,23.7438335],[90.4144254,23.7438583],[90.4143207,23.7437489],[90.4142341,23.7438183],[90.4141985,23.743781]]]},"properties":{"sources":[{"property":"","dataset":"OpenStreetMap","license":"ODbL-1.0","record_id":"w980133970@2","update_time":"2022-09-23T06:27:18.000Z","confidence":null,"between":null,"provider":"osm","resource":"planet","version":"2026-09-06T00:00:00.000Z"}],"is_underground":false,"num_floors":2,"subtype":"commercial","has_parts":false,"version":1}},
{"id":"2f128614-409a-4881-9235-9931d12f2c97","type":"Feature","geometry":{"type":"Polygon","coordinates":[[[90.4141717,23.7437863],[90.414102,23.7437121],[90.4142373,23.7436058],[90.414307,23.7436801],[90.4141717,23.7437863]]]},"properties":{"sources":[{"property":"","dataset":"OpenStreetMap","license":"ODbL-1.0","record_id":"w506022995@2","update_time":"2022-09-23T06:27:18.000Z","confidence":null,"between":null,"provider":"osm","resource":"planet","version":"2026-09-06T00:00:00.000Z"}],"is_underground":false,"num_floors":6,"has_parts":false,"version":1}},
{"id":"4eeb86b2-a501-427d-bbc7-26a9377abed2","type":"Feature","geometry":{"type":"Polygon","coordinates":[[[90.4138666,23.7441234],[90.4138033,23.7440632],[90.4138819,23.7439938],[90.4139453,23.744054],[90.4138666,23.7441234]]]},"properties":{"sources":[{"property":"","dataset":"OpenStreetMap","license":"ODbL-1.0","record_id":"w1433317419@1","update_time":"2025-09-26T11:42:44.000Z","confidence":null,"between":null,"provider":"osm","resource":"planet","version":"2026-09-06T00:00:00.000Z"}],"is_underground":false,"has_parts":false,"version":1}},
{"id":"075b6751-0950-4346-b05d-33b636d69e7c","type":"Feature","geometry":{"type":"Polygon","coordinates":[[[90.4140539,23.7448192],[90.4138808,23.7448068],[90.4138986,23.7445986],[90.414082,23.7444902],[90.4140539,23.7448192]]]},"properties":{"sources":[{"property":"","dataset":"OpenStreetMap","license":"ODbL-1.0","record_id":"w948387090@1","update_time":"2023-11-09T20:11:20.000Z","confidence":null,"between":null,"provider":"osm","resource":"planet","version":"2026-09-06T00:00:00.000Z"}],"is_underground":false,"num_floors":15,"subtype":"commercial","class":"commercial","has_parts":false,"version":1}},
{"id":"068d18a2-522c-44a6-8cec-6c03c34b1e1d","type":"Feature","geometry":{"type":"Polygon","coordinates":[[[90.4142621,23.7443551],[90.4142401,23.7443484],[90.414247,23.7443292],[90.4142691,23.7443359],[90.4142621,23.7443551]]]},"properties":{"sources":[{"property":"","dataset":"OpenStreetMap","license":"ODbL-1.0","record_id":"w1425700367@1","update_time":"2025-08-29T00:28:56.000Z","confidence":null,"between":null,"provider":"osm","resource":"planet","version":"2026-09-06T00:00:00.000Z"}],"is_underground":false,"has_parts":false,"version":1}},
{"id":"1d160255-4d5b-460f-a5b0-4d3b885914a6","type":"Feature","geometry":{"type":"Polygon","coordinates":[[[90.4145282,23.7447948],[90.4140852,23.7447676],[90.4141092,23.7444405],[90.4141565,23.744417],[90.4141805,23.7443953],[90.4142144,23.7443797],[90.4142498,23.7443789],[90.4142775,23.7443924],[90.4143073,23.7444189],[90.4145546,23.7444341],[90.4145282,23.7447948]]]},"properties":{"names":{"primary":"Hosaf Convention Center","common":null,"rules":null},"sources":[{"property":"","dataset":"OpenStreetMap","license":"ODbL-1.0","record_id":"w371382348@6","update_time":"2021-05-29T09:29:13.000Z","confidence":null,"between":null,"provider":"osm","resource":"planet","version":"2026-09-06T00:00:00.000Z"}],"is_underground":false,"num_floors":6,"subtype":"commercial","class":"commercial","has_parts":false,"version":1}},
{"id":"7338375d-cfb9-40e9-88f2-e5f33f25ee0d","type":"Feature","geometry":{"type":"Polygon","coordinates":[[[90.4142003,23.7450372],[90.41417,23.745034],[90.4141875,23.7449261],[90.4143054,23.7449368],[90.4142844,23.7450276],[90.4142575,23.7450201],[90.4142599,23.7449742],[90.4142283,23.744972],[90.4142003,23.7450372]]]},"properties":{"sources":[{"property":"","dataset":"OpenStreetMap","license":"ODbL-1.0","record_id":"w390554624@1","update_time":"2023-11-09T20:11:20.000Z","confidence":null,"between":null,"provider":"osm","resource":"planet","version":"2026-09-06T00:00:00.000Z"}],"is_underground":false,"has_parts":false,"version":1}},
{"id":"8770452e-619a-41dc-bc7c-ca6d3a502654","type":"Feature","geometry":{"type":"Polygon","coordinates":[[[90.4142735,23.7451775],[90.4141124,23.7451594],[90.4141124,23.7450707],[90.414298,23.7450824],[90.4142735,23.7451775]]]},"properties":{"sources":[{"property":"","dataset":"OpenStreetMap","license":"ODbL-1.0","record_id":"w390554647@1","update_time":"2023-11-09T20:11:20.000Z","confidence":null,"between":null,"provider":"osm","resource":"planet","version":"2026-09-06T00:00:00.000Z"}],"is_underground":false,"has_parts":false,"version":1}},
{"id":"00978500-fcd6-4f42-a52c-c7958dd243d2","type":"Feature","geometry":{"type":"Polygon","coordinates":[[[90.4140961,23.7451545],[90.4140071,23.7451507],[90.4140219,23.7450711],[90.4141044,23.7450726],[90.4140961,23.7451545]]]},"properties":{"sources":[{"property":"","dataset":"OpenStreetMap","license":"ODbL-1.0","record_id":"w390554581@1","update_time":"2023-11-09T20:11:20.000Z","confidence":null,"between":null,"provider":"osm","resource":"planet","version":"2026-09-06T00:00:00.000Z"}],"is_underground":false,"has_parts":false,"version":1}},
{"id":"90d59b12-da66-4d49-bc16-32f10c33e379","type":"Feature","geometry":{"type":"Polygon","coordinates":[[[90.4140726,23.7450228],[90.4140352,23.7450154],[90.4140609,23.7448999],[90.4141776,23.7449192],[90.414159,23.7450325],[90.4141123,23.7450271],[90.4141274,23.7449619],[90.4140901,23.7449576],[90.4140726,23.7450228]]]},"properties":{"sources":[{"property":"","dataset":"OpenStreetMap","license":"ODbL-1.0","record_id":"w390554614@1","update_time":"2023-11-09T20:11:20.000Z","confidence":null,"between":null,"provider":"osm","resource":"planet","version":"2026-09-06T00:00:00.000Z"}],"is_underground":false,"has_parts":false,"version":1}},
{"id":"0433a1ca-1b6e-4c0c-9ad4-fa622d79f5b5","type":"Feature","geometry":{"type":"Polygon","coordinates":[[[90.4140038,23.7450184],[90.4138871,23.7450024],[90.4138964,23.7448677],[90.4140167,23.7448805],[90.4140038,23.7450184]]]},"properties":{"sources":[{"property":"","dataset":"OpenStreetMap","license":"ODbL-1.0","record_id":"w390554592@1","update_time":"2023-11-09T20:11:20.000Z","confidence":null,"between":null,"provider":"osm","resource":"planet","version":"2026-09-06T00:00:00.000Z"}],"is_underground":false,"has_parts":false,"version":1}},
{"id":"449f8146-e2dd-4765-870e-4e6da87c6bb7","type":"Feature","geometry":{"type":"Polygon","coordinates":[[[90.4139969,23.7451257],[90.4138686,23.7451182],[90.413875,23.74504],[90.4140032,23.7450514],[90.4139969,23.7451257]]]},"properties":{"sources":[{"property":"","dataset":"OpenStreetMap","license":"ODbL-1.0","record_id":"w390554561@2","update_time":"2023-11-09T20:11:20.000Z","confidence":null,"between":null,"provider":"osm","resource":"planet","version":"2026-09-06T00:00:00.000Z"}],"is_underground":false,"has_parts":false,"version":1}},
{"id":"074b4f01-7b62-4205-ab09-1ca99d04a117","type":"Feature","geometry":{"type":"Polygon","coordinates":[[[90.4139809,23.7452196],[90.4138291,23.7451939],[90.4138408,23.7451319],[90.4139949,23.745148],[90.4139809,23.7452196]]]},"properties":{"sources":[{"property":"","dataset":"OpenStreetMap","license":"ODbL-1.0","record_id":"w390554553@1","update_time":"2023-11-09T20:11:20.000Z","confidence":null,"between":null,"provider":"osm","resource":"planet","version":"2026-09-06T00:00:00.000Z"}],"is_underground":false,"has_parts":false,"version":1}},
{"id":"c7bb556a-c6fe-4db2-9e53-024b052aa051","type":"Feature","geometry":{"type":"Polygon","coordinates":[[[90.4139628,23.7453797],[90.4138612,23.745368],[90.413867,23.7453306],[90.4138449,23.7453295],[90.4138554,23.7452216],[90.413985,23.7452376],[90.4139628,23.7453797]]]},"properties":{"sources":[{"property":"","dataset":"OpenStreetMap","license":"ODbL-1.0","record_id":"w390554544@2","update_time":"2017-05-05T09:28:06.000Z","confidence":null,"between":null,"provider":"osm","resource":"planet","version":"2026-09-06T00:00:00.000Z"}],"is_underground":false,"has_parts":false,"version":1}},
{"id":"17f0fe5d-da93-4f60-b0be-d03e32af83bd","type":"Feature","geometry":{"type":"Polygon","coordinates":[[[90.4141064,23.7452173],[90.4140141,23.745197],[90.414034,23.7451564],[90.4141075,23.7451639],[90.4141064,23.7452173]]]},"properties":{"sources":[{"property":"","dataset":"OpenStreetMap","license":"ODbL-1.0","record_id":"w390554655@1","update_time":"2016-01-10T06:48:33.000Z","confidence":null,"between":null,"provider":"osm","resource":"planet","version":"2026-09-06T00:00:00.000Z"}],"is_underground":false,"has_parts":false,"version":1}},
{"id":"800d8f63-8751-4589-b8cc-3930c5fcdceb","type":"Feature","geometry":{"type":"Polygon","coordinates":[[[90.4140924,23.745275],[90.414006,23.7452761],[90.4140188,23.745213],[90.4140924,23.7452248],[90.4140924,23.745275]]]},"properties":{"sources":[{"property":"","dataset":"OpenStreetMap","license":"ODbL-1.0","record_id":"w390554664@1","update_time":"2016-01-10T06:48:57.000Z","confidence":null,"between":null,"provider":"osm","resource":"planet","version":"2026-09-06T00:00:00.000Z"}],"is_underground":false,"has_parts":false,"version":1}},
{"id":"db8894a2-4ff7-45c1-b011-453459e10d44","type":"Feature","geometry":{"type":"Polygon","coordinates":[[[90.4142555,23.7452082],[90.4142953,23.745212],[90.4142899,23.7452599],[90.4142501,23.7452561],[90.4142555,23.7452082]]]},"properties":{"sources":[{"property":"","dataset":"Google Open Buildings","license":null,"record_id":"7MMGPCW7+3PR8","update_time":"2023-05-01T00:00:00.000Z","confidence":0.7624,"between":null,"provider":"google","resource":"open_buildings","version":"2024-04-16"}],"is_underground":false,"has_parts":false,"version":1}},
{"id":"d5375854-d9e2-4092-8b8f-3359a45ba085","type":"Feature","geometry":{"type":"Polygon","coordinates":[[[90.414473,23.745262],[90.4143603,23.745262],[90.414367,23.7451663],[90.4144783,23.7451663],[90.414473,23.745262]]]},"properties":{"sources":[{"property":"","dataset":"OpenStreetMap","license":"ODbL-1.0","record_id":"w390554723@1","update_time":"2016-01-10T06:51:23.000Z","confidence":null,"between":null,"provider":"osm","resource":"planet","version":"2026-09-06T00:00:00.000Z"}],"is_underground":false,"has_parts":false,"version":1}},
{"id":"b78ce69b-2f6d-4874-8f74-a7d650a9f867","type":"Feature","geometry":{"type":"Polygon","coordinates":[[[90.4146178,23.7453222],[90.414536,23.7453148],[90.4145387,23.7452019],[90.4146285,23.745197],[90.4146178,23.7453222]]]},"properties":{"sources":[{"property":"","dataset":"OpenStreetMap","license":"ODbL-1.0","record_id":"w390554733@1","update_time":"2016-01-10T06:52:14.000Z","confidence":null,"between":null,"provider":"osm","resource":"planet","version":"2026-09-06T00:00:00.000Z"}],"is_underground":false,"has_parts":false,"version":1}},
{"id":"67fc35bc-0427-4f7c-bcd4-80e172d06ecf","type":"Feature","geometry":{"type":"Polygon","coordinates":[[[90.4146701,23.7453173],[90.4146339,23.7453124],[90.4146487,23.7452264],[90.4147251,23.745208],[90.4147224,23.7452731],[90.4146795,23.745278],[90.4146715,23.7453173],[90.4146701,23.7453173]]]},"properties":{"sources":[{"property":"","dataset":"OpenStreetMap","license":"ODbL-1.0","record_id":"w390554739@1","update_time":"2016-01-10T06:52:40.000Z","confidence":null,"between":null,"provider":"osm","resource":"planet","version":"2026-09-06T00:00:00.000Z"}],"is_underground":false,"has_parts":false,"version":1}},
{"id":"638c1fb6-db0e-4b92-985a-308620648bef","type":"Feature","geometry":{"type":"Polygon","coordinates":[[[90.4148636,23.7453145],[90.4147516,23.7453102],[90.4147576,23.7451782],[90.4148696,23.7451825],[90.4148636,23.7453145]]]},"properties":{"sources":[{"property":"","dataset":"OpenStreetMap","license":"ODbL-1.0","record_id":"w390554798@1","update_time":"2019-01-09T21:23:33.000Z","confidence":null,"between":null,"provider":"osm","resource":"planet","version":"2026-09-06T00:00:00.000Z"}],"is_underground":false,"has_parts":false,"version":1}},
{"id":"1d49927d-d075-4f6e-9579-329959e94ee0","type":"Feature","geometry":{"type":"Polygon","coordinates":[[[90.4147922,23.7451675],[90.4146567,23.7451565],[90.4146648,23.74503],[90.414815,23.7450472],[90.4147922,23.7451675]]]},"properties":{"sources":[{"property":"","dataset":"OpenStreetMap","license":"ODbL-1.0","record_id":"w390554816@1","update_time":"2017-07-06T10:49:01.000Z","confidence":null,"between":null,"provider":"osm","resource":"planet","version":"2026-09-06T00:00:00.000Z"}],"is_underground":false,"has_parts":false,"version":1}},
{"id":"23285d28-4936-4e54-ac48-5ea69e397e70","type":"Feature","geometry":{"type":"Polygon","coordinates":[[[90.414785,23.7450034],[90.4146293,23.7449741],[90.4146517,23.7448743],[90.4148074,23.7449036],[90.414785,23.7450034]]]},"properties":{"sources":[{"property":"","dataset":"OpenStreetMap","license":"ODbL-1.0","record_id":"w390554853@1","update_time":"2017-07-06T10:49:00.000Z","confidence":null,"between":null,"provider":"osm","resource":"planet","version":"2026-09-06T00:00:00.000Z"}],"is_underground":false,"has_parts":false,"version":1}},
{"id":"3497615e-db30-4f01-8e30-e38070a10e6b","type":"Feature","geometry":{"type":"Polygon","coordinates":[[[90.414837,23.7448798],[90.4147834,23.7448738],[90.4147936,23.7447983],[90.4148472,23.7448044],[90.414837,23.7448798]]]},"properties":{"sources":[{"property":"","dataset":"OpenStreetMap","license":"ODbL-1.0","record_id":"w390554935@1","update_time":"2017-07-06T10:49:01.000Z","confidence":null,"between":null,"provider":"osm","resource":"planet","version":"2026-09-06T00:00:00.000Z"}],"is_underground":false,"has_parts":false,"version":1}},
{"id":"14020397-2b4b-461d-aea5-a20ef85accf9","type":"Feature","geometry":{"type":"Polygon","coordinates":[[[90.4146071,23.7451466],[90.4145213,23.7451343],[90.4145481,23.744987],[90.4146259,23.7450018],[90.4146071,23.7451466]]]},"properties":{"sources":[{"property":"","dataset":"OpenStreetMap","license":"ODbL-1.0","record_id":"w390554835@1","update_time":"2017-07-06T10:49:01.000Z","confidence":null,"between":null,"provider":"osm","resource":"planet","version":"2026-09-06T00:00:00.000Z"}],"is_underground":false,"has_parts":false,"version":1}},
{"id":"e1ac705b-d513-42f9-ab50-4e279bf2c858","type":"Feature","geometry":{"type":"Polygon","coordinates":[[[90.4145601,23.7449625],[90.414434,23.7449637],[90.4144314,23.7449232],[90.4145601,23.7449342],[90.4145601,23.7449625]]]},"properties":{"sources":[{"property":"","dataset":"OpenStreetMap","license":"ODbL-1.0","record_id":"w390554855@1","update_time":"2017-07-06T10:49:01.000Z","confidence":null,"between":null,"provider":"osm","resource":"planet","version":"2026-09-06T00:00:00.000Z"}],"is_underground":false,"has_parts":false,"version":1}},
{"id":"512a82dc-fd54-423f-bf16-273c1b5b48bd","type":"Feature","geometry":{"type":"Polygon","coordinates":[[[90.4144837,23.7451332],[90.4144059,23.7451209],[90.4144086,23.7449908],[90.4145105,23.7449932],[90.4144837,23.7451332]]]},"properties":{"sources":[{"property":"","dataset":"OpenStreetMap","license":"ODbL-1.0","record_id":"w390554837@1","update_time":"2017-07-06T10:49:01.000Z","confidence":null,"between":null,"provider":"osm","resource":"planet","version":"2026-09-06T00:00:00.000Z"}],"is_underground":false,"has_parts":false,"version":1}},
{"id":"468d0ad5-0312-4bac-bfc4-9e46e1c70a9a","type":"Feature","geometry":{"type":"Polygon","coordinates":[[[90.4145483,23.7448201],[90.4145909,23.7444537],[90.4146577,23.7444602],[90.4146152,23.7448266],[90.4145483,23.7448201]]]},"properties":{"sources":[{"property":"","dataset":"OpenStreetMap","license":"ODbL-1.0","record_id":"w390554939@1","update_time":"2020-07-29T23:21:16.000Z","confidence":null,"between":null,"provider":"osm","resource":"planet","version":"2026-09-06T00:00:00.000Z"}],"is_underground":false,"has_parts":false,"version":1}},
{"id":"1b619610-f94d-4d91-90ea-e354bbab6422","type":"Feature","geometry":{"type":"Polygon","coordinates":[[[90.4148439,23.7446088],[90.4146751,23.7445887],[90.4146817,23.7445358],[90.4148516,23.7445538],[90.4148439,23.7446088]]]},"properties":{"sources":[{"property":"","dataset":"OpenStreetMap","license":"ODbL-1.0","record_id":"w1425913802@1","update_time":"2025-11-15T03:30:26.000Z","confidence":null,"between":null,"provider":"osm","resource":"planet","version":"2026-09-06T00:00:00.000Z"}],"is_underground":false,"has_parts":false,"version":2}},
{"id":"291469d6-f950-40e4-8bb8-3d4b546b9b8f","type":"Feature","geometry":{"type":"Polygon","coordinates":[[[90.4148219,23.7447391],[90.4146513,23.7447191],[90.4146672,23.7446047],[90.4148378,23.7446247],[90.4148219,23.7447391]]]},"properties":{"sources":[{"property":"","dataset":"OpenStreetMap","license":"ODbL-1.0","record_id":"w505555781@1","update_time":"2020-07-29T23:21:16.000Z","confidence":null,"between":null,"provider":"osm","resource":"planet","version":"2026-09-06T00:00:00.000Z"}],"is_underground":false,"has_parts":false,"version":1}},
{"id":"cc01e26a-d1b4-4c09-8789-098d000538eb","type":"Feature","geometry":{"type":"Polygon","coordinates":[[[90.414848,23.7445324],[90.4146793,23.7445123],[90.4146859,23.7444594],[90.4148558,23.7444774],[90.414848,23.7445324]]]},"properties":{"sources":[{"property":"","dataset":"OpenStreetMap","license":"ODbL-1.0","record_id":"w1450792528@1","update_time":"2025-11-15T03:30:26.000Z","confidence":null,"between":null,"provider":"osm","resource":"planet","version":"2026-09-06T00:00:00.000Z"}],"is_underground":false,"has_parts":false,"version":2}},
{"id":"d8396056-3075-43a8-b19b-2d03e4f26084","type":"Feature","geometry":{"type":"Polygon","coordinates":[[[90.415044,23.7447178],[90.4149251,23.7446992],[90.4149623,23.7445001],[90.4150813,23.7445187],[90.415044,23.7447178]]]},"properties":{"sources":[{"property":"","dataset":"OpenStreetMap","license":"ODbL-1.0","record_id":"w390554974@1","update_time":"2019-01-09T21:23:33.000Z","confidence":null,"between":null,"provider":"osm","resource":"planet","version":"2026-09-06T00:00:00.000Z"}],"is_underground":false,"has_parts":false,"version":1}},
{"id":"33ee8cad-8552-42aa-a762-9dd679adc0e8","type":"Feature","geometry":{"type":"Polygon","coordinates":[[[90.4150864,23.7445041],[90.4149721,23.7444838],[90.4149787,23.7444528],[90.4150929,23.7444731],[90.4150864,23.7445041]]]},"properties":{"sources":[{"property":"","dataset":"OpenStreetMap","license":"ODbL-1.0","record_id":"w1425755189@1","update_time":"2025-08-29T08:13:24.000Z","confidence":null,"between":null,"provider":"osm","resource":"planet","version":"2026-09-06T00:00:00.000Z"}],"is_underground":false,"has_parts":false,"version":1}},
{"id":"31e35da2-1894-4a39-ae28-c3200a4ba5a8","type":"Feature","geometry":{"type":"Polygon","coordinates":[[[90.4151086,23.744435],[90.4149802,23.7444199],[90.4150059,23.7442377],[90.4151343,23.7442529],[90.4151086,23.744435]]]},"properties":{"sources":[{"property":"","dataset":"OpenStreetMap","license":"ODbL-1.0","record_id":"w1425700359@1","update_time":"2025-08-29T00:28:56.000Z","confidence":null,"between":null,"provider":"osm","resource":"planet","version":"2026-09-06T00:00:00.000Z"}],"is_underground":false,"has_parts":false,"version":1}},
{"id":"4991ed86-fba1-4b6f-ac75-5611b0e46f05","type":"Feature","geometry":{"type":"Polygon","coordinates":[[[90.4151371,23.7445171],[90.4151016,23.7445089],[90.4151124,23.7444701],[90.4151479,23.7444783],[90.4151371,23.7445171]]]},"properties":{"sources":[{"property":"","dataset":"OpenStreetMap","license":"ODbL-1.0","record_id":"w1425755191@1","update_time":"2025-08-29T08:13:24.000Z","confidence":null,"between":null,"provider":"osm","resource":"planet","version":"2026-09-06T00:00:00.000Z"}],"is_underground":false,"has_parts":false,"version":1}},
{"id":"c3593492-425c-4a74-a82f-6c89c77625a0","type":"Feature","geometry":{"type":"Polygon","coordinates":[[[90.4153353,23.7444874],[90.4152213,23.7444936],[90.4152468,23.7443659],[90.4153447,23.7443794],[90.4153353,23.7444874]]]},"properties":{"sources":[{"property":"","dataset":"OpenStreetMap","license":"ODbL-1.0","record_id":"w390555278@1","update_time":"2017-07-06T10:49:01.000Z","confidence":null,"between":null,"provider":"osm","resource":"planet","version":"2026-09-06T00:00:00.000Z"}],"is_underground":false,"has_parts":false,"version":1}},
{"id":"6b6d0614-31d6-41b3-9a7c-9e553f326013","type":"Feature","geometry":{"type":"Polygon","coordinates":[[[90.4153335,23.74464],[90.4152222,23.7446375],[90.4152247,23.744542],[90.415336,23.7445444],[90.4153335,23.74464]]]},"properties":{"sources":[{"property":"","dataset":"OpenStreetMap","license":"ODbL-1.0","record_id":"w505550907@1","update_time":"2017-07-06T10:22:01.000Z","confidence":null,"between":null,"provider":"osm","resource":"planet","version":"2026-09-06T00:00:00.000Z"}],"is_underground":false,"has_parts":false,"version":1}},
{"id":"f35f34b8-5dc6-4ff3-a05c-d366d252db8a","type":"Feature","geometry":{"type":"Polygon","coordinates":[[[90.4150971,23.7447175],[90.4150569,23.7447108],[90.4150832,23.7445784],[90.4151234,23.7445851],[90.4150971,23.7447175]]]},"properties":{"sources":[{"property":"","dataset":"OpenStreetMap","license":"ODbL-1.0","record_id":"w1425879070@1","update_time":"2025-08-29T16:56:16.000Z","confidence":null,"between":null,"provider":"osm","resource":"planet","version":"2026-09-06T00:00:00.000Z"}],"is_underground":false,"has_parts":false,"version":1}},
{"id":"d775440f-3225-43a7-9aa9-0efcb4244fc6","type":"Feature","geometry":{"type":"Polygon","coordinates":[[[90.4153828,23.7448871],[90.4151979,23.74488],[90.4152256,23.7446798],[90.4154074,23.7446953],[90.4153828,23.7448871]]]},"properties":{"sources":[{"property":"","dataset":"OpenStreetMap","license":"ODbL-1.0","record_id":"w390555411@1","update_time":"2017-07-06T10:22:06.000Z","confidence":null,"between":null,"provider":"osm","resource":"planet","version":"2026-09-06T00:00:00.000Z"}],"is_underground":false,"has_parts":false,"version":1}},
{"id":"96ed5de8-cca8-4728-83d8-27fd14eef605","type":"Feature","geometry":{"type":"Polygon","coordinates":[[[90.4152839,23.7451246],[90.4150674,23.7451213],[90.4150691,23.7450256],[90.4152857,23.7450289],[90.4152839,23.7451246]]]},"properties":{"sources":[{"property":"","dataset":"OpenStreetMap","license":"ODbL-1.0","record_id":"w505550910@1","update_time":"2019-01-09T21:23:34.000Z","confidence":null,"between":null,"provider":"osm","resource":"planet","version":"2026-09-06T00:00:00.000Z"}],"is_underground":false,"has_parts":false,"version":1}},
{"id":"1fd91a74-e74c-44bd-84e9-f2cd6f3fb5fb","type":"Feature","geometry":{"type":"Polygon","coordinates":[[[90.4149194,23.7447915],[90.414928,23.7447365],[90.4150779,23.7447561],[90.4150693,23.7448111],[90.4149194,23.7447915]]]},"properties":{"sources":[{"property":"","dataset":"OpenStreetMap","license":"ODbL-1.0","record_id":"w390554956@1","update_time":"2019-01-09T21:23:33.000Z","confidence":null,"between":null,"provider":"osm","resource":"planet","version":"2026-09-06T00:00:00.000Z"}],"is_underground":false,"has_parts":false,"version":1}},
{"id":"6593aa7f-0f35-433a-a1be-665085cbe1f4","type":"Feature","geometry":{"type":"Polygon","coordinates":[[[90.4150693,23.7449006],[90.4148623,23.7448717],[90.4148743,23.7447991],[90.4150814,23.744828],[90.4150693,23.7449006]]]},"properties":{"sources":[{"property":"","dataset":"OpenStreetMap","license":"ODbL-1.0","record_id":"w390554946@1","update_time":"2017-07-06T10:49:01.000Z","confidence":null,"between":null,"provider":"osm","resource":"planet","version":"2026-09-06T00:00:00.000Z"}],"is_underground":false,"has_parts":false,"version":1}},
{"id":"29f97a14-f62c-40e6-be16-0d67eedd8cf1","type":"Feature","geometry":{"type":"Polygon","coordinates":[[[90.414909,23.7447854],[90.4148554,23.7447794],[90.4148656,23.7447039],[90.4149192,23.74471],[90.414909,23.7447854]]]},"properties":{"sources":[{"property":"","dataset":"OpenStreetMap","license":"ODbL-1.0","record_id":"w1457088846@1","update_time":"2025-12-09T08:47:58.000Z","confidence":null,"between":null,"provider":"osm","resource":"planet","version":"2026-09-06T00:00:00.000Z"}],"is_underground":false,"has_parts":false,"version":1}},
{"id":"c678d326-89a8-4a84-acee-ac78e9ffbdcf","type":"Feature","geometry":{"type":"Polygon","coordinates":[[[90.4150283,23.7450237],[90.4148063,23.7450094],[90.4148156,23.7448886],[90.4150376,23.7449028],[90.4150283,23.7450237]]]},"properties":{"sources":[{"property":"","dataset":"OpenStreetMap","license":"ODbL-1.0","record_id":"w390554826@2","update_time":"2019-01-09T21:23:33.000Z","confidence":null,"between":null,"provider":"osm","resource":"planet","version":"2026-09-06T00:00:00.000Z"}],"is_underground":false,"has_parts":false,"version":1}},
{"id":"af5ca6fe-61f7-41b8-ac79-9655c74ae72b","type":"Feature","geometry":{"type":"Polygon","coordinates":[[[90.4149675,23.7451538],[90.4148516,23.7451445],[90.4148609,23.7450463],[90.4149769,23.7450555],[90.4149675,23.7451538]]]},"properties":{"sources":[{"property":"","dataset":"OpenStreetMap","license":"ODbL-1.0","record_id":"w390554821@1","update_time":"2019-01-09T21:23:33.000Z","confidence":null,"between":null,"provider":"osm","resource":"planet","version":"2026-09-06T00:00:00.000Z"}],"is_underground":false,"has_parts":false,"version":1}},
{"id":"47e7dc73-3a30-4ffd-a91b-13682857b17b","type":"Feature","geometry":{"type":"Polygon","coordinates":[[[90.4149749,23.7453179],[90.4148763,23.7453166],[90.4148783,23.7451865],[90.4149769,23.7451878],[90.4149749,23.7453179]]]},"properties":{"sources":[{"property":"","dataset":"OpenStreetMap","license":"ODbL-1.0","record_id":"w390554812@1","update_time":"2019-01-09T21:23:33.000Z","confidence":null,"between":null,"provider":"osm","resource":"planet","version":"2026-09-06T00:00:00.000Z"}],"is_underground":false,"has_parts":false,"version":1}},
{"id":"b61dcaf6-97e1-4e24-8d67-f5f81f2c3543","type":"Feature","geometry":{"type":"Polygon","coordinates":[[[90.4153431,23.7452056],[90.4154408,23.7452126],[90.4154315,23.7453211],[90.4153339,23.7453142],[90.4153431,23.7452056]]]},"properties":{"sources":[{"property":"","dataset":"OpenStreetMap","license":"ODbL-1.0","record_id":"w827347175@1","update_time":"2022-12-03T06:59:24.000Z","confidence":null,"between":null,"provider":"osm","resource":"planet","version":"2026-09-06T00:00:00.000Z"}],"is_underground":false,"has_parts":false,"version":1}},
{"id":"17b33802-f0f7-4096-846a-32e7cc41cf3f","type":"Feature","geometry":{"type":"Polygon","coordinates":[[[90.4153633,23.7451969],[90.4153808,23.7451221],[90.415501,23.7451862],[90.4153633,23.7451969]]]},"properties":{"sources":[{"property":"","dataset":"OpenStreetMap","license":"ODbL-1.0","record_id":"w1425728183@1","update_time":"2025-08-29T03:46:45.000Z","confidence":null,"between":null,"provider":"osm","resource":"planet","version":"2026-09-06T00:00:00.000Z"}],"is_underground":false,"has_parts":false,"version":1}},
{"id":"06c73bf0-d0aa-4a2d-8e18-26d0c0ef257d","type":"Feature","geometry":{"type":"Polygon","coordinates":[[[90.4157677,23.7451961],[90.4156737,23.7451849],[90.4156819,23.7451266],[90.4157759,23.7451378],[90.4157677,23.7451961]]]},"properties":{"sources":[{"property":"","dataset":"OpenStreetMap","license":"ODbL-1.0","record_id":"w505550908@1","update_time":"2019-01-09T21:23:34.000Z","confidence":null,"between":null,"provider":"osm","resource":"planet","version":"2026-09-06T00:00:00.000Z"}],"is_underground":false,"has_parts":false,"version":1}},
{"id":"cd6cbcbd-a14c-4a77-b26e-4390b0cb1c7e","type":"Feature","geometry":{"type":"Polygon","coordinates":[[[90.4157631,23.7449784],[90.4156876,23.7449685],[90.4157046,23.7448895],[90.4157724,23.7448994],[90.4157631,23.7449784]]]},"properties":{"sources":[{"property":"","dataset":"OpenStreetMap","license":"ODbL-1.0","record_id":"w390555482@1","update_time":"2017-07-06T10:22:06.000Z","confidence":null,"between":null,"provider":"osm","resource":"planet","version":"2026-09-06T00:00:00.000Z"}],"is_underground":false,"has_parts":false,"version":1}},
{"id":"7924edb2-b6b6-432f-91fb-7e06196baf79","type":"Feature","geometry":{"type":"Polygon","coordinates":[[[90.4157964,23.7448024],[90.4157153,23.7447973],[90.4157118,23.7447112],[90.415797,23.7447116],[90.4157964,23.7448024]]]},"properties":{"sources":[{"property":"","dataset":"OpenStreetMap","license":"ODbL-1.0","record_id":"w390555488@1","update_time":"2017-07-06T10:22:07.000Z","confidence":null,"between":null,"provider":"osm","resource":"planet","version":"2026-09-06T00:00:00.000Z"}],"is_underground":false,"has_parts":false,"version":1}},
{"id":"882f8720-8f0a-44c0-918b-4467f86daccc","type":"Feature","geometry":{"type":"Polygon","coordinates":[[[90.4157652,23.7448706],[90.4157082,23.7448691],[90.4157144,23.7448029],[90.4157683,23.7448029],[90.4157652,23.7448706]]]},"properties":{"sources":[{"property":"","dataset":"OpenStreetMap","license":"ODbL-1.0","record_id":"w390555437@1","update_time":"2017-07-06T10:22:06.000Z","confidence":null,"between":null,"provider":"osm","resource":"planet","version":"2026-09-06T00:00:00.000Z"}],"is_underground":false,"has_parts":false,"version":1}},
{"id":"6f9d3a1f-3ccc-47ce-8f32-a3faf6ec2f24","type":"Feature","geometry":{"type":"Polygon","coordinates":[[[90.4156418,23.7448102],[90.4155724,23.7448085],[90.4155758,23.7446903],[90.4156452,23.744692],[90.4156418,23.7448102]]]},"properties":{"sources":[{"property":"","dataset":"OpenStreetMap","license":"ODbL-1.0","record_id":"w390555435@1","update_time":"2017-07-06T10:22:06.000Z","confidence":null,"between":null,"provider":"osm","resource":"planet","version":"2026-09-06T00:00:00.000Z"}],"is_underground":false,"has_parts":false,"version":1}},
{"id":"13e7c02d-49cf-4634-9749-4ec358ec45ef","type":"Feature","geometry":{"type":"Polygon","coordinates":[[[90.4156544,23.7449227],[90.4155773,23.7449241],[90.4155804,23.7448663],[90.4156513,23.7448578],[90.4156544,23.7449227]]]},"properties":{"sources":[{"property":"","dataset":"OpenStreetMap","license":"ODbL-1.0","record_id":"w390555428@1","update_time":"2017-07-06T10:22:05.000Z","confidence":null,"between":null,"provider":"osm","resource":"planet","version":"2026-09-06T00:00:00.000Z"}],"is_underground":false,"has_parts":false,"version":1}},
{"id":"c871d327-3fc9-49f1-96a7-4faf4c109ae8","type":"Feature","geometry":{"type":"Polygon","coordinates":[[[90.4156383,23.7449714],[90.4155822,23.7449702],[90.4155832,23.7449328],[90.4156393,23.744934],[90.4156383,23.7449714]]]},"properties":{"sources":[{"property":"","dataset":"OpenStreetMap","license":"ODbL-1.0","record_id":"w1425755151@1","update_time":"2025-08-29T08:13:24.000Z","confidence":null,"between":null,"provider":"osm","resource":"planet","version":"2026-09-06T00:00:00.000Z"}],"is_underground":false,"has_parts":false,"version":1}},
{"id":"f7957941-8eab-453a-b437-8b3a84278737","type":"Feature","geometry":{"type":"Polygon","coordinates":[[[90.4155151,23.7450995],[90.415348,23.7450973],[90.4153497,23.7449886],[90.4155168,23.7449908],[90.4155151,23.7450995]]]},"properties":{"sources":[{"property":"","dataset":"OpenStreetMap","license":"ODbL-1.0","record_id":"w505550911@1","update_time":"2019-01-09T21:23:34.000Z","confidence":null,"between":null,"provider":"osm","resource":"planet","version":"2026-09-06T00:00:00.000Z"}],"is_underground":false,"has_parts":false,"version":1}},
{"id":"6c122b1c-eef2-4f62-ba26-59ac9bb5af72","type":"Feature","geometry":{"type":"Polygon","coordinates":[[[90.41556,23.7448154],[90.4154476,23.7448149],[90.4154482,23.744692],[90.4155607,23.7446925],[90.41556,23.7448154]]]},"properties":{"sources":[{"property":"","dataset":"OpenStreetMap","license":"ODbL-1.0","record_id":"w390555419@1","update_time":"2017-07-06T10:22:06.000Z","confidence":null,"between":null,"provider":"osm","resource":"planet","version":"2026-09-06T00:00:00.000Z"}],"is_underground":false,"has_parts":false,"version":1}},
{"id":"6e09917c-7193-493d-8379-da6a91beab97","type":"Feature","geometry":{"type":"Polygon","coordinates":[[[90.4154829,23.7448689],[90.4154191,23.7448676],[90.41542,23.744831],[90.4154838,23.7448323],[90.4154829,23.7448689]]]},"properties":{"sources":[{"property":"","dataset":"OpenStreetMap","license":"ODbL-1.0","record_id":"w1425700361@1","update_time":"2025-08-29T00:28:56.000Z","confidence":null,"between":null,"provider":"osm","resource":"planet","version":"2026-09-06T00:00:00.000Z"}],"is_underground":false,"has_parts":false,"version":1}},
{"id":"3edd19bc-b0e4-4a40-a73d-f27f926ceb53","type":"Feature","geometry":{"type":"Polygon","coordinates":[[[90.4155738,23.7449233],[90.4154995,23.7449249],[90.4154982,23.7448731],[90.4155725,23.7448715],[90.4155738,23.7449233]]]},"properties":{"sources":[{"property":"","dataset":"OpenStreetMap","license":"ODbL-1.0","record_id":"w390555423@1","update_time":"2017-07-06T10:22:05.000Z","confidence":null,"between":null,"provider":"osm","resource":"planet","version":"2026-09-06T00:00:00.000Z"}],"is_underground":false,"has_parts":false,"version":1}},
{"id":"8dcc2bb6-7393-4327-818c-6e4ab7506187","type":"Feature","geometry":{"type":"Polygon","coordinates":[[[90.4154502,23.7446533],[90.4153662,23.7446524],[90.4153676,23.7445391],[90.4155606,23.7445411],[90.4155592,23.7446533],[90.4154985,23.7446527],[90.4154983,23.7446697],[90.4154501,23.7446692],[90.4154502,23.7446533]]]},"properties":{"sources":[{"property":"","dataset":"OpenStreetMap","license":"ODbL-1.0","record_id":"w390555325@2","update_time":"2017-07-06T10:22:12.000Z","confidence":null,"between":null,"provider":"osm","resource":"planet","version":"2026-09-06T00:00:00.000Z"}],"is_underground":false,"has_parts":false,"version":1}},
{"id":"0727ef07-49cb-44b9-8073-2808acccfeb3","type":"Feature","geometry":{"type":"Polygon","coordinates":[[[90.4154976,23.7445058],[90.4153823,23.7445046],[90.415393,23.7444027],[90.4155016,23.7444113],[90.4154976,23.7445058]]]},"properties":{"sources":[{"property":"","dataset":"OpenStreetMap","license":"ODbL-1.0","record_id":"w390555313@1","update_time":"2017-07-06T10:49:01.000Z","confidence":null,"between":null,"provider":"osm","resource":"planet","version":"2026-09-06T00:00:00.000Z"}],"is_underground":false,"has_parts":false,"version":1}},
{"id":"2e62e508-fb21-4be3-b342-6729b2e8f530","type":"Feature","geometry":{"type":"Polygon","coordinates":[[[90.4156719,23.7444483],[90.4156204,23.7444502],[90.4156172,23.7443791],[90.4156686,23.7443772],[90.4156719,23.7444483]]]},"properties":{"sources":[{"property":"","dataset":"OpenStreetMap","license":"ODbL-1.0","record_id":"w390555382@1","update_time":"2017-07-06T10:22:05.000Z","confidence":null,"between":null,"provider":"osm","resource":"planet","version":"2026-09-06T00:00:00.000Z"}],"is_underground":false,"has_parts":false,"version":1}},
{"id":"40d4f6c0-4c31-4b34-bfcc-e4d1af4b53d8","type":"Feature","geometry":{"type":"Polygon","coordinates":[[[90.4155957,23.7445076],[90.4155451,23.7445059],[90.4155487,23.7444146],[90.4155993,23.7444163],[90.4155957,23.7445076]]]},"properties":{"sources":[{"property":"","dataset":"OpenStreetMap","license":"ODbL-1.0","record_id":"w390555338@1","update_time":"2017-07-06T10:22:06.000Z","confidence":null,"between":null,"provider":"osm","resource":"planet","version":"2026-09-06T00:00:00.000Z"}],"is_underground":false,"has_parts":false,"version":1}},
{"id":"b43602de-a02f-47c1-8a33-ce13c457b923","type":"Feature","geometry":{"type":"Polygon","coordinates":[[[90.4157116,23.7446197],[90.4155905,23.7446201],[90.4155901,23.7445308],[90.4156441,23.7445307],[90.4156438,23.7444705],[90.415711,23.7444703],[90.4157116,23.7446197]]]},"properties":{"sources":[{"property":"","dataset":"OpenStreetMap","license":"ODbL-1.0","record_id":"w505550909@1","update_time":"2017-07-06T10:22:02.000Z","confidence":null,"between":null,"provider":"osm","resource":"planet","version":"2026-09-06T00:00:00.000Z"}],"is_underground":false,"has_parts":false,"version":1}},
{"id":"14b89a54-02fc-4431-8d64-1cf572fc6062","type":"Feature","geometry":{"type":"Polygon","coordinates":[[[90.415833,23.7447068],[90.4157409,23.744705],[90.415742,23.7446606],[90.4158341,23.7446624],[90.415833,23.7447068]]]},"properties":{"sources":[{"property":"","dataset":"OpenStreetMap","license":"ODbL-1.0","record_id":"w390555442@1","update_time":"2017-07-06T10:22:06.000Z","confidence":null,"between":null,"provider":"osm","resource":"planet","version":"2026-09-06T00:00:00.000Z"}],"is_underground":false,"has_parts":false,"version":1}},
{"id":"6cf7c70d-d22c-4f7c-9ebf-858d55c9e1b2","type":"Feature","geometry":{"type":"Polygon","coordinates":[[[90.4158328,23.7446224],[90.4157327,23.744622],[90.4157333,23.7444962],[90.4158334,23.7444966],[90.4158328,23.7446224]]]},"properties":{"sources":[{"property":"","dataset":"OpenStreetMap","license":"ODbL-1.0","record_id":"w390555328@1","update_time":"2017-07-06T10:22:05.000Z","confidence":null,"between":null,"provider":"osm","resource":"planet","version":"2026-09-06T00:00:00.000Z"}],"is_underground":false,"has_parts":false,"version":1}},
{"id":"a40cfad0-4668-4bb7-aa93-317c2f1031b4","type":"Feature","geometry":{"type":"Polygon","coordinates":[[[90.4155646,23.7442511],[90.4155934,23.7442523],[90.4155899,23.7443193],[90.4155611,23.744318],[90.4155646,23.7442511]]]},"properties":{"sources":[{"property":"","dataset":"Google Open Buildings","license":null,"record_id":"7MMGPCV8+P68F","update_time":"2023-05-01T00:00:00.000Z","confidence":0.6829,"between":null,"provider":"google","resource":"open_buildings","version":"2024-04-16"}],"is_underground":false,"has_parts":false,"version":1}},
{"id":"5d3458f2-14af-46df-9dec-23f63d9e1043","type":"Feature","geometry":{"type":"Polygon","coordinates":[[[90.4157133,23.7441048],[90.4155781,23.7441022],[90.4155821,23.7439291],[90.4157173,23.7439317],[90.4157133,23.7441048]]]},"properties":{"sources":[{"property":"","dataset":"OpenStreetMap","license":"ODbL-1.0","record_id":"w505555834@1","update_time":"2017-07-06T10:48:58.000Z","confidence":null,"between":null,"provider":"osm","resource":"planet","version":"2026-09-06T00:00:00.000Z"}],"is_underground":false,"has_parts":false,"version":1}},
{"id":"3eb20943-59bc-4194-b46a-e3901a04be88","type":"Feature","geometry":{"type":"Polygon","coordinates":[[[90.4157756,23.7438642],[90.4156398,23.7438628],[90.4156438,23.7435461],[90.4157796,23.7435475],[90.4157756,23.7438642]]]},"properties":{"sources":[{"property":"","dataset":"OpenStreetMap","license":"ODbL-1.0","record_id":"w505550879@1","update_time":"2017-07-06T10:22:00.000Z","confidence":null,"between":null,"provider":"osm","resource":"planet","version":"2026-09-06T00:00:00.000Z"}],"is_underground":false,"has_parts":false,"version":1}},
{"id":"ca1a7bbf-049d-4c9b-840c-3b0c108f9211","type":"Feature","geometry":{"type":"Polygon","coordinates":[[[90.4155202,23.74387],[90.4154467,23.7438717],[90.4154446,23.7437993],[90.4155181,23.7437975],[90.4155202,23.74387]]]},"properties":{"sources":[{"property":"","dataset":"OpenStreetMap","license":"ODbL-1.0","record_id":"w1425913782@1","update_time":"2025-08-29T19:05:29.000Z","confidence":null,"between":null,"provider":"osm","resource":"planet","version":"2026-09-06T00:00:00.000Z"}],"is_underground":false,"has_parts":false,"version":1}},
{"id":"dc424d04-bd05-4f2a-8264-3e89fa4979eb","type":"Feature","geometry":{"type":"Polygon","coordinates":[[[90.4154798,23.7437548],[90.4152812,23.7437484],[90.4152873,23.7435878],[90.4153028,23.7435883],[90.4153057,23.7435104],[90.415489,23.7435163],[90.4154798,23.7437548]]]},"properties":{"sources":[{"property":"","dataset":"OpenStreetMap","license":"ODbL-1.0","record_id":"w505550878@1","update_time":"2021-05-30T03:01:44.000Z","confidence":null,"between":null,"provider":"osm","resource":"planet","version":"2026-09-06T00:00:00.000Z"}],"is_underground":false,"has_parts":false,"version":1}},
{"id":"f904ef0c-c119-4a2f-8c73-ad2ba93b72fb","type":"Feature","geometry":{"type":"Polygon","coordinates":[[[90.415555,23.7441176],[90.4154802,23.7441193],[90.4154748,23.7439266],[90.4155496,23.7439249],[90.415555,23.7441176]]]},"properties":{"sources":[{"property":"","dataset":"OpenStreetMap","license":"ODbL-1.0","record_id":"w505555833@1","update_time":"2017-07-06T10:48:58.000Z","confidence":null,"between":null,"provider":"osm","resource":"planet","version":"2026-09-06T00:00:00.000Z"}],"is_underground":false,"has_parts":false,"version":1}},
{"id":"302b7266-6ac0-4f3a-a9f3-30b94985f7a7","type":"Feature","geometry":{"type":"Polygon","coordinates":[[[90.4155479,23.7443453],[90.4152596,23.7443477],[90.4152583,23.7442213],[90.4155466,23.7442188],[90.4155479,23.7443453]]]},"properties":{"sources":[{"property":"","dataset":"OpenStreetMap","license":"ODbL-1.0","record_id":"w390555282@1","update_time":"2021-10-11T05:55:26.000Z","confidence":null,"between":null,"provider":"osm","resource":"planet","version":"2026-09-06T00:00:00.000Z"}],"is_underground":false,"has_parts":false,"version":1}},
{"id":"8e9ca0af-c855-41a7-8423-9948c69f2f64","type":"Feature","geometry":{"type":"Polygon","coordinates":[[[90.4154682,23.7441492],[90.4151383,23.7441374],[90.4151426,23.7440362],[90.4154725,23.744048],[90.4154682,23.7441492]]]},"properties":{"sources":[{"property":"","dataset":"OpenStreetMap","license":"ODbL-1.0","record_id":"w505555832@1","update_time":"2017-07-06T10:48:58.000Z","confidence":null,"between":null,"provider":"osm","resource":"planet","version":"2026-09-06T00:00:00.000Z"}],"is_underground":false,"has_parts":false,"version":1}},
{"id":"94edf7e2-7e61-47d4-bd0c-b6180f5561a9","type":"Feature","geometry":{"type":"Polygon","coordinates":[[[90.4151996,23.7440296],[90.4151493,23.7440278],[90.4151507,23.7439917],[90.4152011,23.7439934],[90.4151996,23.7440296]]]},"properties":{"sources":[{"property":"","dataset":"OpenStreetMap","license":"ODbL-1.0","record_id":"w1425755173@1","update_time":"2025-08-29T08:13:24.000Z","confidence":null,"between":null,"provider":"osm","resource":"planet","version":"2026-09-06T00:00:00.000Z"}],"is_underground":false,"has_parts":false,"version":1}},
{"id":"a72d250b-f483-45e4-bfcc-4bca85ce8add","type":"Feature","geometry":{"type":"Polygon","coordinates":[[[90.4149256,23.7444183],[90.4147231,23.7443874],[90.4147645,23.7441592],[90.4149671,23.74419],[90.4149256,23.7444183]]]},"properties":{"sources":[{"property":"","dataset":"OpenStreetMap","license":"ODbL-1.0","record_id":"w390555167@1","update_time":"2021-10-11T05:55:26.000Z","confidence":null,"between":null,"provider":"osm","resource":"planet","version":"2026-09-06T00:00:00.000Z"}],"is_underground":false,"has_parts":false,"version":1}},
{"id":"06a73c3f-b461-4081-82f6-1d9bcd6d9893","type":"Feature","geometry":{"type":"Polygon","coordinates":[[[90.4149888,23.7440253],[90.4149106,23.7440236],[90.4149118,23.7439781],[90.41499,23.7439798],[90.4149888,23.7440253]]]},"properties":{"sources":[{"property":"","dataset":"OpenStreetMap","license":"ODbL-1.0","record_id":"w1425755174@1","update_time":"2025-08-29T08:13:24.000Z","confidence":null,"between":null,"provider":"osm","resource":"planet","version":"2026-09-06T00:00:00.000Z"}],"is_underground":false,"has_parts":false,"version":1}},
{"id":"2759cd68-f7b5-4684-926d-0b026a3fbb57","type":"Feature","geometry":{"type":"Polygon","coordinates":[[[90.4151333,23.7441002],[90.4149984,23.7440951],[90.4150071,23.7439018],[90.415142,23.7439069],[90.4151333,23.7441002]]]},"properties":{"sources":[{"property":"","dataset":"OpenStreetMap","license":"ODbL-1.0","record_id":"w505555831@1","update_time":"2017-07-06T10:48:58.000Z","confidence":null,"between":null,"provider":"osm","resource":"planet","version":"2026-09-06T00:00:00.000Z"}],"is_underground":false,"has_parts":false,"version":1}},
{"id":"ab9402c4-5e55-41ed-b5aa-ee0c86c29859","type":"Feature","geometry":{"type":"Polygon","coordinates":[[[90.4149917,23.7438717],[90.4149462,23.7438102],[90.4150186,23.7437557],[90.4150842,23.7438145],[90.4149917,23.7438717]]]},"properties":{"sources":[{"property":"","dataset":"OpenStreetMap","license":"ODbL-1.0","record_id":"w1085111534@1","update_time":"2022-08-09T14:43:48.000Z","confidence":null,"between":null,"provider":"osm","resource":"planet","version":"2026-09-06T00:00:00.000Z"}],"is_underground":false,"has_parts":false,"version":1}},
{"id":"f40e055b-5d03-45ef-9096-1818afefa1ff","type":"Feature","geometry":{"type":"Polygon","coordinates":[[[90.4148201,23.7439031],[90.4149194,23.7438358],[90.4149707,23.7439063],[90.4148808,23.7439437],[90.4148201,23.7439031]]]},"properties":{"sources":[{"property":"","dataset":"OpenStreetMap","license":"ODbL-1.0","record_id":"w1085111535@1","update_time":"2022-08-09T14:43:48.000Z","confidence":null,"between":null,"provider":"osm","resource":"planet","version":"2026-09-06T00:00:00.000Z"}],"is_underground":false,"has_parts":false,"version":1}},
{"id":"fed063b8-a2a9-4efb-8ca0-925d806d9db2","type":"Feature","geometry":{"type":"Polygon","coordinates":[[[90.4151771,23.7438479],[90.4151187,23.7438463],[90.41512,23.7438047],[90.4151785,23.7438062],[90.4151771,23.7438479]]]},"properties":{"sources":[{"property":"","dataset":"OpenStreetMap","license":"ODbL-1.0","record_id":"w1425913783@1","update_time":"2025-08-29T19:05:29.000Z","confidence":null,"between":null,"provider":"osm","resource":"planet","version":"2026-09-06T00:00:00.000Z"}],"is_underground":false,"has_parts":false,"version":1}},
{"id":"a4d9d594-f5a3-41a1-986b-a9e31c50e7e9","type":"Feature","geometry":{"type":"Polygon","coordinates":[[[90.4152226,23.743893],[90.415175,23.7438994],[90.4151695,23.7438646],[90.4152171,23.7438583],[90.4152226,23.743893]]]},"properties":{"sources":[{"property":"","dataset":"OpenStreetMap","license":"ODbL-1.0","record_id":"w1425913779@1","update_time":"2025-08-29T19:05:29.000Z","confidence":null,"between":null,"provider":"osm","resource":"planet","version":"2026-09-06T00:00:00.000Z"}],"is_underground":false,"has_parts":false,"version":1}},
{"id":"e7fb61f4-c3e5-43ae-99e0-5b13ed129a91","type":"Feature","geometry":{"type":"Polygon","coordinates":[[[90.4153327,23.743107],[90.4149457,23.7433926],[90.4148602,23.7432956],[90.4152473,23.74301],[90.4153327,23.743107]]]},"properties":{"sources":[{"property":"","dataset":"OpenStreetMap","license":"ODbL-1.0","record_id":"w506022993@2","update_time":"2021-10-11T05:55:26.000Z","confidence":null,"between":null,"provider":"osm","resource":"planet","version":"2026-09-06T00:00:00.000Z"}],"is_underground":false,"num_floors":5,"has_parts":false,"version":1}},
{"id":"25673793-4317-4347-be4a-4edaa1d11aa1","type":"Feature","geometry":{"type":"Polygon","coordinates":[[[90.4153117,23.7427684],[90.4153181,23.7427928],[90.4152536,23.7428073],[90.4152472,23.7427829],[90.4153117,23.7427684]]]},"properties":{"sources":[{"property":"","dataset":"Google Open Buildings","license":null,"record_id":"7MMGPCV8+447C","update_time":"2023-05-01T00:00:00.000Z","confidence":0.6532,"between":null,"provider":"google","resource":"open_buildings","version":"2024-04-16"}],"is_underground":false,"has_parts":false,"version":1}},
{"id":"ea5d585b-670d-4c7d-b97c-64b6b861224e","type":"Feature","geometry":{"type":"Polygon","coordinates":[[[90.4156786,23.743501],[90.4155258,23.743494],[90.4155513,23.7433835],[90.4157081,23.7432469],[90.4156786,23.743501]]]},"properties":{"sources":[{"property":"","dataset":"OpenStreetMap","license":"ODbL-1.0","record_id":"w505555830@1","update_time":"2021-05-30T03:01:44.000Z","confidence":null,"between":null,"provider":"osm","resource":"planet","version":"2026-09-06T00:00:00.000Z"}],"is_underground":false,"has_parts":false,"version":1}},
{"id":"db0d4d16-64d8-4e1b-a3dd-3d287adbd927","type":"Feature","geometry":{"type":"Polygon","coordinates":[[[90.4157594,23.7434495],[90.4157312,23.7434448],[90.4157396,23.743402],[90.4157678,23.7434066],[90.4157594,23.7434495]]]},"properties":{"sources":[{"property":"","dataset":"OpenStreetMap","license":"ODbL-1.0","record_id":"w1425755157@1","update_time":"2025-08-29T08:13:24.000Z","confidence":null,"between":null,"provider":"osm","resource":"planet","version":"2026-09-06T00:00:00.000Z"}],"is_underground":false,"has_parts":false,"version":1}},
{"id":"c212af37-1d6c-4d39-9b8e-4c1e490fbc6a","type":"Feature","geometry":{"type":"Polygon","coordinates":[[[90.4158255,23.7432963],[90.4157521,23.7432898],[90.4157636,23.7431918],[90.4158078,23.7431748],[90.4158255,23.7432963]]]},"properties":{"sources":[{"property":"","dataset":"OpenStreetMap","license":"ODbL-1.0","record_id":"w1085100469@1","update_time":"2022-08-09T13:54:36.000Z","confidence":null,"between":null,"provider":"osm","resource":"planet","version":"2026-09-06T00:00:00.000Z"}],"is_underground":false,"has_parts":false,"version":1}},
{"id":"18fa4d52-b8d0-4709-81a3-9f66126bab64","type":"Feature","geometry":{"type":"Polygon","coordinates":[[[90.4154144,23.7430848],[90.4153107,23.7429696],[90.4157759,23.7426188],[90.4158796,23.742734],[90.4154144,23.7430848]]]},"properties":{"sources":[{"property":"","dataset":"OpenStreetMap","license":"ODbL-1.0","record_id":"w506022992@2","update_time":"2021-10-11T05:55:26.000Z","confidence":null,"between":null,"provider":"osm","resource":"planet","version":"2026-09-06T00:00:00.000Z"}],"is_underground":false,"num_floors":5,"has_parts":false,"version":1}},
{"id":"f9e87447-38ed-4c94-9e77-cf335f64b2e5","type":"Feature","geometry":{"type":"Polygon","coordinates":[[[90.4156545,23.7425421],[90.415689,23.742592899999998],[90.4156045,23.7426416],[90.4155699,23.7425908],[90.4156545,23.7425421]]]},"properties":{"sources":[{"property":"","dataset":"Google Open Buildings","license":null,"record_id":"7MMGPCV8+27JJ","update_time":"2023-05-01T00:00:00.000Z","confidence":0.821,"between":null,"provider":"google","resource":"open_buildings","version":"2024-04-16"}],"is_underground":false,"has_parts":false,"version":1}},
{"id":"6ef81b87-2882-4120-b64f-c5a3e1a11b59","type":"Feature","geometry":{"type":"Polygon","coordinates":[[[90.4153076,23.7426517],[90.4152907,23.7423638],[90.4155462,23.7423512],[90.4155631,23.7426391],[90.4153076,23.7426517]]]},"properties":{"names":{"primary":"রাজারবাগ পুলিশ লাইন জামে মসজিদ","common":[["en","Rajarbagh Police line Jame Masjid"]],"rules":null},"sources":[{"property":"","dataset":"OpenStreetMap","license":"ODbL-1.0","record_id":"w222332699@4","update_time":"2021-09-17T21:39:26.000Z","confidence":null,"between":null,"provider":"osm","resource":"planet","version":"2026-09-06T00:00:00.000Z"}],"is_underground":false,"subtype":"religious","has_parts":false,"version":1}},
{"id":"10314246-4e13-438a-9535-1733f3b7470d","type":"Feature","geometry":{"type":"Polygon","coordinates":[[[90.415596,23.7419157],[90.415552,23.7419575],[90.4155202,23.7419292],[90.4155642,23.7418874],[90.415596,23.7419157]]]},"properties":{"sources":[{"property":"","dataset":"Google Open Buildings","license":null,"record_id":"7MMGPCR8+Q67X","update_time":"2023-05-01T00:00:00.000Z","confidence":0.8014,"between":null,"provider":"google","resource":"open_buildings","version":"2024-04-16"}],"is_underground":false,"has_parts":false,"version":1}},
{"id":"861bce97-65a0-4ae9-b534-db433547ba8b","type":"Feature","geometry":{"type":"Polygon","coordinates":[[[90.4151355,23.7415688],[90.4151791,23.7416154],[90.4151551,23.7416345],[90.4151114,23.741588],[90.4151355,23.7415688]]]},"properties":{"sources":[{"property":"","dataset":"Google Open Buildings","license":null,"record_id":"7MMGPCR8+J3R4","update_time":"2023-05-01T00:00:00.000Z","confidence":0.6615,"between":null,"provider":"google","resource":"open_buildings","version":"2024-04-16"}],"is_underground":false,"has_parts":false,"version":1}},
{"id":"24b79abe-fc1d-45a2-bd6b-83f0abf60980","type":"Feature","geometry":{"type":"Polygon","coordinates":[[[90.4149647,23.7416171],[90.4152022,23.7417432],[90.4151928,23.7417581],[90.4151997,23.7417617],[90.4151792,23.741794],[90.4151711,23.7417896],[90.4151545,23.7418159],[90.415142,23.7418093],[90.4151349,23.7418206],[90.4150992,23.7418017],[90.4151063,23.7417906],[90.4150821,23.7417778],[90.4150748,23.7417894],[90.4150434,23.7417728],[90.4150574,23.7417505],[90.4150526,23.741748],[90.4150693,23.7417216],[90.4150536,23.7417132],[90.4150369,23.7417396],[90.4150309,23.7417365],[90.4150174,23.7417578],[90.4149883,23.7417424],[90.414997,23.7417287],[90.4149709,23.7417149],[90.4149627,23.7417278],[90.414935,23.7417131],[90.4149457,23.7416961],[90.4149225,23.7416838],[90.4149647,23.7416171]]]},"properties":{"sources":[{"property":"","dataset":"OpenStreetMap","license":"ODbL-1.0","record_id":"w982406650@2","update_time":"2021-09-13T06:56:29.000Z","confidence":null,"between":null,"provider":"osm","resource":"planet","version":"2026-09-06T00:00:00.000Z"}],"is_underground":false,"num_floors":5,"subtype":"residential","class":"apartments","has_parts":false,"version":1}},
{"id":"28e1c886-8672-45c5-80af-d41b233bda45","type":"Feature","geometry":{"type":"Polygon","coordinates":[[[90.4149525,23.7420958],[90.4151998,23.7422047],[90.4151917,23.7422202],[90.4151989,23.7422233],[90.4151812,23.7422569],[90.4151727,23.7422532],[90.4151584,23.7422806],[90.4151454,23.7422749],[90.4151392,23.7422867],[90.4151021,23.7422704],[90.4151082,23.7422588],[90.4150831,23.7422478],[90.4150768,23.7422598],[90.415044,23.7422454],[90.4150561,23.7422223],[90.4150511,23.7422201],[90.4150656,23.7421925],[90.4150491,23.7421853],[90.4150347,23.7422129],[90.4150285,23.7422101],[90.4150168,23.7422324],[90.4149866,23.7422191],[90.414994,23.7422048],[90.4149668,23.7421928],[90.4149597,23.7422063],[90.4149309,23.7421936],[90.4149402,23.7421759],[90.414916,23.7421653],[90.4149525,23.7420958]]]},"properties":{"sources":[{"property":"","dataset":"OpenStreetMap","license":"ODbL-1.0","record_id":"w982406652@2","update_time":"2025-01-28T10:51:19.000Z","confidence":null,"between":null,"provider":"osm","resource":"planet","version":"2026-09-06T00:00:00.000Z"}],"is_underground":false,"num_floors":5,"subtype":"residential","class":"apartments","has_parts":false,"version":1}},
{"id":"3d4c0f0c-68a9-417b-a8ab-d60415d76eb0","type":"Feature","geometry":{"type":"Polygon","coordinates":[[[90.4151655,23.74197],[90.4154095,23.742085199999998],[90.4154009,23.7421004],[90.415408,23.7421038],[90.4153893,23.7421369],[90.4153809,23.742133],[90.4153658,23.7421599],[90.415353,23.7421539],[90.4153464,23.7421655],[90.4153098,23.7421483],[90.4153162,23.7421369],[90.4152915,23.7421252],[90.4152848,23.7421371],[90.4152525,23.7421219],[90.4152653,23.742099],[90.4152604,23.7420967],[90.4152756,23.7420696],[90.4152595,23.7420619],[90.4152442,23.7420891],[90.4152381,23.7420862],[90.4152257,23.7421081],[90.4151959,23.7420941],[90.4152038,23.74208],[90.4151769,23.7420673],[90.4151694,23.7420806],[90.415141,23.7420672],[90.4151508,23.7420497],[90.415127,23.7420385],[90.4151655,23.74197]]]},"properties":{"sources":[{"property":"","dataset":"OpenStreetMap","license":"ODbL-1.0","record_id":"w982406651@2","update_time":"2025-01-28T10:51:19.000Z","confidence":null,"between":null,"provider":"osm","resource":"planet","version":"2026-09-06T00:00:00.000Z"}],"is_underground":false,"num_floors":5,"subtype":"residential","class":"apartments","has_parts":false,"version":1}},
{"id":"b1946f63-841f-4243-9703-7ce6225f670f","type":"Feature","geometry":{"type":"Polygon","coordinates":[[[90.4150326,23.7424229],[90.4148724,23.742353],[90.4149129,23.7422752],[90.4150731,23.7423451],[90.4150326,23.7424229]]]},"properties":{"sources":[{"property":"","dataset":"OpenStreetMap","license":"ODbL-1.0","record_id":"w450086228@2","update_time":"2025-01-28T10:51:19.000Z","confidence":null,"between":null,"provider":"osm","resource":"planet","version":"2026-09-06T00:00:00.000Z"}],"is_underground":false,"num_floors":5,"has_parts":false,"version":1}},
{"id":"d3eb32e0-251f-4ef0-8f51-c56bc14cfa48","type":"Feature","geometry":{"type":"Polygon","coordinates":[[[90.4148949,23.7425335],[90.414781,23.742808],[90.414697,23.7427788],[90.4148496,23.7424109],[90.4152201,23.7425397],[90.4151813,23.7426331],[90.4148949,23.7425335]]]},"properties":{"sources":[{"property":"","dataset":"OpenStreetMap","license":"ODbL-1.0","record_id":"w1354896806@1","update_time":"2025-01-28T10:47:41.000Z","confidence":null,"between":null,"provider":"osm","resource":"planet","version":"2026-09-06T00:00:00.000Z"}],"is_underground":false,"num_floors":1,"subtype":"agricultural","class":"stable","has_parts":false,"version":1}},
{"id":"277e2148-b879-4e66-9e55-bcea1ae44b32","type":"Feature","geometry":{"type":"Polygon","coordinates":[[[90.4147109,23.7425571],[90.4146063,23.7425316],[90.4146529,23.7423714],[90.4147575,23.7423969],[90.4147109,23.7425571]]]},"properties":{"sources":[{"property":"","dataset":"OpenStreetMap","license":"ODbL-1.0","record_id":"w450086155@4","update_time":"2023-08-28T15:05:13.000Z","confidence":null,"between":null,"provider":"osm","resource":"planet","version":"2026-09-06T00:00:00.000Z"}],"is_underground":false,"num_floors":5,"has_parts":false,"version":1}},
{"id":"e4013c3d-53b2-47d2-aa7f-1bfe09944f03","type":"Feature","geometry":{"type":"Polygon","coordinates":[[[90.414771,23.7423712],[90.4146881,23.7423555],[90.4147099,23.7422399],[90.4148149,23.7422503],[90.414771,23.7423712]]]},"properties":{"sources":[{"property":"","dataset":"OpenStreetMap","license":"ODbL-1.0","record_id":"w980138285@3","update_time":"2025-02-05T11:29:51.000Z","confidence":null,"between":null,"provider":"osm","resource":"planet","version":"2026-09-06T00:00:00.000Z"}],"is_underground":false,"num_floors":5,"subtype":"residential","class":"residential","has_parts":false,"version":1}},
{"id":"78906e10-b26d-4fb5-bb38-c9bf4ad06811","type":"Feature","geometry":{"type":"Polygon","coordinates":[[[90.4148157,23.7422351],[90.414721,23.7422237],[90.4147435,23.7420212],[90.4148735,23.7420285],[90.4148157,23.7422351]]]},"properties":{"names":{"primary":"Chameli","common":null,"rules":null},"sources":[{"property":"","dataset":"OpenStreetMap","license":"ODbL-1.0","record_id":"w450086234@3","update_time":"2023-08-17T17:17:09.000Z","confidence":null,"between":null,"provider":"osm","resource":"planet","version":"2026-09-06T00:00:00.000Z"}],"is_underground":false,"num_floors":6,"subtype":"residential","class":"apartments","has_parts":false,"version":1}},
{"id":"11355428-5a66-46e1-8a60-66ec7faa6184","type":"Feature","geometry":{"type":"Polygon","coordinates":[[[90.4146473,23.7421891],[90.4146175,23.7421867],[90.4146325,23.742028],[90.4147272,23.7420355],[90.4147146,23.7421683],[90.414685,23.742166],[90.4146838,23.7421784],[90.4146486,23.7421756],[90.4146473,23.7421891]]]},"properties":{"sources":[{"property":"","dataset":"OpenStreetMap","license":"ODbL-1.0","record_id":"w980138283@4","update_time":"2025-02-05T11:29:51.000Z","confidence":null,"between":null,"provider":"osm","resource":"planet","version":"2026-09-06T00:00:00.000Z"}],"is_underground":false,"num_floors":4,"subtype":"residential","class":"residential","has_parts":false,"version":1}},
{"id":"5ab99d83-a05f-4b56-9aaa-11d77bd53e54","type":"Feature","geometry":{"type":"Polygon","coordinates":[[[90.4144637,23.7421468],[90.4144619,23.7421716],[90.4143568,23.7421651],[90.4143694,23.7419953],[90.4143828,23.7419845],[90.4146124,23.7419983],[90.414623,23.742007],[90.4146172,23.7420849],[90.414485,23.7420767],[90.4144797,23.7421478],[90.4144637,23.7421468]]]},"properties":{"sources":[{"property":"","dataset":"OpenStreetMap","license":"ODbL-1.0","record_id":"w981325526@3","update_time":"2025-02-05T11:29:51.000Z","confidence":null,"between":null,"provider":"osm","resource":"planet","version":"2026-09-06T00:00:00.000Z"}],"is_underground":false,"num_floors":8,"subtype":"residential","class":"apartments","has_parts":false,"version":1}},
{"id":"b1741a95-48ed-4ec3-8fc8-2cb964284c3a","type":"Feature","geometry":{"type":"Polygon","coordinates":[[[90.4145968,23.7421842],[90.4144893,23.7421778],[90.4144954,23.7420913],[90.414603,23.7420976],[90.4145968,23.7421842]]]},"properties":{"sources":[{"property":"","dataset":"OpenStreetMap","license":"ODbL-1.0","record_id":"w981325527@2","update_time":"2023-08-28T15:05:13.000Z","confidence":null,"between":null,"provider":"osm","resource":"planet","version":"2026-09-06T00:00:00.000Z"}],"is_underground":false,"num_floors":2,"subtype":"residential","class":"residential","has_parts":false,"version":1}},
{"id":"f6bf9883-6012-4f07-8196-5ffc161d4b79","type":"Feature","geometry":{"type":"Polygon","coordinates":[[[90.4146487,23.7419806],[90.4146056,23.741979099999998],[90.4146062,23.7419651],[90.4144116,23.7419581],[90.4144144,23.7418938],[90.4144803,23.7418962],[90.414481,23.7418809],[90.4144266,23.7418789],[90.4144297,23.741807],[90.4145368,23.7418108],[90.4145335,23.7418895],[90.4145588,23.7418904],[90.414562,23.7418142],[90.4146343,23.7418167],[90.4146673,23.7417985],[90.414666,23.7418355],[90.4146789,23.7418359],[90.4146771,23.7418876],[90.4146128,23.7418856],[90.4146123,23.7418988],[90.4146728,23.7419006],[90.4146706,23.741962],[90.4146487,23.7419806]]]},"properties":{"sources":[{"property":"","dataset":"OpenStreetMap","license":"ODbL-1.0","record_id":"w981325525@4","update_time":"2025-02-05T11:29:51.000Z","confidence":null,"between":null,"provider":"osm","resource":"planet","version":"2026-09-06T00:00:00.000Z"}],"is_underground":false,"subtype":"residential","class":"apartments","has_parts":false,"version":1}},
{"id":"177916df-3edc-4995-bd11-a78e863f1f0c","type":"Feature","geometry":{"type":"Polygon","coordinates":[[[90.4143676,23.7422806],[90.4144013,23.7422819],[90.4143999,23.7423135],[90.4143662,23.7423122],[90.4143676,23.7422806]]]},"properties":{"sources":[{"property":"","dataset":"Google Open Buildings","license":null,"record_id":"7MMGPCR7+WQ6V","update_time":"2023-05-01T00:00:00.000Z","confidence":0.6839,"between":null,"provider":"google","resource":"open_buildings","version":"2024-04-16"}],"is_underground":false,"has_parts":false,"version":1}},
{"id":"b141a945-a761-4bac-b5fa-5566c86c4006","type":"Feature","geometry":{"type":"Polygon","coordinates":[[[90.4146657,23.7423242],[90.4144689,23.7422981],[90.4144817,23.7422175],[90.4146784,23.7422436],[90.4146657,23.7423242]]]},"properties":{"names":{"primary":"Prottasha Paradise","common":null,"rules":null},"sources":[{"property":"","dataset":"OpenStreetMap","license":"ODbL-1.0","record_id":"w450086337@3","update_time":"2021-09-09T18:12:23.000Z","confidence":null,"between":null,"provider":"osm","resource":"planet","version":"2026-09-06T00:00:00.000Z"}],"is_underground":false,"num_floors":6,"has_parts":false,"version":1}},
{"id":"159dcaa2-697f-4df6-b1f5-750a844e52f8","type":"Feature","geometry":{"type":"Polygon","coordinates":[[[90.4146362,23.7423368],[90.414616,23.7424347],[90.4144485,23.7424059],[90.4144686,23.7423079],[90.4146362,23.7423368]]]},"properties":{"sources":[{"property":"","dataset":"OpenStreetMap","license":"ODbL-1.0","record_id":"w450086340@3","update_time":"2023-08-28T15:05:13.000Z","confidence":null,"between":null,"provider":"osm","resource":"planet","version":"2026-09-06T00:00:00.000Z"}],"is_underground":false,"num_floors":4,"has_parts":false,"version":1}},
{"id":"2d3e76c8-f19d-4f9f-a524-67035ddea706","type":"Feature","geometry":{"type":"Polygon","coordinates":[[[90.4145909,23.7424435],[90.4145717,23.7425252],[90.414466,23.7425044],[90.4144751,23.742466],[90.4144383,23.7424588],[90.4144485,23.7424155],[90.4145909,23.7424435]]]},"properties":{"sources":[{"property":"","dataset":"OpenStreetMap","license":"ODbL-1.0","record_id":"w454879615@4","update_time":"2023-08-28T15:05:13.000Z","confidence":null,"between":null,"provider":"osm","resource":"planet","version":"2026-09-06T00:00:00.000Z"}],"is_underground":false,"num_floors":4,"has_parts":false,"version":1}},
{"id":"8fe8f9dd-9f22-42e1-b9ff-95ed88d6b77a","type":"Feature","geometry":{"type":"Polygon","coordinates":[[[90.4146692,23.7426159],[90.4146312,23.7427055],[90.4144625,23.7426455],[90.4145004,23.742556],[90.4146692,23.7426159]]]},"properties":{"sources":[{"property":"","dataset":"OpenStreetMap","license":"ODbL-1.0","record_id":"w450086150@2","update_time":"2021-09-09T18:12:23.000Z","confidence":null,"between":null,"provider":"osm","resource":"planet","version":"2026-09-06T00:00:00.000Z"}],"is_underground":false,"num_floors":5,"has_parts":false,"version":1}},
{"id":"0d83464e-9eb6-4f77-a851-ddd13f7b259d","type":"Feature","geometry":{"type":"Polygon","coordinates":[[[90.4144232,23.7426919],[90.4143603,23.7426684],[90.4144034,23.7425716],[90.4144663,23.742595],[90.4144232,23.7426919]]]},"properties":{"sources":[{"property":"","dataset":"OpenStreetMap","license":"ODbL-1.0","record_id":"w1456722283@1","update_time":"2025-12-07T17:00:57.000Z","confidence":null,"between":null,"provider":"osm","resource":"planet","version":"2026-09-06T00:00:00.000Z"}],"is_underground":false,"has_parts":false,"version":1}},
{"id":"a67e6ab5-182d-406d-9c97-1da14866a891","type":"Feature","geometry":{"type":"Polygon","coordinates":[[[90.4142469,23.7425483],[90.4142225,23.7425451],[90.4142473,23.7424187],[90.4143565,23.7424313],[90.4143526,23.742443],[90.4143451,23.7424641],[90.4143327,23.7424924],[90.4143181,23.7425175],[90.4143039,23.7425329],[90.4142832,23.742543],[90.4142659,23.7425463],[90.4142469,23.7425483]]]},"properties":{"sources":[{"property":"","dataset":"OpenStreetMap","license":"ODbL-1.0","record_id":"w980575476@4","update_time":"2026-02-27T20:59:15.000Z","confidence":null,"between":null,"provider":"osm","resource":"planet","version":"2026-09-06T00:00:00.000Z"}],"is_underground":false,"num_floors":1,"has_parts":false,"version":2}},
{"id":"e7ea1a84-9bc9-403e-b7c1-cb9cfc6cfb9f","type":"Feature","geometry":{"type":"Polygon","coordinates":[[[90.4141168,23.7424879],[90.4140853,23.7424845],[90.4140799,23.7425269],[90.4140148,23.7425199],[90.414032,23.7423851],[90.4140037,23.7423821],[90.4140181,23.7422695],[90.4140531,23.7422732],[90.4140624,23.742201],[90.4141067,23.7422057],[90.414105,23.7422189],[90.4141354,23.7422221],[90.4141315,23.7422524],[90.4141713,23.7422566],[90.4141627,23.7423238],[90.4142151,23.7423294],[90.414225,23.7422522],[90.4142618,23.7422561],[90.4142662,23.7422222],[90.4143721,23.7422335],[90.4143489,23.7424146],[90.4141292,23.742391],[90.4141168,23.7424879]]]},"properties":{"names":{"primary":"Sham Naz Heights","common":null,"rules":null},"sources":[{"property":"","dataset":"OpenStreetMap","license":"ODbL-1.0","record_id":"w1354896737@3","update_time":"2026-02-27T20:59:15.000Z","confidence":null,"between":null,"provider":"osm","resource":"planet","version":"2026-09-06T00:00:00.000Z"}],"is_underground":false,"num_floors":9,"subtype":"residential","class":"residential","has_parts":false,"version":2}},
{"id":"84e90cb2-2491-4f89-8ce7-f864bead4e3f","type":"Feature","geometry":{"type":"Polygon","coordinates":[[[90.4142159,23.7425431],[90.4141355,23.7425313],[90.414157,23.742408],[90.4142374,23.7424198],[90.4142159,23.7425431]]]},"properties":{"sources":[{"property":"","dataset":"OpenStreetMap","license":"ODbL-1.0","record_id":"w980575475@3","update_time":"2026-02-27T20:59:15.000Z","confidence":null,"between":null,"provider":"osm","resource":"planet","version":"2026-09-06T00:00:00.000Z"}],"is_underground":false,"num_floors":3,"subtype":"residential","class":"residential","has_parts":false,"version":2}},
{"id":"a79147bc-a602-48ad-8036-66d1b98ed83d","type":"Feature","geometry":{"type":"Polygon","coordinates":[[[90.4143164,23.7427089],[90.4142544,23.7427566],[90.4141447,23.7426371],[90.4142067,23.7425894],[90.4143164,23.7427089]]]},"properties":{"sources":[{"property":"","dataset":"OpenStreetMap","license":"ODbL-1.0","record_id":"w450086142@2","update_time":"2023-11-09T20:11:20.000Z","confidence":null,"between":null,"provider":"osm","resource":"planet","version":"2026-09-06T00:00:00.000Z"}],"is_underground":false,"num_floors":5,"has_parts":false,"version":1}},
{"id":"80b638ca-8973-40ae-ac98-69883204b7d9","type":"Feature","geometry":{"type":"Polygon","coordinates":[[[90.4139866,23.7421324],[90.413804,23.7421143],[90.4138154,23.7420182],[90.41398,23.7420345],[90.4139912,23.7420927],[90.4139866,23.7421324]]]},"properties":{"sources":[{"property":"","dataset":"OpenStreetMap","license":"ODbL-1.0","record_id":"w447716830@5","update_time":"2023-08-28T15:05:13.000Z","confidence":null,"between":null,"provider":"osm","resource":"planet","version":"2026-09-06T00:00:00.000Z"}],"is_underground":false,"num_floors":5,"has_parts":false,"version":1}},
{"id":"c82117f1-5072-4a11-8a30-9447994a9cc0","type":"Feature","geometry":{"type":"Polygon","coordinates":[[[90.4138133,23.7419995],[90.4138238,23.7418933],[90.413984,23.7419065],[90.4139731,23.7420167],[90.4139462,23.7420145],[90.4139477,23.7419999],[90.4139181,23.7419975],[90.4139171,23.742008],[90.4138133,23.7419995]]]},"properties":{"sources":[{"property":"","dataset":"OpenStreetMap","license":"ODbL-1.0","record_id":"w980619090@3","update_time":"2023-08-28T15:05:13.000Z","confidence":null,"between":null,"provider":"osm","resource":"planet","version":"2026-09-06T00:00:00.000Z"}],"is_underground":false,"num_floors":5,"subtype":"residential","class":"residential","has_parts":false,"version":1}},
{"id":"e30c6aea-8c64-420a-ae83-edba18480540","type":"Feature","geometry":{"type":"Polygon","coordinates":[[[90.4142302,23.7421264],[90.414252,23.7419729],[90.4142839,23.7419807],[90.4143502,23.7419886],[90.4143208,23.7421679],[90.4142925,23.7421758],[90.4142629,23.7421659],[90.4142415,23.7421528],[90.4142302,23.7421264]]]},"properties":{"names":{"primary":"Shwapnonir","common":null,"rules":null},"sources":[{"property":"","dataset":"OpenStreetMap","license":"ODbL-1.0","record_id":"w450086331@4","update_time":"2021-09-09T17:39:56.000Z","confidence":null,"between":null,"provider":"osm","resource":"planet","version":"2026-09-06T00:00:00.000Z"}],"is_underground":false,"num_floors":6,"subtype":"residential","class":"apartments","has_parts":false,"version":1}},
{"id":"787d1cb1-e051-4ccc-9428-3a2e2d28e745","type":"Feature","geometry":{"type":"Polygon","coordinates":[[[90.414377,23.7419745],[90.4142491,23.7419674],[90.4142554,23.741872],[90.4143833,23.7418791],[90.414377,23.7419745]]]},"properties":{"names":{"primary":"Shahporan Monjil","common":null,"rules":null},"sources":[{"property":"","dataset":"OpenStreetMap","license":"ODbL-1.0","record_id":"w454879609@3","update_time":"2025-02-05T11:29:51.000Z","confidence":null,"between":null,"provider":"osm","resource":"planet","version":"2026-09-06T00:00:00.000Z"}],"is_underground":false,"num_floors":5,"subtype":"residential","class":"apartments","has_parts":false,"version":1}},
{"id":"8034321d-98e8-492d-945f-b120f5e8349a","type":"Feature","geometry":{"type":"Polygon","coordinates":[[[90.4143858,23.7418744],[90.414255,23.7418683],[90.4142597,23.7417837],[90.4143905,23.7417898],[90.4143858,23.7418744]]]},"properties":{"names":{"primary":"Shahjalal Monjil","common":null,"rules":null},"sources":[{"property":"","dataset":"OpenStreetMap","license":"ODbL-1.0","record_id":"w454879610@3","update_time":"2025-02-05T11:29:51.000Z","confidence":null,"between":null,"provider":"osm","resource":"planet","version":"2026-09-06T00:00:00.000Z"}],"is_underground":false,"num_floors":5,"subtype":"residential","class":"apartments","has_parts":false,"version":1}},
{"id":"b9be9582-1d66-48ff-814b-923d1db0081c","type":"Feature","geometry":{"type":"Polygon","coordinates":[[[90.4142303,23.7415483],[90.4140856,23.7415371],[90.4141001,23.7413801],[90.4142425,23.7413912],[90.4142409,23.7414079],[90.4142315,23.7414071],[90.4142297,23.7414263],[90.4142402,23.7414271],[90.4142375,23.7414559],[90.4142283,23.7414552],[90.4142261,23.7414788],[90.4142353,23.7414796],[90.4142326,23.7415095],[90.414225,23.7415089],[90.4142233,23.7415268],[90.4142323,23.7415275],[90.4142303,23.7415483]]]},"properties":{"sources":[{"property":"","dataset":"OpenStreetMap","license":"ODbL-1.0","record_id":"w447360638@4","update_time":"2023-08-28T15:05:13.000Z","confidence":null,"between":null,"provider":"osm","resource":"planet","version":"2026-09-06T00:00:00.000Z"}],"is_underground":false,"subtype":"residential","class":"apartments","has_parts":false,"version":1}},
{"id":"ae51d2e9-0e7b-4a35-b8c2-28d22eb5b8d2","type":"Feature","geometry":{"type":"Polygon","coordinates":[[[90.4141641,23.7418423],[90.4140609,23.7418341],[90.4140838,23.7415919],[90.4141879,23.7416001],[90.4141733,23.7417548],[90.4142098,23.7417577],[90.4142024,23.7418357],[90.414165,23.7418327],[90.4141641,23.7418423]]]},"properties":{"sources":[{"property":"","dataset":"OpenStreetMap","license":"ODbL-1.0","record_id":"w980619091@2","update_time":"2025-02-05T11:29:51.000Z","confidence":null,"between":null,"provider":"osm","resource":"planet","version":"2026-09-06T00:00:00.000Z"}],"is_underground":false,"num_floors":8,"subtype":"residential","class":"apartments","has_parts":false,"version":1}},
{"id":"6c0a0ec3-822f-4802-9d4e-62aa389cc98b","type":"Feature","geometry":{"type":"Polygon","coordinates":[[[90.4138235,23.7418812],[90.4138321,23.7418074],[90.4139931,23.7418231],[90.4139845,23.741897],[90.4138235,23.7418812]]]},"properties":{"sources":[{"property":"","dataset":"OpenStreetMap","license":"ODbL-1.0","record_id":"w980619089@3","update_time":"2023-08-28T15:05:13.000Z","confidence":null,"between":null,"provider":"osm","resource":"planet","version":"2026-09-06T00:00:00.000Z"}],"is_underground":false,"num_floors":5,"subtype":"residential","class":"residential","has_parts":false,"version":1}},
{"id":"e357b499-4116-4ea2-8f9d-caa13e605dae","type":"Feature","geometry":{"type":"Polygon","coordinates":[[[90.4139934,23.7418152],[90.4138188,23.7417978],[90.4138277,23.7417226],[90.4140024,23.74174],[90.4139934,23.7418152]]]},"properties":{"sources":[{"property":"","dataset":"OpenStreetMap","license":"ODbL-1.0","record_id":"w980619088@3","update_time":"2023-08-28T15:05:13.000Z","confidence":null,"between":null,"provider":"osm","resource":"planet","version":"2026-09-06T00:00:00.000Z"}],"is_underground":false,"num_floors":5,"subtype":"residential","class":"residential","has_parts":false,"version":1}},
{"id":"bd07e85a-d0ba-4610-9c14-ed3bfe735938","type":"Feature","geometry":{"type":"Polygon","coordinates":[[[90.4139992,23.7417343],[90.4138304,23.7417165],[90.4138387,23.7416502],[90.4138555,23.7416414],[90.4139952,23.7416549],[90.4140074,23.7416684],[90.4139992,23.7417343]]]},"properties":{"sources":[{"property":"","dataset":"OpenStreetMap","license":"ODbL-1.0","record_id":"w980619087@3","update_time":"2023-08-28T15:05:13.000Z","confidence":null,"between":null,"provider":"osm","resource":"planet","version":"2026-09-06T00:00:00.000Z"}],"is_underground":false,"num_floors":5,"subtype":"residential","class":"residential","has_parts":false,"version":1}},
{"id":"8df13cc7-9cf0-4855-8d9d-0fd205436082","type":"Feature","geometry":{"type":"Polygon","coordinates":[[[90.4140114,23.7416474],[90.4138341,23.7416305],[90.4138414,23.7415655],[90.4138607,23.7415516],[90.4139929,23.741566],[90.4140173,23.7415962],[90.4140114,23.7416474]]]},"properties":{"sources":[{"property":"","dataset":"OpenStreetMap","license":"ODbL-1.0","record_id":"w980609918@3","update_time":"2023-08-28T15:05:13.000Z","confidence":null,"between":null,"provider":"osm","resource":"planet","version":"2026-09-06T00:00:00.000Z"}],"is_underground":false,"num_floors":5,"subtype":"residential","class":"residential","has_parts":false,"version":1}},
{"id":"e828927b-e287-48c8-a2de-64405e2d0edb","type":"Feature","geometry":{"type":"Polygon","coordinates":[[[90.4140719,23.741534],[90.4139689,23.7415268],[90.4139816,23.7413754],[90.4140845,23.7413826],[90.4140719,23.741534]]]},"properties":{"sources":[{"property":"","dataset":"OpenStreetMap","license":"ODbL-1.0","record_id":"w447360636@4","update_time":"2023-08-28T15:05:13.000Z","confidence":null,"between":null,"provider":"osm","resource":"planet","version":"2026-09-06T00:00:00.000Z"}],"is_underground":false,"num_floors":8,"subtype":"residential","class":"apartments","has_parts":false,"version":1}},
{"id":"5633e748-5aa8-4976-a4fb-7d3f6a8d8b37","type":"Feature","geometry":{"type":"Polygon","coordinates":[[[90.4141115,23.7413716],[90.4139795,23.741362],[90.4139892,23.741251],[90.4141212,23.7412606],[90.4141115,23.7413716]]]},"properties":{"sources":[{"property":"","dataset":"OpenStreetMap","license":"ODbL-1.0","record_id":"w981310503@3","update_time":"2023-08-28T15:05:13.000Z","confidence":null,"between":null,"provider":"osm","resource":"planet","version":"2026-09-06T00:00:00.000Z"}],"is_underground":false,"subtype":"residential","class":"residential","has_parts":false,"version":1}},
{"id":"65e69cc5-a110-49c4-9000-42d6b65680c1","type":"Feature","geometry":{"type":"Polygon","coordinates":[[[90.4139539,23.741503],[90.41386,23.7414922],[90.4138622,23.74137],[90.4138673,23.7412571],[90.4139679,23.7412625],[90.4139588,23.7414194],[90.4139539,23.741503]]]},"properties":{"sources":[{"property":"","dataset":"OpenStreetMap","license":"ODbL-1.0","record_id":"w981310500@3","update_time":"2025-10-05T08:26:17.000Z","confidence":null,"between":null,"provider":"osm","resource":"planet","version":"2026-09-06T00:00:00.000Z"}],"is_underground":false,"num_floors":4,"subtype":"residential","class":"residential","has_parts":true,"version":2}},
{"id":"60f38175-38f7-45d5-98b5-39352a908a4d","type":"Feature","geometry":{"type":"Polygon","coordinates":[[[90.4141148,23.7411476],[90.4140027,23.7411439],[90.4140084,23.7409947],[90.4141205,23.7409983],[90.4141148,23.7411476]]]},"properties":{"sources":[{"property":"","dataset":"OpenStreetMap","license":"ODbL-1.0","record_id":"w981310507@3","update_time":"2023-08-28T15:05:13.000Z","confidence":null,"between":null,"provider":"osm","resource":"planet","version":"2026-09-06T00:00:00.000Z"}],"is_underground":false,"num_floors":5,"subtype":"residential","class":"residential","has_parts":false,"version":1}},
{"id":"8c453309-f7ea-425c-b87d-38e218be71c2","type":"Feature","geometry":{"type":"Polygon","coordinates":[[[90.4142069,23.741154],[90.4141201,23.7411498],[90.4141286,23.7410013],[90.4141766,23.7410036],[90.4141771,23.7409945],[90.4142159,23.7409963],[90.4142069,23.741154]]]},"properties":{"sources":[{"property":"","dataset":"OpenStreetMap","license":"ODbL-1.0","record_id":"w981310508@3","update_time":"2023-08-28T15:05:13.000Z","confidence":null,"between":null,"provider":"osm","resource":"planet","version":"2026-09-06T00:00:00.000Z"}],"is_underground":false,"num_floors":4,"subtype":"residential","class":"residential","has_parts":false,"version":1}},
{"id":"54613be2-bd08-4c36-b332-8cd93869fc56","type":"Feature","geometry":{"type":"Polygon","coordinates":[[[90.4142677,23.7412594],[90.4139886,23.7412417],[90.4139942,23.7411568],[90.4141547,23.7411583],[90.4142774,23.7411693],[90.4142677,23.7412594]]]},"properties":{"names":{"primary":"Paradise Kamal House","common":null,"rules":null},"sources":[{"property":"","dataset":"OpenStreetMap","license":"ODbL-1.0","record_id":"w981310506@1","update_time":"2021-09-09T16:32:42.000Z","confidence":null,"between":null,"provider":"osm","resource":"planet","version":"2026-09-06T00:00:00.000Z"}],"is_underground":false,"num_floors":6,"subtype":"residential","class":"residential","has_parts":false,"version":1}},
{"id":"760b43fe-bc74-427a-94ab-999031154db8","type":"Feature","geometry":{"type":"Polygon","coordinates":[[[90.4142524,23.7413819],[90.414118,23.7413725],[90.4141268,23.7412675],[90.4142612,23.7412769],[90.4142524,23.7413819]]]},"properties":{"sources":[{"property":"","dataset":"OpenStreetMap","license":"ODbL-1.0","record_id":"w981310504@3","update_time":"2023-08-28T15:05:13.000Z","confidence":null,"between":null,"provider":"osm","resource":"planet","version":"2026-09-06T00:00:00.000Z"}],"is_underground":false,"subtype":"residential","class":"residential","has_parts":false,"version":1}},
{"id":"1e23c7e1-934c-47f0-a527-0226dc702550","type":"Feature","geometry":{"type":"Polygon","coordinates":[[[90.4142771,23.7411565],[90.4142069,23.741154],[90.4142159,23.7409963],[90.414267,23.7409997],[90.4142847,23.7410152],[90.4142771,23.7411565]]]},"properties":{"sources":[{"property":"","dataset":"OpenStreetMap","license":"ODbL-1.0","record_id":"w981310509@3","update_time":"2023-08-28T15:05:13.000Z","confidence":null,"between":null,"provider":"osm","resource":"planet","version":"2026-09-06T00:00:00.000Z"}],"is_underground":false,"num_floors":5,"subtype":"residential","class":"residential","has_parts":false,"version":1}},
{"id":"2c69cb8d-88e1-45d9-ae08-acd731825033","type":"Feature","geometry":{"type":"Polygon","coordinates":[[[90.4144709,23.7410964],[90.4144791,23.7410809],[90.4147263,23.7411902],[90.4146897,23.7412596],[90.4146655,23.7412489],[90.4146562,23.7412666],[90.4146273,23.7412538],[90.4146345,23.7412404],[90.4146073,23.7412283],[90.4145997,23.7412426],[90.4145695,23.7412292],[90.4145812,23.741207],[90.414575,23.7412042],[90.4145896,23.7411767],[90.4145732,23.7411695],[90.4145586,23.7411969],[90.4145537,23.7411947],[90.4145414,23.7412179],[90.4145087,23.7412034],[90.4145151,23.7411913],[90.41449,23.7411802],[90.4144839,23.7411918],[90.4144468,23.7411754],[90.4144531,23.7411636],[90.4144401,23.7411578],[90.4144546,23.7411305],[90.4144461,23.7411268],[90.4144638,23.7410932],[90.4144709,23.7410964]]]},"properties":{"sources":[{"property":"","dataset":"OpenStreetMap","license":"ODbL-1.0","record_id":"w982406646@2","update_time":"2021-09-13T06:56:29.000Z","confidence":null,"between":null,"provider":"osm","resource":"planet","version":"2026-09-06T00:00:00.000Z"}],"is_underground":false,"num_floors":5,"subtype":"residential","class":"apartments","has_parts":false,"version":1}},
{"id":"8d4a8b39-1287-4d89-b9c0-786379f121d4","type":"Feature","geometry":{"type":"Polygon","coordinates":[[[90.4143288,23.7413916],[90.4143328,23.7413749],[90.4146011,23.7414281],[90.4145833,23.7415034],[90.414557,23.7414982],[90.4145525,23.7415174],[90.4145212,23.7415112],[90.4145247,23.7414966],[90.4144951,23.7414907],[90.4144915,23.7415062],[90.4144586,23.7414996],[90.4144644,23.7414755],[90.4144576,23.7414742],[90.4144647,23.7414443],[90.4144469,23.7414408],[90.4144398,23.7414706],[90.4144344,23.7414695],[90.4144284,23.7414947],[90.4143929,23.7414876],[90.4143961,23.7414745],[90.4143688,23.7414691],[90.4143659,23.7414816],[90.4143256,23.7414736],[90.4143287,23.7414608],[90.4143146,23.741458],[90.4143217,23.7414284],[90.4143124,23.7414265],[90.4143211,23.7413901],[90.4143288,23.7413916]]]},"properties":{"sources":[{"property":"","dataset":"OpenStreetMap","license":"ODbL-1.0","record_id":"w982406647@2","update_time":"2021-09-13T06:56:29.000Z","confidence":null,"between":null,"provider":"osm","resource":"planet","version":"2026-09-06T00:00:00.000Z"}],"is_underground":false,"num_floors":5,"subtype":"residential","class":"apartments","has_parts":false,"version":1}},
{"id":"f24b0bf2-19bb-4771-b9c9-31c74e6de756","type":"Feature","geometry":{"type":"Polygon","coordinates":[[[90.4143255,23.741329],[90.4143475,23.7411544],[90.4144297,23.7411631],[90.4144076,23.7413376],[90.4143255,23.741329]]]},"properties":{"sources":[{"property":"","dataset":"OpenStreetMap","license":"ODbL-1.0","record_id":"w506608811@3","update_time":"2021-09-13T06:56:29.000Z","confidence":null,"between":null,"provider":"osm","resource":"planet","version":"2026-09-06T00:00:00.000Z"}],"is_underground":false,"num_floors":5,"has_parts":false,"version":1}},
{"id":"18742cfc-3fe1-411c-8f42-8b76fd5f0c9f","type":"Feature","geometry":{"type":"Polygon","coordinates":[[[90.4144341,23.7415718],[90.4142794,23.7415569],[90.4142897,23.741467],[90.4144341,23.7415718]]]},"properties":{"sources":[{"property":"","dataset":"OpenStreetMap","license":"ODbL-1.0","record_id":"w981318325@3","update_time":"2023-08-28T15:05:13.000Z","confidence":null,"between":null,"provider":"osm","resource":"planet","version":"2026-09-06T00:00:00.000Z"}],"is_underground":false,"num_floors":2,"subtype":"commercial","class":"retail","has_parts":false,"version":1}},
{"id":"129f8fb9-5b48-4be2-90cd-73ac98d2f470","type":"Feature","geometry":{"type":"Polygon","coordinates":[[[90.4146586,23.7417629],[90.414266,23.741752],[90.4142767,23.7415704],[90.4144374,23.7415819],[90.4146598,23.7417104],[90.4146586,23.7417629]]]},"properties":{"names":{"primary":"Latif's Paradise","common":null,"rules":null},"sources":[{"property":"","dataset":"OpenStreetMap","license":"ODbL-1.0","record_id":"w447360644@2","update_time":"2021-09-09T17:39:56.000Z","confidence":null,"between":null,"provider":"osm","resource":"planet","version":"2026-09-06T00:00:00.000Z"}],"is_underground":false,"num_floors":6,"subtype":"residential","class":"apartments","has_parts":false,"version":1}},
{"id":"13eed524-f7b3-4d13-a255-b2418f528944","type":"Feature","geometry":{"type":"Polygon","coordinates":[[[90.4145841,23.7415175],[90.4145935,23.7415026],[90.414831,23.7416287],[90.4147888,23.7416954],[90.4147655,23.741683],[90.4147547,23.7417],[90.4147271,23.7416853],[90.4147353,23.7416724],[90.4147091,23.7416585],[90.4147005,23.7416722],[90.4146714,23.7416567],[90.414685,23.7416354],[90.414679,23.7416322],[90.4146958,23.7416058],[90.41468,23.7415974],[90.4146633,23.7416238],[90.4146585,23.7416213],[90.4146443,23.7416435],[90.4146129,23.7416268],[90.4146203,23.7416152],[90.4145962,23.7416024],[90.4145891,23.7416135],[90.4145536,23.7415946],[90.4145608,23.7415832],[90.4145483,23.7415766],[90.414565,23.7415504],[90.4145568,23.7415461],[90.4145773,23.7415138],[90.4145841,23.7415175]]]},"properties":{"sources":[{"property":"","dataset":"OpenStreetMap","license":"ODbL-1.0","record_id":"w982406649@2","update_time":"2021-09-13T06:56:29.000Z","confidence":null,"between":null,"provider":"osm","resource":"planet","version":"2026-09-06T00:00:00.000Z"}],"is_underground":false,"num_floors":5,"subtype":"residential","class":"apartments","has_parts":false,"version":1}},
{"id":"9d80c751-8f06-4b18-b85f-245ab3af122c","type":"Feature","geometry":{"type":"Polygon","coordinates":[[[90.4148859,23.7419979],[90.4146927,23.741995],[90.4146976,23.7417239],[90.4149278,23.7418444],[90.4148859,23.7419979]]]},"properties":{"sources":[{"property":"","dataset":"OpenStreetMap","license":"ODbL-1.0","record_id":"w949113343@5","update_time":"2025-01-11T00:46:26.000Z","confidence":null,"between":null,"provider":"osm","resource":"planet","version":"2026-09-06T00:00:00.000Z"}],"is_underground":false,"num_floors":10,"subtype":"residential","class":"apartments","has_parts":false,"version":1}},
{"id":"57e75393-d915-425d-afbe-23f7d65d9a90","type":"Feature","geometry":{"type":"Polygon","coordinates":[[[90.4147175,23.741355],[90.4147269,23.7413401],[90.4149644,23.7414662],[90.4149222,23.7415329],[90.4148989,23.7415205],[90.4148882,23.7415375],[90.4148605,23.7415228],[90.4148687,23.7415099],[90.4148426,23.741496],[90.4148339,23.7415097],[90.4148048,23.7414942],[90.4148184,23.7414729],[90.4148124,23.7414697],[90.4148292,23.7414433],[90.4148134,23.741435],[90.4147967,23.7414613],[90.4147919,23.7414588],[90.4147778,23.741481],[90.4147463,23.7414643],[90.4147537,23.7414527],[90.4147296,23.7414399],[90.4147226,23.741451],[90.414687,23.7414321],[90.4146942,23.7414207],[90.4146817,23.7414141],[90.4146984,23.7413879],[90.4146902,23.7413836],[90.4147107,23.7413513],[90.4147175,23.741355]]]},"properties":{"sources":[{"property":"","dataset":"OpenStreetMap","license":"ODbL-1.0","record_id":"w982406648@2","update_time":"2021-09-13T06:56:29.000Z","confidence":null,"between":null,"provider":"osm","resource":"planet","version":"2026-09-06T00:00:00.000Z"}],"is_underground":false,"num_floors":5,"subtype":"residential","class":"apartments","has_parts":false,"version":1}},
{"id":"35fa5121-170d-45b2-83bc-0ade96a8d915","type":"Feature","geometry":{"type":"Polygon","coordinates":[[[90.4148083,23.7411067],[90.41471,23.7409994],[90.4147695,23.7409537],[90.4148678,23.7410611],[90.4148083,23.7411067]]]},"properties":{"sources":[{"property":"","dataset":"OpenStreetMap","license":"ODbL-1.0","record_id":"w982406654@1","update_time":"2021-09-13T06:47:39.000Z","confidence":null,"between":null,"provider":"osm","resource":"planet","version":"2026-09-06T00:00:00.000Z"}],"is_underground":false,"has_parts":false,"version":1}},
{"id":"b17801b8-6e26-4013-9aa5-dba1ed5c7bff","type":"Feature","geometry":{"type":"Polygon","coordinates":[[[90.4146551,23.7410908],[90.4143633,23.7410573],[90.4144332,23.7405475],[90.414725,23.740581],[90.4146551,23.7410908]]]},"properties":{"sources":[{"property":"","dataset":"OpenStreetMap","license":"ODbL-1.0","record_id":"w981338055@2","update_time":"2021-10-10T23:48:40.000Z","confidence":null,"between":null,"provider":"osm","resource":"planet","version":"2026-09-06T00:00:00.000Z"}],"is_underground":false,"num_floors":12,"has_parts":false,"version":1}},
{"id":"a74ca1d5-ce62-4a5e-b947-acfc078c84a5","type":"Feature","geometry":{"type":"Polygon","coordinates":[[[90.4152906,23.7409332],[90.4153745,23.7410327],[90.4152294,23.7411364],[90.4151455,23.7410369],[90.4152906,23.7409332]]]},"properties":{"sources":[{"property":"","dataset":"Google Open Buildings","license":null,"record_id":"7MMGPCR8+C467","update_time":"2023-05-01T00:00:00.000Z","confidence":0.8268,"between":null,"provider":"google","resource":"open_buildings","version":"2024-04-16"}],"is_underground":false,"has_parts":false,"version":1}},
{"id":"69ccf2a5-b3c5-47ca-8163-2648491e6676","type":"Feature","geometry":{"type":"Polygon","coordinates":[[[90.4164666,23.7410035],[90.4164974,23.7409787],[90.4165502,23.7410342],[90.4165193,23.741059],[90.4164666,23.7410035]]]},"properties":{"sources":[{"property":"","dataset":"Google Open Buildings","license":null,"record_id":"7MMGPCR8+CJ2M","update_time":"2023-05-01T00:00:00.000Z","confidence":0.7353,"between":null,"provider":"google","resource":"open_buildings","version":"2024-04-16"}],"is_underground":false,"has_parts":false,"version":1}},
{"id":"555069c2-cab1-4f93-9b95-cece2b82e825","type":"Feature","geometry":{"type":"Polygon","coordinates":[[[90.4174027,23.7411934],[90.4172708,23.7412918],[90.4165084,23.7404358],[90.4166403,23.7403374],[90.4174027,23.7411934]]]},"properties":{"sources":[{"property":"","dataset":"OpenStreetMap","license":"ODbL-1.0","record_id":"w222332323@2","update_time":"2021-10-11T05:55:26.000Z","confidence":null,"between":null,"provider":"osm","resource":"planet","version":"2026-09-06T00:00:00.000Z"}],"is_underground":false,"num_floors":6,"has_parts":false,"version":1}},
{"id":"8c41d7b7-d1c2-454b-bec0-7911d01a29b6","type":"Feature","geometry":{"type":"Polygon","coordinates":[[[90.4164565,23.7423013],[90.416354,23.7421865],[90.4167509,23.7418894],[90.4168534,23.7420042],[90.4164565,23.7423013]]]},"properties":{"sources":[{"property":"","dataset":"OpenStreetMap","license":"ODbL-1.0","record_id":"w991854250@1","update_time":"2021-10-11T05:55:26.000Z","confidence":null,"between":null,"provider":"osm","resource":"planet","version":"2026-09-06T00:00:00.000Z"}],"is_underground":false,"num_floors":5,"has_parts":false,"version":1}},
{"id":"480d68f5-4a9d-4a30-8677-5549b2073510","type":"Feature","geometry":{"type":"Polygon","coordinates":[[[90.4165821,23.7411929],[90.416621,23.741198],[90.4166161,23.7412295],[90.4165773,23.7412244],[90.4165821,23.7411929]]]},"properties":{"sources":[{"property":"","dataset":"Google Open Buildings","license":null,"record_id":"7MMGPCR8+FJQC","update_time":"2023-05-01T00:00:00.000Z","confidence":0.7177,"between":null,"provider":"google","resource":"open_buildings","version":"2024-04-16"}],"is_underground":false,"has_parts":false,"version":1}},
{"id":"acebed13-558b-492a-8b41-2cb5eb28418f","type":"Feature","geometry":{"type":"Polygon","coordinates":[[[90.41662,23.7411346],[90.4166543,23.7411537],[90.4166344,23.741184],[90.4166001,23.7411648],[90.41662,23.7411346]]]},"properties":{"sources":[{"property":"","dataset":"Google Open Buildings","license":null,"record_id":"7MMGPCR8+FM66","update_time":"2023-05-01T00:00:00.000Z","confidence":0.6786,"between":null,"provider":"google","resource":"open_buildings","version":"2024-04-16"}],"is_underground":false,"has_parts":false,"version":1}},
{"id":"79b19f3d-1c07-4aec-87c4-25c9efb77bfc","type":"Feature","geometry":{"type":"Polygon","coordinates":[[[90.4166232,23.7410796],[90.4166629,23.7411066],[90.4166468,23.7411268],[90.4166071,23.7410998],[90.4166232,23.7410796]]]},"properties":{"sources":[{"property":"","dataset":"Google Open Buildings","license":null,"record_id":"7MMGPCR8+CMR3","update_time":"2023-05-01T00:00:00.000Z","confidence":0.676,"between":null,"provider":"google","resource":"open_buildings","version":"2024-04-16"}],"is_underground":false,"has_parts":false,"version":1}},
{"id":"32a57ef9-04bb-4ed4-a8a2-02baa147e1dc","type":"Feature","geometry":{"type":"Polygon","coordinates":[[[90.4165853,23.7411152],[90.41662,23.7411346],[90.4166001,23.7411648],[90.4165654,23.7411455],[90.4165853,23.7411152]]]},"properties":{"sources":[{"property":"","dataset":"Google Open Buildings","license":null,"record_id":"7MMGPCR8+FJ4Q","update_time":"2023-05-01T00:00:00.000Z","confidence":0.6506,"between":null,"provider":"google","resource":"open_buildings","version":"2024-04-16"}],"is_underground":false,"has_parts":false,"version":1}},
{"id":"d5b98855-444b-49e0-8bd4-fe1420f906dd","type":"Feature","geometry":{"type":"Polygon","coordinates":[[[90.4165914,23.7410362],[90.41661620000001,23.741066],[90.41659,23.7410845],[90.4165651,23.7410547],[90.4165914,23.7410362]]]},"properties":{"sources":[{"property":"","dataset":"Google Open Buildings","license":null,"record_id":"7MMGPCR8+CJGH","update_time":"2023-05-01T00:00:00.000Z","confidence":0.7088,"between":null,"provider":"google","resource":"open_buildings","version":"2024-04-16"}],"is_underground":false,"has_parts":false,"version":1}},
{"id":"0fe7fc51-977c-4dcb-8885-7eb86e1ee63e","type":"Feature","geometry":{"type":"Polygon","coordinates":[[[90.4165507,23.7410615],[90.4165863,23.7410857],[90.4165584,23.7411206],[90.4165227,23.7410964],[90.4165507,23.7410615]]]},"properties":{"sources":[{"property":"","dataset":"Google Open Buildings","license":null,"record_id":"7MMGPCR8+CJMP","update_time":"2023-05-01T00:00:00.000Z","confidence":0.7035,"between":null,"provider":"google","resource":"open_buildings","version":"2024-04-16"}],"is_underground":false,"has_parts":false,"version":1}},
{"id":"f283584a-9fb4-4f43-9a85-77bbe3936110","type":"Feature","geometry":{"type":"Polygon","coordinates":[[[90.4165377,23.7411457],[90.4165741,23.7411604],[90.4165626,23.7411846],[90.4165262,23.74117],[90.4165377,23.7411457]]]},"properties":{"sources":[{"property":"","dataset":"Google Open Buildings","license":null,"record_id":"7MMGPCR8+FJ7P","update_time":"2023-05-01T00:00:00.000Z","confidence":0.7228,"between":null,"provider":"google","resource":"open_buildings","version":"2024-04-16"}],"is_underground":false,"has_parts":false,"version":1}},
{"id":"34db6586-a645-49f1-a529-4bcc2c907bdc","type":"Feature","geometry":{"type":"Polygon","coordinates":[[[90.4166336,23.7412518],[90.4166709,23.7412653],[90.4166587,23.7412939],[90.4166214,23.7412803],[90.4166336,23.7412518]]]},"properties":{"sources":[{"property":"","dataset":"Google Open Buildings","license":null,"record_id":"7MMGPCR8+GM2W","update_time":"2023-05-01T00:00:00.000Z","confidence":0.6577,"between":null,"provider":"google","resource":"open_buildings","version":"2024-04-16"}],"is_underground":false,"has_parts":false,"version":1}},
{"id":"6b3d1ddf-c636-452e-a048-1d4548140eda","type":"Feature","geometry":{"type":"Polygon","coordinates":[[[90.4165719,23.7413091],[90.4165923,23.7412826],[90.4166358,23.741311],[90.4166153,23.7413375],[90.4165719,23.7413091]]]},"properties":{"sources":[{"property":"","dataset":"Google Open Buildings","license":null,"record_id":"7MMGPCR8+GJHF","update_time":"2023-05-01T00:00:00.000Z","confidence":0.7295,"between":null,"provider":"google","resource":"open_buildings","version":"2024-04-16"}],"is_underground":false,"has_parts":false,"version":1}},
{"id":"21a972f0-d1cf-466f-94b3-d77a74060fc7","type":"Feature","geometry":{"type":"Polygon","coordinates":[[[90.4165107,23.7411688],[90.4165832,23.741257],[90.4165508,23.7412796],[90.4164783,23.7411914],[90.4165107,23.7411688]]]},"properties":{"sources":[{"property":"","dataset":"Google Open Buildings","license":null,"record_id":"7MMGPCR8+FJJX","update_time":"2023-05-01T00:00:00.000Z","confidence":0.7186,"between":null,"provider":"google","resource":"open_buildings","version":"2024-04-16"}],"is_underground":false,"has_parts":false,"version":1}},
{"id":"cbe1f339-17c1-4f37-923e-1c7f7b26bd8c","type":"Feature","geometry":{"type":"Polygon","coordinates":[[[90.4164905,23.7411142],[90.4165194,23.7411034],[90.4165344,23.7411372],[90.4165054,23.7411481],[90.4164905,23.7411142]]]},"properties":{"sources":[{"property":"","dataset":"Google Open Buildings","license":null,"record_id":"7MMGPCR8+FJ23","update_time":"2023-05-01T00:00:00.000Z","confidence":0.7168,"between":null,"provider":"google","resource":"open_buildings","version":"2024-04-16"}],"is_underground":false,"has_parts":false,"version":1}},
{"id":"e882a031-cc15-47a7-91bd-c41e4f95290f","type":"Feature","geometry":{"type":"Polygon","coordinates":[[[90.4164616,23.7410351],[90.4165014,23.7410811],[90.4164671,23.7411062],[90.4164274,23.7410602],[90.4164616,23.7410351]]]},"properties":{"sources":[{"property":"","dataset":"Google Open Buildings","license":null,"record_id":"7MMGPCR8+CHGX","update_time":"2023-05-01T00:00:00.000Z","confidence":0.767,"between":null,"provider":"google","resource":"open_buildings","version":"2024-04-16"}],"is_underground":false,"has_parts":false,"version":1}},
{"id":"b1188134-30b5-45a3-93ee-376c8eac7d82","type":"Feature","geometry":{"type":"Polygon","coordinates":[[[90.4164104,23.741069799999998],[90.4164587,23.741111],[90.4164228,23.7411468],[90.4163744,23.7411056],[90.4164104,23.741069799999998]]]},"properties":{"sources":[{"property":"","dataset":"Google Open Buildings","license":null,"record_id":"7MMGPCR8+CHV7","update_time":"2023-05-01T00:00:00.000Z","confidence":0.7962,"between":null,"provider":"google","resource":"open_buildings","version":"2024-04-16"}],"is_underground":false,"has_parts":false,"version":1}},
{"id":"380a9761-d99c-4fe6-80dd-2e32fda8afd6","type":"Feature","geometry":{"type":"Polygon","coordinates":[[[90.4164678,23.7411358],[90.4165019,23.7411562],[90.4164839,23.7411817],[90.4164498,23.7411613],[90.4164678,23.7411358]]]},"properties":{"sources":[{"property":"","dataset":"Google Open Buildings","license":null,"record_id":"7MMGPCR8+FH96","update_time":"2023-05-01T00:00:00.000Z","confidence":0.6702,"between":null,"provider":"google","resource":"open_buildings","version":"2024-04-16"}],"is_underground":false,"has_parts":false,"version":1}},
{"id":"337577be-0bac-42ae-83f8-f3c71d12f616","type":"Feature","geometry":{"type":"Polygon","coordinates":[[[90.4162968,23.7412162],[90.4163308,23.7412382],[90.4163094,23.7412662],[90.4162754,23.7412442],[90.4162968,23.7412162]]]},"properties":{"sources":[{"property":"","dataset":"Google Open Buildings","license":null,"record_id":"7MMGPCR8+FGVP","update_time":"2023-05-01T00:00:00.000Z","confidence":0.6902,"between":null,"provider":"google","resource":"open_buildings","version":"2024-04-16"}],"is_underground":false,"has_parts":false,"version":1}},
{"id":"bfe67d4a-41d2-4499-a2a3-7aec7a1d0455","type":"Feature","geometry":{"type":"Polygon","coordinates":[[[90.4164239,23.7418704],[90.4160833,23.7414678],[90.4162266,23.7413662],[90.4165672,23.7417688],[90.4164239,23.7418704]]]},"properties":{"sources":[{"property":"","dataset":"OpenStreetMap","license":"ODbL-1.0","record_id":"w505550944@2","update_time":"2021-10-11T05:55:26.000Z","confidence":null,"between":null,"provider":"osm","resource":"planet","version":"2026-09-06T00:00:00.000Z"}],"is_underground":false,"num_floors":1,"has_parts":false,"version":1}},
{"id":"f7cdb70b-d76b-43ed-98a0-71b3ae016f65","type":"Feature","geometry":{"type":"Polygon","coordinates":[[[90.4162727,23.7410036],[90.4163238,23.7410666],[90.4162918,23.7410886],[90.4162406,23.7410257],[90.4162727,23.7410036]]]},"properties":{"sources":[{"property":"","dataset":"Google Open Buildings","license":null,"record_id":"7MMGPCR8+CG7R","update_time":"2023-05-01T00:00:00.000Z","confidence":0.7801,"between":null,"provider":"google","resource":"open_buildings","version":"2024-04-16"}],"is_underground":false,"has_parts":false,"version":1}},
{"id":"4fd30fcb-8881-404d-bc16-698c13a54ea1","type":"Feature","geometry":{"type":"Polygon","coordinates":[[[90.4162314,23.7411264],[90.4162504,23.7411581],[90.416202,23.7411828],[90.4161829,23.7411511],[90.4162314,23.7411264]]]},"properties":{"sources":[{"property":"","dataset":"Google Open Buildings","license":null,"record_id":"7MMGPCR8+FF85","update_time":"2023-05-01T00:00:00.000Z","confidence":0.8258,"between":null,"provider":"google","resource":"open_buildings","version":"2024-04-16"}],"is_underground":false,"has_parts":false,"version":1}},
{"id":"414bfbe4-dfe5-4ad5-9f14-7a66c8b0deaf","type":"Feature","geometry":{"type":"Polygon","coordinates":[[[90.416178,23.7413393],[90.4160596,23.7414266],[90.4160037,23.7413631],[90.4161221,23.7412758],[90.416178,23.7413393]]]},"properties":{"sources":[{"property":"","dataset":"OpenStreetMap","license":"ODbL-1.0","record_id":"w991854253@1","update_time":"2021-10-11T05:55:26.000Z","confidence":null,"between":null,"provider":"osm","resource":"planet","version":"2026-09-06T00:00:00.000Z"}],"is_underground":false,"num_floors":1,"has_parts":false,"version":1}},
{"id":"5cac0053-e329-40fe-8d74-188158de3fdd","type":"Feature","geometry":{"type":"Polygon","coordinates":[[[90.4161052,23.7412588],[90.4159868,23.7413461],[90.4159309,23.7412826],[90.4160493,23.7411953],[90.4161052,23.7412588]]]},"properties":{"sources":[{"property":"","dataset":"OpenStreetMap","license":"ODbL-1.0","record_id":"w991854254@1","update_time":"2021-10-11T05:55:26.000Z","confidence":null,"between":null,"provider":"osm","resource":"planet","version":"2026-09-06T00:00:00.000Z"}],"is_underground":false,"num_floors":1,"has_parts":false,"version":1}},
{"id":"0fad5e06-acde-4533-b90e-3b1a8359b24e","type":"Feature","geometry":{"type":"Polygon","coordinates":[[[90.4157994,23.7409436],[90.4160045,23.7411938],[90.4158429,23.7413061],[90.4157081,23.7411417],[90.4157553,23.7411089],[90.415685,23.7410231],[90.4157994,23.7409436]]]},"properties":{"sources":[{"property":"","dataset":"Google Open Buildings","license":null,"record_id":"7MMGPCR8+F844","update_time":"2023-05-01T00:00:00.000Z","confidence":0.8867,"between":null,"provider":"google","resource":"open_buildings","version":"2024-04-16"}],"is_underground":false,"has_parts":false,"version":1}},
{"id":"7b9870bc-4f09-4524-a00a-0d44d56c5a03","type":"Feature","geometry":{"type":"Polygon","coordinates":[[[90.416113,23.7421974],[90.4159959,23.7422751],[90.4159676,23.742239],[90.4160847,23.7421613],[90.416113,23.7421974]]]},"properties":{"sources":[{"property":"","dataset":"Google Open Buildings","license":null,"record_id":"7MMGPCR8+VCMM","update_time":"2023-05-01T00:00:00.000Z","confidence":0.772,"between":null,"provider":"google","resource":"open_buildings","version":"2024-04-16"}],"is_underground":false,"has_parts":false,"version":1}},
{"id":"b5245092-1dda-4c98-9f7b-27101304dc58","type":"Feature","geometry":{"type":"Polygon","coordinates":[[[90.4162092,23.7420789],[90.4162451,23.7421254],[90.4161237,23.7422046],[90.4160878,23.7421581],[90.4162092,23.7420789]]]},"properties":{"sources":[{"property":"","dataset":"Google Open Buildings","license":null,"record_id":"7MMGPCR8+VF3M","update_time":"2023-05-01T00:00:00.000Z","confidence":0.7137,"between":null,"provider":"google","resource":"open_buildings","version":"2024-04-16"}],"is_underground":false,"has_parts":false,"version":1}},
{"id":"2d5bc1b0-177b-4cec-ab64-6daef6e4ddcb","type":"Feature","geometry":{"type":"Polygon","coordinates":[[[90.4160014,23.7426433],[90.4158989,23.7425285],[90.4162958,23.7422314],[90.4163983,23.7423462],[90.4160014,23.7426433]]]},"properties":{"sources":[{"property":"","dataset":"OpenStreetMap","license":"ODbL-1.0","record_id":"w506022991@2","update_time":"2021-10-11T05:55:26.000Z","confidence":null,"between":null,"provider":"osm","resource":"planet","version":"2026-09-06T00:00:00.000Z"}],"is_underground":false,"num_floors":5,"has_parts":false,"version":1}},
{"id":"a756cb83-7ebc-4c39-ba8f-e132bf3ac853","type":"Feature","geometry":{"type":"Polygon","coordinates":[[[90.4158949,23.74262],[90.4159386,23.7426697],[90.4158902,23.7427058],[90.4158464,23.742656],[90.4158949,23.74262]]]},"properties":{"sources":[{"property":"","dataset":"Google Open Buildings","license":null,"record_id":"7MMGPCV8+396G","update_time":"2023-05-01T00:00:00.000Z","confidence":0.6646,"between":null,"provider":"google","resource":"open_buildings","version":"2024-04-16"}],"is_underground":false,"has_parts":false,"version":1}},
{"id":"fbc39b42-137e-4c46-b98b-c2b86b893dc1","type":"Feature","geometry":{"type":"Polygon","coordinates":[[[90.4159198,23.7432504],[90.41582,23.7432473],[90.415824,23.7431392],[90.4159238,23.7431423],[90.4159198,23.7432504]]]},"properties":{"sources":[{"property":"","dataset":"OpenStreetMap","license":"ODbL-1.0","record_id":"w505555828@1","update_time":"2020-07-29T23:19:27.000Z","confidence":null,"between":null,"provider":"osm","resource":"planet","version":"2026-09-06T00:00:00.000Z"}],"is_underground":false,"has_parts":false,"version":1}},
{"id":"05d418ff-0ab0-40d5-a0dc-807e28802d51","type":"Feature","geometry":{"type":"Polygon","coordinates":[[[90.4158972,23.7433951],[90.4157467,23.7433732],[90.4157494,23.7433084],[90.4159095,23.7433263],[90.4158972,23.7433951]]]},"properties":{"sources":[{"property":"","dataset":"OpenStreetMap","license":"ODbL-1.0","record_id":"w1085100470@1","update_time":"2022-08-09T13:54:36.000Z","confidence":null,"between":null,"provider":"osm","resource":"planet","version":"2026-09-06T00:00:00.000Z"}],"is_underground":false,"has_parts":false,"version":1}},
{"id":"938ae3e2-336d-4309-bd6e-0ca78ccf2688","type":"Feature","geometry":{"type":"Polygon","coordinates":[[[90.4158713,23.743443],[90.4158271,23.7434395],[90.4158304,23.7434056],[90.4158746,23.7434092],[90.4158713,23.743443]]]},"properties":{"sources":[{"property":"","dataset":"OpenStreetMap","license":"ODbL-1.0","record_id":"w1425700353@1","update_time":"2025-08-29T00:28:56.000Z","confidence":null,"between":null,"provider":"osm","resource":"planet","version":"2026-09-06T00:00:00.000Z"}],"is_underground":false,"has_parts":false,"version":1}},
{"id":"e11122fb-420b-4cdd-8581-0e79dd20311b","type":"Feature","geometry":{"type":"Polygon","coordinates":[[[90.4159563,23.743479],[90.4158858,23.7434493],[90.4159023,23.7434165],[90.4159728,23.7434463],[90.4159563,23.743479]]]},"properties":{"sources":[{"property":"","dataset":"OpenStreetMap","license":"ODbL-1.0","record_id":"w1425879077@1","update_time":"2025-08-29T16:56:16.000Z","confidence":null,"between":null,"provider":"osm","resource":"planet","version":"2026-09-06T00:00:00.000Z"}],"is_underground":false,"has_parts":false,"version":1}},
{"id":"e3318be5-9038-4216-b3fc-b1beb8202182","type":"Feature","geometry":{"type":"Polygon","coordinates":[[[90.4159891,23.7433539],[90.4160491,23.7429887],[90.41614,23.7430014],[90.4161416,23.7431593],[90.4163341,23.7432213],[90.4163187,23.7433765],[90.4159891,23.7433539]]]},"properties":{"names":{"primary":"Sheltech Surama","common":null,"rules":null},"sources":[{"property":"","dataset":"OpenStreetMap","license":"ODbL-1.0","record_id":"w440438373@1","update_time":"2021-05-30T03:01:44.000Z","confidence":null,"between":null,"provider":"osm","resource":"planet","version":"2026-09-06T00:00:00.000Z"}],"is_underground":false,"num_floors":17,"subtype":"residential","class":"apartments","has_parts":false,"version":1}},
{"id":"84ff69ee-f19a-44c1-b19a-2ef86f74b14c","type":"Feature","geometry":{"type":"Polygon","coordinates":[[[90.4165796,23.7430915],[90.4161487,23.7429129],[90.4165591,23.7426146],[90.4167821,23.7427343],[90.4165796,23.7430915]]]},"properties":{"sources":[{"property":"","dataset":"OpenStreetMap","license":"ODbL-1.0","record_id":"w505550891@1","update_time":"2021-05-30T03:01:44.000Z","confidence":null,"between":null,"provider":"osm","resource":"planet","version":"2026-09-06T00:00:00.000Z"}],"is_underground":false,"has_parts":false,"version":1}},
{"id":"dc0c6ab8-15cb-44be-8d1d-c78e805536ce","type":"Feature","geometry":{"type":"Polygon","coordinates":[[[90.4167816,23.7434847],[90.4165392,23.7434587],[90.4165587,23.7432806],[90.4167109,23.7432935],[90.4168436,23.7433146],[90.4168365,23.7433373],[90.416863,23.7433454],[90.4167816,23.7434847]]]},"properties":{"names":{"primary":"Sheltech Parama","common":null,"rules":null},"sources":[{"property":"","dataset":"OpenStreetMap","license":"ODbL-1.0","record_id":"w440440809@1","update_time":"2021-05-30T03:01:44.000Z","confidence":null,"between":null,"provider":"osm","resource":"planet","version":"2026-09-06T00:00:00.000Z"}],"is_underground":false,"num_floors":6,"subtype":"residential","class":"apartments","has_parts":false,"version":1}},
{"id":"59c8039d-df3b-41d1-9148-3693d59c4ddb","type":"Feature","geometry":{"type":"Polygon","coordinates":[[[90.4164761,23.7434397],[90.4163588,23.7434254],[90.4163838,23.7432528],[90.4165011,23.743267],[90.4164761,23.7434397]]]},"properties":{"sources":[{"property":"","dataset":"OpenStreetMap","license":"ODbL-1.0","record_id":"w440439061@1","update_time":"2021-05-30T03:01:44.000Z","confidence":null,"between":null,"provider":"osm","resource":"planet","version":"2026-09-06T00:00:00.000Z"}],"is_underground":false,"num_floors":6,"subtype":"residential","class":"apartments","has_parts":false,"version":1}},
{"id":"7eb1f0d9-e890-4ae8-8d43-74ce4eb26b58","type":"Feature","geometry":{"type":"Polygon","coordinates":[[[90.4167225,23.7431657],[90.4166712,23.7432657],[90.4163708,23.7431896],[90.4163268,23.7430085],[90.4167225,23.7431657]]]},"properties":{"sources":[{"property":"","dataset":"OpenStreetMap","license":"ODbL-1.0","record_id":"w505550893@1","update_time":"2017-07-06T10:22:01.000Z","confidence":null,"between":null,"provider":"osm","resource":"planet","version":"2026-09-06T00:00:00.000Z"}],"is_underground":false,"has_parts":false,"version":1}},
{"id":"d9f33952-8bef-471b-99f1-7338f541785f","type":"Feature","geometry":{"type":"Polygon","coordinates":[[[90.4164111,23.7435319],[90.4162082,23.7434991],[90.4162236,23.7434193],[90.4164265,23.7434521],[90.4164111,23.7435319]]]},"properties":{"sources":[{"property":"","dataset":"OpenStreetMap","license":"ODbL-1.0","record_id":"w1425913776@1","update_time":"2025-10-12T20:25:29.000Z","confidence":null,"between":null,"provider":"osm","resource":"planet","version":"2026-09-06T00:00:00.000Z"}],"is_underground":false,"has_parts":false,"version":2}},
{"id":"a87f6c37-fe2e-4119-9ea1-bc5d165300d8","type":"Feature","geometry":{"type":"Polygon","coordinates":[[[90.4165009,23.7437126],[90.416322,23.7436959],[90.4163037,23.743627],[90.4163423,23.7435508],[90.4163911,23.7435526],[90.4163931,23.7435861],[90.4164785,23.7435898],[90.4164643,23.7436419],[90.4165171,23.7436494],[90.4165009,23.7437126]]]},"properties":{"names":{"primary":"Alim Ambia Asaron Village","common":null,"rules":null},"sources":[{"property":"","dataset":"OpenStreetMap","license":"ODbL-1.0","record_id":"w440439049@1","update_time":"2017-07-06T10:22:07.000Z","confidence":null,"between":null,"provider":"osm","resource":"planet","version":"2026-09-06T00:00:00.000Z"}],"is_underground":false,"num_floors":3,"subtype":"residential","class":"house","has_parts":false,"version":1}},
{"id":"ceffbc43-e146-4bb5-ae49-561ff3cb5c1d","type":"Feature","geometry":{"type":"Polygon","coordinates":[[[90.4165147,23.7439018],[90.4162985,23.7438873],[90.4163099,23.7437831],[90.4164133,23.743793],[90.4164087,23.7438297],[90.4165174,23.7438352],[90.4165147,23.7439018]]]},"properties":{"sources":[{"property":"","dataset":"OpenStreetMap","license":"ODbL-1.0","record_id":"w440440976@1","update_time":"2017-07-06T10:22:08.000Z","confidence":null,"between":null,"provider":"osm","resource":"planet","version":"2026-09-06T00:00:00.000Z"}],"is_underground":false,"num_floors":4,"subtype":"residential","class":"house","has_parts":false,"version":1}},
{"id":"bda9961b-836f-4dd4-8fb9-be1f9be21f29","type":"Feature","geometry":{"type":"Polygon","coordinates":[[[90.416618,23.7435855],[90.4164151,23.7435527],[90.4164305,23.7434729],[90.4166334,23.7435057],[90.416618,23.7435855]]]},"properties":{"sources":[{"property":"","dataset":"OpenStreetMap","license":"ODbL-1.0","record_id":"w1441710790@1","update_time":"2025-10-12T20:25:29.000Z","confidence":null,"between":null,"provider":"osm","resource":"planet","version":"2026-09-06T00:00:00.000Z"}],"is_underground":false,"has_parts":false,"version":1}},
{"id":"b2906035-e394-40be-9ac4-ef59ec0fa0a2","type":"Feature","geometry":{"type":"Polygon","coordinates":[[[90.4167738,23.7437986],[90.4165969,23.7437792],[90.4166358,23.7435329],[90.4168464,23.7435508],[90.4167738,23.7437986]]]},"properties":{"names":{"primary":"Sheltech Parama","common":null,"rules":null},"sources":[{"property":"","dataset":"OpenStreetMap","license":"ODbL-1.0","record_id":"w440439084@1","update_time":"2017-07-06T10:22:07.000Z","confidence":null,"between":null,"provider":"osm","resource":"planet","version":"2026-09-06T00:00:00.000Z"}],"is_underground":false,"num_floors":6,"subtype":"residential","class":"apartments","has_parts":false,"version":1}},
{"id":"534ec85f-76c1-4083-ae35-aaf99ae7e2a4","type":"Feature","geometry":{"type":"Polygon","coordinates":[[[90.416674,23.7441417],[90.4165631,23.7441204],[90.4165806,23.7439558],[90.4167055,23.743975],[90.416674,23.7441417]]]},"properties":{"names":{"primary":"Rezia AkterLodge","common":null,"rules":null},"sources":[{"property":"","dataset":"OpenStreetMap","license":"ODbL-1.0","record_id":"w440306101@3","update_time":"2017-07-06T10:22:07.000Z","confidence":null,"between":null,"provider":"osm","resource":"planet","version":"2026-09-06T00:00:00.000Z"}],"is_underground":false,"num_floors":7,"subtype":"residential","class":"house","has_parts":false,"version":1}},
{"id":"a7d3ed6c-777a-4cc4-999c-f292514c35bb","type":"Feature","geometry":{"type":"Polygon","coordinates":[[[90.4165627,23.744357],[90.416492,23.7443369],[90.4165239,23.7442427],[90.4165946,23.7442628],[90.4165627,23.744357]]]},"properties":{"sources":[{"property":"","dataset":"OpenStreetMap","license":"ODbL-1.0","record_id":"w505550929@1","update_time":"2019-01-09T21:23:34.000Z","confidence":null,"between":null,"provider":"osm","resource":"planet","version":"2026-09-06T00:00:00.000Z"}],"is_underground":false,"has_parts":false,"version":1}},
{"id":"0ee1d4a5-a2c7-4ed2-8093-03430fe1ea53","type":"Feature","geometry":{"type":"Polygon","coordinates":[[[90.4164725,23.744324],[90.4164236,23.7443109],[90.4164459,23.7442411],[90.4164949,23.7442543],[90.4164725,23.744324]]]},"properties":{"sources":[{"property":"","dataset":"OpenStreetMap","license":"ODbL-1.0","record_id":"w1425913790@1","update_time":"2025-08-29T19:05:29.000Z","confidence":null,"between":null,"provider":"osm","resource":"planet","version":"2026-09-06T00:00:00.000Z"}],"is_underground":false,"has_parts":false,"version":1}},
{"id":"81579cec-345a-41ed-a822-a4b22f61a7b3","type":"Feature","geometry":{"type":"Polygon","coordinates":[[[90.4165293,23.744125],[90.4164783,23.7441164],[90.4164797,23.7439421],[90.4165427,23.7439408],[90.4165293,23.744125]]]},"properties":{"sources":[{"property":"","dataset":"OpenStreetMap","license":"ODbL-1.0","record_id":"w440305707@2","update_time":"2017-07-06T10:22:07.000Z","confidence":null,"between":null,"provider":"osm","resource":"planet","version":"2026-09-06T00:00:00.000Z"}],"is_underground":false,"num_floors":5,"subtype":"residential","class":"house","has_parts":false,"version":1}},
{"id":"b616a2a2-9706-4be0-a475-5b1df765cad5","type":"Feature","geometry":{"type":"Polygon","coordinates":[[[90.416426,23.744125],[90.4163483,23.7441029],[90.4163483,23.7440244],[90.416426,23.7440379],[90.416426,23.744125]]]},"properties":{"sources":[{"property":"","dataset":"OpenStreetMap","license":"ODbL-1.0","record_id":"w440304752@1","update_time":"2017-07-06T10:22:07.000Z","confidence":null,"between":null,"provider":"osm","resource":"planet","version":"2026-09-06T00:00:00.000Z"}],"is_underground":false,"num_floors":6,"subtype":"residential","class":"house","has_parts":false,"version":1}},
{"id":"56132ff1-8049-4d73-b019-60faf3fccb27","type":"Feature","geometry":{"type":"Polygon","coordinates":[[[90.4164475,23.7440146],[90.416363,23.744006],[90.4163657,23.7439397],[90.4164529,23.7439458],[90.4164475,23.7440146]]]},"properties":{"sources":[{"property":"","dataset":"OpenStreetMap","license":"ODbL-1.0","record_id":"w440304521@1","update_time":"2017-07-06T10:22:07.000Z","confidence":null,"between":null,"provider":"osm","resource":"planet","version":"2026-09-06T00:00:00.000Z"}],"is_underground":false,"num_floors":5,"subtype":"residential","class":"house","has_parts":false,"version":1}},
{"id":"b6e3018b-c8ff-45e2-93ad-7e8f2b242cfc","type":"Feature","geometry":{"type":"Polygon","coordinates":[[[90.4163164,23.7443649],[90.4163753,23.7441909],[90.4164339,23.7442075],[90.416375,23.7443816],[90.4163164,23.7443649]]]},"properties":{"sources":[{"property":"","dataset":"OpenStreetMap","license":"ODbL-1.0","record_id":"w470196893@1","update_time":"2019-01-09T21:23:34.000Z","confidence":null,"between":null,"provider":"osm","resource":"planet","version":"2026-09-06T00:00:00.000Z"}],"is_underground":false,"subtype":"residential","class":"apartments","has_parts":false,"version":1}},
{"id":"d3c9a523-c24f-41f4-9b39-974098ccd2ea","type":"Feature","geometry":{"type":"Polygon","coordinates":[[[90.4162994,23.7443452],[90.4161994,23.7443387],[90.4162115,23.7441822],[90.4163115,23.7441886],[90.4162994,23.7443452]]]},"properties":{"sources":[{"property":"","dataset":"OpenStreetMap","license":"ODbL-1.0","record_id":"w505550912@1","update_time":"2017-07-06T10:22:02.000Z","confidence":null,"between":null,"provider":"osm","resource":"planet","version":"2026-09-06T00:00:00.000Z"}],"is_underground":false,"has_parts":false,"version":1}},
{"id":"69700076-6651-49fe-bf5d-b6daab5d06eb","type":"Feature","geometry":{"type":"Polygon","coordinates":[[[90.4161381,23.7443421],[90.4159986,23.7443408],[90.4159993,23.7442721],[90.4161388,23.7442734],[90.4161381,23.7443421]]]},"properties":{"sources":[{"property":"","dataset":"OpenStreetMap","license":"ODbL-1.0","record_id":"w505550914@1","update_time":"2017-07-06T10:22:02.000Z","confidence":null,"between":null,"provider":"osm","resource":"planet","version":"2026-09-06T00:00:00.000Z"}],"is_underground":false,"has_parts":false,"version":1}},
{"id":"ea8d50b4-e59b-401f-83b0-cdf9ca848d74","type":"Feature","geometry":{"type":"Polygon","coordinates":[[[90.4161632,23.7442601],[90.4159902,23.7442607],[90.4159899,23.7441914],[90.4161629,23.7441908],[90.4161632,23.7442601]]]},"properties":{"sources":[{"property":"","dataset":"OpenStreetMap","license":"ODbL-1.0","record_id":"w505550913@1","update_time":"2017-07-06T10:22:02.000Z","confidence":null,"between":null,"provider":"osm","resource":"planet","version":"2026-09-06T00:00:00.000Z"}],"is_underground":false,"has_parts":false,"version":1}},
{"id":"afc1c546-81ca-4fcb-b65c-e49cea832b50","type":"Feature","geometry":{"type":"Polygon","coordinates":[[[90.4161813,23.7441464],[90.4160733,23.744144],[90.416076,23.7440438],[90.416184,23.7440462],[90.4161813,23.7441464]]]},"properties":{"sources":[{"property":"","dataset":"OpenStreetMap","license":"ODbL-1.0","record_id":"w505555829@1","update_time":"2022-05-25T07:08:06.000Z","confidence":null,"between":null,"provider":"osm","resource":"planet","version":"2026-09-06T00:00:00.000Z"}],"is_underground":false,"has_parts":false,"version":1}},
{"id":"d5ffee57-0c0f-420b-be3c-c842c05f1aa7","type":"Feature","geometry":{"type":"Polygon","coordinates":[[[90.4161911,23.7440322],[90.416086,23.7440322],[90.4160884,23.7439403],[90.4161911,23.7439414],[90.4161911,23.7440322]]]},"properties":{"sources":[{"property":"","dataset":"OpenStreetMap","license":"ODbL-1.0","record_id":"w440457588@1","update_time":"2022-05-20T11:32:09.000Z","confidence":null,"between":null,"provider":"osm","resource":"planet","version":"2026-09-06T00:00:00.000Z"}],"is_underground":false,"num_floors":5,"subtype":"residential","class":"apartments","has_parts":false,"version":1}},
{"id":"942ab62d-0d02-42cf-a599-6a93d6e291a4","type":"Feature","geometry":{"type":"Polygon","coordinates":[[[90.4163222,23.744121],[90.416233,23.7441204],[90.4162338,23.7440326],[90.416323,23.7440333],[90.4163222,23.744121]]]},"properties":{"sources":[{"property":"","dataset":"OpenStreetMap","license":"ODbL-1.0","record_id":"w1432293252@1","update_time":"2025-09-23T13:24:25.000Z","confidence":null,"between":null,"provider":"osm","resource":"planet","version":"2026-09-06T00:00:00.000Z"}],"is_underground":false,"has_parts":false,"version":2}},
{"id":"c4a1a77a-718c-49e6-a28f-a55e5029c286","type":"Feature","geometry":{"type":"Polygon","coordinates":[[[90.4161274,23.7437169],[90.4159496,23.7436859],[90.4159986,23.7434504],[90.4161764,23.7434814],[90.4161274,23.7437169]]]},"properties":{"sources":[{"property":"","dataset":"OpenStreetMap","license":"ODbL-1.0","record_id":"w505550881@1","update_time":"2022-05-20T11:32:09.000Z","confidence":null,"between":null,"provider":"osm","resource":"planet","version":"2026-09-06T00:00:00.000Z"}],"is_underground":false,"has_parts":false,"version":1}},
{"id":"452110e6-8a4e-4951-9165-10afc663f087","type":"Feature","geometry":{"type":"Polygon","coordinates":[[[90.4162133,23.7439201],[90.416121,23.7439159],[90.4161269,23.7438111],[90.4162133,23.743809],[90.4162133,23.7439201]]]},"properties":{"sources":[{"property":"","dataset":"OpenStreetMap","license":"ODbL-1.0","record_id":"w440443488@2","update_time":"2022-05-20T11:32:09.000Z","confidence":null,"between":null,"provider":"osm","resource":"planet","version":"2026-09-06T00:00:00.000Z"}],"is_underground":false,"subtype":"residential","class":"residential","has_parts":false,"version":1}},
{"id":"cc520819-b855-400b-932e-212f2b215c94","type":"Feature","geometry":{"type":"Polygon","coordinates":[[[90.4160886,23.743907],[90.4159521,23.7439006],[90.4159581,23.743792],[90.4160946,23.7437984],[90.4160886,23.743907]]]},"properties":{"sources":[{"property":"","dataset":"OpenStreetMap","license":"ODbL-1.0","record_id":"w505550884@1","update_time":"2022-05-20T11:32:09.000Z","confidence":null,"between":null,"provider":"osm","resource":"planet","version":"2026-09-06T00:00:00.000Z"}],"is_underground":false,"has_parts":false,"version":1}},
{"id":"718fa420-0154-44cf-9ef7-b073a9799cc2","type":"Feature","geometry":{"type":"Polygon","coordinates":[[[90.4159763,23.7435116],[90.4159538,23.7436341],[90.4158039,23.7436248],[90.415825,23.7434959],[90.4159763,23.7435116]]]},"properties":{"names":{"primary":"JMI Group","common":null,"rules":null},"sources":[{"property":"","dataset":"OpenStreetMap","license":"ODbL-1.0","record_id":"w440438900@1","update_time":"2017-07-06T10:22:07.000Z","confidence":null,"between":null,"provider":"osm","resource":"planet","version":"2026-09-06T00:00:00.000Z"}],"is_underground":false,"num_floors":6,"subtype":"industrial","class":"industrial","has_parts":false,"version":1}},
{"id":"98dc3ef1-da0c-4fe0-8a0a-f4e9d9aa5cb2","type":"Feature","geometry":{"type":"Polygon","coordinates":[[[90.4159584,23.7437856],[90.4158183,23.7437758],[90.4158259,23.743685],[90.415966,23.7436948],[90.4159584,23.7437856]]]},"properties":{"sources":[{"property":"","dataset":"OpenStreetMap","license":"ODbL-1.0","record_id":"w505550880@1","update_time":"2017-07-06T10:22:00.000Z","confidence":null,"between":null,"provider":"osm","resource":"planet","version":"2026-09-06T00:00:00.000Z"}],"is_underground":false,"has_parts":false,"version":1}},
{"id":"7624b3ec-766d-4c6b-89c0-6282e34be16c","type":"Feature","geometry":{"type":"Polygon","coordinates":[[[90.4159474,23.7438669],[90.4158059,23.7438639],[90.4158077,23.7437957],[90.4159491,23.7437988],[90.4159474,23.7438669]]]},"properties":{"sources":[{"property":"","dataset":"OpenStreetMap","license":"ODbL-1.0","record_id":"w505550882@1","update_time":"2017-07-06T10:22:00.000Z","confidence":null,"between":null,"provider":"osm","resource":"planet","version":"2026-09-06T00:00:00.000Z"}],"is_underground":false,"has_parts":false,"version":1}},
{"id":"80085406-883e-4693-959d-4eefdd035d90","type":"Feature","geometry":{"type":"Polygon","coordinates":[[[90.4159008,23.7441391],[90.4157605,23.7441353],[90.4157685,23.7438836],[90.4159088,23.7438874],[90.4159008,23.7441391]]]},"properties":{"sources":[{"property":"","dataset":"OpenStreetMap","license":"ODbL-1.0","record_id":"w505555835@1","update_time":"2017-07-06T10:48:58.000Z","confidence":null,"between":null,"provider":"osm","resource":"planet","version":"2026-09-06T00:00:00.000Z"}],"is_underground":false,"has_parts":false,"version":1}},
{"id":"3ece0050-061b-4cac-9afd-ce3d4141b296","type":"Feature","geometry":{"type":"Polygon","coordinates":[[[90.4159122,23.7439795],[90.4160283,23.7439752],[90.4160316,23.7440491],[90.4159154,23.7440534],[90.4159122,23.7439795]]]},"properties":{"sources":[{"property":"","dataset":"Google Open Buildings","license":null,"record_id":"7MMGPCV8+J95C","update_time":"2023-05-01T00:00:00.000Z","confidence":0.7576,"between":null,"provider":"google","resource":"open_buildings","version":"2024-04-16"}],"is_underground":false,"has_parts":false,"version":1}},
{"id":"51ac6ea3-ae11-452c-b333-7c6e359807b1","type":"Feature","geometry":{"type":"Polygon","coordinates":[[[90.4159348,23.7442348],[90.4158058,23.7442407],[90.415803,23.7441918],[90.4159398,23.7441867],[90.4159348,23.7442348]]]},"properties":{"sources":[{"property":"","dataset":"OpenStreetMap","license":"ODbL-1.0","record_id":"w390555409@2","update_time":"2017-07-06T10:22:12.000Z","confidence":null,"between":null,"provider":"osm","resource":"planet","version":"2026-09-06T00:00:00.000Z"}],"is_underground":false,"has_parts":false,"version":1}},
{"id":"d7608d4b-21c5-42dd-bf0b-e5785140560d","type":"Feature","geometry":{"type":"Polygon","coordinates":[[[90.4159695,23.7443765],[90.4158128,23.7443773],[90.4158121,23.7442469],[90.415898,23.7442465],[90.4159688,23.7442462],[90.4159692,23.7443238],[90.4159695,23.7443765]]]},"properties":{"sources":[{"property":"","dataset":"OpenStreetMap","license":"ODbL-1.0","record_id":"w390555397@4","update_time":"2017-07-06T10:22:12.000Z","confidence":null,"between":null,"provider":"osm","resource":"planet","version":"2026-09-06T00:00:00.000Z"}],"is_underground":false,"has_parts":false,"version":1}},
{"id":"91e1a92f-ffa2-41ef-9a9f-5e09547a1781","type":"Feature","geometry":{"type":"Polygon","coordinates":[[[90.4159736,23.744431],[90.4158376,23.7444296],[90.4158381,23.7443857],[90.4159742,23.7443871],[90.4159736,23.744431]]]},"properties":{"sources":[{"property":"","dataset":"OpenStreetMap","license":"ODbL-1.0","record_id":"w390555389@2","update_time":"2017-07-06T10:22:08.000Z","confidence":null,"between":null,"provider":"osm","resource":"planet","version":"2026-09-06T00:00:00.000Z"}],"is_underground":false,"has_parts":false,"version":1}},
{"id":"6b77f816-1c9e-442c-bf64-93a0367ab21e","type":"Feature","geometry":{"type":"Polygon","coordinates":[[[90.4159626,23.744498],[90.4158337,23.7445067],[90.41583,23.7444612],[90.4159589,23.7444525],[90.4159626,23.744498]]]},"properties":{"sources":[{"property":"","dataset":"OpenStreetMap","license":"ODbL-1.0","record_id":"w390555385@1","update_time":"2017-07-06T10:22:05.000Z","confidence":null,"between":null,"provider":"osm","resource":"planet","version":"2026-09-06T00:00:00.000Z"}],"is_underground":false,"has_parts":false,"version":1}},
{"id":"dce16ed8-3fe6-4aa2-b68a-6a2ede613aca","type":"Feature","geometry":{"type":"Polygon","coordinates":[[[90.4159249,23.7447362],[90.4158602,23.7447315],[90.4158587,23.7446558],[90.415928,23.7446558],[90.4159249,23.7447362]]]},"properties":{"sources":[{"property":"","dataset":"OpenStreetMap","license":"ODbL-1.0","record_id":"w390555476@1","update_time":"2017-07-06T10:22:07.000Z","confidence":null,"between":null,"provider":"osm","resource":"planet","version":"2026-09-06T00:00:00.000Z"}],"is_underground":false,"has_parts":false,"version":1}},
{"id":"95b3b161-80d5-40a1-b804-fa825098bd4c","type":"Feature","geometry":{"type":"Polygon","coordinates":[[[90.4159476,23.7445908],[90.4158575,23.7445945],[90.4158536,23.7445142],[90.4159438,23.7445106],[90.4159476,23.7445908]]]},"properties":{"sources":[{"property":"","dataset":"OpenStreetMap","license":"ODbL-1.0","record_id":"w390555480@1","update_time":"2017-07-06T10:22:06.000Z","confidence":null,"between":null,"provider":"osm","resource":"planet","version":"2026-09-06T00:00:00.000Z"}],"is_underground":false,"has_parts":false,"version":1}},
{"id":"e3f3a6a2-d408-4146-92b1-fbdaecd1f53a","type":"Feature","geometry":{"type":"Polygon","coordinates":[[[90.4160915,23.7445889],[90.4160673,23.7447522],[90.4159748,23.744735],[90.4159935,23.7445914],[90.4160915,23.7445889]]]},"properties":{"sources":[{"property":"","dataset":"OpenStreetMap","license":"ODbL-1.0","record_id":"w470196318@1","update_time":"2017-07-06T10:22:09.000Z","confidence":null,"between":null,"provider":"osm","resource":"planet","version":"2026-09-06T00:00:00.000Z"}],"is_underground":false,"has_parts":false,"version":1}},
{"id":"ccb52221-0265-4632-b5ad-19efd0b3eaa1","type":"Feature","geometry":{"type":"Polygon","coordinates":[[[90.4160992,23.7445834],[90.4160026,23.7445821],[90.4160147,23.744385],[90.4161173,23.7443839],[90.4160992,23.7445834]]]},"properties":{"sources":[{"property":"","dataset":"OpenStreetMap","license":"ODbL-1.0","record_id":"w505550915@1","update_time":"2017-07-06T10:22:02.000Z","confidence":null,"between":null,"provider":"osm","resource":"planet","version":"2026-09-06T00:00:00.000Z"}],"is_underground":false,"has_parts":false,"version":1}},
{"id":"65d387d8-9a4c-4826-a74e-8c7df22c5c77","type":"Feature","geometry":{"type":"Polygon","coordinates":[[[90.4161477,23.7445167],[90.4161814,23.7443489],[90.4162759,23.7443648],[90.4162422,23.7445326],[90.4161477,23.7445167]]]},"properties":{"sources":[{"property":"","dataset":"OpenStreetMap","license":"ODbL-1.0","record_id":"w470196922@2","update_time":"2017-07-06T10:22:13.000Z","confidence":null,"between":null,"provider":"osm","resource":"planet","version":"2026-09-06T00:00:00.000Z"}],"is_underground":false,"subtype":"residential","class":"apartments","has_parts":false,"version":1}},
{"id":"a37e1281-d53f-4e07-830b-9b4946f93f7a","type":"Feature","geometry":{"type":"Polygon","coordinates":[[[90.4162164,23.7446474],[90.4161149,23.7446327],[90.416133,23.7445277],[90.4162345,23.7445424],[90.4162164,23.7446474]]]},"properties":{"sources":[{"property":"","dataset":"OpenStreetMap","license":"ODbL-1.0","record_id":"w505550918@1","update_time":"2017-07-06T10:22:02.000Z","confidence":null,"between":null,"provider":"osm","resource":"planet","version":"2026-09-06T00:00:00.000Z"}],"is_underground":false,"has_parts":false,"version":1}},
{"id":"b9098f15-71a5-42ba-8232-cf48daf14524","type":"Feature","geometry":{"type":"Polygon","coordinates":[[[90.4161577,23.744922],[90.4160717,23.7449049],[90.4160938,23.7448116],[90.4161799,23.7448287],[90.4161577,23.744922]]]},"properties":{"sources":[{"property":"","dataset":"OpenStreetMap","license":"ODbL-1.0","record_id":"w505550917@1","update_time":"2017-07-06T10:22:02.000Z","confidence":null,"between":null,"provider":"osm","resource":"planet","version":"2026-09-06T00:00:00.000Z"}],"is_underground":false,"has_parts":false,"version":1}},
{"id":"0c0728b9-a8d1-4d0d-a3f5-07a6f1f10d6a","type":"Feature","geometry":{"type":"Polygon","coordinates":[[[90.4161973,23.7448082],[90.4161182,23.7448028],[90.4161289,23.7446579],[90.4162201,23.7446713],[90.4161973,23.7448082]]]},"properties":{"sources":[{"property":"","dataset":"OpenStreetMap","license":"ODbL-1.0","record_id":"w368204825@1","update_time":"2017-07-06T10:22:05.000Z","confidence":null,"between":null,"provider":"osm","resource":"planet","version":"2026-09-06T00:00:00.000Z"}],"is_underground":false,"subtype":"residential","class":"apartments","has_parts":false,"version":1}},
{"id":"5910d0de-6850-417b-a17a-95b3791a8966","type":"Feature","geometry":{"type":"Polygon","coordinates":[[[90.416327,23.7448421],[90.4162288,23.7448231],[90.4162596,23.7446893],[90.4163579,23.7447083],[90.416327,23.7448421]]]},"properties":{"sources":[{"property":"","dataset":"OpenStreetMap","license":"ODbL-1.0","record_id":"w505550927@1","update_time":"2017-07-06T10:22:03.000Z","confidence":null,"between":null,"provider":"osm","resource":"planet","version":"2026-09-06T00:00:00.000Z"}],"is_underground":false,"has_parts":false,"version":1}},
{"id":"bbbaef46-de38-468a-9058-7300227e3ad3","type":"Feature","geometry":{"type":"Polygon","coordinates":[[[90.4162893,23.7449689],[90.416186,23.7449394],[90.4162061,23.7448412],[90.4163215,23.7448756],[90.4162893,23.7449689]]]},"properties":{"sources":[{"property":"","dataset":"OpenStreetMap","license":"ODbL-1.0","record_id":"w470196257@1","update_time":"2017-07-06T10:22:09.000Z","confidence":null,"between":null,"provider":"osm","resource":"planet","version":"2026-09-06T00:00:00.000Z"}],"is_underground":false,"has_parts":false,"version":1}},
{"id":"9034157f-96ea-4562-be0d-ff375ef280da","type":"Feature","geometry":{"type":"Polygon","coordinates":[[[90.416262,23.7451099],[90.4161155,23.7450645],[90.4161435,23.7449887],[90.41629,23.7450341],[90.416262,23.7451099]]]},"properties":{"sources":[{"property":"","dataset":"OpenStreetMap","license":"ODbL-1.0","record_id":"w505550916@1","update_time":"2019-01-09T21:23:34.000Z","confidence":null,"between":null,"provider":"osm","resource":"planet","version":"2026-09-06T00:00:00.000Z"}],"is_underground":false,"has_parts":false,"version":1}},
{"id":"8ec0d776-c96a-4c21-a893-71a9c173a477","type":"Feature","geometry":{"type":"Polygon","coordinates":[[[90.4161055,23.7450452],[90.4159727,23.7449988],[90.4160024,23.7449275],[90.4161352,23.7449739],[90.4161055,23.7450452]]]},"properties":{"sources":[{"property":"","dataset":"OpenStreetMap","license":"ODbL-1.0","record_id":"w470196201@1","update_time":"2019-01-09T21:23:34.000Z","confidence":null,"between":null,"provider":"osm","resource":"planet","version":"2026-09-06T00:00:00.000Z"}],"is_underground":false,"has_parts":false,"version":1}},
{"id":"75f2c53a-ee93-48e9-a645-67f64f38636c","type":"Feature","geometry":{"type":"Polygon","coordinates":[[[90.4160576,23.7448999],[90.4159972,23.7448903],[90.4160165,23.7447889],[90.4160769,23.7447986],[90.4160576,23.7448999]]]},"properties":{"sources":[{"property":"","dataset":"OpenStreetMap","license":"ODbL-1.0","record_id":"w1425755180@1","update_time":"2025-08-29T08:13:24.000Z","confidence":null,"between":null,"provider":"osm","resource":"planet","version":"2026-09-06T00:00:00.000Z"}],"is_underground":false,"has_parts":false,"version":1}},
{"id":"52ef2962-40fd-4ee3-81d5-6954cecadd40","type":"Feature","geometry":{"type":"Polygon","coordinates":[[[90.4159672,23.7450171],[90.415861,23.7450046],[90.4158971,23.7447482],[90.4160033,23.7447607],[90.4159672,23.7450171]]]},"properties":{"sources":[{"property":"","dataset":"OpenStreetMap","license":"ODbL-1.0","record_id":"w470196252@1","update_time":"2019-01-09T21:23:34.000Z","confidence":null,"between":null,"provider":"osm","resource":"planet","version":"2026-09-06T00:00:00.000Z"}],"is_underground":false,"has_parts":false,"version":1}},
{"id":"3c21ceb2-99e2-4941-93f6-946e36c28a47","type":"Feature","geometry":{"type":"Polygon","coordinates":[[[90.4158876,23.7447571],[90.4158764,23.7448498],[90.4157967,23.7448417],[90.415808,23.7447489],[90.4158876,23.7447571]]]},"properties":{"sources":[{"property":"","dataset":"OpenStreetMap","license":"ODbL-1.0","record_id":"w470196615@1","update_time":"2019-01-09T21:23:34.000Z","confidence":null,"between":null,"provider":"osm","resource":"planet","version":"2026-09-06T00:00:00.000Z"}],"is_underground":false,"has_parts":false,"version":1}},
{"id":"3e194a7a-28c7-4980-a431-447c1308c4cc","type":"Feature","geometry":{"type":"Polygon","coordinates":[[[90.4158435,23.7450035],[90.4157663,23.7449961],[90.4157813,23.744865],[90.4158585,23.7448724],[90.4158435,23.7450035]]]},"properties":{"sources":[{"property":"","dataset":"OpenStreetMap","license":"ODbL-1.0","record_id":"w390555451@1","update_time":"2019-01-09T21:23:33.000Z","confidence":null,"between":null,"provider":"osm","resource":"planet","version":"2026-09-06T00:00:00.000Z"}],"is_underground":false,"has_parts":false,"version":1}},
{"id":"a2c8852a-f53c-4e53-9591-c95ff9a25996","type":"Feature","geometry":{"type":"Polygon","coordinates":[[[90.4158158,23.7450591],[90.4158976,23.7450705],[90.4158867,23.745137],[90.4158049,23.7451256],[90.4158158,23.7450591]]]},"properties":{"sources":[{"property":"","dataset":"Google Open Buildings","license":null,"record_id":"7MMGPCW8+28QR","update_time":"2023-05-01T00:00:00.000Z","confidence":0.7485,"between":null,"provider":"google","resource":"open_buildings","version":"2024-04-16"}],"is_underground":false,"has_parts":false,"version":1}},
{"id":"b2520894-4efc-4867-821d-4d2f44f352a4","type":"Feature","geometry":{"type":"Polygon","coordinates":[[[90.4159379,23.7451849],[90.4161987,23.7452757],[90.4161519,23.7454175],[90.4158922,23.745341],[90.4159379,23.7451849]]]},"properties":{"sources":[{"property":"","dataset":"OpenStreetMap","license":"ODbL-1.0","record_id":"w1036604201@1","update_time":"2022-03-02T16:35:22.000Z","confidence":null,"between":null,"provider":"osm","resource":"planet","version":"2026-09-06T00:00:00.000Z"}],"is_underground":false,"has_parts":false,"version":1}},
{"id":"dc372e13-2700-40cd-9886-a8f9959c7331","type":"Feature","geometry":{"type":"Polygon","coordinates":[[[90.4160422,23.7451542],[90.4160739,23.7450729],[90.4162481,23.7451298],[90.4162164,23.7452111],[90.4160422,23.7451542]]]},"properties":{"sources":[{"property":"","dataset":"OpenStreetMap","license":"ODbL-1.0","record_id":"w470196264@1","update_time":"2019-01-09T21:23:34.000Z","confidence":null,"between":null,"provider":"osm","resource":"planet","version":"2026-09-06T00:00:00.000Z"}],"is_underground":false,"has_parts":false,"version":1}},
{"id":"88c49778-05fc-40fc-b057-6f5098375d79","type":"Feature","geometry":{"type":"Polygon","coordinates":[[[90.4162812,23.7452377],[90.4163352,23.745257],[90.4163258,23.7453064],[90.4163094,23.7453665],[90.4162601,23.7453558],[90.4162812,23.7452377]]]},"properties":{"sources":[{"property":"","dataset":"OpenStreetMap","license":"ODbL-1.0","record_id":"w827271359@1","update_time":"2021-11-06T16:57:32.000Z","confidence":null,"between":null,"provider":"osm","resource":"planet","version":"2026-09-06T00:00:00.000Z"}],"is_underground":false,"has_parts":false,"version":1}},
{"id":"77e686a9-82cd-4386-9b9b-bc18aec97e49","type":"Feature","geometry":{"type":"Polygon","coordinates":[[[90.4164487,23.74528],[90.416277,23.7452223],[90.4163052,23.7451388],[90.4164862,23.7451977],[90.4164487,23.74528]]]},"properties":{"sources":[{"property":"","dataset":"OpenStreetMap","license":"ODbL-1.0","record_id":"w470196198@1","update_time":"2021-11-06T16:57:32.000Z","confidence":null,"between":null,"provider":"osm","resource":"planet","version":"2026-09-06T00:00:00.000Z"}],"is_underground":false,"has_parts":false,"version":1}},
{"id":"41cedcc5-4486-44a9-bc91-0c0d3472ecd0","type":"Feature","geometry":{"type":"Polygon","coordinates":[[[90.4165896,23.7451965],[90.41643,23.7451385],[90.4164573,23.7450756],[90.4166169,23.7451335],[90.4165896,23.7451965]]]},"properties":{"sources":[{"property":"","dataset":"OpenStreetMap","license":"ODbL-1.0","record_id":"w368204814@1","update_time":"2017-07-06T10:22:05.000Z","confidence":null,"between":null,"provider":"osm","resource":"planet","version":"2026-09-06T00:00:00.000Z"}],"is_underground":false,"subtype":"residential","class":"apartments","has_parts":false,"version":1}},
{"id":"4b51e8b5-81c8-4a36-a234-97f7f671e19b","type":"Feature","geometry":{"type":"Polygon","coordinates":[[[90.4165702,23.745208],[90.4166757,23.7452337],[90.4166546,23.745354],[90.4165373,23.7453132],[90.4165702,23.745208]]]},"properties":{"sources":[{"property":"","dataset":"OpenStreetMap","license":"ODbL-1.0","record_id":"w827271358@1","update_time":"2021-11-06T16:57:32.000Z","confidence":null,"between":null,"provider":"osm","resource":"planet","version":"2026-09-06T00:00:00.000Z"}],"is_underground":false,"has_parts":false,"version":1}},
{"id":"e62843bc-20ca-4d87-823f-045817adee87","type":"Feature","geometry":{"type":"Polygon","coordinates":[[[90.416778,23.7452134],[90.4166278,23.7451986],[90.4166546,23.7450759],[90.4168155,23.7450931],[90.416778,23.7452134]]]},"properties":{"sources":[{"property":"","dataset":"OpenStreetMap","license":"ODbL-1.0","record_id":"w368204184@1","update_time":"2017-07-06T10:22:04.000Z","confidence":null,"between":null,"provider":"osm","resource":"planet","version":"2026-09-06T00:00:00.000Z"}],"is_underground":false,"subtype":"residential","class":"apartments","has_parts":false,"version":1}},
{"id":"30216f3a-6f2a-4716-af7e-1c56a4b34226","type":"Feature","geometry":{"type":"Polygon","coordinates":[[[90.416664,23.7449604],[90.4165312,23.7449403],[90.4165628,23.7447659],[90.4166956,23.7447861],[90.416664,23.7449604]]]},"properties":{"sources":[{"property":"","dataset":"OpenStreetMap","license":"ODbL-1.0","record_id":"w368204538@1","update_time":"2017-07-06T10:22:05.000Z","confidence":null,"between":null,"provider":"osm","resource":"planet","version":"2026-09-06T00:00:00.000Z"}],"is_underground":false,"subtype":"residential","class":"apartments","has_parts":false,"version":1}},
{"id":"888663cb-2210-4385-aabf-01d2c6d8a38d","type":"Feature","geometry":{"type":"Polygon","coordinates":[[[90.4165822,23.7451034],[90.4164349,23.7450564],[90.4164797,23.7449386],[90.416627,23.7449856],[90.4165822,23.7451034]]]},"properties":{"sources":[{"property":"","dataset":"OpenStreetMap","license":"ODbL-1.0","record_id":"w464845835@2","update_time":"2017-07-06T10:22:13.000Z","confidence":null,"between":null,"provider":"osm","resource":"planet","version":"2026-09-06T00:00:00.000Z"}],"is_underground":false,"has_parts":false,"version":1}},
{"id":"af2aad7c-9a05-42eb-9eef-983289d7d2fa","type":"Feature","geometry":{"type":"Polygon","coordinates":[[[90.4164173,23.7447872],[90.416536,23.7448169],[90.4165186,23.7448761],[90.4163999,23.7448464],[90.4164173,23.7447872]]]},"properties":{"sources":[{"property":"","dataset":"Google Open Buildings","license":null,"record_id":"7MMGPCV8+WHP9","update_time":"2023-05-01T00:00:00.000Z","confidence":0.8447,"between":null,"provider":"google","resource":"open_buildings","version":"2024-04-16"}],"is_underground":false,"has_parts":false,"version":1}},
{"id":"dd7aa35a-9344-4edd-be2b-ccb595533353","type":"Feature","geometry":{"type":"Polygon","coordinates":[[[90.416449,23.7446455],[90.416378,23.7446269],[90.4163908,23.7445862],[90.4164618,23.7446048],[90.416449,23.7446455]]]},"properties":{"sources":[{"property":"","dataset":"OpenStreetMap","license":"ODbL-1.0","record_id":"w1425879067@1","update_time":"2025-08-29T16:56:16.000Z","confidence":null,"between":null,"provider":"osm","resource":"planet","version":"2026-09-06T00:00:00.000Z"}],"is_underground":false,"has_parts":false,"version":1}},
{"id":"197dcd98-abab-4929-aa3e-dd115b6cdb3f","type":"Feature","geometry":{"type":"Polygon","coordinates":[[[90.4164202,23.7446901],[90.4163817,23.7446838],[90.4163904,23.744639],[90.4164289,23.7446453],[90.4164202,23.7446901]]]},"properties":{"sources":[{"property":"","dataset":"OpenStreetMap","license":"ODbL-1.0","record_id":"w1425700371@1","update_time":"2025-08-29T00:28:56.000Z","confidence":null,"between":null,"provider":"osm","resource":"planet","version":"2026-09-06T00:00:00.000Z"}],"is_underground":false,"has_parts":false,"version":1}},
{"id":"50e9bcb4-bdd1-48fd-8c15-4cf9dfedd49e","type":"Feature","geometry":{"type":"Polygon","coordinates":[[[90.4163359,23.744684],[90.4162386,23.7446582],[90.4162644,23.7445769],[90.4163616,23.7446027],[90.4163359,23.744684]]]},"properties":{"sources":[{"property":"","dataset":"OpenStreetMap","license":"ODbL-1.0","record_id":"w505550919@1","update_time":"2017-07-06T10:22:02.000Z","confidence":null,"between":null,"provider":"osm","resource":"planet","version":"2026-09-06T00:00:00.000Z"}],"is_underground":false,"has_parts":false,"version":1}},
{"id":"2f3cf05a-4271-464c-80b9-5ea1d6af9bfa","type":"Feature","geometry":{"type":"Polygon","coordinates":[[[90.4164608,23.7445975],[90.4163428,23.74457],[90.4163749,23.7444546],[90.4164929,23.7444821],[90.4164608,23.7445975]]]},"properties":{"sources":[{"property":"","dataset":"OpenStreetMap","license":"ODbL-1.0","record_id":"w505550931@1","update_time":"2019-01-09T21:23:35.000Z","confidence":null,"between":null,"provider":"osm","resource":"planet","version":"2026-09-06T00:00:00.000Z"}],"is_underground":false,"has_parts":false,"version":1}},
{"id":"f4c1d9ff-2b1e-4587-8468-3bdc1922f4f5","type":"Feature","geometry":{"type":"Polygon","coordinates":[[[90.4163266,23.7445597],[90.4162715,23.7445439],[90.4163251,23.7443875],[90.4163802,23.7444034],[90.4163266,23.7445597]]]},"properties":{"sources":[{"property":"","dataset":"OpenStreetMap","license":"ODbL-1.0","record_id":"w505550928@1","update_time":"2019-01-09T21:23:34.000Z","confidence":null,"between":null,"provider":"osm","resource":"planet","version":"2026-09-06T00:00:00.000Z"}],"is_underground":false,"has_parts":false,"version":1}},
{"id":"d28e5cb3-4b39-4d55-9af9-9de55157eda2","type":"Feature","geometry":{"type":"Polygon","coordinates":[[[90.4165065,23.744466],[90.4163805,23.7444277],[90.4164149,23.7443327],[90.4165409,23.744371],[90.4165065,23.744466]]]},"properties":{"sources":[{"property":"","dataset":"OpenStreetMap","license":"ODbL-1.0","record_id":"w505550930@1","update_time":"2019-01-09T21:23:34.000Z","confidence":null,"between":null,"provider":"osm","resource":"planet","version":"2026-09-06T00:00:00.000Z"}],"is_underground":false,"has_parts":false,"version":1}},
{"id":"4f170742-a055-4f0e-8590-e9768616a129","type":"Feature","geometry":{"type":"Polygon","coordinates":[[[90.4165812,23.7447125],[90.4164814,23.7446838],[90.4165738,23.7444155],[90.4166735,23.7444442],[90.4165812,23.7447125]]]},"properties":{"sources":[{"property":"","dataset":"OpenStreetMap","license":"ODbL-1.0","record_id":"w1432262450@1","update_time":"2025-09-23T11:15:48.000Z","confidence":null,"between":null,"provider":"osm","resource":"planet","version":"2026-09-06T00:00:00.000Z"}],"is_underground":false,"has_parts":false,"version":1}},
{"id":"8b6cfda2-937e-46b3-ae98-b07f8645bc86","type":"Feature","geometry":{"type":"Polygon","coordinates":[[[90.4167708,23.7447615],[90.4166016,23.744709],[90.4167008,23.7444414],[90.41687,23.7444939],[90.4167708,23.7447615]]]},"properties":{"sources":[{"property":"","dataset":"OpenStreetMap","license":"ODbL-1.0","record_id":"w505550932@1","update_time":"2017-07-06T10:22:03.000Z","confidence":null,"between":null,"provider":"osm","resource":"planet","version":"2026-09-06T00:00:00.000Z"}],"is_underground":false,"has_parts":false,"version":1}}]}