{"type": "FeatureCollection", "features": [
{"id":"cd4d3c35-bee3-47f8-aade-fe55ff76a037","type":"Feature","geometry":{"type":"Polygon","coordinates":[[[90.394441,23.7566451],[90.3944869,23.7566394],[90.394512,23.7568084],[90.3945686,23.7568012],[90.3945949,23.7569782],[90.3945098,23.7569889],[90.3944968,23.7569013],[90.3944794,23.7569035],[90.394441,23.7566451]]]},"properties":{"sources":[{"property":"","dataset":"Google Open Buildings","license":null,"record_id":"7MMGQ94V+PRJF","update_time":"2023-05-01T00:00:00.000Z","confidence":0.8623,"between":null,"provider":"google","resource":"open_buildings","version":"2024-04-16"}],"is_underground":false,"has_parts":false,"version":1}},
{"id":"502ab5ef-c647-43d3-b069-addf0e55756d","type":"Feature","geometry":{"type":"Polygon","coordinates":[[[90.3941126,23.7590818],[90.3938872,23.7590769],[90.3938967,23.7588498],[90.3941112,23.7588561],[90.3941126,23.7590818]]]},"properties":{"sources":[{"property":"","dataset":"OpenStreetMap","license":"ODbL-1.0","record_id":"w468958796@1","update_time":"2025-10-16T17:22:14.000Z","confidence":null,"between":null,"provider":"osm","resource":"planet","version":"2026-09-06T00:00:00.000Z"}],"is_underground":false,"has_parts":false,"version":2}},
{"id":"68631d74-111e-4d29-8d92-224197060695","type":"Feature","geometry":{"type":"Polygon","coordinates":[[[90.3940999,23.7587938],[90.3939023,23.7588163],[90.3938877,23.7587089],[90.3939197,23.7587052],[90.3939045,23.7585937],[90.3940701,23.7585749],[90.394088,23.7587068],[90.3940999,23.7587938]]]},"properties":{"names":{"primary":"SEL Gardenia","common":[["bn","সেল গার্ডেনিয়া"]],"rules":null},"sources":[{"property":"","dataset":"OpenStreetMap","license":"ODbL-1.0","record_id":"w458827169@1","update_time":"2017-06-15T09:27:47.000Z","confidence":null,"between":null,"provider":"osm","resource":"planet","version":"2026-09-06T00:00:00.000Z"}],"is_underground":false,"subtype":"residential","class":"apartments","has_parts":false,"version":1}},
{"id":"2c37c2f3-e78c-4430-9557-baa5c0a3fd82","type":"Feature","geometry":{"type":"Polygon","coordinates":[[[90.3941471,23.7583828],[90.3941982,23.7583779],[90.3942044,23.7584327],[90.3941533,23.7584376],[90.3941471,23.7583828]]]},"properties":{"sources":[{"property":"","dataset":"Google Open Buildings","license":null,"record_id":"7MMGQ95V+9M78","update_time":"2023-05-01T00:00:00.000Z","confidence":0.8128,"between":null,"provider":"google","resource":"open_buildings","version":"2024-04-16"}],"is_underground":false,"has_parts":false,"version":1}},
{"id":"4fa3f87d-69de-4725-9b13-9da21c749f95","type":"Feature","geometry":{"type":"Polygon","coordinates":[[[90.3942816,23.7574756],[90.3943256,23.7574719],[90.3943349,23.7575642],[90.3942909,23.7575679],[90.3942816,23.7574756]]]},"properties":{"sources":[{"property":"","dataset":"Google Open Buildings","license":null,"record_id":"7MMGQ95V+2P3Q","update_time":"2023-05-01T00:00:00.000Z","confidence":0.8766,"between":null,"provider":"google","resource":"open_buildings","version":"2024-04-16"}],"is_underground":false,"has_parts":false,"version":1}},
{"id":"1cb08cca-97b0-4a47-872e-c9efbe2ab145","type":"Feature","geometry":{"type":"Polygon","coordinates":[[[90.3939441,23.7580802],[90.3938681,23.7580815],[90.3938671,23.7580362],[90.3939432,23.7580349],[90.3939441,23.7580802]]]},"properties":{"sources":[{"property":"","dataset":"OpenStreetMap","license":"ODbL-1.0","record_id":"w500648500@1","update_time":"2017-06-15T09:27:40.000Z","confidence":null,"between":null,"provider":"osm","resource":"planet","version":"2026-09-06T00:00:00.000Z"}],"is_underground":false,"has_parts":false,"version":1}},
{"id":"99e42bed-8f33-4f22-ad18-2009cd35c1c1","type":"Feature","geometry":{"type":"Polygon","coordinates":[[[90.3939559,23.758153],[90.3938799,23.7581543],[90.3938789,23.758109],[90.393955,23.7581077],[90.3939559,23.758153]]]},"properties":{"sources":[{"property":"","dataset":"OpenStreetMap","license":"ODbL-1.0","record_id":"w1429945779@1","update_time":"2025-09-15T11:53:57.000Z","confidence":null,"between":null,"provider":"osm","resource":"planet","version":"2026-09-06T00:00:00.000Z"}],"is_underground":false,"has_parts":false,"version":1}},
{"id":"07296cb0-e6b8-4bae-8ef5-987f3f86f3c0","type":"Feature","geometry":{"type":"Polygon","coordinates":[[[90.3939553,23.7580178],[90.3938198,23.7580201],[90.3938184,23.7579538],[90.3939539,23.7579514],[90.3939553,23.7580178]]]},"properties":{"sources":[{"property":"","dataset":"OpenStreetMap","license":"ODbL-1.0","record_id":"w500648548@1","update_time":"2017-06-15T09:27:42.000Z","confidence":null,"between":null,"provider":"osm","resource":"planet","version":"2026-09-06T00:00:00.000Z"}],"is_underground":false,"has_parts":false,"version":1}},
{"id":"509eb285-a09a-44e7-95ef-c9661d6814ff","type":"Feature","geometry":{"type":"Polygon","coordinates":[[[90.3938608,23.7575037],[90.3937249,23.7575243],[90.3937135,23.7573336],[90.3938423,23.7573287],[90.3938608,23.7575037]]]},"properties":{"sources":[{"property":"","dataset":"OpenStreetMap","license":"ODbL-1.0","record_id":"w499872786@1","update_time":"2023-11-16T16:30:18.000Z","confidence":null,"between":null,"provider":"osm","resource":"planet","version":"2026-09-06T00:00:00.000Z"}],"is_underground":false,"has_parts":false,"version":1}},
{"id":"cec18a2d-4a84-40e6-a17c-bece5d3694f7","type":"Feature","geometry":{"type":"Polygon","coordinates":[[[90.393897,23.7577892],[90.393602,23.7578056],[90.3935976,23.7576615],[90.393879,23.7576409],[90.393897,23.7577892]]]},"properties":{"sources":[{"property":"","dataset":"OpenStreetMap","license":"ODbL-1.0","record_id":"w499872782@1","update_time":"2023-11-16T16:30:18.000Z","confidence":null,"between":null,"provider":"osm","resource":"planet","version":"2026-09-06T00:00:00.000Z"}],"is_underground":false,"has_parts":false,"version":1}},
{"id":"86864add-33fa-4154-b8cd-5f6ca19ccbe0","type":"Feature","geometry":{"type":"Polygon","coordinates":[[[90.3936858,23.7574442],[90.3936417,23.7574458],[90.3936386,23.7573773],[90.3936827,23.7573756],[90.3936858,23.7574442]]]},"properties":{"sources":[{"property":"","dataset":"OpenStreetMap","license":"ODbL-1.0","record_id":"w1429988536@1","update_time":"2025-09-15T14:14:16.000Z","confidence":null,"between":null,"provider":"osm","resource":"planet","version":"2026-09-06T00:00:00.000Z"}],"is_underground":false,"has_parts":false,"version":1}},
{"id":"824af6e2-abed-45cc-99e3-4df96dc9dd20","type":"Feature","geometry":{"type":"Polygon","coordinates":[[[90.3937129,23.7575483],[90.393657,23.7575493],[90.3936555,23.7574754],[90.3937113,23.7574744],[90.3937129,23.7575483]]]},"properties":{"sources":[{"property":"","dataset":"OpenStreetMap","license":"ODbL-1.0","record_id":"w499872802@1","update_time":"2017-06-12T11:41:02.000Z","confidence":null,"between":null,"provider":"osm","resource":"planet","version":"2026-09-06T00:00:00.000Z"}],"is_underground":false,"has_parts":false,"version":1}},
{"id":"e62752ac-49e9-48a3-affa-fdac2e6c500f","type":"Feature","geometry":{"type":"Polygon","coordinates":[[[90.3937099,23.7575912],[90.3936537,23.7575922],[90.3936531,23.7575668],[90.3937093,23.7575658],[90.3937099,23.7575912]]]},"properties":{"sources":[{"property":"","dataset":"OpenStreetMap","license":"ODbL-1.0","record_id":"w499872763@1","update_time":"2017-06-12T11:41:00.000Z","confidence":null,"between":null,"provider":"osm","resource":"planet","version":"2026-09-06T00:00:00.000Z"}],"is_underground":false,"has_parts":false,"version":1}},
{"id":"00d00c99-7aa1-47d8-bf3c-5e9cc718d3f5","type":"Feature","geometry":{"type":"Polygon","coordinates":[[[90.3936209,23.7576013],[90.3935786,23.757602],[90.3935772,23.7575365],[90.3936195,23.7575358],[90.3936209,23.7576013]]]},"properties":{"sources":[{"property":"","dataset":"OpenStreetMap","license":"ODbL-1.0","record_id":"w499872769@1","update_time":"2017-06-12T11:41:01.000Z","confidence":null,"between":null,"provider":"osm","resource":"planet","version":"2026-09-06T00:00:00.000Z"}],"is_underground":false,"has_parts":false,"version":1}},
{"id":"6acbede6-e7fb-4858-bc7e-3b7dad26cd9a","type":"Feature","geometry":{"type":"Polygon","coordinates":[[[90.3936308,23.7575221],[90.3935491,23.7575235],[90.3935472,23.7574316],[90.3936289,23.7574302],[90.3936297,23.7574676],[90.3936486,23.7574673],[90.3936492,23.7574955],[90.3936302,23.7574958],[90.3936308,23.7575221]]]},"properties":{"sources":[{"property":"","dataset":"OpenStreetMap","license":"ODbL-1.0","record_id":"w499872834@1","update_time":"2017-06-12T11:41:03.000Z","confidence":null,"between":null,"provider":"osm","resource":"planet","version":"2026-09-06T00:00:00.000Z"}],"is_underground":false,"has_parts":false,"version":1}},
{"id":"d1a92d2c-f194-4e1f-b152-a148fa8d9605","type":"Feature","geometry":{"type":"Polygon","coordinates":[[[90.3935705,23.7576007],[90.3935269,23.7576014],[90.3935257,23.7575396],[90.3935461,23.7575392],[90.3935469,23.757578],[90.39357,23.7575776],[90.3935705,23.7576007]]]},"properties":{"sources":[{"property":"","dataset":"OpenStreetMap","license":"ODbL-1.0","record_id":"w499872816@1","update_time":"2017-06-12T11:41:02.000Z","confidence":null,"between":null,"provider":"osm","resource":"planet","version":"2026-09-06T00:00:00.000Z"}],"is_underground":false,"has_parts":false,"version":1}},
{"id":"49158e31-b51b-4aee-99d3-59a6dff079e9","type":"Feature","geometry":{"type":"Polygon","coordinates":[[[90.3934842,23.7579323],[90.3935536,23.7579329],[90.3935527,23.7580279],[90.3934833,23.7580273],[90.3934842,23.7579323]]]},"properties":{"sources":[{"property":"","dataset":"Google Open Buildings","license":null,"record_id":"7MMGQ95V+5CR8","update_time":"2023-05-01T00:00:00.000Z","confidence":0.7968,"between":null,"provider":"google","resource":"open_buildings","version":"2024-04-16"}],"is_underground":false,"has_parts":false,"version":1}},
{"id":"6daea8e3-703e-4d29-9c0d-ceddffbf2f8f","type":"Feature","geometry":{"type":"Polygon","coordinates":[[[90.3938022,23.7580757],[90.3935881,23.7580668],[90.3935922,23.7579835],[90.3938063,23.7579924],[90.3938022,23.7580757]]]},"properties":{"sources":[{"property":"","dataset":"Microsoft ML Buildings","license":"ODbL-1.0","record_id":null,"update_time":null,"confidence":null,"between":null,"provider":"microsoft","resource":"ml_buildings","version":"2026-08-11"}],"is_underground":false,"has_parts":false,"version":4}},
{"id":"68ec133c-ea29-4099-bbce-3b667665212a","type":"Feature","geometry":{"type":"Polygon","coordinates":[[[90.3936778,23.7586244],[90.3935691,23.7586266],[90.3935676,23.7585654],[90.3936763,23.7585631],[90.3936778,23.7586244]]]},"properties":{"sources":[{"property":"","dataset":"OpenStreetMap","license":"ODbL-1.0","record_id":"w500648573@1","update_time":"2017-06-15T09:27:43.000Z","confidence":null,"between":null,"provider":"osm","resource":"planet","version":"2026-09-06T00:00:00.000Z"}],"is_underground":false,"has_parts":false,"version":1}},
{"id":"ce9e07d4-45bf-46fa-a053-3373227d3348","type":"Feature","geometry":{"type":"Polygon","coordinates":[[[90.3937542,23.7585548],[90.3936187,23.7585571],[90.3936173,23.7584908],[90.3937528,23.7584884],[90.3937542,23.7585548]]]},"properties":{"sources":[{"property":"","dataset":"OpenStreetMap","license":"ODbL-1.0","record_id":"w1436260148@1","update_time":"2025-10-07T19:04:58.000Z","confidence":null,"between":null,"provider":"osm","resource":"planet","version":"2026-09-06T00:00:00.000Z"}],"is_underground":false,"has_parts":false,"version":1}},
{"id":"8c27f2da-ec45-4127-95bc-b2eea5736966","type":"Feature","geometry":{"type":"Polygon","coordinates":[[[90.393711,23.7582691],[90.3937744,23.7582667],[90.3937772,23.7583283],[90.3937138,23.7583307],[90.393711,23.7582691]]]},"properties":{"sources":[{"property":"","dataset":"Google Open Buildings","license":null,"record_id":"7MMGQ95V+8F9X","update_time":"2023-05-01T00:00:00.000Z","confidence":0.6843,"between":null,"provider":"google","resource":"open_buildings","version":"2024-04-16"}],"is_underground":false,"has_parts":false,"version":1}},
{"id":"cd6a7b30-dcbd-4b48-bd25-acbdcdea9456","type":"Feature","geometry":{"type":"Polygon","coordinates":[[[90.3938005,23.7582724],[90.393846,23.7582737],[90.3938444,23.7583228],[90.3937989,23.7583216],[90.3938005,23.7582724]]]},"properties":{"sources":[{"property":"","dataset":"Google Open Buildings","license":null,"record_id":"7MMGQ95V+8G8V","update_time":"2023-05-01T00:00:00.000Z","confidence":0.6554,"between":null,"provider":"google","resource":"open_buildings","version":"2024-04-16"}],"is_underground":false,"has_parts":false,"version":1}},
{"id":"27599d14-4c13-4280-b6c5-8f306e6e66e5","type":"Feature","geometry":{"type":"Polygon","coordinates":[[[90.3939634,23.7582799],[90.3938874,23.7582812],[90.3938864,23.7582359],[90.3939625,23.7582346],[90.3939634,23.7582799]]]},"properties":{"sources":[{"property":"","dataset":"OpenStreetMap","license":"ODbL-1.0","record_id":"w1436233554@1","update_time":"2025-10-07T17:01:28.000Z","confidence":null,"between":null,"provider":"osm","resource":"planet","version":"2026-09-06T00:00:00.000Z"}],"is_underground":false,"has_parts":false,"version":1}},
{"id":"96a6cfd2-ffd0-4061-a97c-9c84ebc93362","type":"Feature","geometry":{"type":"Polygon","coordinates":[[[90.3939658,23.7583462],[90.3938898,23.7583475],[90.3938888,23.7583022],[90.3939649,23.7583009],[90.3939658,23.7583462]]]},"properties":{"sources":[{"property":"","dataset":"OpenStreetMap","license":"ODbL-1.0","record_id":"w1436233553@1","update_time":"2025-10-07T17:01:28.000Z","confidence":null,"between":null,"provider":"osm","resource":"planet","version":"2026-09-06T00:00:00.000Z"}],"is_underground":false,"has_parts":false,"version":1}},
{"id":"472e6c07-09db-4cf8-bc6f-fb0a2548efbf","type":"Feature","geometry":{"type":"Polygon","coordinates":[[[90.3939917,23.7585182],[90.3938864,23.7585311],[90.3938756,23.758366],[90.3939725,23.7583625],[90.3939917,23.7585182]]]},"properties":{"sources":[{"property":"","dataset":"OpenStreetMap","license":"ODbL-1.0","record_id":"w468958876@1","update_time":"2017-06-15T09:27:47.000Z","confidence":null,"between":null,"provider":"osm","resource":"planet","version":"2026-09-06T00:00:00.000Z"}],"is_underground":false,"has_parts":false,"version":1}},
{"id":"d89c7f62-94cf-4df6-a4f8-792951e70d2c","type":"Feature","geometry":{"type":"Polygon","coordinates":[[[90.3937577,23.7585188],[90.3937555,23.7584599],[90.3938532,23.7584569],[90.3938554,23.7585158],[90.3937577,23.7585188]]]},"properties":{"sources":[{"property":"","dataset":"Microsoft ML Buildings","license":"ODbL-1.0","record_id":null,"update_time":null,"confidence":null,"between":null,"provider":"microsoft","resource":"ml_buildings","version":"2026-08-11"}],"is_underground":false,"has_parts":false,"version":4}},
{"id":"9726a27a-bdb5-41dc-bbae-8d0cb82dff4f","type":"Feature","geometry":{"type":"Polygon","coordinates":[[[90.3937433,23.7586174],[90.3938448,23.7586137],[90.393847,23.7586648],[90.3937456,23.7586685],[90.3937433,23.7586174]]]},"properties":{"sources":[{"property":"","dataset":"Google Open Buildings","license":null,"record_id":"7MMGQ95V+FG3M","update_time":"2023-05-01T00:00:00.000Z","confidence":0.6946,"between":null,"provider":"google","resource":"open_buildings","version":"2024-04-16"}],"is_underground":false,"has_parts":false,"version":1}},
{"id":"13e6000a-0915-4a82-8ef4-3f291ce07c57","type":"Feature","geometry":{"type":"Polygon","coordinates":[[[90.3937487,23.7586709],[90.3938466,23.7586773],[90.3938442,23.7587081],[90.3937463,23.7587016],[90.3937487,23.7586709]]]},"properties":{"sources":[{"property":"","dataset":"Google Open Buildings","license":null,"record_id":"7MMGQ95V+FGFF","update_time":"2023-05-01T00:00:00.000Z","confidence":0.6673,"between":null,"provider":"google","resource":"open_buildings","version":"2024-04-16"}],"is_underground":false,"has_parts":false,"version":1}},
{"id":"916e3e4a-6605-4a04-b5a5-113dc606d9b8","type":"Feature","geometry":{"type":"Polygon","coordinates":[[[90.3937751,23.7587281],[90.3937764,23.758704],[90.3938396,23.7587068],[90.3938384,23.7587309],[90.3937751,23.7587281]]]},"properties":{"sources":[{"property":"","dataset":"Google Open Buildings","license":null,"record_id":"7MMGQ95V+FGMQ","update_time":"2023-05-01T00:00:00.000Z","confidence":0.6529,"between":null,"provider":"google","resource":"open_buildings","version":"2024-04-16"}],"is_underground":false,"has_parts":false,"version":1}},
{"id":"05266270-620f-43b3-ba26-caa48f69084d","type":"Feature","geometry":{"type":"Polygon","coordinates":[[[90.3937893,23.7590561],[90.3935345,23.7590362],[90.3935593,23.7587709],[90.3938141,23.7587909],[90.3937893,23.7590561]]]},"properties":{"sources":[{"property":"","dataset":"OpenStreetMap","license":"ODbL-1.0","record_id":"w499872749@1","update_time":"2017-06-15T09:27:47.000Z","confidence":null,"between":null,"provider":"osm","resource":"planet","version":"2026-09-06T00:00:00.000Z"}],"is_underground":false,"has_parts":false,"version":1}},
{"id":"55bb4721-1849-493b-8ff7-b951b71640e3","type":"Feature","geometry":{"type":"Polygon","coordinates":[[[90.3935566,23.75869],[90.3935675,23.7586904],[90.3935689,23.7586605],[90.3936429,23.7586633],[90.3936395,23.7587395],[90.3935545,23.7587363],[90.3935566,23.75869]]]},"properties":{"sources":[{"property":"","dataset":"Google Open Buildings","license":null,"record_id":"7MMGQ95V+FCQ2","update_time":"2023-05-01T00:00:00.000Z","confidence":0.6568,"between":null,"provider":"google","resource":"open_buildings","version":"2024-04-16"}],"is_underground":false,"has_parts":false,"version":1}},
{"id":"109b62c3-3b83-4ad4-b503-31a23c94e63c","type":"Feature","geometry":{"type":"Polygon","coordinates":[[[90.3933927,23.7582968],[90.3933087,23.7583412],[90.3932717,23.7582824],[90.3933557,23.7582381],[90.3933927,23.7582968]]]},"properties":{"sources":[{"property":"","dataset":"OpenStreetMap","license":"ODbL-1.0","record_id":"w1129589115@1","update_time":"2023-01-09T21:35:59.000Z","confidence":null,"between":null,"provider":"osm","resource":"planet","version":"2026-09-06T00:00:00.000Z"}],"is_underground":false,"has_parts":false,"version":1}},
{"id":"b5dd9afd-09b4-4c79-8d85-8246a07b6965","type":"Feature","geometry":{"type":"Polygon","coordinates":[[[90.3934344,23.7584778],[90.3933504,23.7585222],[90.3933134,23.7584634],[90.3933974,23.7584191],[90.3934344,23.7584778]]]},"properties":{"sources":[{"property":"","dataset":"OpenStreetMap","license":"ODbL-1.0","record_id":"w500648582@1","update_time":"2017-06-15T09:27:44.000Z","confidence":null,"between":null,"provider":"osm","resource":"planet","version":"2026-09-06T00:00:00.000Z"}],"is_underground":false,"has_parts":false,"version":1}},
{"id":"b76c2c5f-4dec-4a7f-946c-9cd4e5dc5255","type":"Feature","geometry":{"type":"Polygon","coordinates":[[[90.3933074,23.7585407],[90.3932123,23.7585909],[90.3931681,23.7585209],[90.3932632,23.7584706],[90.3933074,23.7585407]]]},"properties":{"sources":[{"property":"","dataset":"OpenStreetMap","license":"ODbL-1.0","record_id":"w500648593@1","update_time":"2017-06-15T09:27:44.000Z","confidence":null,"between":null,"provider":"osm","resource":"planet","version":"2026-09-06T00:00:00.000Z"}],"is_underground":false,"has_parts":false,"version":1}},
{"id":"3555e407-a870-4a3c-b6b5-7f23d45eb78f","type":"Feature","geometry":{"type":"Polygon","coordinates":[[[90.3930044,23.758598],[90.3929394,23.758495],[90.3932048,23.7583548],[90.3932698,23.7584579],[90.3930044,23.758598]]]},"properties":{"sources":[{"property":"","dataset":"OpenStreetMap","license":"ODbL-1.0","record_id":"w500648590@1","update_time":"2017-06-15T09:27:44.000Z","confidence":null,"between":null,"provider":"osm","resource":"planet","version":"2026-09-06T00:00:00.000Z"}],"is_underground":false,"has_parts":false,"version":1}},
{"id":"e9a90cf1-067a-43d0-9a17-6a6c929f2d1a","type":"Feature","geometry":{"type":"Polygon","coordinates":[[[90.393137,23.7586246],[90.3930473,23.7586719],[90.393006,23.7586063],[90.3930956,23.758559],[90.393137,23.7586246]]]},"properties":{"sources":[{"property":"","dataset":"OpenStreetMap","license":"ODbL-1.0","record_id":"w500648523@1","update_time":"2017-06-15T09:27:41.000Z","confidence":null,"between":null,"provider":"osm","resource":"planet","version":"2026-09-06T00:00:00.000Z"}],"is_underground":false,"has_parts":false,"version":1}},
{"id":"77534b89-70de-4f3d-9cb0-6f227a69b655","type":"Feature","geometry":{"type":"Polygon","coordinates":[[[90.3928137,23.7585696],[90.3927466,23.7588519],[90.3926501,23.7588372],[90.3927171,23.7585426],[90.3928137,23.7585696]]]},"properties":{"sources":[{"property":"","dataset":"OpenStreetMap","license":"ODbL-1.0","record_id":"w468958818@1","update_time":"2017-06-12T11:41:04.000Z","confidence":null,"between":null,"provider":"osm","resource":"planet","version":"2026-09-06T00:00:00.000Z"}],"is_underground":false,"has_parts":false,"version":1}},
{"id":"a3211aba-a4c9-4e9f-b71c-533a0691b2e1","type":"Feature","geometry":{"type":"Polygon","coordinates":[[[90.3925372,23.7586852],[90.3925731,23.7585416],[90.3924852,23.7585232],[90.3925027,23.7584532],[90.3926976,23.758494],[90.3926442,23.7587076],[90.3925372,23.7586852]]]},"properties":{"sources":[{"property":"","dataset":"Microsoft ML Buildings","license":"ODbL-1.0","record_id":null,"update_time":null,"confidence":null,"between":null,"provider":"microsoft","resource":"ml_buildings","version":"2026-08-11"}],"is_underground":false,"has_parts":false,"version":4}},
{"id":"dfde474f-27ec-4a3f-ae9e-880db0128f04","type":"Feature","geometry":{"type":"Polygon","coordinates":[[[90.3927585,23.7583851],[90.3926943,23.7584203],[90.3925404,23.7581859],[90.3926045,23.7581506],[90.3927585,23.7583851]]]},"properties":{"sources":[{"property":"","dataset":"Microsoft ML Buildings","license":"ODbL-1.0","record_id":null,"update_time":null,"confidence":null,"between":null,"provider":"microsoft","resource":"ml_buildings","version":"2026-08-11"}],"is_underground":false,"has_parts":false,"version":4}},
{"id":"bc05358c-3e22-4ccc-aada-28ba2a3f7fa2","type":"Feature","geometry":{"type":"Polygon","coordinates":[[[90.3927865,23.7582624],[90.3928095,23.7583094],[90.3927426,23.7583371],[90.3927197,23.7582901],[90.3927865,23.7582624]]]},"properties":{"sources":[{"property":"","dataset":"Google Open Buildings","license":null,"record_id":"7MMGQ95V+846V","update_time":"2023-05-01T00:00:00.000Z","confidence":0.6767,"between":null,"provider":"google","resource":"open_buildings","version":"2024-04-16"}],"is_underground":false,"has_parts":false,"version":1}},
{"id":"64b1465d-8b34-4919-a40c-6b170953520f","type":"Feature","geometry":{"type":"Polygon","coordinates":[[[90.3927652,23.7577268],[90.392732,23.7577392],[90.3927148,23.7577003],[90.392748,23.757688],[90.3927652,23.7577268]]]},"properties":{"sources":[{"property":"","dataset":"Microsoft ML Buildings","license":"ODbL-1.0","record_id":null,"update_time":null,"confidence":null,"between":null,"provider":"microsoft","resource":"ml_buildings","version":"2026-08-11"}],"is_underground":false,"has_parts":false,"version":4}},
{"id":"d9794f6c-6dbe-4fb4-9656-08769fdf14d1","type":"Feature","geometry":{"type":"Polygon","coordinates":[[[90.3926149,23.7576745],[90.3925849,23.75763],[90.3926218,23.7576092],[90.3927345,23.7577764],[90.3926859,23.7578038],[90.3926368,23.7577309],[90.3926057,23.7577484],[90.3925721,23.7576986],[90.3926149,23.7576745]]]},"properties":{"sources":[{"property":"","dataset":"Microsoft ML Buildings","license":"ODbL-1.0","record_id":null,"update_time":null,"confidence":null,"between":null,"provider":"microsoft","resource":"ml_buildings","version":"2026-08-11"}],"is_underground":false,"has_parts":false,"version":4}},
{"id":"256c235e-01ce-444d-bc36-b6c66cf5b517","type":"Feature","geometry":{"type":"Polygon","coordinates":[[[90.3927195,23.7575528],[90.3930109,23.7574936],[90.3930308,23.7575754],[90.39288,23.7576061],[90.3928965,23.757674],[90.3927866,23.7576963],[90.3927738,23.7576438],[90.3927431,23.7576501],[90.3927195,23.7575528]]]},"properties":{"sources":[{"property":"","dataset":"Microsoft ML Buildings","license":"ODbL-1.0","record_id":null,"update_time":null,"confidence":null,"between":null,"provider":"microsoft","resource":"ml_buildings","version":"2026-08-11"}],"is_underground":false,"has_parts":false,"version":4}},
{"id":"906a43ee-3165-43dd-9fb3-28a717d7c82c","type":"Feature","geometry":{"type":"Polygon","coordinates":[[[90.3929257,23.7576811],[90.392898,23.7576118],[90.3930462,23.7575623],[90.3930738,23.7576317],[90.3929257,23.7576811]]]},"properties":{"sources":[{"property":"","dataset":"Microsoft ML Buildings","license":"ODbL-1.0","record_id":null,"update_time":null,"confidence":null,"between":null,"provider":"microsoft","resource":"ml_buildings","version":"2026-08-11"}],"is_underground":false,"has_parts":false,"version":4}},
{"id":"2c246c47-3a65-46a3-95e8-a20dbbf2fb65","type":"Feature","geometry":{"type":"Polygon","coordinates":[[[90.3930077,23.7577401],[90.3929923,23.7576719],[90.393126,23.7576465],[90.3931415,23.7577148],[90.3930077,23.7577401]]]},"properties":{"sources":[{"property":"","dataset":"Microsoft ML Buildings","license":"ODbL-1.0","record_id":null,"update_time":null,"confidence":null,"between":null,"provider":"microsoft","resource":"ml_buildings","version":"2026-08-11"}],"is_underground":false,"has_parts":false,"version":4}},
{"id":"80d8d16a-0c70-4718-bf79-ad4e2ec37998","type":"Feature","geometry":{"type":"Polygon","coordinates":[[[90.3934266,23.7577674],[90.3935004,23.757774],[90.3934904,23.7578684],[90.3934166,23.7578618],[90.3934266,23.7577674]]]},"properties":{"sources":[{"property":"","dataset":"Google Open Buildings","license":null,"record_id":"7MMGQ95V+49GP","update_time":"2023-05-01T00:00:00.000Z","confidence":0.8361,"between":null,"provider":"google","resource":"open_buildings","version":"2024-04-16"}],"is_underground":false,"has_parts":false,"version":1}},
{"id":"d250ee95-c540-4b97-920c-4e96d6a23285","type":"Feature","geometry":{"type":"Polygon","coordinates":[[[90.3934523,23.7575902],[90.3935032,23.7575937],[90.3934983,23.757654],[90.3934474,23.7576505],[90.3934523,23.7575902]]]},"properties":{"sources":[{"property":"","dataset":"Google Open Buildings","license":null,"record_id":"7MMGQ95V+29XR","update_time":"2023-05-01T00:00:00.000Z","confidence":0.6818,"between":null,"provider":"google","resource":"open_buildings","version":"2024-04-16"}],"is_underground":false,"has_parts":false,"version":1}},
{"id":"ce3d009d-5843-40f7-abe6-8a16573e765f","type":"Feature","geometry":{"type":"Polygon","coordinates":[[[90.393446,23.7576586],[90.3934912,23.7576559],[90.3934968,23.7577362],[90.3934517,23.7577388],[90.393446,23.7576586]]]},"properties":{"sources":[{"property":"","dataset":"Google Open Buildings","license":null,"record_id":"7MMGQ95V+39HR","update_time":"2023-05-01T00:00:00.000Z","confidence":0.7846,"between":null,"provider":"google","resource":"open_buildings","version":"2024-04-16"}],"is_underground":false,"has_parts":false,"version":1}},
{"id":"9f6c8ef2-1822-4ba9-9ac7-d89caec8ba82","type":"Feature","geometry":{"type":"Polygon","coordinates":[[[90.3933531,23.7574405],[90.3933447,23.7574739],[90.3932884,23.7575021],[90.3933065,23.7574305],[90.3933531,23.7574405]]]},"properties":{"sources":[{"property":"","dataset":"Google Open Buildings","license":null,"record_id":"7MMGQ94V+X8PC","update_time":"2023-05-01T00:00:00.000Z","confidence":0.6771,"between":null,"provider":"google","resource":"open_buildings","version":"2024-04-16"}],"is_underground":false,"has_parts":false,"version":1}},
{"id":"0e61c29f-5a33-4357-9a0b-f60667594a72","type":"Feature","geometry":{"type":"Polygon","coordinates":[[[90.3935068,23.7574524],[90.393516,23.7575841],[90.3934411,23.7575885],[90.3934319,23.7574569],[90.3935068,23.7574524]]]},"properties":{"sources":[{"property":"","dataset":"Google Open Buildings","license":null,"record_id":"7MMGQ95V+295R","update_time":"2023-05-01T00:00:00.000Z","confidence":0.7655,"between":null,"provider":"google","resource":"open_buildings","version":"2024-04-16"}],"is_underground":false,"has_parts":false,"version":1}},
{"id":"b713a0e2-97bc-449f-b177-6ea405be72cb","type":"Feature","geometry":{"type":"Polygon","coordinates":[[[90.393429,23.7574151],[90.3935039,23.7574107],[90.3935068,23.7574524],[90.3934319,23.7574569],[90.393429,23.7574151]]]},"properties":{"sources":[{"property":"","dataset":"Google Open Buildings","license":null,"record_id":"7MMGQ94V+X9G9","update_time":"2023-05-01T00:00:00.000Z","confidence":0.7409,"between":null,"provider":"google","resource":"open_buildings","version":"2024-04-16"}],"is_underground":false,"has_parts":false,"version":1}},
{"id":"31c4c596-9626-4e4a-b8c6-40be24480a51","type":"Feature","geometry":{"type":"Polygon","coordinates":[[[90.3934736,23.7569714],[90.3933582,23.7570107],[90.3933207,23.7569641],[90.3934414,23.756915],[90.3934736,23.7569714]]]},"properties":{"sources":[{"property":"","dataset":"OpenStreetMap","license":"ODbL-1.0","record_id":"w1036024587@1","update_time":"2022-02-28T15:54:07.000Z","confidence":null,"between":null,"provider":"osm","resource":"planet","version":"2026-09-06T00:00:00.000Z"}],"is_underground":false,"has_parts":false,"version":1}},
{"id":"937283e9-5324-42ef-ba87-e49caae3c51f","type":"Feature","geometry":{"type":"Polygon","coordinates":[[[90.3934736,23.7568751],[90.3933724,23.7569063],[90.3933329,23.7567987],[90.3934341,23.7567676],[90.3934736,23.7568751]]]},"properties":{"sources":[{"property":"","dataset":"OpenStreetMap","license":"ODbL-1.0","record_id":"w500648543@1","update_time":"2020-06-25T16:30:51.000Z","confidence":null,"between":null,"provider":"osm","resource":"planet","version":"2026-09-06T00:00:00.000Z"}],"is_underground":false,"has_parts":false,"version":1}},
{"id":"85659455-8310-429b-a0da-b6a2cb943311","type":"Feature","geometry":{"type":"Polygon","coordinates":[[[90.393326,23.7569231],[90.3932673,23.7569412],[90.393218,23.7568071],[90.3932767,23.7567891],[90.393326,23.7569231]]]},"properties":{"sources":[{"property":"","dataset":"OpenStreetMap","license":"ODbL-1.0","record_id":"w500648520@1","update_time":"2017-06-15T09:27:41.000Z","confidence":null,"between":null,"provider":"osm","resource":"planet","version":"2026-09-06T00:00:00.000Z"}],"is_underground":false,"has_parts":false,"version":1}},
{"id":"c280dc83-ab77-41b3-918b-3fc575fddf6f","type":"Feature","geometry":{"type":"Polygon","coordinates":[[[90.393259,23.7569667],[90.3932168,23.7569762],[90.3932058,23.756935],[90.3932479,23.7569255],[90.393259,23.7569667]]]},"properties":{"sources":[{"property":"","dataset":"OpenStreetMap","license":"ODbL-1.0","record_id":"w1429945792@1","update_time":"2025-09-15T11:53:57.000Z","confidence":null,"between":null,"provider":"osm","resource":"planet","version":"2026-09-06T00:00:00.000Z"}],"is_underground":false,"has_parts":false,"version":1}},
{"id":"defa60db-eab2-4789-8b1e-2bcd8c472c83","type":"Feature","geometry":{"type":"Polygon","coordinates":[[[90.3931949,23.7569658],[90.3931184,23.7569658],[90.3931184,23.7568283],[90.3931949,23.7568283],[90.3931949,23.7569658]]]},"properties":{"sources":[{"property":"","dataset":"OpenStreetMap","license":"ODbL-1.0","record_id":"w500648532@1","update_time":"2017-06-15T09:27:41.000Z","confidence":null,"between":null,"provider":"osm","resource":"planet","version":"2026-09-06T00:00:00.000Z"}],"is_underground":false,"has_parts":false,"version":1}},
{"id":"566ad51e-1235-4f85-9aee-a7a104b65e36","type":"Feature","geometry":{"type":"Polygon","coordinates":[[[90.3932618,23.756787],[90.3931573,23.7567851],[90.3931588,23.7567169],[90.3932632,23.7567188],[90.3932618,23.756787]]]},"properties":{"sources":[{"property":"","dataset":"OpenStreetMap","license":"ODbL-1.0","record_id":"w1436260180@1","update_time":"2025-10-07T19:04:58.000Z","confidence":null,"between":null,"provider":"osm","resource":"planet","version":"2026-09-06T00:00:00.000Z"}],"is_underground":false,"has_parts":false,"version":1}},
{"id":"651bbca3-f1a3-4b6c-84cd-7f5e79266261","type":"Feature","geometry":{"type":"Polygon","coordinates":[[[90.3931355,23.7567915],[90.3930581,23.7567859],[90.3930705,23.7566405],[90.3931479,23.756646],[90.3931355,23.7567915]]]},"properties":{"sources":[{"property":"","dataset":"OpenStreetMap","license":"ODbL-1.0","record_id":"w500648529@1","update_time":"2017-06-15T09:27:41.000Z","confidence":null,"between":null,"provider":"osm","resource":"planet","version":"2026-09-06T00:00:00.000Z"}],"is_underground":false,"has_parts":false,"version":1}},
{"id":"44afe77e-0f6f-4882-b638-0ef79165f2f4","type":"Feature","geometry":{"type":"Polygon","coordinates":[[[90.3930031,23.7570799],[90.3930071,23.7569559],[90.3930983,23.756951],[90.393109,23.7570394],[90.393168,23.7571437],[90.3930245,23.7571879],[90.3930031,23.7570799]]]},"properties":{"sources":[{"property":"","dataset":"OpenStreetMap","license":"ODbL-1.0","record_id":"w500648493@2","update_time":"2019-10-14T16:29:52.000Z","confidence":null,"between":null,"provider":"osm","resource":"planet","version":"2026-09-06T00:00:00.000Z"}],"is_underground":false,"has_parts":false,"version":1}},
{"id":"1e0b1131-0247-4e68-b3ab-1c2cf3702f27","type":"Feature","geometry":{"type":"Polygon","coordinates":[[[90.3933314,23.7570426],[90.3931973,23.7570942],[90.393149,23.7570181],[90.3932965,23.7569739],[90.3933314,23.7570426]]]},"properties":{"sources":[{"property":"","dataset":"OpenStreetMap","license":"ODbL-1.0","record_id":"w1036024586@1","update_time":"2022-02-28T15:54:07.000Z","confidence":null,"between":null,"provider":"osm","resource":"planet","version":"2026-09-06T00:00:00.000Z"}],"is_underground":false,"has_parts":false,"version":1}},
{"id":"dc4bb6b4-1127-415f-b2e5-fb76e6334bd4","type":"Feature","geometry":{"type":"Polygon","coordinates":[[[90.3932074,23.7572063],[90.3932196,23.7572568],[90.3931395,23.7572733],[90.3931272,23.7572228],[90.3932074,23.7572063]]]},"properties":{"sources":[{"property":"","dataset":"Google Open Buildings","license":null,"record_id":"7MMGQ94V+V7VG","update_time":"2023-05-01T00:00:00.000Z","confidence":0.7423,"between":null,"provider":"google","resource":"open_buildings","version":"2024-04-16"}],"is_underground":false,"has_parts":false,"version":1}},
{"id":"6f4c0fe9-3bf2-48ca-a7e2-a1deeb79196b","type":"Feature","geometry":{"type":"Polygon","coordinates":[[[90.3932827,23.7574218],[90.3931338,23.7574218],[90.3931338,23.7573076],[90.3932827,23.7573076],[90.3932827,23.7574218]]]},"properties":{"sources":[{"property":"","dataset":"OpenStreetMap","license":"ODbL-1.0","record_id":"w500648534@1","update_time":"2025-03-26T17:12:18.000Z","confidence":null,"between":null,"provider":"osm","resource":"planet","version":"2026-09-06T00:00:00.000Z"}],"is_underground":false,"has_parts":false,"version":1}},
{"id":"bde5ce4d-607c-41e9-b8d6-8d1691ffaaf9","type":"Feature","geometry":{"type":"Polygon","coordinates":[[[90.3928743,23.7572383],[90.3928421,23.7570333],[90.3929695,23.7570099],[90.3929695,23.7570394],[90.3929172,23.7571413],[90.3929159,23.7572346],[90.3928743,23.7572383]]]},"properties":{"sources":[{"property":"","dataset":"OpenStreetMap","license":"ODbL-1.0","record_id":"w500648494@2","update_time":"2019-10-14T16:29:52.000Z","confidence":null,"between":null,"provider":"osm","resource":"planet","version":"2026-09-06T00:00:00.000Z"}],"is_underground":false,"has_parts":false,"version":1}},
{"id":"9935dbb7-e6b6-4ffa-ab64-77de14e9255d","type":"Feature","geometry":{"type":"Polygon","coordinates":[[[90.3928382,23.7570744],[90.3927762,23.7570747],[90.3927758,23.7570013],[90.3928378,23.757001],[90.3928382,23.7570744]]]},"properties":{"sources":[{"property":"","dataset":"OpenStreetMap","license":"ODbL-1.0","record_id":"w1450074864@1","update_time":"2025-11-12T16:57:46.000Z","confidence":null,"between":null,"provider":"osm","resource":"planet","version":"2026-09-06T00:00:00.000Z"}],"is_underground":false,"has_parts":false,"version":2}},
{"id":"89f75975-de76-4ad5-badc-f3a214529272","type":"Feature","geometry":{"type":"Polygon","coordinates":[[[90.3928737,23.7572615],[90.3928198,23.7572763],[90.3927952,23.7572017],[90.3928491,23.7571869],[90.3928737,23.7572615]]]},"properties":{"sources":[{"property":"","dataset":"OpenStreetMap","license":"ODbL-1.0","record_id":"w1430020267@1","update_time":"2025-09-15T16:45:48.000Z","confidence":null,"between":null,"provider":"osm","resource":"planet","version":"2026-09-06T00:00:00.000Z"}],"is_underground":false,"has_parts":false,"version":1}},
{"id":"46347f48-3dc9-482e-9093-8ab1cea4107b","type":"Feature","geometry":{"type":"Polygon","coordinates":[[[90.3927641,23.7572233],[90.3927808,23.7572633],[90.392699,23.7572924],[90.3926822,23.7572523],[90.3927641,23.7572233]]]},"properties":{"sources":[{"property":"","dataset":"Google Open Buildings","license":null,"record_id":"7MMGQ94V+W357","update_time":"2023-05-01T00:00:00.000Z","confidence":0.7496,"between":null,"provider":"google","resource":"open_buildings","version":"2024-04-16"}],"is_underground":false,"has_parts":false,"version":1}},
{"id":"7d8acfee-3a87-446c-86ef-483c1a122e8b","type":"Feature","geometry":{"type":"Polygon","coordinates":[[[90.3926573,23.7573523],[90.392541,23.7573598],[90.3925253,23.7571561],[90.3926416,23.7571487],[90.3926573,23.7573523]]]},"properties":{"sources":[{"property":"","dataset":"OpenStreetMap","license":"ODbL-1.0","record_id":"w500648495@1","update_time":"2020-06-25T16:30:51.000Z","confidence":null,"between":null,"provider":"osm","resource":"planet","version":"2026-09-06T00:00:00.000Z"}],"is_underground":false,"has_parts":false,"version":1}},
{"id":"b6d2aeda-2078-4cc5-9766-f90f8a5c1aa5","type":"Feature","geometry":{"type":"Polygon","coordinates":[[[90.3927758,23.7572102],[90.3926843,23.7572175],[90.3926488,23.7568455],[90.3927402,23.7568382],[90.3927758,23.7572102]]]},"properties":{"sources":[{"property":"","dataset":"OpenStreetMap","license":"ODbL-1.0","record_id":"w500648558@1","update_time":"2017-06-15T09:27:43.000Z","confidence":null,"between":null,"provider":"osm","resource":"planet","version":"2026-09-06T00:00:00.000Z"}],"is_underground":false,"has_parts":false,"version":1}},
{"id":"f4d24bc5-c747-4a07-a728-98625a06c573","type":"Feature","geometry":{"type":"Polygon","coordinates":[[[90.392724,23.7568176],[90.3926423,23.7568117],[90.3926558,23.7566536],[90.3927375,23.7566595],[90.392724,23.7568176]]]},"properties":{"sources":[{"property":"","dataset":"OpenStreetMap","license":"ODbL-1.0","record_id":"w500648502@1","update_time":"2017-06-15T09:27:40.000Z","confidence":null,"between":null,"provider":"osm","resource":"planet","version":"2026-09-06T00:00:00.000Z"}],"is_underground":false,"has_parts":false,"version":1}},
{"id":"0969186e-7db1-421c-afb8-b88fd1fee1e7","type":"Feature","geometry":{"type":"Polygon","coordinates":[[[90.3928445,23.7568255],[90.3927375,23.7568179],[90.3927486,23.7566887],[90.3928556,23.7566963],[90.3928445,23.7568255]]]},"properties":{"sources":[{"property":"","dataset":"OpenStreetMap","license":"ODbL-1.0","record_id":"w500648572@1","update_time":"2017-06-15T09:27:43.000Z","confidence":null,"between":null,"provider":"osm","resource":"planet","version":"2026-09-06T00:00:00.000Z"}],"is_underground":false,"has_parts":false,"version":1}},
{"id":"3152be57-8f9f-40fc-8dc4-3337630eefa7","type":"Feature","geometry":{"type":"Polygon","coordinates":[[[90.3929752,23.7569687],[90.3928128,23.7569942],[90.3927846,23.7568555],[90.3928701,23.7568638],[90.3929752,23.7569687]]]},"properties":{"sources":[{"property":"","dataset":"OpenStreetMap","license":"ODbL-1.0","record_id":"w468959012@1","update_time":"2017-06-15T09:27:47.000Z","confidence":null,"between":null,"provider":"osm","resource":"planet","version":"2026-09-06T00:00:00.000Z"}],"is_underground":false,"has_parts":false,"version":1}},
{"id":"e64e6874-48f3-4a52-9930-303fd7070516","type":"Feature","geometry":{"type":"Polygon","coordinates":[[[90.39308,23.7568279],[90.3930715,23.7569271],[90.392949,23.7569183],[90.3929575,23.7568191],[90.39308,23.7568279]]]},"properties":{"sources":[{"property":"","dataset":"OpenStreetMap","license":"ODbL-1.0","record_id":"w500648585@1","update_time":"2017-06-15T09:27:44.000Z","confidence":null,"between":null,"provider":"osm","resource":"planet","version":"2026-09-06T00:00:00.000Z"}],"is_underground":false,"has_parts":false,"version":1}},
{"id":"faaf0cf4-43fd-4e88-8dc5-446709030f1c","type":"Feature","geometry":{"type":"Polygon","coordinates":[[[90.3936616,23.7567872],[90.3935395,23.7569234],[90.3934698,23.7567332],[90.3936616,23.7567872]]]},"properties":{"sources":[{"property":"","dataset":"OpenStreetMap","license":"ODbL-1.0","record_id":"w500648491@2","update_time":"2019-10-14T16:29:52.000Z","confidence":null,"between":null,"provider":"osm","resource":"planet","version":"2026-09-06T00:00:00.000Z"}],"is_underground":false,"has_parts":false,"version":1}},
{"id":"eb2f66c7-9914-4a04-ae5d-c665277b9d8a","type":"Feature","geometry":{"type":"Polygon","coordinates":[[[90.3935884,23.7572188],[90.3934868,23.757217],[90.3934868,23.7571788],[90.3935884,23.7571798],[90.3935884,23.7572188]]]},"properties":{"sources":[{"property":"","dataset":"OpenStreetMap","license":"ODbL-1.0","record_id":"w1111913816@1","update_time":"2022-11-10T02:13:33.000Z","confidence":null,"between":null,"provider":"osm","resource":"planet","version":"2026-09-06T00:00:00.000Z"}],"is_underground":false,"has_parts":false,"version":1}},
{"id":"94e067f0-4f31-46cb-a88c-43765ee8d1e5","type":"Feature","geometry":{"type":"Polygon","coordinates":[[[90.3935831,23.757393],[90.3934914,23.7573946],[90.3934889,23.7572747],[90.3935805,23.7572731],[90.3935831,23.757393]]]},"properties":{"sources":[{"property":"","dataset":"OpenStreetMap","license":"ODbL-1.0","record_id":"w499872800@1","update_time":"2025-03-26T17:12:18.000Z","confidence":null,"between":null,"provider":"osm","resource":"planet","version":"2026-09-06T00:00:00.000Z"}],"is_underground":false,"has_parts":false,"version":1}},
{"id":"018658d8-fd31-4857-ae19-ed065ea0ab1b","type":"Feature","geometry":{"type":"Polygon","coordinates":[[[90.3938616,23.7572351],[90.3937268,23.7572532],[90.3936993,23.7571014],[90.3939539,23.75705],[90.3938616,23.7572351]]]},"properties":{"sources":[{"property":"","dataset":"OpenStreetMap","license":"ODbL-1.0","record_id":"w499872784@1","update_time":"2025-04-08T05:15:33.000Z","confidence":null,"between":null,"provider":"osm","resource":"planet","version":"2026-09-06T00:00:00.000Z"}],"is_underground":false,"has_parts":false,"version":1}},
{"id":"b777af71-0e10-473e-80d6-64fdf35ed635","type":"Feature","geometry":{"type":"Polygon","coordinates":[[[90.393941,23.7572198],[90.3939816,23.7572156],[90.393991,23.7572934],[90.3939504,23.7572975],[90.393941,23.7572198]]]},"properties":{"sources":[{"property":"","dataset":"Google Open Buildings","license":null,"record_id":"7MMGQ94V+WH49","update_time":"2023-05-01T00:00:00.000Z","confidence":0.8656,"between":null,"provider":"google","resource":"open_buildings","version":"2024-04-16"}],"is_underground":false,"has_parts":false,"version":1}},
{"id":"8f6b96f4-c180-420a-8ee1-c6d0904bf151","type":"Feature","geometry":{"type":"Polygon","coordinates":[[[90.3941001,23.7567567],[90.3941295,23.7567578],[90.394128,23.7567887],[90.3940986,23.7567875],[90.3941001,23.7567567]]]},"properties":{"sources":[{"property":"","dataset":"Google Open Buildings","license":null,"record_id":"7MMGQ94V+PJ5W","update_time":"2023-05-01T00:00:00.000Z","confidence":0.7133,"between":null,"provider":"google","resource":"open_buildings","version":"2024-04-16"}],"is_underground":false,"has_parts":false,"version":1}},
{"id":"92533414-734d-405b-84c3-e219fe1c6aeb","type":"Feature","geometry":{"type":"Polygon","coordinates":[[[90.3940033,23.7570383],[90.3940244,23.7570348],[90.3940414,23.7571216],[90.3940203,23.7571251],[90.3940033,23.7570383]]]},"properties":{"sources":[{"property":"","dataset":"Google Open Buildings","license":null,"record_id":"7MMGQ94V+RJJ4","update_time":"2023-05-01T00:00:00.000Z","confidence":0.7608,"between":null,"provider":"google","resource":"open_buildings","version":"2024-04-16"}],"is_underground":false,"has_parts":false,"version":1}},
{"id":"01c1ce27-8dc2-4342-bf3b-f2052a8db447","type":"Feature","geometry":{"type":"Polygon","coordinates":[[[90.3940803,23.7570172],[90.3941178,23.7570143],[90.3941219,23.7570595],[90.3940844,23.7570624],[90.3940803,23.7570172]]]},"properties":{"sources":[{"property":"","dataset":"Google Open Buildings","license":null,"record_id":"7MMGQ94V+RJ9C","update_time":"2023-05-01T00:00:00.000Z","confidence":0.7597,"between":null,"provider":"google","resource":"open_buildings","version":"2024-04-16"}],"is_underground":false,"has_parts":false,"version":1}},
{"id":"61664e4a-4a89-40d4-a806-1e1e9d9b4429","type":"Feature","geometry":{"type":"Polygon","coordinates":[[[90.3908688,23.7569796],[90.3909715,23.7569776],[90.3909771,23.7572217],[90.3908743,23.7572237],[90.3908688,23.7569796]]]},"properties":{"sources":[{"property":"","dataset":"Google Open Buildings","license":null,"record_id":"7MMGQ94R+R9V4","update_time":"2023-05-01T00:00:00.000Z","confidence":0.9223,"between":null,"provider":"google","resource":"open_buildings","version":"2024-04-16"}],"is_underground":false,"has_parts":false,"version":1}},
{"id":"d5849304-9e7a-4bcb-bc2a-cbb889eb10cc","type":"Feature","geometry":{"type":"Polygon","coordinates":[[[90.3909882,23.7567585],[90.3909943,23.7569522],[90.3909009,23.7569546],[90.3908949,23.756761],[90.3909882,23.7567585]]]},"properties":{"sources":[{"property":"","dataset":"Google Open Buildings","license":null,"record_id":"7MMGQ94R+P9W6","update_time":"2023-05-01T00:00:00.000Z","confidence":0.8354,"between":null,"provider":"google","resource":"open_buildings","version":"2024-04-16"}],"is_underground":false,"has_parts":false,"version":1}},
{"id":"9efb1889-c993-4671-ac13-ac4296dc6efe","type":"Feature","geometry":{"type":"Polygon","coordinates":[[[90.3911859,23.7567898],[90.3910874,23.7567742],[90.3911048,23.7566822],[90.3912033,23.7566979],[90.3911859,23.7567898]]]},"properties":{"sources":[{"property":"","dataset":"OpenStreetMap","license":"ODbL-1.0","record_id":"w1129736096@1","update_time":"2023-01-09T22:27:07.000Z","confidence":null,"between":null,"provider":"osm","resource":"planet","version":"2026-09-06T00:00:00.000Z"}],"is_underground":false,"has_parts":false,"version":1}},
{"id":"24f4ef8d-aa2c-4cfa-8544-59279f759802","type":"Feature","geometry":{"type":"Polygon","coordinates":[[[90.3911701,23.7570608],[90.3912102,23.7570585],[90.3912131,23.7571],[90.391173,23.7571023],[90.3911701,23.7570608]]]},"properties":{"sources":[{"property":"","dataset":"Microsoft ML Buildings","license":"ODbL-1.0","record_id":null,"update_time":null,"confidence":null,"between":null,"provider":"microsoft","resource":"ml_buildings","version":"2026-08-11"}],"is_underground":false,"has_parts":false,"version":4}},
{"id":"63a5141a-ca47-46ed-8c31-232096a9d844","type":"Feature","geometry":{"type":"Polygon","coordinates":[[[90.3917865,23.7573347],[90.3910141,23.7573322],[90.3910248,23.7570794],[90.3911321,23.7570843],[90.3911213,23.7572439],[90.3917838,23.757239],[90.3917865,23.7573347]]]},"properties":{"sources":[{"property":"","dataset":"OpenStreetMap","license":"ODbL-1.0","record_id":"w296530413@1","update_time":"2014-08-07T18:07:45.000Z","confidence":null,"between":null,"provider":"osm","resource":"planet","version":"2026-09-06T00:00:00.000Z"}],"is_underground":false,"subtype":"education","class":"school","has_parts":false,"version":1}},
{"id":"9018d7c0-71ea-4b05-bc79-69841b0b1c0b","type":"Feature","geometry":{"type":"Polygon","coordinates":[[[90.3916413,23.7569043],[90.3914107,23.7569141],[90.391416,23.7568184],[90.3916494,23.7568012],[90.3916413,23.7569043]]]},"properties":{"sources":[{"property":"","dataset":"OpenStreetMap","license":"ODbL-1.0","record_id":"w296530607@1","update_time":"2014-08-07T18:08:35.000Z","confidence":null,"between":null,"provider":"osm","resource":"planet","version":"2026-09-06T00:00:00.000Z"}],"is_underground":false,"subtype":"education","class":"school","has_parts":false,"version":1}},
{"id":"d4b52d41-8e5d-43be-96cf-3921988ccefb","type":"Feature","geometry":{"type":"Polygon","coordinates":[[[90.3921613,23.7570127],[90.3921622,23.7569136],[90.3922047,23.7569139],[90.3922038,23.757013],[90.3921613,23.7570127]]]},"properties":{"sources":[{"property":"","dataset":"OpenStreetMap","license":"ODbL-1.0","record_id":"w500648555@1","update_time":"2017-06-15T09:27:42.000Z","confidence":null,"between":null,"provider":"osm","resource":"planet","version":"2026-09-06T00:00:00.000Z"}],"is_underground":false,"has_parts":false,"version":1}},
{"id":"3f918c73-e2d8-4fef-8485-fa2070072823","type":"Feature","geometry":{"type":"Polygon","coordinates":[[[90.3922913,23.7569925],[90.3922293,23.7569928],[90.3922289,23.7569194],[90.3922909,23.7569191],[90.3922913,23.7569925]]]},"properties":{"sources":[{"property":"","dataset":"OpenStreetMap","license":"ODbL-1.0","record_id":"w500648554@1","update_time":"2017-06-15T09:27:42.000Z","confidence":null,"between":null,"provider":"osm","resource":"planet","version":"2026-09-06T00:00:00.000Z"}],"is_underground":false,"has_parts":false,"version":1}},
{"id":"994785bf-84ef-4178-8655-eab68c13b8ee","type":"Feature","geometry":{"type":"Polygon","coordinates":[[[90.3922037,23.756768],[90.3923119,23.7567724],[90.3923061,23.7568941],[90.3921978,23.7568897],[90.3922037,23.756768]]]},"properties":{"sources":[{"property":"","dataset":"Google Open Buildings","license":null,"record_id":"7MMGQ94R+PWJ6","update_time":"2023-05-01T00:00:00.000Z","confidence":0.8562,"between":null,"provider":"google","resource":"open_buildings","version":"2024-04-16"}],"is_underground":false,"has_parts":false,"version":1}},
{"id":"b949e8aa-078e-4e16-b99c-9335a7004ca5","type":"Feature","geometry":{"type":"Polygon","coordinates":[[[90.3924074,23.7567002],[90.3925627,23.7567135],[90.3925553,23.7567996],[90.3923993,23.756791],[90.3924074,23.7567002]]]},"properties":{"sources":[{"property":"","dataset":"OpenStreetMap","license":"ODbL-1.0","record_id":"w468959000@1","update_time":"2025-11-12T16:57:46.000Z","confidence":null,"between":null,"provider":"osm","resource":"planet","version":"2026-09-06T00:00:00.000Z"}],"is_underground":false,"has_parts":false,"version":3}},
{"id":"36fc12b4-b46a-4e00-afb2-0e7ea34a097d","type":"Feature","geometry":{"type":"Polygon","coordinates":[[[90.3923027,23.7568993],[90.3923779,23.756899],[90.3923785,23.7570156],[90.3923032,23.7570159],[90.3923027,23.7568993]]]},"properties":{"sources":[{"property":"","dataset":"OpenStreetMap","license":"ODbL-1.0","record_id":"w500648562@1","update_time":"2017-06-15T09:27:43.000Z","confidence":null,"between":null,"provider":"osm","resource":"planet","version":"2026-09-06T00:00:00.000Z"}],"is_underground":false,"has_parts":false,"version":1}},
{"id":"e2e1a751-bcf9-4f60-bfbb-827e36fb901e","type":"Feature","geometry":{"type":"Polygon","coordinates":[[[90.3923773,23.7571285],[90.3922393,23.757129],[90.3922388,23.7570252],[90.3923768,23.7570247],[90.3923773,23.7571285]]]},"properties":{"sources":[{"property":"","dataset":"OpenStreetMap","license":"ODbL-1.0","record_id":"w500648565@1","update_time":"2017-06-15T09:27:43.000Z","confidence":null,"between":null,"provider":"osm","resource":"planet","version":"2026-09-06T00:00:00.000Z"}],"is_underground":false,"has_parts":false,"version":1}},
{"id":"2e270d2c-9e52-45de-b629-3876750f1f49","type":"Feature","geometry":{"type":"Polygon","coordinates":[[[90.3925417,23.7570965],[90.3924465,23.7571026],[90.3924332,23.7569298],[90.3925284,23.7569236],[90.3925417,23.7570965]]]},"properties":{"sources":[{"property":"","dataset":"OpenStreetMap","license":"ODbL-1.0","record_id":"w500648568@1","update_time":"2017-06-15T09:27:43.000Z","confidence":null,"between":null,"provider":"osm","resource":"planet","version":"2026-09-06T00:00:00.000Z"}],"is_underground":false,"has_parts":false,"version":1}},
{"id":"46ea3d36-a267-40b5-acac-ad84bb74ee3c","type":"Feature","geometry":{"type":"Polygon","coordinates":[[[90.3923565,23.7574243],[90.3921788,23.7574695],[90.3921739,23.7572346],[90.3923516,23.7572436],[90.3923565,23.7574243]]]},"properties":{"names":{"primary":"Appartments","common":null,"rules":null},"sources":[{"property":"","dataset":"OpenStreetMap","license":"ODbL-1.0","record_id":"w296555915@1","update_time":"2017-06-15T09:27:46.000Z","confidence":null,"between":null,"provider":"osm","resource":"planet","version":"2026-09-06T00:00:00.000Z"}],"is_underground":false,"subtype":"residential","class":"residential","has_parts":false,"version":1}},
{"id":"bfff6a66-daa3-43db-8af4-54e9a95a93c8","type":"Feature","geometry":{"type":"Polygon","coordinates":[[[90.3923219,23.7572214],[90.3922554,23.7572217],[90.3922553,23.7572005],[90.3923218,23.7572002],[90.3923219,23.7572214]]]},"properties":{"sources":[{"property":"","dataset":"OpenStreetMap","license":"ODbL-1.0","record_id":"w500648515@1","update_time":"2017-06-15T09:27:40.000Z","confidence":null,"between":null,"provider":"osm","resource":"planet","version":"2026-09-06T00:00:00.000Z"}],"is_underground":false,"has_parts":false,"version":1}},
{"id":"547b9457-dea6-46b3-a623-b377a3277d7e","type":"Feature","geometry":{"type":"Polygon","coordinates":[[[90.3922301,23.7571307],[90.3922004,23.7571309],[90.3922003,23.7571046],[90.3922299,23.7571045],[90.3922301,23.7571307]]]},"properties":{"sources":[{"property":"","dataset":"OpenStreetMap","license":"ODbL-1.0","record_id":"w500648503@1","update_time":"2017-06-15T09:27:40.000Z","confidence":null,"between":null,"provider":"osm","resource":"planet","version":"2026-09-06T00:00:00.000Z"}],"is_underground":false,"has_parts":false,"version":1}},
{"id":"ba3713d0-286c-428d-b223-3af44307af3f","type":"Feature","geometry":{"type":"Polygon","coordinates":[[[90.3921474,23.7571707],[90.3921477,23.7572073],[90.3920912,23.7572076],[90.3920909,23.757171],[90.3921474,23.7571707]]]},"properties":{"sources":[{"property":"","dataset":"OpenStreetMap","license":"ODbL-1.0","record_id":"w500648517@1","update_time":"2025-11-12T16:57:46.000Z","confidence":null,"between":null,"provider":"osm","resource":"planet","version":"2026-09-06T00:00:00.000Z"}],"is_underground":false,"has_parts":false,"version":3}},
{"id":"486da1e5-d8bb-4446-b6bf-74d52cda7e8e","type":"Feature","geometry":{"type":"Polygon","coordinates":[[[90.3921959,23.7571202],[90.3921414,23.7571204],[90.3921412,23.7570814],[90.3921957,23.7570811],[90.3921959,23.7571202]]]},"properties":{"sources":[{"property":"","dataset":"OpenStreetMap","license":"ODbL-1.0","record_id":"w500648549@1","update_time":"2017-06-15T09:27:42.000Z","confidence":null,"between":null,"provider":"osm","resource":"planet","version":"2026-09-06T00:00:00.000Z"}],"is_underground":false,"has_parts":false,"version":1}},
{"id":"cb5e3a3b-8ed5-4153-9363-1fac6c037d30","type":"Feature","geometry":{"type":"Polygon","coordinates":[[[90.3920789,23.757300999999998],[90.3920773,23.7572322],[90.3921494,23.7572307],[90.392151,23.7572996],[90.3920789,23.757300999999998]]]},"properties":{"sources":[{"property":"","dataset":"OpenStreetMap","license":"ODbL-1.0","record_id":"w1111913817@1","update_time":"2025-11-12T16:57:46.000Z","confidence":null,"between":null,"provider":"osm","resource":"planet","version":"2026-09-06T00:00:00.000Z"}],"is_underground":false,"has_parts":false,"version":3}},
{"id":"1cbb53c6-d096-4399-a740-76c6173570d6","type":"Feature","geometry":{"type":"Polygon","coordinates":[[[90.3919724,23.7572154],[90.3919722,23.7571726],[90.39205,23.7571724],[90.3920502,23.7572152],[90.3919724,23.7572154]]]},"properties":{"sources":[{"property":"","dataset":"OpenStreetMap","license":"ODbL-1.0","record_id":"w1450074865@1","update_time":"2025-11-12T16:57:46.000Z","confidence":null,"between":null,"provider":"osm","resource":"planet","version":"2026-09-06T00:00:00.000Z"}],"is_underground":false,"has_parts":false,"version":2}},
{"id":"3ecc9bff-80c8-4d9a-8b51-f3329483f23f","type":"Feature","geometry":{"type":"Polygon","coordinates":[[[90.3920583,23.7572961],[90.3919651,23.7572953],[90.3919657,23.7572234],[90.3920589,23.7572241],[90.3920583,23.7572961]]]},"properties":{"sources":[{"property":"","dataset":"OpenStreetMap","license":"ODbL-1.0","record_id":"w500648527@1","update_time":"2017-06-15T09:27:41.000Z","confidence":null,"between":null,"provider":"osm","resource":"planet","version":"2026-09-06T00:00:00.000Z"}],"is_underground":false,"has_parts":false,"version":1}},
{"id":"fad7c6d8-6e08-4aae-8ddd-ca1f1986d39a","type":"Feature","geometry":{"type":"Polygon","coordinates":[[[90.3918978,23.7572346],[90.3918948,23.7571634],[90.3919415,23.7571619],[90.3919445,23.7572331],[90.3918978,23.7572346]]]},"properties":{"sources":[{"property":"","dataset":"OpenStreetMap","license":"ODbL-1.0","record_id":"w1429988567@1","update_time":"2025-11-12T16:57:46.000Z","confidence":null,"between":null,"provider":"osm","resource":"planet","version":"2026-09-06T00:00:00.000Z"}],"is_underground":false,"has_parts":false,"version":3}},
{"id":"45ca50a3-f28a-4775-a849-b5c1d3721abb","type":"Feature","geometry":{"type":"Polygon","coordinates":[[[90.3920764,23.7570228],[90.3920753,23.7571358],[90.3919061,23.7571346],[90.3919071,23.7570215],[90.3920764,23.7570228]]]},"properties":{"sources":[{"property":"","dataset":"OpenStreetMap","license":"ODbL-1.0","record_id":"w500648540@1","update_time":"2025-11-12T16:57:46.000Z","confidence":null,"between":null,"provider":"osm","resource":"planet","version":"2026-09-06T00:00:00.000Z"}],"is_underground":false,"has_parts":false,"version":3}},
{"id":"fd0f99cb-5d0d-4b2f-bd5c-7a8ff5bdca7e","type":"Feature","geometry":{"type":"Polygon","coordinates":[[[90.3919397,23.7569255],[90.3919451,23.756874],[90.3920765,23.7568857],[90.392071,23.7569372],[90.3919397,23.7569255]]]},"properties":{"sources":[{"property":"","dataset":"OpenStreetMap","license":"ODbL-1.0","record_id":"w1450074863@1","update_time":"2025-11-12T16:57:46.000Z","confidence":null,"between":null,"provider":"osm","resource":"planet","version":"2026-09-06T00:00:00.000Z"}],"is_underground":false,"has_parts":false,"version":2}},
{"id":"d7aa5851-ee5b-46f5-9ce1-ca00fa48d26b","type":"Feature","geometry":{"type":"Polygon","coordinates":[[[90.3919378,23.7570083],[90.3919382,23.7569566],[90.3920702,23.7569576],[90.3920697,23.7570093],[90.3919378,23.7570083]]]},"properties":{"sources":[{"property":"","dataset":"OpenStreetMap","license":"ODbL-1.0","record_id":"w500648511@1","update_time":"2023-02-17T07:49:06.000Z","confidence":null,"between":null,"provider":"osm","resource":"planet","version":"2026-09-06T00:00:00.000Z"}],"is_underground":false,"has_parts":false,"version":1}},
{"id":"2f6e6684-1d75-492c-b075-1473bc67d960","type":"Feature","geometry":{"type":"Polygon","coordinates":[[[90.3920822,23.756785],[90.3920863,23.7568681],[90.3919453,23.756874],[90.3919412,23.7567909],[90.3920822,23.756785]]]},"properties":{"sources":[{"property":"","dataset":"Google Open Buildings","license":null,"record_id":"7MMGQ94R+PRJ3","update_time":"2023-05-01T00:00:00.000Z","confidence":0.8324,"between":null,"provider":"google","resource":"open_buildings","version":"2024-04-16"}],"is_underground":false,"has_parts":false,"version":1}},
{"id":"0bb6cbf0-5af7-49ac-b776-fa0952f6556e","type":"Feature","geometry":{"type":"Polygon","coordinates":[[[90.3918624,23.7568005],[90.3918356,23.7572031],[90.3917739,23.757208],[90.391731,23.7571761],[90.3917589,23.7568329],[90.3918252,23.7568267],[90.391832,23.7568003],[90.3918624,23.7568005]]]},"properties":{"sources":[{"property":"","dataset":"OpenStreetMap","license":"ODbL-1.0","record_id":"w296530463@2","update_time":"2014-08-07T20:10:46.000Z","confidence":null,"between":null,"provider":"osm","resource":"planet","version":"2026-09-06T00:00:00.000Z"}],"is_underground":false,"subtype":"education","class":"school","has_parts":false,"version":1}},
{"id":"1406ba67-da54-4ef7-93d2-0c7f5e34ae1f","type":"Feature","geometry":{"type":"Polygon","coordinates":[[[90.3917545,23.7576274],[90.3916389,23.7576274],[90.3916422,23.7573606],[90.3917655,23.7573663],[90.3917545,23.7576274]]]},"properties":{"names":{"primary":"Tejgao School Jame Masjid","common":null,"rules":null},"sources":[{"property":"","dataset":"OpenStreetMap","license":"ODbL-1.0","record_id":"w296530844@1","update_time":"2014-08-07T18:52:00.000Z","confidence":null,"between":null,"provider":"osm","resource":"planet","version":"2026-09-06T00:00:00.000Z"}],"is_underground":false,"subtype":"religious","has_parts":false,"version":1}},
{"id":"d871c91a-2b01-411b-a00b-3146495a3b84","type":"Feature","geometry":{"type":"Polygon","coordinates":[[[90.3917077,23.7578988],[90.3916504,23.7578991],[90.3916567,23.7578006],[90.3916969,23.7577858],[90.3917184,23.7577981],[90.3917077,23.7578988]]]},"properties":{"names":{"primary":"Community Centre","common":null,"rules":null},"sources":[{"property":"","dataset":"OpenStreetMap","license":"ODbL-1.0","record_id":"w296557986@1","update_time":"2014-08-07T20:36:43.000Z","confidence":null,"between":null,"provider":"osm","resource":"planet","version":"2026-09-06T00:00:00.000Z"}],"is_underground":false,"has_parts":false,"version":1}},
{"id":"f1be6511-6128-4bbb-9acd-3b4546c7ff4c","type":"Feature","geometry":{"type":"Polygon","coordinates":[[[90.391846,23.7583445],[90.3917136,23.7583399],[90.3917315,23.7579106],[90.3918638,23.7579152],[90.391846,23.7583445]]]},"properties":{"sources":[{"property":"","dataset":"OpenStreetMap","license":"ODbL-1.0","record_id":"w500662102@1","update_time":"2017-06-15T10:13:10.000Z","confidence":null,"between":null,"provider":"osm","resource":"planet","version":"2026-09-06T00:00:00.000Z"}],"is_underground":false,"has_parts":false,"version":1}},
{"id":"3038fdc1-b2b8-40e2-8ebe-d8f3c396e8b1","type":"Feature","geometry":{"type":"Polygon","coordinates":[[[90.3917957,23.7577991],[90.3918492,23.7578017],[90.3918445,23.7578829],[90.391791,23.7578803],[90.3917957,23.7577991]]]},"properties":{"sources":[{"property":"","dataset":"Google Open Buildings","license":null,"record_id":"7MMGQ95R+4PPJ","update_time":"2023-05-01T00:00:00.000Z","confidence":0.7804,"between":null,"provider":"google","resource":"open_buildings","version":"2024-04-16"}],"is_underground":false,"has_parts":false,"version":1}},
{"id":"519cb446-a421-435c-9d51-baff495b7ac6","type":"Feature","geometry":{"type":"Polygon","coordinates":[[[90.3919926,23.757601],[90.3918746,23.7576001],[90.3918772,23.7573198],[90.3919952,23.7573207],[90.3919926,23.757601]]]},"properties":{"sources":[{"property":"","dataset":"OpenStreetMap","license":"ODbL-1.0","record_id":"w500648496@1","update_time":"2017-06-15T09:27:39.000Z","confidence":null,"between":null,"provider":"osm","resource":"planet","version":"2026-09-06T00:00:00.000Z"}],"is_underground":false,"has_parts":false,"version":1}},
{"id":"09effb44-2067-4fea-b9d7-95a1178d6fe4","type":"Feature","geometry":{"type":"Polygon","coordinates":[[[90.3920826,23.7575579],[90.392045,23.7573291],[90.3921195,23.7573188],[90.3921571,23.7575476],[90.3920826,23.7575579]]]},"properties":{"sources":[{"property":"","dataset":"OpenStreetMap","license":"ODbL-1.0","record_id":"w500648569@1","update_time":"2017-06-15T09:27:43.000Z","confidence":null,"between":null,"provider":"osm","resource":"planet","version":"2026-09-06T00:00:00.000Z"}],"is_underground":false,"has_parts":false,"version":1}},
{"id":"791c61f5-972d-4ee5-95ab-cc373fa4d2af","type":"Feature","geometry":{"type":"Polygon","coordinates":[[[90.3921993,23.7580174],[90.3920813,23.7580165],[90.3920839,23.7577362],[90.3922019,23.7577371],[90.3921993,23.7580174]]]},"properties":{"sources":[{"property":"","dataset":"OpenStreetMap","license":"ODbL-1.0","record_id":"w1435527847@1","update_time":"2025-10-04T20:36:03.000Z","confidence":null,"between":null,"provider":"osm","resource":"planet","version":"2026-09-06T00:00:00.000Z"}],"is_underground":false,"has_parts":false,"version":1}},
{"id":"c1a0e1f7-45d1-493b-a95a-3afe65f76176","type":"Feature","geometry":{"type":"Polygon","coordinates":[[[90.3919585,23.7582744],[90.3922348,23.758287],[90.3922297,23.7583816],[90.3919534,23.7583691],[90.3919585,23.7582744]]]},"properties":{"sources":[{"property":"","dataset":"Google Open Buildings","license":null,"record_id":"7MMGQ95R+8RQ2","update_time":"2023-05-01T00:00:00.000Z","confidence":0.886,"between":null,"provider":"google","resource":"open_buildings","version":"2024-04-16"}],"is_underground":false,"has_parts":false,"version":1}},
{"id":"b5f6850d-2fa5-46a1-abf0-5ba8251064ea","type":"Feature","geometry":{"type":"Polygon","coordinates":[[[90.3922692,23.7585776],[90.3923179,23.7585809],[90.3923123,23.7586504],[90.3922637,23.7586471],[90.3922692,23.7585776]]]},"properties":{"sources":[{"property":"","dataset":"Google Open Buildings","license":null,"record_id":"7MMGQ95R+CWVF","update_time":"2023-05-01T00:00:00.000Z","confidence":0.7978,"between":null,"provider":"google","resource":"open_buildings","version":"2024-04-16"}],"is_underground":false,"has_parts":false,"version":1}},
{"id":"9c394df0-44d5-4489-a8b3-21239a50069b","type":"Feature","geometry":{"type":"Polygon","coordinates":[[[90.3924311,23.7587365],[90.3923381,23.7587333],[90.3923493,23.7584625],[90.3924423,23.7584657],[90.3924311,23.7587365]]]},"properties":{"sources":[{"property":"","dataset":"OpenStreetMap","license":"ODbL-1.0","record_id":"w500662093@1","update_time":"2017-06-15T10:13:10.000Z","confidence":null,"between":null,"provider":"osm","resource":"planet","version":"2026-09-06T00:00:00.000Z"}],"is_underground":false,"has_parts":false,"version":1}},
{"id":"d470ed6d-ef1a-4d24-a347-c673ea0db155","type":"Feature","geometry":{"type":"Polygon","coordinates":[[[90.3924295,23.7590723],[90.3924198,23.7592185],[90.3921796,23.7591453],[90.3920414,23.7589966],[90.3919957,23.7587798],[90.3921407,23.7587847],[90.3922031,23.7587868],[90.3922138,23.75876],[90.3923773,23.7587668],[90.3924225,23.7587801],[90.3924521,23.7588077],[90.3924555,23.7588491],[90.3924485,23.7588659],[90.3924371,23.7588829],[90.3924372,23.7589575],[90.3924295,23.7590723]]]},"properties":{"sources":[{"property":"","dataset":"OpenStreetMap","license":"ODbL-1.0","record_id":"w717625483@2","update_time":"2021-09-15T14:59:54.000Z","confidence":null,"between":null,"provider":"osm","resource":"planet","version":"2026-09-06T00:00:00.000Z"}],"is_underground":false,"num_floors":1,"subtype":"religious","has_parts":true,"version":1}},
{"id":"c129dd73-5d05-4806-93cd-7b5f08c6564d","type":"Feature","geometry":{"type":"Polygon","coordinates":[[[90.3920079,23.7588923],[90.3919664,23.7588994],[90.3919448,23.7587938],[90.3919863,23.7587867],[90.3920079,23.7588923]]]},"properties":{"sources":[{"property":"","dataset":"Microsoft ML Buildings","license":"ODbL-1.0","record_id":null,"update_time":null,"confidence":null,"between":null,"provider":"microsoft","resource":"ml_buildings","version":"2026-08-11"}],"is_underground":false,"has_parts":false,"version":2}},
{"id":"ef957bf5-23b7-4127-91f7-7e03af0ab4b0","type":"Feature","geometry":{"type":"Polygon","coordinates":[[[90.3918104,23.7586867],[90.3918158,23.7585765],[90.3918655,23.7585785],[90.39186,23.7586888],[90.3918104,23.7586867]]]},"properties":{"sources":[{"property":"","dataset":"Microsoft ML Buildings","license":"ODbL-1.0","record_id":null,"update_time":null,"confidence":null,"between":null,"provider":"microsoft","resource":"ml_buildings","version":"2026-08-11"}],"is_underground":false,"has_parts":false,"version":4}},
{"id":"52607929-bd04-4300-a08a-9c69f7324809","type":"Feature","geometry":{"type":"Polygon","coordinates":[[[90.39207,23.7586857],[90.3918758,23.7586798],[90.3918799,23.7585654],[90.3920741,23.7585713],[90.39207,23.7586857]]]},"properties":{"sources":[{"property":"","dataset":"OpenStreetMap","license":"ODbL-1.0","record_id":"w983631143@1","update_time":"2021-09-15T14:08:27.000Z","confidence":null,"between":null,"provider":"osm","resource":"planet","version":"2026-09-06T00:00:00.000Z"}],"is_underground":false,"num_floors":1,"roof_shape":"hipped","has_parts":false,"version":1}},
{"id":"f346dbeb-3ed0-4017-aebd-7586fecca287","type":"Feature","geometry":{"type":"Polygon","coordinates":[[[90.3920657,23.7584677],[90.3920633,23.7585193],[90.3920201,23.7585176],[90.3920225,23.758466],[90.3920657,23.7584677]]]},"properties":{"sources":[{"property":"","dataset":"Google Open Buildings","license":null,"record_id":"7MMGQ95R+9RVM","update_time":"2023-05-01T00:00:00.000Z","confidence":0.7129,"between":null,"provider":"google","resource":"open_buildings","version":"2024-04-16"}],"is_underground":false,"has_parts":false,"version":1}},
{"id":"87cb5120-a9a7-4bbf-8640-fcb8c158b234","type":"Feature","geometry":{"type":"Polygon","coordinates":[[[90.3916992,23.7583696],[90.3917793,23.7583754],[90.3917665,23.7585258],[90.3916864,23.75852],[90.3916992,23.7583696]]]},"properties":{"sources":[{"property":"","dataset":"Google Open Buildings","license":null,"record_id":"7MMGQ95R+9MHV","update_time":"2023-05-01T00:00:00.000Z","confidence":0.8863,"between":null,"provider":"google","resource":"open_buildings","version":"2024-04-16"}],"is_underground":false,"has_parts":false,"version":1}},
{"id":"fb39a12a-5d4b-4bd4-8c31-396e18c7440d","type":"Feature","geometry":{"type":"Polygon","coordinates":[[[90.3917549,23.7590989],[90.3916743,23.759096],[90.3916939,23.7586424],[90.3917744,23.7586453],[90.3917549,23.7590989]]]},"properties":{"sources":[{"property":"","dataset":"OpenStreetMap","license":"ODbL-1.0","record_id":"w500662106@1","update_time":"2017-06-15T10:13:10.000Z","confidence":null,"between":null,"provider":"osm","resource":"planet","version":"2026-09-06T00:00:00.000Z"}],"is_underground":false,"has_parts":false,"version":1}},
{"id":"f4b6cf39-35ea-4b36-80ab-4b254d838eca","type":"Feature","geometry":{"type":"Polygon","coordinates":[[[90.391549,23.7590081],[90.3914373,23.7590285],[90.3914253,23.7589733],[90.3915369,23.7589528],[90.391549,23.7590081]]]},"properties":{"sources":[{"property":"","dataset":"OpenStreetMap","license":"ODbL-1.0","record_id":"w500662090@1","update_time":"2017-06-15T10:13:09.000Z","confidence":null,"between":null,"provider":"osm","resource":"planet","version":"2026-09-06T00:00:00.000Z"}],"is_underground":false,"has_parts":false,"version":1}},
{"id":"0d666071-63b3-4cce-8e23-3bd31708efec","type":"Feature","geometry":{"type":"Polygon","coordinates":[[[90.3914009,23.7582386],[90.3910527,23.7583809],[90.3910091,23.7582915],[90.3913573,23.7581491],[90.3914009,23.7582386]]]},"properties":{"sources":[{"property":"","dataset":"OpenStreetMap","license":"ODbL-1.0","record_id":"w500662091@1","update_time":"2017-06-15T10:13:09.000Z","confidence":null,"between":null,"provider":"osm","resource":"planet","version":"2026-09-06T00:00:00.000Z"}],"is_underground":false,"has_parts":false,"version":1}},
{"id":"3aa129f1-c1ba-4660-b60e-b5c5cd342499","type":"Feature","geometry":{"type":"Polygon","coordinates":[[[90.3910511,23.7584899],[90.3910381,23.7583874],[90.39163,23.7583244],[90.391643,23.7584269],[90.3910511,23.7584899]]]},"properties":{"sources":[{"property":"","dataset":"OpenStreetMap","license":"ODbL-1.0","record_id":"w500662081@1","update_time":"2017-06-15T10:13:09.000Z","confidence":null,"between":null,"provider":"osm","resource":"planet","version":"2026-09-06T00:00:00.000Z"}],"is_underground":false,"has_parts":false,"version":1}},
{"id":"0ea144fe-1f30-4712-b766-05de04b132c8","type":"Feature","geometry":{"type":"Polygon","coordinates":[[[90.3914861,23.7574234],[90.3915462,23.7574138],[90.3915511,23.7574398],[90.3915825,23.7574348],[90.3916226,23.7576489],[90.3915311,23.7576634],[90.3914861,23.7574234]]]},"properties":{"sources":[{"property":"","dataset":"Google Open Buildings","license":null,"record_id":"7MMGQ95R+2J7P","update_time":"2023-05-01T00:00:00.000Z","confidence":0.7932,"between":null,"provider":"google","resource":"open_buildings","version":"2024-04-16"}],"is_underground":false,"has_parts":false,"version":1}},
{"id":"74334d4e-79d9-4ce7-ae2e-9f7004c2f1f5","type":"Feature","geometry":{"type":"Polygon","coordinates":[[[90.3914667,23.7574176],[90.3914937,23.7575645],[90.3914262,23.757575],[90.3914301,23.7575959],[90.3913817,23.7576034],[90.3913509,23.7574356],[90.3914667,23.7574176]]]},"properties":{"sources":[{"property":"","dataset":"Google Open Buildings","license":null,"record_id":"7MMGQ95R+2H37","update_time":"2023-05-01T00:00:00.000Z","confidence":0.9027,"between":null,"provider":"google","resource":"open_buildings","version":"2024-04-16"}],"is_underground":false,"has_parts":false,"version":1}},
{"id":"ba7dbe3f-0e8f-4556-8f93-e1257238a2b3","type":"Feature","geometry":{"type":"Polygon","coordinates":[[[90.3913328,23.7577723],[90.3912818,23.7577902],[90.3912456,23.7577037],[90.391342,23.75767],[90.3913328,23.7577723]]]},"properties":{"sources":[{"property":"","dataset":"OpenStreetMap","license":"ODbL-1.0","record_id":"w1450073229@1","update_time":"2025-11-12T16:50:18.000Z","confidence":null,"between":null,"provider":"osm","resource":"planet","version":"2026-09-06T00:00:00.000Z"}],"is_underground":false,"has_parts":false,"version":2}},
{"id":"0f230290-2a3a-4dc6-bbcf-514f3ee49521","type":"Feature","geometry":{"type":"Polygon","coordinates":[[[90.3913506,23.7575889],[90.3912347,23.7576178],[90.3911831,23.7574448],[90.3912989,23.7574158],[90.3913506,23.7575889]]]},"properties":{"sources":[{"property":"","dataset":"OpenStreetMap","license":"ODbL-1.0","record_id":"w381068588@1","update_time":"2015-11-18T19:05:56.000Z","confidence":null,"between":null,"provider":"osm","resource":"planet","version":"2026-09-06T00:00:00.000Z"}],"is_underground":false,"has_parts":false,"version":1}},
{"id":"529f0345-a5c0-410e-8496-3afc83438959","type":"Feature","geometry":{"type":"Polygon","coordinates":[[[90.3912238,23.7576575],[90.3911079,23.7576864],[90.3910563,23.7575134],[90.3911721,23.7574844],[90.3912238,23.7576575]]]},"properties":{"sources":[{"property":"","dataset":"OpenStreetMap","license":"ODbL-1.0","record_id":"w1129736095@1","update_time":"2023-01-09T22:27:07.000Z","confidence":null,"between":null,"provider":"osm","resource":"planet","version":"2026-09-06T00:00:00.000Z"}],"is_underground":false,"has_parts":false,"version":1}},
{"id":"7f5ece4c-0b5c-4cb6-8043-d5656e7a5027","type":"Feature","geometry":{"type":"Polygon","coordinates":[[[90.3912056,23.7578157],[90.3911373,23.7578542],[90.3911197,23.7577498],[90.391189,23.7577345],[90.3912056,23.7578157]]]},"properties":{"sources":[{"property":"","dataset":"OpenStreetMap","license":"ODbL-1.0","record_id":"w381066924@1","update_time":"2015-11-18T19:03:19.000Z","confidence":null,"between":null,"provider":"osm","resource":"planet","version":"2026-09-06T00:00:00.000Z"}],"is_underground":false,"has_parts":false,"version":1}},
{"id":"8c34150a-7b4f-4e6a-a374-56a759f9fcd8","type":"Feature","geometry":{"type":"Polygon","coordinates":[[[90.3913385,23.7579514],[90.3914078,23.758045],[90.390946,23.7582289],[90.3908984,23.7581486],[90.3908999,23.7581434],[90.3913385,23.7579514]]]},"properties":{"names":{"primary":"Holy CrossCollege Main Building","common":null,"rules":null},"sources":[{"property":"","dataset":"OpenStreetMap","license":"ODbL-1.0","record_id":"w436828118@1","update_time":"2017-06-15T10:13:12.000Z","confidence":null,"between":null,"provider":"osm","resource":"planet","version":"2026-09-06T00:00:00.000Z"}],"is_underground":false,"has_parts":false,"version":1}},
{"id":"e104c27a-6a76-4356-a843-9625c069e06a","type":"Feature","geometry":{"type":"Polygon","coordinates":[[[90.3908861,23.7579831],[90.3908479,23.7580087],[90.3908197,23.7579735],[90.3908578,23.7579479],[90.3908861,23.7579831]]]},"properties":{"sources":[{"property":"","dataset":"OpenStreetMap","license":"ODbL-1.0","record_id":"w1429945773@1","update_time":"2025-09-15T11:53:57.000Z","confidence":null,"between":null,"provider":"osm","resource":"planet","version":"2026-09-06T00:00:00.000Z"}],"is_underground":false,"has_parts":false,"version":1}},
{"id":"b50557b5-130e-4140-a4c5-55f6d3199369","type":"Feature","geometry":{"type":"Polygon","coordinates":[[[90.3909511,23.7579384],[90.3908849,23.7579763],[90.3908391,23.7579095],[90.3909053,23.7578715],[90.3909511,23.7579384]]]},"properties":{"sources":[{"property":"","dataset":"OpenStreetMap","license":"ODbL-1.0","record_id":"w381064170@1","update_time":"2015-11-18T18:59:21.000Z","confidence":null,"between":null,"provider":"osm","resource":"planet","version":"2026-09-06T00:00:00.000Z"}],"is_underground":false,"has_parts":false,"version":1}},
{"id":"da9ee358-094a-4178-84b3-c434e8ff0f92","type":"Feature","geometry":{"type":"Polygon","coordinates":[[[90.3908999,23.7578629],[90.3908338,23.7579029],[90.3908115,23.7578718],[90.3908765,23.7578346],[90.3908999,23.7578629]]]},"properties":{"sources":[{"property":"","dataset":"OpenStreetMap","license":"ODbL-1.0","record_id":"w1105706553@1","update_time":"2022-10-21T06:53:25.000Z","confidence":null,"between":null,"provider":"osm","resource":"planet","version":"2026-09-06T00:00:00.000Z"}],"is_underground":false,"has_parts":false,"version":1}},
{"id":"de8ef034-8a24-4e85-8df4-d46099223bd8","type":"Feature","geometry":{"type":"Polygon","coordinates":[[[90.390959,23.7579309],[90.3909132,23.7578559],[90.391005,23.7578089],[90.3910508,23.7578839],[90.390959,23.7579309]]]},"properties":{"sources":[{"property":"","dataset":"OpenStreetMap","license":"ODbL-1.0","record_id":"w381064788@1","update_time":"2015-11-18T19:00:57.000Z","confidence":null,"between":null,"provider":"osm","resource":"planet","version":"2026-09-06T00:00:00.000Z"}],"is_underground":false,"has_parts":false,"version":1}},
{"id":"73e0cb73-b05a-4ba7-97d0-26b3ecf3d226","type":"Feature","geometry":{"type":"Polygon","coordinates":[[[90.3911267,23.7578591],[90.3910691,23.757888],[90.3910194,23.7578051],[90.3911102,23.7577565],[90.3911267,23.7578591]]]},"properties":{"sources":[{"property":"","dataset":"OpenStreetMap","license":"ODbL-1.0","record_id":"w381065473@1","update_time":"2015-11-18T19:02:00.000Z","confidence":null,"between":null,"provider":"osm","resource":"planet","version":"2026-09-06T00:00:00.000Z"}],"is_underground":false,"has_parts":false,"version":1}},
{"id":"6c338904-2e18-4faa-8731-ca9b3568a687","type":"Feature","geometry":{"type":"Polygon","coordinates":[[[90.3910909,23.7576367],[90.390981,23.7576672],[90.3909543,23.7575866],[90.3910642,23.7575562],[90.3910909,23.7576367]]]},"properties":{"sources":[{"property":"","dataset":"OpenStreetMap","license":"ODbL-1.0","record_id":"w381069646@1","update_time":"2026-01-23T10:08:04.000Z","confidence":null,"between":null,"provider":"osm","resource":"planet","version":"2026-09-06T00:00:00.000Z"}],"is_underground":false,"has_parts":false,"version":1}},
{"id":"b9f5309f-a7ec-4365-b1bf-b1528ff8342c","type":"Feature","geometry":{"type":"Polygon","coordinates":[[[90.3911182,23.7577228],[90.3910108,23.7577532],[90.3909836,23.7576726],[90.391091,23.7576423],[90.3911182,23.7577228]]]},"properties":{"sources":[{"property":"","dataset":"OpenStreetMap","license":"ODbL-1.0","record_id":"w381068178@1","update_time":"2026-01-23T10:08:04.000Z","confidence":null,"between":null,"provider":"osm","resource":"planet","version":"2026-09-06T00:00:00.000Z"}],"is_underground":false,"has_parts":false,"version":1}},
{"id":"ef6b1f44-ab95-49f3-954b-09607632ba23","type":"Feature","geometry":{"type":"Polygon","coordinates":[[[90.3909026,23.7574465],[90.3909886,23.7574269],[90.3910251,23.7575608],[90.3909392,23.7575805],[90.3909026,23.7574465]]]},"properties":{"sources":[{"property":"","dataset":"OpenStreetMap","license":"ODbL-1.0","record_id":"w381070025@1","update_time":"2026-01-23T10:08:04.000Z","confidence":null,"between":null,"provider":"osm","resource":"planet","version":"2026-09-06T00:00:00.000Z"}],"is_underground":false,"has_parts":false,"version":2}},
{"id":"c3f5ef09-0da0-4082-8ea6-80d9ed4ffbb7","type":"Feature","geometry":{"type":"Polygon","coordinates":[[[90.3909373,23.757585],[90.3908543,23.7576047],[90.3908417,23.7575601],[90.3908268,23.7575554],[90.3908187,23.7575316],[90.3908266,23.7575161],[90.3908118,23.7574638],[90.3908972,23.7574436],[90.3909373,23.757585]]]},"properties":{"sources":[{"property":"","dataset":"OpenStreetMap","license":"ODbL-1.0","record_id":"w381070668@1","update_time":"2026-01-23T10:08:04.000Z","confidence":null,"between":null,"provider":"osm","resource":"planet","version":"2026-09-06T00:00:00.000Z"}],"is_underground":false,"has_parts":false,"version":2}},
{"id":"e633eef6-3bd4-4d78-9fe7-07942c5fa717","type":"Feature","geometry":{"type":"Polygon","coordinates":[[[90.3908918,23.7577042],[90.3908533,23.7576182],[90.3909353,23.7575875],[90.3909738,23.7576735],[90.3908918,23.7577042]]]},"properties":{"sources":[{"property":"","dataset":"OpenStreetMap","license":"ODbL-1.0","record_id":"w381069195@1","update_time":"2026-01-23T10:08:04.000Z","confidence":null,"between":null,"provider":"osm","resource":"planet","version":"2026-09-06T00:00:00.000Z"}],"is_underground":false,"has_parts":false,"version":1}},
{"id":"39c00488-fbf9-40ed-8588-4ac3f9e22f48","type":"Feature","geometry":{"type":"Polygon","coordinates":[[[90.3910196,23.7577818],[90.390931,23.7578067],[90.3908976,23.7577072],[90.3909862,23.7576823],[90.3910196,23.7577818]]]},"properties":{"sources":[{"property":"","dataset":"OpenStreetMap","license":"ODbL-1.0","record_id":"w381067729@1","update_time":"2026-01-23T10:08:04.000Z","confidence":null,"between":null,"provider":"osm","resource":"planet","version":"2026-09-06T00:00:00.000Z"}],"is_underground":false,"has_parts":false,"version":1}},
{"id":"4233f2b2-4c2c-42a9-8d91-432e07e086dc","type":"Feature","geometry":{"type":"Polygon","coordinates":[[[90.3908408,23.7576082],[90.3906308,23.7576665],[90.390587,23.7575341],[90.390797,23.7574758],[90.3908408,23.7576082]]]},"properties":{"sources":[{"property":"","dataset":"OpenStreetMap","license":"ODbL-1.0","record_id":"w381071111@1","update_time":"2026-01-23T10:08:04.000Z","confidence":null,"between":null,"provider":"osm","resource":"planet","version":"2026-09-06T00:00:00.000Z"}],"is_underground":false,"has_parts":false,"version":2}},
{"id":"02b6aea9-6901-435f-a9a4-0f0c21754be2","type":"Feature","geometry":{"type":"Polygon","coordinates":[[[90.3906913,23.7574977],[90.3905552,23.7575284],[90.3905404,23.7574736],[90.3906766,23.7574429],[90.3906913,23.7574977]]]},"properties":{"sources":[{"property":"","dataset":"OpenStreetMap","license":"ODbL-1.0","record_id":"w1436233561@1","update_time":"2026-01-23T10:08:04.000Z","confidence":null,"between":null,"provider":"osm","resource":"planet","version":"2026-09-06T00:00:00.000Z"}],"is_underground":false,"has_parts":false,"version":2}},
{"id":"03d7a565-6998-4f18-9dfa-83adcb26ccac","type":"Feature","geometry":{"type":"Polygon","coordinates":[[[90.390871,23.7578123],[90.390609,23.7579022],[90.3903999,23.7578657],[90.390438,23.7577291],[90.3906018,23.7577657],[90.3908383,23.7576891],[90.390871,23.7578123]]]},"properties":{"sources":[{"property":"","dataset":"OpenStreetMap","license":"ODbL-1.0","record_id":"w296556478@2","update_time":"2017-06-15T10:13:12.000Z","confidence":null,"between":null,"provider":"osm","resource":"planet","version":"2026-09-06T00:00:00.000Z"}],"is_underground":false,"has_parts":false,"version":1}},
{"id":"bb0f6e62-cff9-44ed-9621-3577250bebe6","type":"Feature","geometry":{"type":"Polygon","coordinates":[[[90.3906974,23.757941],[90.3906422,23.7579441],[90.3906388,23.7578951],[90.390694,23.7578919],[90.3906974,23.757941]]]},"properties":{"sources":[{"property":"","dataset":"OpenStreetMap","license":"ODbL-1.0","record_id":"w1450073231@1","update_time":"2025-11-12T16:50:18.000Z","confidence":null,"between":null,"provider":"osm","resource":"planet","version":"2026-09-06T00:00:00.000Z"}],"is_underground":false,"has_parts":false,"version":2}},
{"id":"e11340f7-a8a5-482b-aacf-99cc7ad36c57","type":"Feature","geometry":{"type":"Polygon","coordinates":[[[90.3907377,23.7579951],[90.3906924,23.7580191],[90.3906528,23.7579565],[90.3907075,23.7579474],[90.3907377,23.7579951]]]},"properties":{"sources":[{"property":"","dataset":"OpenStreetMap","license":"ODbL-1.0","record_id":"w1450073232@1","update_time":"2025-11-12T16:50:18.000Z","confidence":null,"between":null,"provider":"osm","resource":"planet","version":"2026-09-06T00:00:00.000Z"}],"is_underground":false,"has_parts":false,"version":2}},
{"id":"0545d730-4554-483b-bef3-d0ed85b3349e","type":"Feature","geometry":{"type":"Polygon","coordinates":[[[90.3908427,23.7580118],[90.3908045,23.7580374],[90.3907763,23.7580022],[90.3908144,23.7579766],[90.3908427,23.7580118]]]},"properties":{"sources":[{"property":"","dataset":"OpenStreetMap","license":"ODbL-1.0","record_id":"w381063106@1","update_time":"2015-11-18T18:57:41.000Z","confidence":null,"between":null,"provider":"osm","resource":"planet","version":"2026-09-06T00:00:00.000Z"}],"is_underground":false,"has_parts":false,"version":1}},
{"id":"0de95c5d-f78c-4637-9305-3d281f1df313","type":"Feature","geometry":{"type":"Polygon","coordinates":[[[90.3908132,23.7579721],[90.3907626,23.7580009],[90.3907066,23.7579184],[90.3907572,23.7578896],[90.3908132,23.7579721]]]},"properties":{"sources":[{"property":"","dataset":"OpenStreetMap","license":"ODbL-1.0","record_id":"w381063577@1","update_time":"2015-11-18T18:58:33.000Z","confidence":null,"between":null,"provider":"osm","resource":"planet","version":"2026-09-06T00:00:00.000Z"}],"is_underground":false,"has_parts":false,"version":1}},
{"id":"6173b33c-a930-4853-8f2c-836e74cf051e","type":"Feature","geometry":{"type":"Polygon","coordinates":[[[90.3907878,23.7580638],[90.3907486,23.7580829],[90.390717,23.7580285],[90.3907562,23.7580095],[90.3907878,23.7580638]]]},"properties":{"sources":[{"property":"","dataset":"OpenStreetMap","license":"ODbL-1.0","record_id":"w1450073233@1","update_time":"2025-11-12T16:50:18.000Z","confidence":null,"between":null,"provider":"osm","resource":"planet","version":"2026-09-06T00:00:00.000Z"}],"is_underground":false,"has_parts":false,"version":2}},
{"id":"6d560b64-3b3e-48e8-a9e2-09ac99b9fb52","type":"Feature","geometry":{"type":"Polygon","coordinates":[[[90.3907312,23.7580902],[90.3906209,23.7581545],[90.3905163,23.7580043],[90.3906265,23.7579399],[90.3907312,23.7580902]]]},"properties":{"sources":[{"property":"","dataset":"OpenStreetMap","license":"ODbL-1.0","record_id":"w381062679@1","update_time":"2015-11-18T18:56:47.000Z","confidence":null,"between":null,"provider":"osm","resource":"planet","version":"2026-09-06T00:00:00.000Z"}],"is_underground":false,"has_parts":false,"version":1}},
{"id":"15514793-4c0c-47c3-a9d1-e91b42832eab","type":"Feature","geometry":{"type":"Polygon","coordinates":[[[90.3910223,23.7585427],[90.3909111,23.7585752],[90.3908446,23.7583844],[90.3909557,23.7583519],[90.3910223,23.7585427]]]},"properties":{"sources":[{"property":"","dataset":"OpenStreetMap","license":"ODbL-1.0","record_id":"w500662095@1","update_time":"2017-06-15T10:13:10.000Z","confidence":null,"between":null,"provider":"osm","resource":"planet","version":"2026-09-06T00:00:00.000Z"}],"is_underground":false,"has_parts":false,"version":1}},
{"id":"ed94acee-d2f2-4839-8a3d-28e1f81b2e31","type":"Feature","geometry":{"type":"Polygon","coordinates":[[[90.3909502,23.7586873],[90.3908164,23.758718],[90.3907993,23.7586553],[90.3909331,23.7586247],[90.3909502,23.7586873]]]},"properties":{"sources":[{"property":"","dataset":"OpenStreetMap","license":"ODbL-1.0","record_id":"w500662104@1","update_time":"2017-06-15T10:13:10.000Z","confidence":null,"between":null,"provider":"osm","resource":"planet","version":"2026-09-06T00:00:00.000Z"}],"is_underground":false,"has_parts":false,"version":1}},
{"id":"f896d98a-60ae-4230-a15d-1f436652d449","type":"Feature","geometry":{"type":"Polygon","coordinates":[[[90.3909586,23.7588435],[90.3909109,23.7588683],[90.3908343,23.7587449],[90.390882,23.7587201],[90.3909586,23.7588435]]]},"properties":{"sources":[{"property":"","dataset":"Microsoft ML Buildings","license":"ODbL-1.0","record_id":null,"update_time":null,"confidence":null,"between":null,"provider":"microsoft","resource":"ml_buildings","version":"2026-08-11"}],"is_underground":false,"has_parts":false,"version":4}},
{"id":"b2397c39-c865-417f-9825-f33d79e4e2c0","type":"Feature","geometry":{"type":"Polygon","coordinates":[[[90.3910145,23.7588215],[90.3909561,23.7586081],[90.3910408,23.7585887],[90.3910992,23.7588021],[90.3910145,23.7588215]]]},"properties":{"sources":[{"property":"","dataset":"OpenStreetMap","license":"ODbL-1.0","record_id":"w500662108@1","update_time":"2017-06-15T10:13:10.000Z","confidence":null,"between":null,"provider":"osm","resource":"planet","version":"2026-09-06T00:00:00.000Z"}],"is_underground":false,"has_parts":false,"version":1}},
{"id":"58f45ef0-06a3-4226-a0f1-67860440a5cb","type":"Feature","geometry":{"type":"Polygon","coordinates":[[[90.390817,23.7589744],[90.3907131,23.759046],[90.3906744,23.7589989],[90.3907783,23.7589273],[90.390817,23.7589744]]]},"properties":{"sources":[{"property":"","dataset":"OpenStreetMap","license":"ODbL-1.0","record_id":"w1447475759@1","update_time":"2025-11-04T16:36:56.000Z","confidence":null,"between":null,"provider":"osm","resource":"planet","version":"2026-09-06T00:00:00.000Z"}],"is_underground":false,"has_parts":false,"version":2}},
{"id":"835b7b3a-af29-4fea-8383-e8da5ed51b66","type":"Feature","geometry":{"type":"Polygon","coordinates":[[[90.3907934,23.7588445],[90.3908352,23.7588829],[90.3907989,23.7589163],[90.3907572,23.758878],[90.3907934,23.7588445]]]},"properties":{"sources":[{"property":"","dataset":"Google Open Buildings","license":null,"record_id":"7MMGQ95R+H837","update_time":"2023-05-01T00:00:00.000Z","confidence":0.6566,"between":null,"provider":"google","resource":"open_buildings","version":"2024-04-16"}],"is_underground":false,"has_parts":false,"version":1}},
{"id":"1e58d3b5-dff2-4552-8da0-4d3c4017cdd1","type":"Feature","geometry":{"type":"Polygon","coordinates":[[[90.3905072,23.759133],[90.3904396,23.7591022],[90.3905648,23.7588713],[90.3906325,23.758902],[90.3905072,23.759133]]]},"properties":{"sources":[{"property":"","dataset":"OpenStreetMap","license":"ODbL-1.0","record_id":"w499872745@2","update_time":"2017-06-20T08:39:55.000Z","confidence":null,"between":null,"provider":"osm","resource":"planet","version":"2026-09-06T00:00:00.000Z"}],"is_underground":false,"has_parts":false,"version":1}},
{"id":"96e6110d-6b4a-4329-8ece-92f51021864c","type":"Feature","geometry":{"type":"Polygon","coordinates":[[[90.3903826,23.7589566],[90.3904211,23.7589779],[90.3903849,23.7590332],[90.3903464,23.7590119],[90.3903826,23.7589566]]]},"properties":{"sources":[{"property":"","dataset":"Google Open Buildings","license":null,"record_id":"7MMGQ95R+H5RM","update_time":"2023-05-01T00:00:00.000Z","confidence":0.7036,"between":null,"provider":"google","resource":"open_buildings","version":"2024-04-16"}],"is_underground":false,"has_parts":false,"version":1}},
{"id":"72724d73-ed31-46f4-a086-dc118d64cbc3","type":"Feature","geometry":{"type":"Polygon","coordinates":[[[90.3905099,23.7588557],[90.3903547,23.7587423],[90.3904236,23.7586632],[90.3905789,23.7587766],[90.3905099,23.7588557]]]},"properties":{"sources":[{"property":"","dataset":"OpenStreetMap","license":"ODbL-1.0","record_id":"w296574532@1","update_time":"2017-06-20T08:39:52.000Z","confidence":null,"between":null,"provider":"osm","resource":"planet","version":"2026-09-06T00:00:00.000Z"}],"is_underground":false,"subtype":"commercial","class":"commercial","has_parts":false,"version":1}},
{"id":"42befce7-1755-4a02-9b8d-09d3884262ee","type":"Feature","geometry":{"type":"Polygon","coordinates":[[[90.3905987,23.758766],[90.3904655,23.758653],[90.3905343,23.7585851],[90.3906675,23.7586982],[90.3905987,23.758766]]]},"properties":{"sources":[{"property":"","dataset":"OpenStreetMap","license":"ODbL-1.0","record_id":"w499872796@1","update_time":"2017-06-20T08:39:53.000Z","confidence":null,"between":null,"provider":"osm","resource":"planet","version":"2026-09-06T00:00:00.000Z"}],"is_underground":false,"has_parts":false,"version":1}},
{"id":"f06203e3-7e1f-458c-a3a6-f4920179d9ab","type":"Feature","geometry":{"type":"Polygon","coordinates":[[[90.3904657,23.7585582],[90.3904972,23.7585962],[90.390457,23.7586244],[90.3904256,23.7585864],[90.3904657,23.7585582]]]},"properties":{"sources":[{"property":"","dataset":"Google Open Buildings","license":null,"record_id":"7MMGQ95R+C5PQ","update_time":"2023-05-01T00:00:00.000Z","confidence":0.8131,"between":null,"provider":"google","resource":"open_buildings","version":"2024-04-16"}],"is_underground":false,"has_parts":false,"version":1}},
{"id":"aa81a74e-4f2c-4ab8-a52d-02352aa4c916","type":"Feature","geometry":{"type":"Polygon","coordinates":[[[90.3903011,23.7589601],[90.3901536,23.7588607],[90.3902649,23.7587223],[90.3903651,23.7587899],[90.3903183,23.7588481],[90.3903656,23.75888],[90.3903011,23.7589601]]]},"properties":{"sources":[{"property":"","dataset":"OpenStreetMap","license":"ODbL-1.0","record_id":"w499872826@2","update_time":"2019-10-20T06:40:01.000Z","confidence":null,"between":null,"provider":"osm","resource":"planet","version":"2026-09-06T00:00:00.000Z"}],"is_underground":false,"has_parts":false,"version":1}},
{"id":"d101576e-ac51-4d5a-9876-ef9d1cf2236b","type":"Feature","geometry":{"type":"Polygon","coordinates":[[[90.390444,23.7580027],[90.39039,23.7580071],[90.3903497,23.7579995],[90.3903435,23.7579915],[90.3903396,23.7579731],[90.3903084,23.7579698],[90.3903012,23.7579511],[90.3902928,23.7579335],[90.3902988,23.7579203],[90.3903072,23.7579104],[90.3903048,23.7578775],[90.3903288,23.7578665],[90.39036,23.7578709],[90.3904764,23.7578852],[90.3905785,23.7578995],[90.3905833,23.7579544],[90.3905268,23.7579884],[90.3904968,23.7579939],[90.3904704,23.7580027],[90.390444,23.7580027]]]},"properties":{"names":{"primary":"Babul Tower","common":null,"rules":null},"sources":[{"property":"","dataset":"OpenStreetMap","license":"ODbL-1.0","record_id":"w296556225@2","update_time":"2014-08-07T20:17:32.000Z","confidence":null,"between":null,"provider":"osm","resource":"planet","version":"2026-09-06T00:00:00.000Z"}],"is_underground":false,"subtype":"commercial","class":"commercial","has_parts":false,"version":1}},
{"id":"6f5c0241-76c3-4f76-894a-7a33aaf172bf","type":"Feature","geometry":{"type":"Polygon","coordinates":[[[90.3904695,23.758148],[90.3904237,23.758073],[90.3905155,23.758026],[90.3905613,23.758101],[90.3904695,23.758148]]]},"properties":{"sources":[{"property":"","dataset":"OpenStreetMap","license":"ODbL-1.0","record_id":"w1436260146@1","update_time":"2025-10-07T19:04:58.000Z","confidence":null,"between":null,"provider":"osm","resource":"planet","version":"2026-09-06T00:00:00.000Z"}],"is_underground":false,"has_parts":false,"version":1}},
{"id":"af312a59-6c26-4319-a158-e349ec6149ac","type":"Feature","geometry":{"type":"Polygon","coordinates":[[[90.3905648,23.7576824],[90.3904308,23.7576447],[90.3904489,23.7575907],[90.3905829,23.7576285],[90.3905648,23.7576824]]]},"properties":{"sources":[{"property":"","dataset":"OpenStreetMap","license":"ODbL-1.0","record_id":"w500662092@1","update_time":"2026-01-23T10:08:04.000Z","confidence":null,"between":null,"provider":"osm","resource":"planet","version":"2026-09-06T00:00:00.000Z"}],"is_underground":false,"has_parts":false,"version":1}},
{"id":"b6659c4f-51d6-453e-b156-4798cf3bfe64","type":"Feature","geometry":{"type":"Polygon","coordinates":[[[90.3902674,23.7572427],[90.3901588,23.7575256],[90.3901467,23.7574649],[90.3901307,23.7574145],[90.3901159,23.7573599],[90.3901085,23.7573127],[90.3901172,23.757274],[90.3901434,23.7572501],[90.3901923,23.757239],[90.3902674,23.7572427]]]},"properties":{"sources":[{"property":"","dataset":"OpenStreetMap","license":"ODbL-1.0","record_id":"w511992916@2","update_time":"2021-05-30T05:21:37.000Z","confidence":null,"between":null,"provider":"osm","resource":"planet","version":"2026-09-06T00:00:00.000Z"}],"is_underground":false,"has_parts":false,"version":1}},
{"id":"da7cbbe2-ee09-4272-af46-18cfcbfbb10c","type":"Feature","geometry":{"type":"Polygon","coordinates":[[[90.3902961,23.757044],[90.39029909999999,23.7570661],[90.3902119,23.7570762],[90.3902089,23.7570541],[90.3902961,23.757044]]]},"properties":{"sources":[{"property":"","dataset":"Google Open Buildings","license":null,"record_id":"7MMGQ94R+R4CC","update_time":"2023-05-01T00:00:00.000Z","confidence":0.6614,"between":null,"provider":"google","resource":"open_buildings","version":"2024-04-16"}],"is_underground":false,"has_parts":false,"version":1}},
{"id":"84f19223-c66e-4a22-be15-72684248ffeb","type":"Feature","geometry":{"type":"Polygon","coordinates":[[[90.3903989,23.7568835],[90.3902866,23.7569061],[90.390201,23.7565498],[90.3905103,23.7564875],[90.3903989,23.7568835]]]},"properties":{"sources":[{"property":"","dataset":"OpenStreetMap","license":"ODbL-1.0","record_id":"w296521611@2","update_time":"2026-01-23T10:08:04.000Z","confidence":null,"between":null,"provider":"osm","resource":"planet","version":"2026-09-06T00:00:00.000Z"}],"is_underground":false,"subtype":"commercial","class":"commercial","has_parts":false,"version":2}},
{"id":"96e59662-ca71-47c4-b621-da16da2b1604","type":"Feature","geometry":{"type":"Polygon","coordinates":[[[90.3902696,23.756906],[90.3899741,23.7569657],[90.3898917,23.7566244],[90.3901872,23.7565646],[90.3902696,23.756906]]]},"properties":{"names":{"primary":"Ananda Cinema Hall","common":null,"rules":null},"sources":[{"property":"","dataset":"OpenStreetMap","license":"ODbL-1.0","record_id":"w296521534@4","update_time":"2026-01-23T10:08:04.000Z","confidence":null,"between":null,"provider":"osm","resource":"planet","version":"2026-09-06T00:00:00.000Z"}],"is_underground":false,"subtype":"commercial","class":"commercial","has_parts":false,"version":2}},
{"id":"1127908b-1dd5-41d8-a730-e16aedd76fd7","type":"Feature","geometry":{"type":"Polygon","coordinates":[[[90.3902233,23.7594899],[90.3901847,23.7595571],[90.3898652,23.7594033],[90.3899039,23.7593361],[90.3902233,23.7594899]]]},"properties":{"names":{"primary":"Babul Tower","common":null,"rules":null},"sources":[{"property":"","dataset":"OpenStreetMap","license":"ODbL-1.0","record_id":"w296561678@4","update_time":"2019-10-22T11:43:19.000Z","confidence":null,"between":null,"provider":"osm","resource":"planet","version":"2026-09-06T00:00:00.000Z"}],"is_underground":false,"subtype":"commercial","class":"commercial","has_parts":false,"version":1}},
{"id":"44319672-3da2-45c7-970a-1a82bcb104d5","type":"Feature","geometry":{"type":"Polygon","coordinates":[[[90.3902283,23.7594732],[90.3898733,23.7592895],[90.389953,23.7591605],[90.390308,23.7593443],[90.3902283,23.7594732]]]},"properties":{"names":{"primary":"Center Point Concord","common":null,"rules":null},"sources":[{"property":"","dataset":"OpenStreetMap","license":"ODbL-1.0","record_id":"w502015365@2","update_time":"2019-10-24T04:49:32.000Z","confidence":null,"between":null,"provider":"osm","resource":"planet","version":"2026-09-06T00:00:00.000Z"}],"is_underground":false,"num_floors":14,"subtype":"commercial","class":"commercial","has_parts":false,"version":1}},
{"id":"4207049e-7c82-40e2-811f-2a41c36ca151","type":"Feature","geometry":{"type":"Polygon","coordinates":[[[90.3903677,23.75917],[90.390066,23.7590099],[90.3901304,23.7589081],[90.3904321,23.7590682],[90.3903677,23.75917]]]},"properties":{"sources":[{"property":"","dataset":"OpenStreetMap","license":"ODbL-1.0","record_id":"w1120697219@1","update_time":"2022-12-10T02:25:39.000Z","confidence":null,"between":null,"provider":"osm","resource":"planet","version":"2026-09-06T00:00:00.000Z"}],"is_underground":false,"has_parts":false,"version":1}},
{"id":"632572d8-588b-48e0-818f-c3e7aa8e1e24","type":"Feature","geometry":{"type":"Polygon","coordinates":[[[90.390465,23.7594809],[90.3902871,23.7594028],[90.3903283,23.7593242],[90.3905063,23.7594023],[90.390465,23.7594809]]]},"properties":{"sources":[{"property":"","dataset":"OpenStreetMap","license":"ODbL-1.0","record_id":"w737536815@1","update_time":"2019-10-24T04:49:32.000Z","confidence":null,"between":null,"provider":"osm","resource":"planet","version":"2026-09-06T00:00:00.000Z"}],"is_underground":false,"has_parts":false,"version":1}},
{"id":"a9010014-7207-4718-a08d-99da250f67ee","type":"Feature","geometry":{"type":"Polygon","coordinates":[[[90.3905926,23.7598213],[90.3905331,23.7598025],[90.390554,23.759747],[90.3906136,23.7597657],[90.3905926,23.7598213]]]},"properties":{"sources":[{"property":"","dataset":"OpenStreetMap","license":"ODbL-1.0","record_id":"w499866204@1","update_time":"2017-06-12T11:01:42.000Z","confidence":null,"between":null,"provider":"osm","resource":"planet","version":"2026-09-06T00:00:00.000Z"}],"is_underground":false,"has_parts":false,"version":1}},
{"id":"be1ce79f-e4ba-46ce-b2b5-0bad716434de","type":"Feature","geometry":{"type":"Polygon","coordinates":[[[90.3903622,23.7597358],[90.3901826,23.7596777],[90.3902111,23.7596039],[90.3903907,23.7596619],[90.3903622,23.7597358]]]},"properties":{"sources":[{"property":"","dataset":"OpenStreetMap","license":"ODbL-1.0","record_id":"w499866187@1","update_time":"2019-10-22T10:33:59.000Z","confidence":null,"between":null,"provider":"osm","resource":"planet","version":"2026-09-06T00:00:00.000Z"}],"is_underground":false,"has_parts":false,"version":1}},
{"id":"d1664929-6606-497a-94bb-99f9c21c59b9","type":"Feature","geometry":{"type":"Polygon","coordinates":[[[90.3904046,23.7596368],[90.3902245,23.7595785],[90.3902496,23.7595135],[90.3904297,23.7595718],[90.3904046,23.7596368]]]},"properties":{"sources":[{"property":"","dataset":"OpenStreetMap","license":"ODbL-1.0","record_id":"w737536816@1","update_time":"2019-10-22T10:33:59.000Z","confidence":null,"between":null,"provider":"osm","resource":"planet","version":"2026-09-06T00:00:00.000Z"}],"is_underground":false,"has_parts":false,"version":1}},
{"id":"1e47c118-d55e-45b5-9d8c-b7bd47cbeb74","type":"Feature","geometry":{"type":"Polygon","coordinates":[[[90.3901884,23.7597922],[90.3901204,23.7597708],[90.3901526,23.7596851],[90.390337,23.7597432],[90.3903047,23.759829],[90.3902154,23.7598008],[90.3902294,23.7597637],[90.3902023,23.7597552],[90.3901884,23.7597922]]]},"properties":{"sources":[{"property":"","dataset":"OpenStreetMap","license":"ODbL-1.0","record_id":"w499866216@1","update_time":"2019-10-20T12:33:49.000Z","confidence":null,"between":null,"provider":"osm","resource":"planet","version":"2026-09-06T00:00:00.000Z"}],"is_underground":false,"has_parts":false,"version":1}},
{"id":"e0953e73-f34e-4527-b347-820d8c94d7ad","type":"Feature","geometry":{"type":"Polygon","coordinates":[[[90.3902583,23.7599237],[90.3900785,23.759867],[90.3901019,23.7598048],[90.3901652,23.7598248],[90.3901536,23.7598557],[90.3901854,23.7598657],[90.3901971,23.7598348],[90.3902817,23.7598615],[90.3902583,23.7599237]]]},"properties":{"sources":[{"property":"","dataset":"OpenStreetMap","license":"ODbL-1.0","record_id":"w499866217@1","update_time":"2019-10-20T12:33:49.000Z","confidence":null,"between":null,"provider":"osm","resource":"planet","version":"2026-09-06T00:00:00.000Z"}],"is_underground":false,"has_parts":false,"version":1}},
{"id":"825bca2c-fb9d-48db-96c4-c9d97ccc5050","type":"Feature","geometry":{"type":"Polygon","coordinates":[[[90.390202,23.7600442],[90.3900272,23.7599938],[90.3900572,23.7599066],[90.390232,23.7599569],[90.390202,23.7600442]]]},"properties":{"sources":[{"property":"","dataset":"OpenStreetMap","license":"ODbL-1.0","record_id":"w499866189@1","update_time":"2019-10-20T12:33:49.000Z","confidence":null,"between":null,"provider":"osm","resource":"planet","version":"2026-09-06T00:00:00.000Z"}],"is_underground":false,"has_parts":false,"version":1}},
{"id":"910d7e57-59cc-4da3-92e6-37fcd6f302f8","type":"Feature","geometry":{"type":"Polygon","coordinates":[[[90.3905561,23.7599495],[90.390454,23.7599173],[90.3904933,23.7598127],[90.3905955,23.7598449],[90.3905561,23.7599495]]]},"properties":{"sources":[{"property":"","dataset":"OpenStreetMap","license":"ODbL-1.0","record_id":"w499866197@1","update_time":"2017-06-12T11:01:42.000Z","confidence":null,"between":null,"provider":"osm","resource":"planet","version":"2026-09-06T00:00:00.000Z"}],"is_underground":false,"has_parts":false,"version":1}},
{"id":"39176bd7-e65f-45bd-999f-fbca030bc54f","type":"Feature","geometry":{"type":"Polygon","coordinates":[[[90.3903474,23.7601966],[90.3903514,23.7601781],[90.3904171,23.7599719],[90.3905123,23.7599953],[90.3904989,23.7600358],[90.3905338,23.7600505],[90.3905592,23.7601045],[90.390574,23.7601536],[90.3905566,23.7601892],[90.3904506,23.7601696],[90.3904305,23.7602199],[90.3903474,23.7601966]]]},"properties":{"sources":[{"property":"","dataset":"OpenStreetMap","license":"ODbL-1.0","record_id":"w499866186@1","update_time":"2017-06-12T11:01:41.000Z","confidence":null,"between":null,"provider":"osm","resource":"planet","version":"2026-09-06T00:00:00.000Z"}],"is_underground":false,"has_parts":false,"version":1}},
{"id":"2ab712d6-c1f1-4e49-9d16-61f9d2351e5a","type":"Feature","geometry":{"type":"Polygon","coordinates":[[[90.3904808,23.7604491],[90.3903876,23.7604311],[90.3904331,23.7602345],[90.3905263,23.7602525],[90.3904808,23.7604491]]]},"properties":{"sources":[{"property":"","dataset":"OpenStreetMap","license":"ODbL-1.0","record_id":"w1129589126@1","update_time":"2023-01-09T21:35:59.000Z","confidence":null,"between":null,"provider":"osm","resource":"planet","version":"2026-09-06T00:00:00.000Z"}],"is_underground":false,"has_parts":false,"version":1}},
{"id":"b2a8617c-9d54-4444-84a6-d258ad1178a1","type":"Feature","geometry":{"type":"Polygon","coordinates":[[[90.3905859,23.7604736],[90.3904927,23.7604556],[90.3905382,23.760259],[90.3906314,23.760277],[90.3905859,23.7604736]]]},"properties":{"sources":[{"property":"","dataset":"OpenStreetMap","license":"ODbL-1.0","record_id":"w501352505@1","update_time":"2017-06-18T09:37:52.000Z","confidence":null,"between":null,"provider":"osm","resource":"planet","version":"2026-09-06T00:00:00.000Z"}],"is_underground":false,"has_parts":false,"version":1}},
{"id":"604f737d-074b-41ad-8ff2-7c375becaa62","type":"Feature","geometry":{"type":"Polygon","coordinates":[[[90.3905804,23.7605292],[90.3905281,23.7605279],[90.3905296,23.7604732],[90.3905637,23.760474],[90.3905629,23.7604995],[90.3905812,23.7604999],[90.3905804,23.7605292]]]},"properties":{"sources":[{"property":"","dataset":"OpenStreetMap","license":"ODbL-1.0","record_id":"w501352600@1","update_time":"2017-06-18T09:37:56.000Z","confidence":null,"between":null,"provider":"osm","resource":"planet","version":"2026-09-06T00:00:00.000Z"}],"is_underground":false,"has_parts":false,"version":1}},
{"id":"5bdc9652-52de-4b21-a3cc-58cee5720efc","type":"Feature","geometry":{"type":"Polygon","coordinates":[[[90.3905377,23.760558],[90.3905337,23.7606236],[90.3904625,23.76062],[90.3904664,23.7605544],[90.3905377,23.760558]]]},"properties":{"sources":[{"property":"","dataset":"OpenStreetMap","license":"ODbL-1.0","record_id":"w380815853@1","update_time":"2017-06-18T09:37:58.000Z","confidence":null,"between":null,"provider":"osm","resource":"planet","version":"2026-09-06T00:00:00.000Z"}],"is_underground":false,"has_parts":false,"version":1}},
{"id":"cedb26ce-302c-480c-9f5b-3db6a536c42e","type":"Feature","geometry":{"type":"Polygon","coordinates":[[[90.3904362,23.7604887],[90.390406,23.7604893],[90.3904053,23.7604612],[90.3904355,23.7604606],[90.3904362,23.7604887]]]},"properties":{"sources":[{"property":"","dataset":"OpenStreetMap","license":"ODbL-1.0","record_id":"w501352555@1","update_time":"2017-06-19T09:45:18.000Z","confidence":null,"between":null,"provider":"osm","resource":"planet","version":"2026-09-06T00:00:00.000Z"}],"is_underground":false,"has_parts":false,"version":1}},
{"id":"b7335e90-4d2f-464e-a168-d7418abece41","type":"Feature","geometry":{"type":"Polygon","coordinates":[[[90.390506,23.7605494],[90.3903009,23.7605132],[90.3903105,23.7604676],[90.3903701,23.7604781],[90.3903649,23.760503],[90.3904934,23.7605257],[90.3904986,23.7605007],[90.3905156,23.7605037],[90.390506,23.7605494]]]},"properties":{"sources":[{"property":"","dataset":"OpenStreetMap","license":"ODbL-1.0","record_id":"w501352475@2","update_time":"2017-06-19T09:45:18.000Z","confidence":null,"between":null,"provider":"osm","resource":"planet","version":"2026-09-06T00:00:00.000Z"}],"is_underground":false,"has_parts":false,"version":1}},
{"id":"5f74d0ba-4cd4-48ff-8158-d2aa7699f348","type":"Feature","geometry":{"type":"Polygon","coordinates":[[[90.3903916,23.7606865],[90.3903318,23.760677],[90.3903434,23.7606165],[90.3904032,23.7606262],[90.3903916,23.7606865]]]},"properties":{"sources":[{"property":"","dataset":"OpenStreetMap","license":"ODbL-1.0","record_id":"w501352479@1","update_time":"2026-01-23T10:08:04.000Z","confidence":null,"between":null,"provider":"osm","resource":"planet","version":"2026-09-06T00:00:00.000Z"}],"is_underground":false,"has_parts":false,"version":1}},
{"id":"42434e4c-c1ce-4263-a20c-ba30fd60fd27","type":"Feature","geometry":{"type":"Polygon","coordinates":[[[90.3902585,23.7606824],[90.3901902,23.76067],[90.3902008,23.760621],[90.3902508,23.7606302],[90.3902559,23.7606067],[90.3902897,23.7606129],[90.3902784,23.7606645],[90.3902631,23.7606617],[90.3902585,23.7606824]]]},"properties":{"sources":[{"property":"","dataset":"OpenStreetMap","license":"ODbL-1.0","record_id":"w501352604@1","update_time":"2026-01-23T10:08:04.000Z","confidence":null,"between":null,"provider":"osm","resource":"planet","version":"2026-09-06T00:00:00.000Z"}],"is_underground":false,"has_parts":false,"version":1}},
{"id":"062d8265-7d48-4cc2-adf7-f1d48cdfb07c","type":"Feature","geometry":{"type":"Polygon","coordinates":[[[90.3902945,23.7605068],[90.3902768,23.7606034],[90.3901931,23.7605905],[90.3902109,23.7604939],[90.3902945,23.7605068]]]},"properties":{"sources":[{"property":"","dataset":"OpenStreetMap","license":"ODbL-1.0","record_id":"w380815958@1","update_time":"2026-01-23T10:08:04.000Z","confidence":null,"between":null,"provider":"osm","resource":"planet","version":"2026-09-06T00:00:00.000Z"}],"is_underground":false,"has_parts":false,"version":2}},
{"id":"9a19e90e-48fb-400e-a069-84a7e319e807","type":"Feature","geometry":{"type":"Polygon","coordinates":[[[90.3903825,23.7606042],[90.3902842,23.7605872],[90.390298,23.7605203],[90.3903963,23.7605373],[90.3903825,23.7606042]]]},"properties":{"sources":[{"property":"","dataset":"OpenStreetMap","license":"ODbL-1.0","record_id":"w501352578@1","update_time":"2026-01-23T10:08:04.000Z","confidence":null,"between":null,"provider":"osm","resource":"planet","version":"2026-09-06T00:00:00.000Z"}],"is_underground":false,"has_parts":false,"version":1}},
{"id":"036d38e9-29f3-478b-b2d3-d0e9284bdb9f","type":"Feature","geometry":{"type":"Polygon","coordinates":[[[90.3903026,23.7603353],[90.3903309,23.7602278],[90.3904087,23.760245],[90.3903804,23.7603525],[90.3903026,23.7603353]]]},"properties":{"sources":[{"property":"","dataset":"OpenStreetMap","license":"ODbL-1.0","record_id":"w501352513@1","update_time":"2017-06-18T09:37:52.000Z","confidence":null,"between":null,"provider":"osm","resource":"planet","version":"2026-09-06T00:00:00.000Z"}],"is_underground":false,"has_parts":false,"version":1}},
{"id":"162603f4-dcf5-412d-ae65-21a3c029b129","type":"Feature","geometry":{"type":"Polygon","coordinates":[[[90.390143,23.7604549],[90.3901414,23.7605621],[90.3900806,23.7605614],[90.3900804,23.7605762],[90.3900358,23.7605756],[90.3900377,23.7604536],[90.390143,23.7604549]]]},"properties":{"sources":[{"property":"","dataset":"OpenStreetMap","license":"ODbL-1.0","record_id":"w380816020@2","update_time":"2019-10-22T10:33:59.000Z","confidence":null,"between":null,"provider":"osm","resource":"planet","version":"2026-09-06T00:00:00.000Z"}],"is_underground":false,"has_parts":false,"version":1}},
{"id":"c637cce4-e725-418b-aee6-a3ea1789ff91","type":"Feature","geometry":{"type":"Polygon","coordinates":[[[90.3901492,23.7602875],[90.3901248,23.7604082],[90.3900081,23.7603883],[90.3900326,23.7602677],[90.3901492,23.7602875]]]},"properties":{"sources":[{"property":"","dataset":"OpenStreetMap","license":"ODbL-1.0","record_id":"w1085317652@1","update_time":"2022-08-10T11:03:06.000Z","confidence":null,"between":null,"provider":"osm","resource":"planet","version":"2026-09-06T00:00:00.000Z"}],"is_underground":false,"has_parts":false,"version":1}},
{"id":"2e877504-69ae-4df4-8475-424ea7c441b0","type":"Feature","geometry":{"type":"Polygon","coordinates":[[[90.3901467,23.7602259],[90.3900761,23.7602128],[90.3900884,23.7601574],[90.3901173,23.7601628],[90.3901097,23.7601973],[90.3901513,23.7602051],[90.3901467,23.7602259]]]},"properties":{"sources":[{"property":"","dataset":"OpenStreetMap","license":"ODbL-1.0","record_id":"w499866208@1","update_time":"2017-06-20T08:39:53.000Z","confidence":null,"between":null,"provider":"osm","resource":"planet","version":"2026-09-06T00:00:00.000Z"}],"is_underground":false,"has_parts":false,"version":1}},
{"id":"94d8cdad-972b-4eb6-b502-7a2dc302f0da","type":"Feature","geometry":{"type":"Polygon","coordinates":[[[90.3901828,23.7601407],[90.3900051,23.7600989],[90.3900307,23.760008],[90.3902084,23.7600498],[90.3901828,23.7601407]]]},"properties":{"sources":[{"property":"","dataset":"OpenStreetMap","license":"ODbL-1.0","record_id":"w499866192@1","update_time":"2019-10-20T12:33:49.000Z","confidence":null,"between":null,"provider":"osm","resource":"planet","version":"2026-09-06T00:00:00.000Z"}],"is_underground":false,"has_parts":false,"version":1}},
{"id":"d1c15257-2b71-43e5-94f9-c26b709e023d","type":"Feature","geometry":{"type":"Polygon","coordinates":[[[90.390179,23.7609252],[90.3901257,23.761259],[90.3898835,23.7612267],[90.3899368,23.7608928],[90.390179,23.7609252]]]},"properties":{"sources":[{"property":"","dataset":"OpenStreetMap","license":"ODbL-1.0","record_id":"w380817182@1","update_time":"2019-10-22T11:43:19.000Z","confidence":null,"between":null,"provider":"osm","resource":"planet","version":"2026-09-06T00:00:00.000Z"}],"is_underground":false,"has_parts":false,"version":1}},
{"id":"fbf821f0-4e75-4ce7-a51d-87b0322711f1","type":"Feature","geometry":{"type":"Polygon","coordinates":[[[90.390305,23.7609274],[90.3902582,23.7609195],[90.3902636,23.7608925],[90.3903105,23.7609005],[90.390305,23.7609274]]]},"properties":{"sources":[{"property":"","dataset":"OpenStreetMap","license":"ODbL-1.0","record_id":"w501352500@1","update_time":"2017-06-18T09:37:52.000Z","confidence":null,"between":null,"provider":"osm","resource":"planet","version":"2026-09-06T00:00:00.000Z"}],"is_underground":false,"has_parts":false,"version":1}},
{"id":"6482aec2-77f0-4757-95f2-a2e6c711aefc","type":"Feature","geometry":{"type":"Polygon","coordinates":[[[90.3904445,23.7610659],[90.3902255,23.761036],[90.3902398,23.7609479],[90.3904589,23.7609778],[90.3904445,23.7610659]]]},"properties":{"sources":[{"property":"","dataset":"OpenStreetMap","license":"ODbL-1.0","record_id":"w380816576@1","update_time":"2015-11-17T16:26:38.000Z","confidence":null,"between":null,"provider":"osm","resource":"planet","version":"2026-09-06T00:00:00.000Z"}],"is_underground":false,"has_parts":false,"version":1}},
{"id":"09a2819b-1fe6-421d-aeba-172e17464e95","type":"Feature","geometry":{"type":"Polygon","coordinates":[[[90.390352,23.7608888],[90.3903232,23.7608864],[90.3903293,23.7608263],[90.3903581,23.7608288],[90.390352,23.7608888]]]},"properties":{"sources":[{"property":"","dataset":"OpenStreetMap","license":"ODbL-1.0","record_id":"w501352476@1","update_time":"2017-06-18T09:37:51.000Z","confidence":null,"between":null,"provider":"osm","resource":"planet","version":"2026-09-06T00:00:00.000Z"}],"is_underground":false,"has_parts":false,"version":1}},
{"id":"9eb1da17-f347-4c98-b3ab-1a5955f36c3f","type":"Feature","geometry":{"type":"Polygon","coordinates":[[[90.3903071,23.7608796],[90.3902749,23.7608765],[90.3902817,23.7608167],[90.3903139,23.7608198],[90.3903071,23.7608796]]]},"properties":{"sources":[{"property":"","dataset":"OpenStreetMap","license":"ODbL-1.0","record_id":"w501352486@1","update_time":"2017-06-18T09:37:51.000Z","confidence":null,"between":null,"provider":"osm","resource":"planet","version":"2026-09-06T00:00:00.000Z"}],"is_underground":false,"has_parts":false,"version":1}},
{"id":"166188bf-9362-4750-acb3-845ac1a7b291","type":"Feature","geometry":{"type":"Polygon","coordinates":[[[90.3902731,23.7607665],[90.3901969,23.7607572],[90.3902069,23.7606879],[90.3902832,23.7606972],[90.3902731,23.7607665]]]},"properties":{"sources":[{"property":"","dataset":"OpenStreetMap","license":"ODbL-1.0","record_id":"w380816448@1","update_time":"2017-06-18T09:37:58.000Z","confidence":null,"between":null,"provider":"osm","resource":"planet","version":"2026-09-06T00:00:00.000Z"}],"is_underground":false,"has_parts":false,"version":1}},
{"id":"7a0ef8d3-e70e-4487-bde7-4e69bf0831dd","type":"Feature","geometry":{"type":"Polygon","coordinates":[[[90.390387,23.7608081],[90.3902997,23.7607933],[90.3903201,23.7606924],[90.3904074,23.7607072],[90.390387,23.7608081]]]},"properties":{"sources":[{"property":"","dataset":"OpenStreetMap","license":"ODbL-1.0","record_id":"w380816362@1","update_time":"2017-06-18T09:37:58.000Z","confidence":null,"between":null,"provider":"osm","resource":"planet","version":"2026-09-06T00:00:00.000Z"}],"is_underground":false,"has_parts":false,"version":1}},
{"id":"2ff5a058-79c3-49af-92c5-395516c4ea49","type":"Feature","geometry":{"type":"Polygon","coordinates":[[[90.3904174,23.7607068],[90.3905697,23.7607293],[90.3905543,23.7608173],[90.3904021,23.7607949],[90.3904174,23.7607068]]]},"properties":{"sources":[{"property":"","dataset":"OpenStreetMap","license":"ODbL-1.0","record_id":"w380816246@2","update_time":"2026-01-23T10:08:04.000Z","confidence":null,"between":null,"provider":"osm","resource":"planet","version":"2026-09-06T00:00:00.000Z"}],"is_underground":false,"has_parts":false,"version":1}},
{"id":"1f84ccea-6683-43f7-a0df-fec1087a2e90","type":"Feature","geometry":{"type":"Polygon","coordinates":[[[90.3919175,23.7608015],[90.3919946,23.7607364],[90.3919992,23.7607409],[90.3922806,23.7610201],[90.3922035,23.7610853],[90.3919175,23.7608015]]]},"properties":{"sources":[{"property":"","dataset":"OpenStreetMap","license":"ODbL-1.0","record_id":"w468957017@2","update_time":"2017-06-19T10:14:12.000Z","confidence":null,"between":null,"provider":"osm","resource":"planet","version":"2026-09-06T00:00:00.000Z"}],"is_underground":false,"has_parts":false,"version":1}},
{"id":"66bbc33d-6f15-49b2-a358-5ee8a4788dc5","type":"Feature","geometry":{"type":"Polygon","coordinates":[[[90.3920998,23.7611742],[90.3919805,23.7610686],[90.3920232,23.7610281],[90.3921426,23.7611337],[90.3920998,23.7611742]]]},"properties":{"sources":[{"property":"","dataset":"OpenStreetMap","license":"ODbL-1.0","record_id":"w501352562@1","update_time":"2017-06-19T09:45:18.000Z","confidence":null,"between":null,"provider":"osm","resource":"planet","version":"2026-09-06T00:00:00.000Z"}],"is_underground":false,"has_parts":false,"version":1}},
{"id":"728e4fd6-f3c3-48aa-9719-9571c2011531","type":"Feature","geometry":{"type":"Polygon","coordinates":[[[90.391764,23.7607041],[90.3917153,23.7606548],[90.3917766,23.760604],[90.3918486,23.7606769],[90.391922,23.7606161],[90.3919711,23.7606658],[90.3917806,23.7608234],[90.3917083,23.7607502],[90.391764,23.7607041]]]},"properties":{"sources":[{"property":"","dataset":"OpenStreetMap","license":"ODbL-1.0","record_id":"w501352603@1","update_time":"2017-06-18T09:37:57.000Z","confidence":null,"between":null,"provider":"osm","resource":"planet","version":"2026-09-06T00:00:00.000Z"}],"is_underground":false,"has_parts":false,"version":1}},
{"id":"c164b634-a735-438c-b790-96c81a06eed3","type":"Feature","geometry":{"type":"Polygon","coordinates":[[[90.3917161,23.7610276],[90.3916071,23.7610279],[90.3916189,23.7608753],[90.3917301,23.7608849],[90.3917161,23.7610276]]]},"properties":{"sources":[{"property":"","dataset":"OpenStreetMap","license":"ODbL-1.0","record_id":"w501352546@1","update_time":"2023-01-30T04:15:37.000Z","confidence":null,"between":null,"provider":"osm","resource":"planet","version":"2026-09-06T00:00:00.000Z"}],"is_underground":false,"has_parts":false,"version":1}},
{"id":"904cee46-ca98-4c63-bb29-4ade82e9f715","type":"Feature","geometry":{"type":"Polygon","coordinates":[[[90.3905192,23.7611755],[90.3905439,23.7609878],[90.3907117,23.7610106],[90.3907072,23.7610663],[90.3906295,23.7611753],[90.3905192,23.7611755]]]},"properties":{"sources":[{"property":"","dataset":"OpenStreetMap","license":"ODbL-1.0","record_id":"w380816717@1","update_time":"2017-06-18T09:37:58.000Z","confidence":null,"between":null,"provider":"osm","resource":"planet","version":"2026-09-06T00:00:00.000Z"}],"is_underground":false,"has_parts":false,"version":1}},
{"id":"3bedbe24-35b6-4311-a126-4d2937690fee","type":"Feature","geometry":{"type":"Polygon","coordinates":[[[90.3907703,23.7611563],[90.3907144,23.7611532],[90.3907221,23.7610391],[90.3908741,23.7610476],[90.3908731,23.7610708],[90.3908674,23.7611486],[90.3908282,23.7611464],[90.3908241,23.7612064],[90.3907672,23.7612032],[90.3907703,23.7611563]]]},"properties":{"sources":[{"property":"","dataset":"OpenStreetMap","license":"ODbL-1.0","record_id":"w380816872@3","update_time":"2017-06-19T09:45:16.000Z","confidence":null,"between":null,"provider":"osm","resource":"planet","version":"2026-09-06T00:00:00.000Z"}],"is_underground":false,"has_parts":false,"version":1}},
{"id":"db74e044-f518-4176-a0b7-8afc27a0e515","type":"Feature","geometry":{"type":"Polygon","coordinates":[[[90.3908717,23.7610289],[90.3907233,23.761009],[90.3907335,23.7609459],[90.3908818,23.7609658],[90.3908717,23.7610289]]]},"properties":{"sources":[{"property":"","dataset":"OpenStreetMap","license":"ODbL-1.0","record_id":"w380816991@1","update_time":"2017-06-19T09:45:18.000Z","confidence":null,"between":null,"provider":"osm","resource":"planet","version":"2026-09-06T00:00:00.000Z"}],"is_underground":false,"has_parts":false,"version":1}},
{"id":"d0b1d216-a9b0-407b-b364-b259fdc0ec3c","type":"Feature","geometry":{"type":"Polygon","coordinates":[[[90.3906195,23.7608519],[90.3907356,23.760855],[90.3907266,23.7609669],[90.390616,23.7609639],[90.3906195,23.7608519]]]},"properties":{"sources":[{"property":"","dataset":"OpenStreetMap","license":"ODbL-1.0","record_id":"w380816524@1","update_time":"2022-08-24T09:19:07.000Z","confidence":null,"between":null,"provider":"osm","resource":"planet","version":"2026-09-06T00:00:00.000Z"}],"is_underground":false,"has_parts":false,"version":1}},
{"id":"df257d80-0da4-4b89-a278-6e9c9c033ad9","type":"Feature","geometry":{"type":"Polygon","coordinates":[[[90.3909179,23.7608724],[90.3909066,23.7609578],[90.3907787,23.7609354],[90.3907967,23.7608494],[90.3909179,23.7608724]]]},"properties":{"sources":[{"property":"","dataset":"OpenStreetMap","license":"ODbL-1.0","record_id":"w380815748@1","update_time":"2022-08-24T09:19:07.000Z","confidence":null,"between":null,"provider":"osm","resource":"planet","version":"2026-09-06T00:00:00.000Z"}],"is_underground":false,"has_parts":false,"version":1}},
{"id":"02d91cef-f863-406e-b489-9b1722c1ed36","type":"Feature","geometry":{"type":"Polygon","coordinates":[[[90.3910866,23.7609885],[90.3911014,23.7609883],[90.3911027,23.7610569],[90.3909889,23.7610587],[90.3909876,23.7609901],[90.3910189,23.7609896],[90.3910196,23.7610251],[90.3910873,23.7610241],[90.3910866,23.7609885]]]},"properties":{"sources":[{"property":"","dataset":"OpenStreetMap","license":"ODbL-1.0","record_id":"w380815004@2","update_time":"2017-06-19T09:45:17.000Z","confidence":null,"between":null,"provider":"osm","resource":"planet","version":"2026-09-06T00:00:00.000Z"}],"is_underground":false,"has_parts":false,"version":1}},
{"id":"f70344f0-514a-46d1-bc50-46d8f9dbdbb5","type":"Feature","geometry":{"type":"Polygon","coordinates":[[[90.3909882,23.7608884],[90.3911188,23.7608996],[90.391112,23.7609658],[90.3909814,23.7609546],[90.3909882,23.7608884]]]},"properties":{"sources":[{"property":"","dataset":"OpenStreetMap","license":"ODbL-1.0","record_id":"w380815237@1","update_time":"2017-06-19T09:45:17.000Z","confidence":null,"between":null,"provider":"osm","resource":"planet","version":"2026-09-06T00:00:00.000Z"}],"is_underground":false,"has_parts":false,"version":1}},
{"id":"f3aa823e-2564-40e4-a37e-7ecbd05b6311","type":"Feature","geometry":{"type":"Polygon","coordinates":[[[90.3911051,23.7607637],[90.3911037,23.7608194],[90.391032,23.7608179],[90.3910309,23.7608612],[90.3910015,23.7608605],[90.3910019,23.7608446],[90.3909622,23.7608437],[90.3909644,23.7607607],[90.3911051,23.7607637]]]},"properties":{"sources":[{"property":"","dataset":"OpenStreetMap","license":"ODbL-1.0","record_id":"w380815425@2","update_time":"2017-06-19T09:45:18.000Z","confidence":null,"between":null,"provider":"osm","resource":"planet","version":"2026-09-06T00:00:00.000Z"}],"is_underground":false,"has_parts":false,"version":1}},
{"id":"f2bd3067-d1fd-4aa0-8310-e598c2a5dcb0","type":"Feature","geometry":{"type":"Polygon","coordinates":[[[90.3909713,23.7606773],[90.3911045,23.7606761],[90.391105,23.7607219],[90.3910743,23.7607222],[90.3910746,23.760746],[90.3909721,23.760747],[90.3909713,23.7606773]]]},"properties":{"sources":[{"property":"","dataset":"OpenStreetMap","license":"ODbL-1.0","record_id":"w380815562@2","update_time":"2017-06-19T09:45:18.000Z","confidence":null,"between":null,"provider":"osm","resource":"planet","version":"2026-09-06T00:00:00.000Z"}],"is_underground":false,"has_parts":false,"version":1}},
{"id":"589ec06a-d89a-4c44-8446-e59256463997","type":"Feature","geometry":{"type":"Polygon","coordinates":[[[90.3913264,23.7601667],[90.3917324,23.7606086],[90.39166,23.7606644],[90.3912539,23.7602224],[90.3913264,23.7601667]]]},"properties":{"sources":[{"property":"","dataset":"OpenStreetMap","license":"ODbL-1.0","record_id":"w380815644@1","update_time":"2017-06-18T09:37:58.000Z","confidence":null,"between":null,"provider":"osm","resource":"planet","version":"2026-09-06T00:00:00.000Z"}],"is_underground":false,"has_parts":false,"version":1}},
{"id":"3827b693-1827-4cd1-aaa2-7663e3f16c86","type":"Feature","geometry":{"type":"Polygon","coordinates":[[[90.3913392,23.7601025],[90.3912321,23.7600576],[90.3914017,23.7597186],[90.3915088,23.7597635],[90.3913392,23.7601025]]]},"properties":{"sources":[{"property":"","dataset":"OpenStreetMap","license":"ODbL-1.0","record_id":"w499866198@1","update_time":"2017-06-12T11:01:42.000Z","confidence":null,"between":null,"provider":"osm","resource":"planet","version":"2026-09-06T00:00:00.000Z"}],"is_underground":false,"has_parts":false,"version":1}},
{"id":"8a13fcd9-e5e2-46e1-9505-e1c2156c149a","type":"Feature","geometry":{"type":"Polygon","coordinates":[[[90.391174,23.760034],[90.3910113,23.7599827],[90.3910282,23.7599379],[90.3910199,23.7599353],[90.391045,23.7598687],[90.3912159,23.7599225],[90.391174,23.760034]]]},"properties":{"sources":[{"property":"","dataset":"OpenStreetMap","license":"ODbL-1.0","record_id":"w499866207@1","update_time":"2017-06-12T11:01:42.000Z","confidence":null,"between":null,"provider":"osm","resource":"planet","version":"2026-09-06T00:00:00.000Z"}],"is_underground":false,"has_parts":false,"version":1}},
{"id":"a7f6ac70-5e5c-4e2f-96f7-9dd342c2f265","type":"Feature","geometry":{"type":"Polygon","coordinates":[[[90.3910893,23.7606717],[90.390974,23.7606699],[90.3909748,23.7606258],[90.3910902,23.7606276],[90.3910893,23.7606717]]]},"properties":{"names":{"primary":"Sel Bari Legacy","common":null,"rules":null},"sources":[{"property":"","dataset":"OpenStreetMap","license":"ODbL-1.0","record_id":"w501654460@2","update_time":"2025-05-17T05:02:20.000Z","confidence":null,"between":null,"provider":"osm","resource":"planet","version":"2026-09-06T00:00:00.000Z"}],"is_underground":false,"num_floors":7,"has_parts":false,"version":1}},
{"id":"55327578-0e89-44f1-a269-740ac75ce4e1","type":"Feature","geometry":{"type":"Polygon","coordinates":[[[90.391033,23.7604377],[90.3909076,23.7604144],[90.3909407,23.7602652],[90.3910661,23.7602885],[90.391033,23.7604377]]]},"properties":{"sources":[{"property":"","dataset":"OpenStreetMap","license":"ODbL-1.0","record_id":"w501352545@1","update_time":"2017-06-18T09:37:54.000Z","confidence":null,"between":null,"provider":"osm","resource":"planet","version":"2026-09-06T00:00:00.000Z"}],"is_underground":false,"has_parts":false,"version":1}},
{"id":"bff43d1d-18a2-457b-bdc4-50fbdab2fe41","type":"Feature","geometry":{"type":"Polygon","coordinates":[[[90.3907927,23.7607164],[90.3908022,23.7605598],[90.3908771,23.7605636],[90.3908676,23.7607202],[90.3907927,23.7607164]]]},"properties":{"sources":[{"property":"","dataset":"Microsoft ML Buildings","license":"ODbL-1.0","record_id":null,"update_time":null,"confidence":null,"between":null,"provider":"microsoft","resource":"ml_buildings","version":"2026-08-11"}],"is_underground":false,"has_parts":false,"version":4}},
{"id":"eebd5505-c0f6-41b2-b6e4-42704f3cb7b3","type":"Feature","geometry":{"type":"Polygon","coordinates":[[[90.3907284,23.76055],[90.3907353,23.7604574],[90.3908043,23.7604617],[90.3907975,23.7605543],[90.3907284,23.76055]]]},"properties":{"sources":[{"property":"","dataset":"OpenStreetMap","license":"ODbL-1.0","record_id":"w501352541@1","update_time":"2017-06-18T09:37:54.000Z","confidence":null,"between":null,"provider":"osm","resource":"planet","version":"2026-09-06T00:00:00.000Z"}],"is_underground":false,"has_parts":false,"version":1}},
{"id":"3e6a3a60-0974-43ff-ac25-b3868f0b058b","type":"Feature","geometry":{"type":"Polygon","coordinates":[[[90.3907581,23.7605734],[90.3907493,23.7606599],[90.3906279,23.7606496],[90.3906366,23.7605631],[90.3907581,23.7605734]]]},"properties":{"sources":[{"property":"","dataset":"OpenStreetMap","license":"ODbL-1.0","record_id":"w501352511@1","update_time":"2017-06-18T09:37:52.000Z","confidence":null,"between":null,"provider":"osm","resource":"planet","version":"2026-09-06T00:00:00.000Z"}],"is_underground":false,"has_parts":false,"version":1}},
{"id":"d8f15f18-0fb4-4159-9df6-00fea675c21a","type":"Feature","geometry":{"type":"Polygon","coordinates":[[[90.3906856,23.7605236],[90.3906266,23.7605218],[90.3906294,23.7604487],[90.3906884,23.7604506],[90.3906856,23.7605236]]]},"properties":{"sources":[{"property":"","dataset":"OpenStreetMap","license":"ODbL-1.0","record_id":"w501352557@1","update_time":"2017-06-18T09:37:55.000Z","confidence":null,"between":null,"provider":"osm","resource":"planet","version":"2026-09-06T00:00:00.000Z"}],"is_underground":false,"has_parts":false,"version":1}},
{"id":"10e2b54f-6467-4000-8d90-608ae60e1a4e","type":"Feature","geometry":{"type":"Polygon","coordinates":[[[90.3906477,23.760283],[90.3906555,23.7602229],[90.3907634,23.7602346],[90.3907557,23.7602946],[90.3906477,23.760283]]]},"properties":{"sources":[{"property":"","dataset":"OpenStreetMap","license":"ODbL-1.0","record_id":"w501352534@1","update_time":"2017-06-18T09:37:53.000Z","confidence":null,"between":null,"provider":"osm","resource":"planet","version":"2026-09-06T00:00:00.000Z"}],"is_underground":false,"has_parts":false,"version":1}},
{"id":"b2a2e724-e3ad-459f-9208-b9bdadf93803","type":"Feature","geometry":{"type":"Polygon","coordinates":[[[90.3906677,23.7601845],[90.390605,23.7601647],[90.3906281,23.7601032],[90.3906908,23.760123],[90.3906677,23.7601845]]]},"properties":{"sources":[{"property":"","dataset":"OpenStreetMap","license":"ODbL-1.0","record_id":"w1450072733@1","update_time":"2025-11-12T16:45:48.000Z","confidence":null,"between":null,"provider":"osm","resource":"planet","version":"2026-09-06T00:00:00.000Z"}],"is_underground":false,"has_parts":false,"version":2}},
{"id":"fe0d5f2a-1343-43cd-bf71-c91266512776","type":"Feature","geometry":{"type":"Polygon","coordinates":[[[90.3906214,23.7600631],[90.3905587,23.7600433],[90.3905818,23.7599818],[90.3906445,23.7600016],[90.3906214,23.7600631]]]},"properties":{"sources":[{"property":"","dataset":"OpenStreetMap","license":"ODbL-1.0","record_id":"w1436233547@1","update_time":"2025-10-07T17:01:28.000Z","confidence":null,"between":null,"provider":"osm","resource":"planet","version":"2026-09-06T00:00:00.000Z"}],"is_underground":false,"has_parts":false,"version":1}},
{"id":"6501ddb3-4350-4395-874a-a742223189c3","type":"Feature","geometry":{"type":"Polygon","coordinates":[[[90.3906663,23.7599827],[90.3906048,23.7599633],[90.3906174,23.75993],[90.3906371,23.7599362],[90.3906466,23.759911],[90.3906269,23.7599048],[90.390644,23.7598593],[90.3907054,23.7598786],[90.3906663,23.7599827]]]},"properties":{"sources":[{"property":"","dataset":"OpenStreetMap","license":"ODbL-1.0","record_id":"w499866218@1","update_time":"2017-06-12T11:01:43.000Z","confidence":null,"between":null,"provider":"osm","resource":"planet","version":"2026-09-06T00:00:00.000Z"}],"is_underground":false,"has_parts":false,"version":1}},
{"id":"2609a177-d4f9-47b0-b03d-bdf5148fd1a6","type":"Feature","geometry":{"type":"Polygon","coordinates":[[[90.3907397,23.7601111],[90.390647,23.7600819],[90.3906719,23.7600157],[90.3907043,23.7600259],[90.3907131,23.7600026],[90.3906806,23.7599924],[90.3907233,23.7598789],[90.3908161,23.7599081],[90.3907397,23.7601111]]]},"properties":{"sources":[{"property":"","dataset":"OpenStreetMap","license":"ODbL-1.0","record_id":"w499866219@1","update_time":"2017-06-12T11:01:43.000Z","confidence":null,"between":null,"provider":"osm","resource":"planet","version":"2026-09-06T00:00:00.000Z"}],"is_underground":false,"has_parts":false,"version":1}},
{"id":"6eff1a73-f5fb-47d5-ade2-b2ef3b7d613a","type":"Feature","geometry":{"type":"Polygon","coordinates":[[[90.3908235,23.7598977],[90.3907416,23.7598719],[90.390759,23.7598258],[90.3908409,23.7598516],[90.3908235,23.7598977]]]},"properties":{"sources":[{"property":"","dataset":"OpenStreetMap","license":"ODbL-1.0","record_id":"w499866200@1","update_time":"2017-06-12T11:01:42.000Z","confidence":null,"between":null,"provider":"osm","resource":"planet","version":"2026-09-06T00:00:00.000Z"}],"is_underground":false,"has_parts":false,"version":1}},
{"id":"edc2b9c3-251f-4451-b6bc-e672aaabee9d","type":"Feature","geometry":{"type":"Polygon","coordinates":[[[90.3909772,23.7599112],[90.3909515,23.7599793],[90.3908561,23.7599492],[90.3908818,23.7598811],[90.3909772,23.7599112]]]},"properties":{"sources":[{"property":"","dataset":"OpenStreetMap","license":"ODbL-1.0","record_id":"w499866191@1","update_time":"2017-06-12T11:01:41.000Z","confidence":null,"between":null,"provider":"osm","resource":"planet","version":"2026-09-06T00:00:00.000Z"}],"is_underground":false,"has_parts":false,"version":1}},
{"id":"3f0a31c1-0cdb-4fa3-a57c-66f63f11859a","type":"Feature","geometry":{"type":"Polygon","coordinates":[[[90.3909669,23.7601763],[90.3909513,23.7602176],[90.3907514,23.7601546],[90.3907779,23.7600841],[90.3909213,23.7601293],[90.3909103,23.7601585],[90.3909669,23.7601763]]]},"properties":{"sources":[{"property":"","dataset":"OpenStreetMap","license":"ODbL-1.0","record_id":"w1436260157@1","update_time":"2025-10-07T19:04:58.000Z","confidence":null,"between":null,"provider":"osm","resource":"planet","version":"2026-09-06T00:00:00.000Z"}],"is_underground":false,"has_parts":false,"version":1}},
{"id":"e30cca09-fd3e-4065-9b78-7e56d6b5d984","type":"Feature","geometry":{"type":"Polygon","coordinates":[[[90.390866,23.7600444],[90.3908838,23.7599971],[90.3909601,23.7600211],[90.390922,23.7601223],[90.3908585,23.7601023],[90.3908787,23.7600484],[90.390866,23.7600444]]]},"properties":{"sources":[{"property":"","dataset":"OpenStreetMap","license":"ODbL-1.0","record_id":"w499866212@1","update_time":"2017-06-12T11:01:42.000Z","confidence":null,"between":null,"provider":"osm","resource":"planet","version":"2026-09-06T00:00:00.000Z"}],"is_underground":false,"has_parts":false,"version":1}},
{"id":"8230c2ac-995b-43ee-8af7-ad8f0b04c203","type":"Feature","geometry":{"type":"Polygon","coordinates":[[[90.391091,23.7597399],[90.3910281,23.759728],[90.3910719,23.7595841],[90.3911334,23.7595966],[90.391091,23.7597399]]]},"properties":{"sources":[{"property":"","dataset":"OpenStreetMap","license":"ODbL-1.0","record_id":"w499866201@1","update_time":"2017-06-12T11:01:42.000Z","confidence":null,"between":null,"provider":"osm","resource":"planet","version":"2026-09-06T00:00:00.000Z"}],"is_underground":false,"has_parts":false,"version":1}},
{"id":"9c829827-224e-43ae-860b-4370e73108a3","type":"Feature","geometry":{"type":"Polygon","coordinates":[[[90.3910193,23.7595546],[90.3908963,23.7595159],[90.3909194,23.7594544],[90.3910425,23.7594931],[90.3910193,23.7595546]]]},"properties":{"sources":[{"property":"","dataset":"OpenStreetMap","license":"ODbL-1.0","record_id":"w499866190@1","update_time":"2017-06-20T08:39:53.000Z","confidence":null,"between":null,"provider":"osm","resource":"planet","version":"2026-09-06T00:00:00.000Z"}],"is_underground":false,"has_parts":false,"version":1}},
{"id":"07990cd9-7c00-4bdc-b56b-a0ea36d329e0","type":"Feature","geometry":{"type":"Polygon","coordinates":[[[90.3910101,23.7597177],[90.3909242,23.7596967],[90.390967,23.7595499],[90.3910529,23.7595708],[90.3910101,23.7597177]]]},"properties":{"sources":[{"property":"","dataset":"OpenStreetMap","license":"ODbL-1.0","record_id":"w499866206@1","update_time":"2017-06-12T11:01:42.000Z","confidence":null,"between":null,"provider":"osm","resource":"planet","version":"2026-09-06T00:00:00.000Z"}],"is_underground":false,"has_parts":false,"version":1}},
{"id":"9a157810-392a-4f90-8ec1-ff5f312cbc96","type":"Feature","geometry":{"type":"Polygon","coordinates":[[[90.3908878,23.7597218],[90.3908065,23.7596958],[90.3908541,23.7595716],[90.3909349,23.7595975],[90.3909185,23.7596404],[90.3908798,23.759628],[90.3908715,23.7596496],[90.3909106,23.7596621],[90.3908878,23.7597218]]]},"properties":{"sources":[{"property":"","dataset":"OpenStreetMap","license":"ODbL-1.0","record_id":"w499866185@2","update_time":"2017-06-20T08:39:55.000Z","confidence":null,"between":null,"provider":"osm","resource":"planet","version":"2026-09-06T00:00:00.000Z"}],"is_underground":false,"has_parts":false,"version":1}},
{"id":"c0f17a0d-c7fe-40f5-bb62-d2bbdec0f6de","type":"Feature","geometry":{"type":"Polygon","coordinates":[[[90.3909792,23.7597809],[90.3908817,23.7597605],[90.3908912,23.7597223],[90.3909473,23.7597341],[90.3909501,23.759723],[90.3910129,23.7597361],[90.3910092,23.759751],[90.39105,23.7597595],[90.3910361,23.7598152],[90.3909738,23.7598022],[90.3909792,23.7597809]]]},"properties":{"sources":[{"property":"","dataset":"OpenStreetMap","license":"ODbL-1.0","record_id":"w499866184@1","update_time":"2017-06-12T11:01:41.000Z","confidence":null,"between":null,"provider":"osm","resource":"planet","version":"2026-09-06T00:00:00.000Z"}],"is_underground":false,"has_parts":false,"version":1}},
{"id":"6f84df20-a9c0-49d4-8fc0-3a06482394c5","type":"Feature","geometry":{"type":"Polygon","coordinates":[[[90.3910246,23.7598594],[90.391009,23.7599007],[90.3908091,23.7598377],[90.3908356,23.7597672],[90.390979,23.7598124],[90.390968,23.7598416],[90.3910246,23.7598594]]]},"properties":{"sources":[{"property":"","dataset":"OpenStreetMap","license":"ODbL-1.0","record_id":"w499866210@1","update_time":"2017-06-12T11:01:42.000Z","confidence":null,"between":null,"provider":"osm","resource":"planet","version":"2026-09-06T00:00:00.000Z"}],"is_underground":false,"has_parts":false,"version":1}},
{"id":"15ededd8-b615-412b-aa9a-4713bcb3d2e5","type":"Feature","geometry":{"type":"Polygon","coordinates":[[[90.3908109,23.7598021],[90.3907482,23.7597823],[90.3907713,23.7597208],[90.390834,23.7597406],[90.3908109,23.7598021]]]},"properties":{"sources":[{"property":"","dataset":"OpenStreetMap","license":"ODbL-1.0","record_id":"w499866194@1","update_time":"2017-06-12T11:01:42.000Z","confidence":null,"between":null,"provider":"osm","resource":"planet","version":"2026-09-06T00:00:00.000Z"}],"is_underground":false,"has_parts":false,"version":1}},
{"id":"425bb8bc-1fd2-426a-87a3-3fecca81c9fd","type":"Feature","geometry":{"type":"Polygon","coordinates":[[[90.3907236,23.7598327],[90.3906612,23.759813],[90.3906711,23.7597865],[90.3907336,23.7598062],[90.3907236,23.7598327]]]},"properties":{"sources":[{"property":"","dataset":"OpenStreetMap","license":"ODbL-1.0","record_id":"w499866193@1","update_time":"2017-06-12T11:01:42.000Z","confidence":null,"between":null,"provider":"osm","resource":"planet","version":"2026-09-06T00:00:00.000Z"}],"is_underground":false,"has_parts":false,"version":1}},
{"id":"bf78cb2a-e2c9-490d-ada1-d36e8d527474","type":"Feature","geometry":{"type":"Polygon","coordinates":[[[90.3906551,23.7597982],[90.3906162,23.759786],[90.3906236,23.7597664],[90.3906625,23.7597786],[90.3906551,23.7597982]]]},"properties":{"sources":[{"property":"","dataset":"OpenStreetMap","license":"ODbL-1.0","record_id":"w499866199@1","update_time":"2017-06-12T11:01:42.000Z","confidence":null,"between":null,"provider":"osm","resource":"planet","version":"2026-09-06T00:00:00.000Z"}],"is_underground":false,"has_parts":false,"version":1}},
{"id":"89f3a9ce-bf3c-4db9-8348-38f8d32ec6e6","type":"Feature","geometry":{"type":"Polygon","coordinates":[[[90.3906971,23.7597828],[90.390635,23.7597633],[90.3906453,23.759736],[90.3906702,23.7597439],[90.3906765,23.7597271],[90.3906517,23.7597193],[90.3906609,23.7596947],[90.3907229,23.7597142],[90.3906971,23.7597828]]]},"properties":{"sources":[{"property":"","dataset":"OpenStreetMap","license":"ODbL-1.0","record_id":"w499866215@1","update_time":"2017-06-20T08:39:53.000Z","confidence":null,"between":null,"provider":"osm","resource":"planet","version":"2026-09-06T00:00:00.000Z"}],"is_underground":false,"has_parts":false,"version":1}},
{"id":"e482a17f-3b17-49e2-bd90-7d38ae641eae","type":"Feature","geometry":{"type":"Polygon","coordinates":[[[90.3906903,23.7596894],[90.3905535,23.7596422],[90.390626,23.7594661],[90.3907628,23.7595133],[90.3906903,23.7596894]]]},"properties":{"sources":[{"property":"","dataset":"OpenStreetMap","license":"ODbL-1.0","record_id":"w499866195@1","update_time":"2017-06-20T08:39:53.000Z","confidence":null,"between":null,"provider":"osm","resource":"planet","version":"2026-09-06T00:00:00.000Z"}],"is_underground":false,"has_parts":false,"version":1}},
{"id":"c4994162-0755-460e-a134-8160d991e451","type":"Feature","geometry":{"type":"Polygon","coordinates":[[[90.3908288,23.7595084],[90.3906698,23.7594504],[90.3906948,23.759393],[90.3908538,23.759451],[90.3908288,23.7595084]]]},"properties":{"sources":[{"property":"","dataset":"OpenStreetMap","license":"ODbL-1.0","record_id":"w499866202@1","update_time":"2017-06-20T08:39:52.000Z","confidence":null,"between":null,"provider":"osm","resource":"planet","version":"2026-09-06T00:00:00.000Z"}],"is_underground":false,"has_parts":false,"version":1}},
{"id":"6e3cab2b-b574-4293-a1ca-37c97f7d0466","type":"Feature","geometry":{"type":"Polygon","coordinates":[[[90.390789,23.7596011],[90.3908306,23.7596133],[90.3908127,23.7596648],[90.3907712,23.7596526],[90.390789,23.7596011]]]},"properties":{"sources":[{"property":"","dataset":"Google Open Buildings","license":null,"record_id":"7MMGQ95R+V838","update_time":"2023-05-01T00:00:00.000Z","confidence":0.8039,"between":null,"provider":"google","resource":"open_buildings","version":"2024-04-16"}],"is_underground":false,"has_parts":false,"version":1}},
{"id":"7e8ed28e-2089-41d2-a72b-4be048b911e6","type":"Feature","geometry":{"type":"Polygon","coordinates":[[[90.390813,23.7594176],[90.390653,23.7593577],[90.3906788,23.7593],[90.3908388,23.7593598],[90.390813,23.7594176]]]},"properties":{"sources":[{"property":"","dataset":"OpenStreetMap","license":"ODbL-1.0","record_id":"w499872754@1","update_time":"2026-01-23T10:08:04.000Z","confidence":null,"between":null,"provider":"osm","resource":"planet","version":"2026-09-06T00:00:00.000Z"}],"is_underground":false,"has_parts":false,"version":1}},
{"id":"d893f7fa-e60d-4f23-8134-774f4a0b64df","type":"Feature","geometry":{"type":"Polygon","coordinates":[[[90.3907959,23.7591213],[90.3908402,23.7591641],[90.3907665,23.7592287],[90.3907222,23.7591859],[90.3907959,23.7591213]]]},"properties":{"sources":[{"property":"","dataset":"Google Open Buildings","license":null,"record_id":"7MMGQ95R+M8C5","update_time":"2023-05-01T00:00:00.000Z","confidence":0.803,"between":null,"provider":"google","resource":"open_buildings","version":"2024-04-16"}],"is_underground":false,"has_parts":false,"version":1}},
{"id":"b65e4058-6ab3-42c1-b5d4-434ae7ed81a1","type":"Feature","geometry":{"type":"Polygon","coordinates":[[[90.3908695,23.7590658],[90.3907698,23.7591252],[90.3907314,23.7590712],[90.3908312,23.7590118],[90.3908695,23.7590658]]]},"properties":{"sources":[{"property":"","dataset":"OpenStreetMap","license":"ODbL-1.0","record_id":"w1447475760@1","update_time":"2025-11-04T16:36:56.000Z","confidence":null,"between":null,"provider":"osm","resource":"planet","version":"2026-09-06T00:00:00.000Z"}],"is_underground":false,"has_parts":false,"version":2}},
{"id":"f8a013be-37d7-438e-b1f8-cffa89316767","type":"Feature","geometry":{"type":"Polygon","coordinates":[[[90.3908285,23.7593461],[90.3907032,23.7592979],[90.3909516,23.7590738],[90.3910095,23.7591463],[90.3908285,23.7593461]]]},"properties":{"sources":[{"property":"","dataset":"OpenStreetMap","license":"ODbL-1.0","record_id":"w499872772@1","update_time":"2026-01-23T10:08:04.000Z","confidence":null,"between":null,"provider":"osm","resource":"planet","version":"2026-09-06T00:00:00.000Z"}],"is_underground":false,"has_parts":false,"version":1}},
{"id":"f29686f1-c509-4d4d-8354-43801d8151cc","type":"Feature","geometry":{"type":"Polygon","coordinates":[[[90.3910136,23.7594708],[90.3908906,23.7594321],[90.3909137,23.7593706],[90.3910368,23.7594093],[90.3910136,23.7594708]]]},"properties":{"sources":[{"property":"","dataset":"OpenStreetMap","license":"ODbL-1.0","record_id":"w1129589125@1","update_time":"2023-01-09T21:35:59.000Z","confidence":null,"between":null,"provider":"osm","resource":"planet","version":"2026-09-06T00:00:00.000Z"}],"is_underground":false,"has_parts":false,"version":1}},
{"id":"cc1385b1-10f9-4c5c-abfa-cba50e5c5eda","type":"Feature","geometry":{"type":"Polygon","coordinates":[[[90.3911108,23.7593501],[90.3910292,23.7592875],[90.391067,23.7592509],[90.3911299,23.7593113],[90.3911108,23.7593501]]]},"properties":{"sources":[{"property":"","dataset":"OpenStreetMap","license":"ODbL-1.0","record_id":"w1429988570@1","update_time":"2026-01-23T10:08:04.000Z","confidence":null,"between":null,"provider":"osm","resource":"planet","version":"2026-09-06T00:00:00.000Z"}],"is_underground":false,"has_parts":false,"version":2}},
{"id":"eecd84c3-8d66-403e-baec-55756668db5a","type":"Feature","geometry":{"type":"Polygon","coordinates":[[[90.391046,23.7592664],[90.3909635,23.7592047],[90.3910094,23.7591534],[90.3910564,23.7592133],[90.391046,23.7592664]]]},"properties":{"sources":[{"property":"","dataset":"OpenStreetMap","license":"ODbL-1.0","record_id":"w1446062849@1","update_time":"2026-01-23T10:08:04.000Z","confidence":null,"between":null,"provider":"osm","resource":"planet","version":"2026-09-06T00:00:00.000Z"}],"is_underground":false,"has_parts":false,"version":1}},
{"id":"69a8f816-13bf-41a8-a40d-0717fc8bc8da","type":"Feature","geometry":{"type":"Polygon","coordinates":[[[90.3910999,23.7591616],[90.3910498,23.7590027],[90.3911798,23.7589684],[90.39123,23.759127199999998],[90.3910999,23.7591616]]]},"properties":{"sources":[{"property":"","dataset":"OpenStreetMap","license":"ODbL-1.0","record_id":"w500662101@1","update_time":"2017-06-15T10:13:10.000Z","confidence":null,"between":null,"provider":"osm","resource":"planet","version":"2026-09-06T00:00:00.000Z"}],"is_underground":false,"has_parts":false,"version":1}},
{"id":"ce45596c-21ad-4325-b1d5-deedcc0fa916","type":"Feature","geometry":{"type":"Polygon","coordinates":[[[90.3911621,23.7594869],[90.3910576,23.7594571],[90.3910858,23.7593743],[90.3911329,23.7593877],[90.3911169,23.7594348],[90.3911742,23.7594511],[90.3911731,23.7594545],[90.3911621,23.7594869]]]},"properties":{"sources":[{"property":"","dataset":"OpenStreetMap","license":"ODbL-1.0","record_id":"w499872828@1","update_time":"2017-06-12T11:41:03.000Z","confidence":null,"between":null,"provider":"osm","resource":"planet","version":"2026-09-06T00:00:00.000Z"}],"is_underground":false,"has_parts":false,"version":1}},
{"id":"ca1b8204-69e7-45ba-af52-652823ca5352","type":"Feature","geometry":{"type":"Polygon","coordinates":[[[90.3911166,23.759563],[90.3910482,23.7595414],[90.391074,23.7594729],[90.3912018,23.7595132],[90.3911837,23.7595613],[90.3911243,23.7595426],[90.3911166,23.759563]]]},"properties":{"sources":[{"property":"","dataset":"OpenStreetMap","license":"ODbL-1.0","record_id":"w499866211@1","update_time":"2017-06-12T11:01:42.000Z","confidence":null,"between":null,"provider":"osm","resource":"planet","version":"2026-09-06T00:00:00.000Z"}],"is_underground":false,"has_parts":false,"version":1}},
{"id":"643942ba-b890-4fd8-8f3d-ea91c11b5524","type":"Feature","geometry":{"type":"Polygon","coordinates":[[[90.3911711,23.7596013],[90.3911218,23.7595854],[90.3911323,23.7595584],[90.3911815,23.7595743],[90.3911711,23.7596013]]]},"properties":{"sources":[{"property":"","dataset":"OpenStreetMap","license":"ODbL-1.0","record_id":"w1450072731@1","update_time":"2025-11-12T16:45:48.000Z","confidence":null,"between":null,"provider":"osm","resource":"planet","version":"2026-09-06T00:00:00.000Z"}],"is_underground":false,"has_parts":false,"version":2}},
{"id":"d68ed201-ebaf-42e7-9902-0895297d015b","type":"Feature","geometry":{"type":"Polygon","coordinates":[[[90.391242,23.7598504],[90.3910717,23.7597909],[90.3910878,23.7597523],[90.3912581,23.7598118],[90.391242,23.7598504]]]},"properties":{"sources":[{"property":"","dataset":"OpenStreetMap","license":"ODbL-1.0","record_id":"w499866203@1","update_time":"2017-06-12T11:01:42.000Z","confidence":null,"between":null,"provider":"osm","resource":"planet","version":"2026-09-06T00:00:00.000Z"}],"is_underground":false,"has_parts":false,"version":1}},
{"id":"0c37c0dc-1189-4cf7-ae99-151f1d4ec756","type":"Feature","geometry":{"type":"Polygon","coordinates":[[[90.3912038,23.7597194],[90.3911314,23.7597231],[90.3911261,23.7596364],[90.3911986,23.7596327],[90.3912038,23.7597194]]]},"properties":{"sources":[{"property":"","dataset":"OpenStreetMap","license":"ODbL-1.0","record_id":"w499866205@1","update_time":"2017-06-12T11:01:42.000Z","confidence":null,"between":null,"provider":"osm","resource":"planet","version":"2026-09-06T00:00:00.000Z"}],"is_underground":false,"has_parts":false,"version":1}},
{"id":"8b740d07-f067-4cd7-a089-683299de17ea","type":"Feature","geometry":{"type":"Polygon","coordinates":[[[90.3912511,23.7597755],[90.3912029,23.7597559],[90.3912904,23.7595759],[90.3913386,23.7595955],[90.3912511,23.7597755]]]},"properties":{"sources":[{"property":"","dataset":"OpenStreetMap","license":"ODbL-1.0","record_id":"w499866196@1","update_time":"2017-06-12T11:01:42.000Z","confidence":null,"between":null,"provider":"osm","resource":"planet","version":"2026-09-06T00:00:00.000Z"}],"is_underground":false,"has_parts":false,"version":1}},
{"id":"cdbf06a7-9c69-471f-89c3-40fcfe6825ed","type":"Feature","geometry":{"type":"Polygon","coordinates":[[[90.3912555,23.7595886],[90.3911997,23.7595612],[90.3912203,23.759526],[90.3912761,23.7595535],[90.3912555,23.7595886]]]},"properties":{"sources":[{"property":"","dataset":"OpenStreetMap","license":"ODbL-1.0","record_id":"w1450072732@1","update_time":"2025-11-12T16:45:48.000Z","confidence":null,"between":null,"provider":"osm","resource":"planet","version":"2026-09-06T00:00:00.000Z"}],"is_underground":false,"has_parts":false,"version":2}},
{"id":"dbad131a-a962-441c-8cb6-dadf8bea695b","type":"Feature","geometry":{"type":"Polygon","coordinates":[[[90.3912218,23.759438],[90.3913115,23.7595291],[90.3912888,23.7595481],[90.3911991,23.759457],[90.3912218,23.759438]]]},"properties":{"sources":[{"property":"","dataset":"Google Open Buildings","license":null,"record_id":"7MMGQ95R+QGRJ","update_time":"2023-05-01T00:00:00.000Z","confidence":0.7448,"between":null,"provider":"google","resource":"open_buildings","version":"2024-04-16"}],"is_underground":false,"has_parts":false,"version":1}},
{"id":"5c6a8e0a-0db1-47b7-a179-d84b16e18343","type":"Feature","geometry":{"type":"Polygon","coordinates":[[[90.3914827,23.7591065],[90.3912636,23.7591547],[90.3912445,23.7590819],[90.3914635,23.7590337],[90.3914827,23.7591065]]]},"properties":{"sources":[{"property":"","dataset":"OpenStreetMap","license":"ODbL-1.0","record_id":"w500662084@1","update_time":"2017-06-15T10:13:09.000Z","confidence":null,"between":null,"provider":"osm","resource":"planet","version":"2026-09-06T00:00:00.000Z"}],"is_underground":false,"has_parts":false,"version":1}},
{"id":"8e533ffd-c385-402e-8c16-bac302f48409","type":"Feature","geometry":{"type":"Polygon","coordinates":[[[90.3915084,23.7590334],[90.391527,23.7591086],[90.3914864,23.7591171],[90.3914679,23.7590419],[90.3915084,23.7590334]]]},"properties":{"sources":[{"property":"","dataset":"Google Open Buildings","license":null,"record_id":"7MMGQ95R+JHQ5","update_time":"2023-05-01T00:00:00.000Z","confidence":0.732,"between":null,"provider":"google","resource":"open_buildings","version":"2024-04-16"}],"is_underground":false,"has_parts":false,"version":1}},
{"id":"1656731c-8150-4701-9dca-aaa5ac9b9ed9","type":"Feature","geometry":{"type":"Polygon","coordinates":[[[90.3916276,23.7591222],[90.3915701,23.7591341],[90.3915554,23.7590739],[90.3916129,23.7590621],[90.3916276,23.7591222]]]},"properties":{"sources":[{"property":"","dataset":"OpenStreetMap","license":"ODbL-1.0","record_id":"w500662112@1","update_time":"2017-06-15T10:13:11.000Z","confidence":null,"between":null,"provider":"osm","resource":"planet","version":"2026-09-06T00:00:00.000Z"}],"is_underground":false,"has_parts":false,"version":1}},
{"id":"ee1f353b-24b6-4447-aeec-b12f7450d440","type":"Feature","geometry":{"type":"Polygon","coordinates":[[[90.3917418,23.7591403],[90.3917921,23.7591469],[90.3917838,23.7592011],[90.3917335,23.7591946],[90.3917418,23.7591403]]]},"properties":{"sources":[{"property":"","dataset":"Google Open Buildings","license":null,"record_id":"7MMGQ95R+MP6V","update_time":"2023-05-01T00:00:00.000Z","confidence":0.8208,"between":null,"provider":"google","resource":"open_buildings","version":"2024-04-16"}],"is_underground":false,"has_parts":false,"version":1}},
{"id":"bcb4729a-6916-48b7-9d67-1265a3d2708a","type":"Feature","geometry":{"type":"Polygon","coordinates":[[[90.3921474,23.75937],[90.3918801,23.759344],[90.3918824,23.7593245],[90.3917712,23.7593137],[90.3917799,23.7592388],[90.3918867,23.7592491],[90.3918886,23.7592324],[90.3921603,23.7592588],[90.3921474,23.75937]]]},"properties":{"sources":[{"property":"","dataset":"OpenStreetMap","license":"ODbL-1.0","record_id":"w717625482@1","update_time":"2026-01-23T10:08:04.000Z","confidence":null,"between":null,"provider":"osm","resource":"planet","version":"2026-09-06T00:00:00.000Z"}],"is_underground":false,"has_parts":false,"version":2}},
{"id":"9bc86ad3-3b7c-48f9-ae70-0915e65d4bec","type":"Feature","geometry":{"type":"Polygon","coordinates":[[[90.3920452,23.7599242],[90.3919647,23.7599123],[90.3919986,23.7597195],[90.3920791,23.7597315],[90.3920452,23.7599242]]]},"properties":{"sources":[{"property":"","dataset":"OpenStreetMap","license":"ODbL-1.0","record_id":"w499872774@1","update_time":"2026-01-23T10:08:04.000Z","confidence":null,"between":null,"provider":"osm","resource":"planet","version":"2026-09-06T00:00:00.000Z"}],"is_underground":false,"has_parts":false,"version":1}},
{"id":"a531187f-7cbe-48c1-a489-7f14011ed8e0","type":"Feature","geometry":{"type":"Polygon","coordinates":[[[90.3920499,23.7602074],[90.3920192,23.7601634],[90.3920248,23.7601167],[90.3920969,23.7601239],[90.3920865,23.760211],[90.3920499,23.7602074]]]},"properties":{"sources":[{"property":"","dataset":"OpenStreetMap","license":"ODbL-1.0","record_id":"w499872804@1","update_time":"2026-01-23T10:08:04.000Z","confidence":null,"between":null,"provider":"osm","resource":"planet","version":"2026-09-06T00:00:00.000Z"}],"is_underground":false,"has_parts":false,"version":1}},
{"id":"3eba386f-5a00-4a9b-86b9-b4eb5c7ff5ce","type":"Feature","geometry":{"type":"Polygon","coordinates":[[[90.3921355,23.7601188],[90.3919506,23.7601018],[90.3919556,23.7600559],[90.3919109,23.7600518],[90.3919226,23.759945],[90.3920075,23.7599528],[90.3919999,23.7600222],[90.3921446,23.7600355],[90.3921355,23.7601188]]]},"properties":{"sources":[{"property":"","dataset":"OpenStreetMap","license":"ODbL-1.0","record_id":"w717625481@1","update_time":"2026-01-23T10:08:04.000Z","confidence":null,"between":null,"provider":"osm","resource":"planet","version":"2026-09-06T00:00:00.000Z"}],"is_underground":false,"has_parts":false,"version":1}},
{"id":"640c135a-4d01-4ff7-886c-b41f12518533","type":"Feature","geometry":{"type":"Polygon","coordinates":[[[90.3922636,23.7600324],[90.3922261,23.7600017],[90.3922308,23.7599323],[90.3922703,23.7599041],[90.3923139,23.7599053],[90.3923394,23.7599342],[90.3923381,23.7600072],[90.3922965,23.7600324],[90.3922636,23.7600324]]]},"properties":{"sources":[{"property":"","dataset":"OpenStreetMap","license":"ODbL-1.0","record_id":"w499872832@1","update_time":"2026-01-23T10:08:04.000Z","confidence":null,"between":null,"provider":"osm","resource":"planet","version":"2026-09-06T00:00:00.000Z"}],"is_underground":false,"has_parts":false,"version":2}},
{"id":"a445a643-88d4-4c93-9337-c2a3fcadf147","type":"Feature","geometry":{"type":"Polygon","coordinates":[[[90.3922934,23.7602252],[90.392097,23.7602035],[90.392108,23.7601204],[90.3921378,23.7601237],[90.3921394,23.760111],[90.3922038,23.7601181],[90.3922129,23.7600488],[90.3923113,23.7600597],[90.3923038,23.7601164],[90.392314,23.7601175],[90.3923079,23.7601644],[90.3923018,23.7601616],[90.3922934,23.7602252]]]},"properties":{"sources":[{"property":"","dataset":"OpenStreetMap","license":"ODbL-1.0","record_id":"w499872770@2","update_time":"2026-01-23T10:08:04.000Z","confidence":null,"between":null,"provider":"osm","resource":"planet","version":"2026-09-06T00:00:00.000Z"}],"is_underground":false,"has_parts":false,"version":1}},
{"id":"f67236ec-a368-4450-bceb-856b01ecf16c","type":"Feature","geometry":{"type":"Polygon","coordinates":[[[90.3921712,23.7602676],[90.3920845,23.7602596],[90.3920901,23.7602086],[90.3921769,23.7602166],[90.3921712,23.7602676]]]},"properties":{"sources":[{"property":"","dataset":"OpenStreetMap","license":"ODbL-1.0","record_id":"w501352509@1","update_time":"2026-01-23T10:08:04.000Z","confidence":null,"between":null,"provider":"osm","resource":"planet","version":"2026-09-06T00:00:00.000Z"}],"is_underground":false,"has_parts":false,"version":1}},
{"id":"d53266b9-973e-4a28-8d31-06988a097af0","type":"Feature","geometry":{"type":"Polygon","coordinates":[[[90.3921135,23.7604878],[90.3920878,23.7604515],[90.3921227,23.7604308],[90.3921484,23.7604671],[90.3921135,23.7604878]]]},"properties":{"sources":[{"property":"","dataset":"Microsoft ML Buildings","license":"ODbL-1.0","record_id":null,"update_time":null,"confidence":null,"between":null,"provider":"microsoft","resource":"ml_buildings","version":"2026-08-11"}],"is_underground":false,"has_parts":false,"version":4}},
{"id":"057696a3-b281-4c08-a7ae-9340db53ebf4","type":"Feature","geometry":{"type":"Polygon","coordinates":[[[90.3922127,23.7603484],[90.39215,23.7603378],[90.3921582,23.7602976],[90.3922208,23.7603082],[90.3922127,23.7603484]]]},"properties":{"sources":[{"property":"","dataset":"OpenStreetMap","license":"ODbL-1.0","record_id":"w501352556@1","update_time":"2026-01-23T10:08:04.000Z","confidence":null,"between":null,"provider":"osm","resource":"planet","version":"2026-09-06T00:00:00.000Z"}],"is_underground":false,"has_parts":false,"version":1}},
{"id":"37ec87bf-c202-463d-b03e-00457f01fac6","type":"Feature","geometry":{"type":"Polygon","coordinates":[[[90.3922636,23.7603975],[90.3922057,23.7603867],[90.3922225,23.7603113],[90.3922805,23.7603221],[90.3922636,23.7603975]]]},"properties":{"sources":[{"property":"","dataset":"OpenStreetMap","license":"ODbL-1.0","record_id":"w501352502@1","update_time":"2026-01-23T10:08:04.000Z","confidence":null,"between":null,"provider":"osm","resource":"planet","version":"2026-09-06T00:00:00.000Z"}],"is_underground":false,"has_parts":false,"version":1}},
{"id":"30553159-9146-4e7a-ae9b-64d2bf6c589e","type":"Feature","geometry":{"type":"Polygon","coordinates":[[[90.3926361,23.7601341],[90.3926272,23.7602105],[90.3923937,23.7601877],[90.3924026,23.7601112],[90.3926361,23.7601341]]]},"properties":{"sources":[{"property":"","dataset":"OpenStreetMap","license":"ODbL-1.0","record_id":"w501352605@2","update_time":"2026-01-23T10:08:04.000Z","confidence":null,"between":null,"provider":"osm","resource":"planet","version":"2026-09-06T00:00:00.000Z"}],"is_underground":false,"has_parts":false,"version":1}},
{"id":"f09e17d5-1d71-43b6-a95a-62a2c948a7b8","type":"Feature","geometry":{"type":"Polygon","coordinates":[[[90.3923613,23.7598863],[90.39228,23.7598772],[90.3923013,23.7597178],[90.3920978,23.759695],[90.3921075,23.7596226],[90.3923923,23.7596546],[90.3923613,23.7598863]]]},"properties":{"sources":[{"property":"","dataset":"OpenStreetMap","license":"ODbL-1.0","record_id":"w499872814@1","update_time":"2026-01-23T10:08:04.000Z","confidence":null,"between":null,"provider":"osm","resource":"planet","version":"2026-09-06T00:00:00.000Z"}],"is_underground":false,"has_parts":false,"version":1}},
{"id":"76971f67-c45e-46a6-9642-06e23d01f331","type":"Feature","geometry":{"type":"Polygon","coordinates":[[[90.3922369,23.7593477],[90.3922868,23.7593545],[90.3922766,23.759417],[90.3922267,23.7594101],[90.3922369,23.7593477]]]},"properties":{"sources":[{"property":"","dataset":"Microsoft ML Buildings","license":"ODbL-1.0","record_id":null,"update_time":null,"confidence":null,"between":null,"provider":"microsoft","resource":"ml_buildings","version":"2026-08-11"}],"is_underground":false,"has_parts":false,"version":2}},
{"id":"c10862ce-42c6-48b3-9a7d-1a3d7b2ec67e","type":"Feature","geometry":{"type":"Polygon","coordinates":[[[90.3926304,23.7595212],[90.3925416,23.7595117],[90.3925479,23.7594621],[90.3926368,23.7594715],[90.3926304,23.7595212]]]},"properties":{"sources":[{"property":"","dataset":"OpenStreetMap","license":"ODbL-1.0","record_id":"w500662086@1","update_time":"2026-01-23T10:08:04.000Z","confidence":null,"between":null,"provider":"osm","resource":"planet","version":"2026-09-06T00:00:00.000Z"}],"is_underground":false,"has_parts":false,"version":1}},
{"id":"cf1d6cc1-87e7-4d84-abe5-d7111b131b93","type":"Feature","geometry":{"type":"Polygon","coordinates":[[[90.3926697,23.759789],[90.3924856,23.7597838],[90.3924895,23.7596672],[90.3926737,23.7596724],[90.3926697,23.759789]]]},"properties":{"sources":[{"property":"","dataset":"OpenStreetMap","license":"ODbL-1.0","record_id":"w499872755@1","update_time":"2017-06-12T11:41:00.000Z","confidence":null,"between":null,"provider":"osm","resource":"planet","version":"2026-09-06T00:00:00.000Z"}],"is_underground":false,"has_parts":false,"version":1}},
{"id":"e027cfde-e9c1-4bac-a19f-e236dd7c9cd0","type":"Feature","geometry":{"type":"Polygon","coordinates":[[[90.3930344,23.7598726],[90.3928503,23.7598674],[90.3928542,23.7597508],[90.3930384,23.759756],[90.3930344,23.7598726]]]},"properties":{"sources":[{"property":"","dataset":"OpenStreetMap","license":"ODbL-1.0","record_id":"w1129589101@1","update_time":"2023-01-09T21:35:59.000Z","confidence":null,"between":null,"provider":"osm","resource":"planet","version":"2026-09-06T00:00:00.000Z"}],"is_underground":false,"has_parts":false,"version":1}},
{"id":"8841aae3-0725-4720-b896-28d52e14c408","type":"Feature","geometry":{"type":"Polygon","coordinates":[[[90.3934875,23.7593595],[90.3932458,23.7593114],[90.393259,23.759256],[90.3935006,23.7593041],[90.3934875,23.7593595]]]},"properties":{"sources":[{"property":"","dataset":"OpenStreetMap","license":"ODbL-1.0","record_id":"w500648504@1","update_time":"2017-06-15T09:27:40.000Z","confidence":null,"between":null,"provider":"osm","resource":"planet","version":"2026-09-06T00:00:00.000Z"}],"is_underground":false,"has_parts":false,"version":1}},
{"id":"dfdbb0b4-3229-4533-89eb-952ed3b8b90e","type":"Feature","geometry":{"type":"Polygon","coordinates":[[[90.3933737,23.7595071],[90.3932968,23.7594919],[90.3933231,23.7593808],[90.3934,23.7593961],[90.3933737,23.7595071]]]},"properties":{"sources":[{"property":"","dataset":"OpenStreetMap","license":"ODbL-1.0","record_id":"w500648516@1","update_time":"2017-06-15T09:27:40.000Z","confidence":null,"between":null,"provider":"osm","resource":"planet","version":"2026-09-06T00:00:00.000Z"}],"is_underground":false,"has_parts":false,"version":1}},
{"id":"8d32c59f-0c1c-4839-ac9c-bc6e10989634","type":"Feature","geometry":{"type":"Polygon","coordinates":[[[90.3934476,23.7595886],[90.3933746,23.7595741],[90.3934007,23.7594638],[90.3934738,23.7594784],[90.3934476,23.7595886]]]},"properties":{"sources":[{"property":"","dataset":"OpenStreetMap","license":"ODbL-1.0","record_id":"w500648579@1","update_time":"2017-06-15T09:27:44.000Z","confidence":null,"between":null,"provider":"osm","resource":"planet","version":"2026-09-06T00:00:00.000Z"}],"is_underground":false,"has_parts":false,"version":1}},
{"id":"6dc73545-cbd5-4ee5-9d7a-90f53f4d4b67","type":"Feature","geometry":{"type":"Polygon","coordinates":[[[90.393399,23.7598813],[90.393406,23.7597547],[90.3935159,23.7597598],[90.3935089,23.7598864],[90.393399,23.7598813]]]},"properties":{"sources":[{"property":"","dataset":"OpenStreetMap","license":"ODbL-1.0","record_id":"w468957282@1","update_time":"2017-06-12T11:41:04.000Z","confidence":null,"between":null,"provider":"osm","resource":"planet","version":"2026-09-06T00:00:00.000Z"}],"is_underground":false,"has_parts":false,"version":1}},
{"id":"907bc7a1-fcdb-45cc-ab0e-e0e8b05a1b31","type":"Feature","geometry":{"type":"Polygon","coordinates":[[[90.3933793,23.7599034],[90.3932815,23.7598989],[90.3932897,23.7597508],[90.3933875,23.7597553],[90.3933793,23.7599034]]]},"properties":{"sources":[{"property":"","dataset":"OpenStreetMap","license":"ODbL-1.0","record_id":"w499872753@1","update_time":"2017-06-12T11:41:00.000Z","confidence":null,"between":null,"provider":"osm","resource":"planet","version":"2026-09-06T00:00:00.000Z"}],"is_underground":false,"has_parts":false,"version":1}},
{"id":"9e51b91f-a4b1-4f5e-9d29-ce80b84d4d89","type":"Feature","geometry":{"type":"Polygon","coordinates":[[[90.393493,23.7596993],[90.3932646,23.7596539],[90.3932789,23.7595937],[90.3935073,23.7596391],[90.393493,23.7596993]]]},"properties":{"sources":[{"property":"","dataset":"OpenStreetMap","license":"ODbL-1.0","record_id":"w500648533@1","update_time":"2017-06-15T09:27:41.000Z","confidence":null,"between":null,"provider":"osm","resource":"planet","version":"2026-09-06T00:00:00.000Z"}],"is_underground":false,"has_parts":false,"version":1}},
{"id":"82c9d15a-357a-4d4a-a689-dfcb5a85fab1","type":"Feature","geometry":{"type":"Polygon","coordinates":[[[90.3932633,23.7596464],[90.3930013,23.7595943],[90.3930194,23.7595179],[90.3932032,23.7595545],[90.393213,23.7595132],[90.3932912,23.7595287],[90.3932633,23.7596464]]]},"properties":{"sources":[{"property":"","dataset":"OpenStreetMap","license":"ODbL-1.0","record_id":"w500648600@1","update_time":"2017-06-15T09:27:45.000Z","confidence":null,"between":null,"provider":"osm","resource":"planet","version":"2026-09-06T00:00:00.000Z"}],"is_underground":false,"has_parts":false,"version":1}},
{"id":"ab7c6d33-3374-4afe-97db-4d3f7bdbd3e8","type":"Feature","geometry":{"type":"Polygon","coordinates":[[[90.393086,23.759896],[90.393094,23.7597438],[90.3931906,23.7597585],[90.3931798,23.7599009],[90.393086,23.759896]]]},"properties":{"sources":[{"property":"","dataset":"OpenStreetMap","license":"ODbL-1.0","record_id":"w468957508@1","update_time":"2017-01-26T04:33:37.000Z","confidence":null,"between":null,"provider":"osm","resource":"planet","version":"2026-09-06T00:00:00.000Z"}],"is_underground":false,"has_parts":false,"version":1}},
{"id":"9e1adb7e-e5dd-4d10-b57c-745aa14c1675","type":"Feature","geometry":{"type":"Polygon","coordinates":[[[90.3932833,23.7602788],[90.3931948,23.7602804],[90.3931905,23.7600802],[90.3932789,23.7600786],[90.3932833,23.7602788]]]},"properties":{"sources":[{"property":"","dataset":"OpenStreetMap","license":"ODbL-1.0","record_id":"w468957284@1","update_time":"2017-06-15T10:48:39.000Z","confidence":null,"between":null,"provider":"osm","resource":"planet","version":"2026-09-06T00:00:00.000Z"}],"is_underground":false,"has_parts":false,"version":1}},
{"id":"ccd63e76-4f3f-419b-b241-905a00470b1f","type":"Feature","geometry":{"type":"Polygon","coordinates":[[[90.3932111,23.7600379],[90.3931125,23.7600379],[90.3931125,23.7599182],[90.3932111,23.7599182],[90.3932111,23.7600379]]]},"properties":{"sources":[{"property":"","dataset":"OpenStreetMap","license":"ODbL-1.0","record_id":"w499872780@1","update_time":"2017-06-12T11:41:01.000Z","confidence":null,"between":null,"provider":"osm","resource":"planet","version":"2026-09-06T00:00:00.000Z"}],"is_underground":false,"has_parts":false,"version":1}},
{"id":"dccd8500-3cb9-455c-be6f-6e9338dc1157","type":"Feature","geometry":{"type":"Polygon","coordinates":[[[90.3933003,23.7600551],[90.393248,23.7600551],[90.393248,23.7599152],[90.3933378,23.7599152],[90.3933378,23.75999],[90.3933003,23.75999],[90.3933003,23.7600551]]]},"properties":{"sources":[{"property":"","dataset":"OpenStreetMap","license":"ODbL-1.0","record_id":"w499872822@1","update_time":"2017-06-12T11:41:02.000Z","confidence":null,"between":null,"provider":"osm","resource":"planet","version":"2026-09-06T00:00:00.000Z"}],"is_underground":false,"has_parts":false,"version":1}},
{"id":"526eac28-db13-4542-b1fd-6e54866e7669","type":"Feature","geometry":{"type":"Polygon","coordinates":[[[90.3935082,23.7600833],[90.393358,23.7600821],[90.3933586,23.760021],[90.3934022,23.7600214],[90.3934021,23.7600344],[90.3934669,23.760035],[90.393467,23.7600235],[90.3934252,23.7600232],[90.3934254,23.7600027],[90.3933775,23.7600023],[90.393378,23.7599548],[90.3935094,23.7599559],[90.3935082,23.7600833]]]},"properties":{"sources":[{"property":"","dataset":"OpenStreetMap","license":"ODbL-1.0","record_id":"w499872748@1","update_time":"2017-06-12T11:40:59.000Z","confidence":null,"between":null,"provider":"osm","resource":"planet","version":"2026-09-06T00:00:00.000Z"}],"is_underground":false,"has_parts":false,"version":1}},
{"id":"29d2097c-8863-4e07-9547-82c7a35fc787","type":"Feature","geometry":{"type":"Polygon","coordinates":[[[90.3934776,23.7602352],[90.3934314,23.7602364],[90.3934284,23.760145],[90.3934746,23.7601438],[90.3934776,23.7602352]]]},"properties":{"sources":[{"property":"","dataset":"OpenStreetMap","license":"ODbL-1.0","record_id":"w499872761@1","update_time":"2017-06-12T11:41:00.000Z","confidence":null,"between":null,"provider":"osm","resource":"planet","version":"2026-09-06T00:00:00.000Z"}],"is_underground":false,"has_parts":false,"version":1}},
{"id":"f75a36ee-f00f-4cc3-8406-5a2057fc6c7f","type":"Feature","geometry":{"type":"Polygon","coordinates":[[[90.3934173,23.7603102],[90.3933556,23.7603119],[90.39335,23.7601394],[90.3934117,23.7601377],[90.3934173,23.7603102]]]},"properties":{"sources":[{"property":"","dataset":"OpenStreetMap","license":"ODbL-1.0","record_id":"w499872758@1","update_time":"2017-06-12T11:41:00.000Z","confidence":null,"between":null,"provider":"osm","resource":"planet","version":"2026-09-06T00:00:00.000Z"}],"is_underground":false,"has_parts":false,"version":1}},
{"id":"1b517185-cb3a-4195-8180-12e62b1631ec","type":"Feature","geometry":{"type":"Polygon","coordinates":[[[90.3933348,23.7600818],[90.3933067,23.7600799],[90.3933085,23.7600567],[90.3933366,23.7600586],[90.3933348,23.7600818]]]},"properties":{"sources":[{"property":"","dataset":"OpenStreetMap","license":"ODbL-1.0","record_id":"w499872794@1","update_time":"2017-06-12T11:41:01.000Z","confidence":null,"between":null,"provider":"osm","resource":"planet","version":"2026-09-06T00:00:00.000Z"}],"is_underground":false,"has_parts":false,"version":1}},
{"id":"f99e5489-19a0-4d83-9b2d-cc96cab1ab46","type":"Feature","geometry":{"type":"Polygon","coordinates":[[[90.3934269,23.7604195],[90.3932525,23.7604367],[90.3932424,23.7603501],[90.3934167,23.7603329],[90.3934269,23.7604195]]]},"properties":{"sources":[{"property":"","dataset":"OpenStreetMap","license":"ODbL-1.0","record_id":"w1129589090@1","update_time":"2023-01-09T21:35:59.000Z","confidence":null,"between":null,"provider":"osm","resource":"planet","version":"2026-09-06T00:00:00.000Z"}],"is_underground":false,"has_parts":false,"version":1}},
{"id":"d16476da-7d05-4336-b74f-a865da36209c","type":"Feature","geometry":{"type":"Polygon","coordinates":[[[90.3935134,23.7605513],[90.3934155,23.7605623],[90.3934,23.7604475],[90.3934979,23.7604364],[90.3935134,23.7605513]]]},"properties":{"sources":[{"property":"","dataset":"OpenStreetMap","license":"ODbL-1.0","record_id":"w501352531@1","update_time":"2017-06-18T09:37:53.000Z","confidence":null,"between":null,"provider":"osm","resource":"planet","version":"2026-09-06T00:00:00.000Z"}],"is_underground":false,"has_parts":false,"version":1}},
{"id":"c767c0a5-007a-4f45-82e7-53713c9966e8","type":"Feature","geometry":{"type":"Polygon","coordinates":[[[90.3934492,23.7606401],[90.3933321,23.7606392],[90.3933326,23.7605817],[90.3934497,23.7605825],[90.3934492,23.7606401]]]},"properties":{"sources":[{"property":"","dataset":"OpenStreetMap","license":"ODbL-1.0","record_id":"w501352577@1","update_time":"2017-06-18T09:37:56.000Z","confidence":null,"between":null,"provider":"osm","resource":"planet","version":"2026-09-06T00:00:00.000Z"}],"is_underground":false,"has_parts":false,"version":1}},
{"id":"a0f8a167-018e-484f-8e93-e837788558d9","type":"Feature","geometry":{"type":"Polygon","coordinates":[[[90.3933732,23.7605701],[90.3933397,23.7605709],[90.3933384,23.7605243],[90.3933719,23.7605235],[90.3933732,23.7605701]]]},"properties":{"sources":[{"property":"","dataset":"OpenStreetMap","license":"ODbL-1.0","record_id":"w501352497@1","update_time":"2017-06-18T09:37:52.000Z","confidence":null,"between":null,"provider":"osm","resource":"planet","version":"2026-09-06T00:00:00.000Z"}],"is_underground":false,"has_parts":false,"version":1}},
{"id":"863d191c-a262-498b-b6ce-0f851d38a01d","type":"Feature","geometry":{"type":"Polygon","coordinates":[[[90.3933348,23.7605799],[90.3932901,23.7605789],[90.3932907,23.7605531],[90.3933355,23.7605541],[90.3933348,23.7605799]]]},"properties":{"sources":[{"property":"","dataset":"OpenStreetMap","license":"ODbL-1.0","record_id":"w501352533@1","update_time":"2017-06-18T09:37:53.000Z","confidence":null,"between":null,"provider":"osm","resource":"planet","version":"2026-09-06T00:00:00.000Z"}],"is_underground":false,"has_parts":false,"version":1}},
{"id":"3a6cad0d-3023-468a-861d-77a62146f746","type":"Feature","geometry":{"type":"Polygon","coordinates":[[[90.3932832,23.7605848],[90.3932405,23.7605838],[90.3932411,23.7605611],[90.3932838,23.7605621],[90.3932832,23.7605848]]]},"properties":{"sources":[{"property":"","dataset":"OpenStreetMap","license":"ODbL-1.0","record_id":"w501352529@1","update_time":"2017-06-18T09:37:53.000Z","confidence":null,"between":null,"provider":"osm","resource":"planet","version":"2026-09-06T00:00:00.000Z"}],"is_underground":false,"has_parts":false,"version":1}},
{"id":"fdaf29ae-33f9-4846-8f14-dd4674b27514","type":"Feature","geometry":{"type":"Polygon","coordinates":[[[90.3931371,23.7604636],[90.3930467,23.7604598],[90.393049,23.7604132],[90.3931394,23.760417],[90.3931371,23.7604636]]]},"properties":{"sources":[{"property":"","dataset":"OpenStreetMap","license":"ODbL-1.0","record_id":"w501352520@1","update_time":"2017-06-18T09:37:53.000Z","confidence":null,"between":null,"provider":"osm","resource":"planet","version":"2026-09-06T00:00:00.000Z"}],"is_underground":false,"has_parts":false,"version":1}},
{"id":"6c10a19f-bd47-4f85-a2a3-ec887fb5f91f","type":"Feature","geometry":{"type":"Polygon","coordinates":[[[90.3930614,23.7603207],[90.3931088,23.7603256],[90.393102,23.760382],[90.3930546,23.7603772],[90.3930614,23.7603207]]]},"properties":{"sources":[{"property":"","dataset":"Google Open Buildings","license":null,"record_id":"7MMGQ96V+46W4","update_time":"2023-05-01T00:00:00.000Z","confidence":0.6728,"between":null,"provider":"google","resource":"open_buildings","version":"2024-04-16"}],"is_underground":false,"has_parts":false,"version":1}},
{"id":"7e3e5051-9d01-4e76-9e21-097c766afe9d","type":"Feature","geometry":{"type":"Polygon","coordinates":[[[90.3930533,23.7605543],[90.3930245,23.7605531],[90.3930272,23.7604984],[90.393056,23.7604996],[90.3930533,23.7605543]]]},"properties":{"sources":[{"property":"","dataset":"OpenStreetMap","license":"ODbL-1.0","record_id":"w501352525@1","update_time":"2017-06-18T09:37:53.000Z","confidence":null,"between":null,"provider":"osm","resource":"planet","version":"2026-09-06T00:00:00.000Z"}],"is_underground":false,"has_parts":false,"version":1}},
{"id":"dd49be66-21da-4957-9b5b-752d78ab7516","type":"Feature","geometry":{"type":"Polygon","coordinates":[[[90.3931234,23.7605112],[90.3930835,23.7605095],[90.3930851,23.7604775],[90.393125,23.7604792],[90.3931234,23.7605112]]]},"properties":{"sources":[{"property":"","dataset":"OpenStreetMap","license":"ODbL-1.0","record_id":"w501352490@1","update_time":"2017-06-18T09:37:51.000Z","confidence":null,"between":null,"provider":"osm","resource":"planet","version":"2026-09-06T00:00:00.000Z"}],"is_underground":false,"has_parts":false,"version":1}},
{"id":"64c0ea15-9b74-4ade-a7bd-d0a4a4cecc27","type":"Feature","geometry":{"type":"Polygon","coordinates":[[[90.3931036,23.7606151],[90.3930601,23.7606133],[90.3930644,23.7605253],[90.3931079,23.7605271],[90.3931036,23.7606151]]]},"properties":{"sources":[{"property":"","dataset":"OpenStreetMap","license":"ODbL-1.0","record_id":"w501352508@1","update_time":"2017-06-18T09:37:52.000Z","confidence":null,"between":null,"provider":"osm","resource":"planet","version":"2026-09-06T00:00:00.000Z"}],"is_underground":false,"has_parts":false,"version":1}},
{"id":"6492def1-b952-44ac-862f-1555c1c342ac","type":"Feature","geometry":{"type":"Polygon","coordinates":[[[90.3928421,23.7606555],[90.3927517,23.7606517],[90.392754,23.7606051],[90.3928444,23.7606089],[90.3928421,23.7606555]]]},"properties":{"sources":[{"property":"","dataset":"OpenStreetMap","license":"ODbL-1.0","record_id":"w1129589098@1","update_time":"2023-01-09T21:35:59.000Z","confidence":null,"between":null,"provider":"osm","resource":"planet","version":"2026-09-06T00:00:00.000Z"}],"is_underground":false,"has_parts":false,"version":1}},
{"id":"9a678288-bc12-45dc-9880-65d0071b5495","type":"Feature","geometry":{"type":"Polygon","coordinates":[[[90.3928419,23.7604827],[90.3928043,23.7604385],[90.3928204,23.7602225],[90.3928714,23.7601906],[90.3929518,23.7601955],[90.3929706,23.760225],[90.3929518,23.7604582],[90.392925,23.7604876],[90.3928419,23.7604827]]]},"properties":{"sources":[{"property":"","dataset":"OpenStreetMap","license":"ODbL-1.0","record_id":"w468957130@1","update_time":"2017-01-26T04:32:29.000Z","confidence":null,"between":null,"provider":"osm","resource":"planet","version":"2026-09-06T00:00:00.000Z"}],"is_underground":false,"has_parts":false,"version":1}},
{"id":"f314a1b1-427a-4dfe-a409-0b19033746c6","type":"Feature","geometry":{"type":"Polygon","coordinates":[[[90.3930466,23.7600699],[90.3928625,23.7600647],[90.3928664,23.7599481],[90.3930506,23.7599533],[90.3930466,23.7600699]]]},"properties":{"sources":[{"property":"","dataset":"OpenStreetMap","license":"ODbL-1.0","record_id":"w1129589100@1","update_time":"2023-01-09T21:35:59.000Z","confidence":null,"between":null,"provider":"osm","resource":"planet","version":"2026-09-06T00:00:00.000Z"}],"is_underground":false,"has_parts":false,"version":1}},
{"id":"7a296673-8623-4697-add4-8d29421cb737","type":"Feature","geometry":{"type":"Polygon","coordinates":[[[90.3927579,23.7600502],[90.3926593,23.7600502],[90.3926593,23.7599305],[90.3927579,23.7599305],[90.3927579,23.7600502]]]},"properties":{"sources":[{"property":"","dataset":"OpenStreetMap","license":"ODbL-1.0","record_id":"w1129589102@1","update_time":"2023-01-09T21:35:59.000Z","confidence":null,"between":null,"provider":"osm","resource":"planet","version":"2026-09-06T00:00:00.000Z"}],"is_underground":false,"has_parts":false,"version":1}},
{"id":"37c852bb-b382-4002-a5d6-0a375b5eab5d","type":"Feature","geometry":{"type":"Polygon","coordinates":[[[90.3924891,23.7607035],[90.3925308,23.7606644],[90.3926354,23.7607582],[90.3925937,23.7607972],[90.3924891,23.7607035]]]},"properties":{"sources":[{"property":"","dataset":"OpenStreetMap","license":"ODbL-1.0","record_id":"w1129589097@1","update_time":"2023-01-09T21:35:59.000Z","confidence":null,"between":null,"provider":"osm","resource":"planet","version":"2026-09-06T00:00:00.000Z"}],"is_underground":false,"has_parts":false,"version":1}},
{"id":"0db1bf87-a2a1-4029-bfab-c2677d410806","type":"Feature","geometry":{"type":"Polygon","coordinates":[[[90.3928624,23.760782],[90.392772,23.7607782],[90.3927743,23.7607316],[90.3928647,23.7607354],[90.3928624,23.760782]]]},"properties":{"sources":[{"property":"","dataset":"OpenStreetMap","license":"ODbL-1.0","record_id":"w1129589099@1","update_time":"2023-01-09T21:35:59.000Z","confidence":null,"between":null,"provider":"osm","resource":"planet","version":"2026-09-06T00:00:00.000Z"}],"is_underground":false,"has_parts":false,"version":1}},
{"id":"42d4d019-b9aa-414c-8b70-1a22969e86be","type":"Feature","geometry":{"type":"Polygon","coordinates":[[[90.3930412,23.761018],[90.3929597,23.7610216],[90.3929533,23.7608974],[90.3930348,23.7608939],[90.3930412,23.761018]]]},"properties":{"sources":[{"property":"","dataset":"OpenStreetMap","license":"ODbL-1.0","record_id":"w1129589093@1","update_time":"2023-01-09T21:35:59.000Z","confidence":null,"between":null,"provider":"osm","resource":"planet","version":"2026-09-06T00:00:00.000Z"}],"is_underground":false,"has_parts":false,"version":1}},
{"id":"aadc5afe-ae95-4466-a61b-42496f101a64","type":"Feature","geometry":{"type":"Polygon","coordinates":[[[90.3932485,23.7611472],[90.3932116,23.7611484],[90.3932064,23.7610174],[90.3932433,23.7610162],[90.3932485,23.7611472]]]},"properties":{"sources":[{"property":"","dataset":"OpenStreetMap","license":"ODbL-1.0","record_id":"w501352515@1","update_time":"2017-06-18T09:37:52.000Z","confidence":null,"between":null,"provider":"osm","resource":"planet","version":"2026-09-06T00:00:00.000Z"}],"is_underground":false,"has_parts":false,"version":1}},
{"id":"6dedc952-d435-43fb-a2b5-7df05ed29e17","type":"Feature","geometry":{"type":"Polygon","coordinates":[[[90.3932174,23.7609639],[90.3931577,23.7609664],[90.3931512,23.7608326],[90.3932108,23.7608301],[90.3932174,23.7609639]]]},"properties":{"sources":[{"property":"","dataset":"OpenStreetMap","license":"ODbL-1.0","record_id":"w1129589092@1","update_time":"2023-01-09T21:35:59.000Z","confidence":null,"between":null,"provider":"osm","resource":"planet","version":"2026-09-06T00:00:00.000Z"}],"is_underground":false,"has_parts":false,"version":1}},
{"id":"152a76d1-612c-495b-b530-ba715654ad53","type":"Feature","geometry":{"type":"Polygon","coordinates":[[[90.3931962,23.7611067],[90.3931674,23.7611067],[90.3931674,23.7610189],[90.3931962,23.7610189],[90.3931962,23.7611067]]]},"properties":{"sources":[{"property":"","dataset":"OpenStreetMap","license":"ODbL-1.0","record_id":"w501352503@1","update_time":"2017-06-18T09:37:52.000Z","confidence":null,"between":null,"provider":"osm","resource":"planet","version":"2026-09-06T00:00:00.000Z"}],"is_underground":false,"has_parts":false,"version":1}},
{"id":"47db3b9c-d5ae-4dd2-8c86-d7eec1854dde","type":"Feature","geometry":{"type":"Polygon","coordinates":[[[90.3931244,23.7610232],[90.3930949,23.7610238],[90.3930933,23.7609585],[90.3931228,23.7609579],[90.3931244,23.7610232]]]},"properties":{"sources":[{"property":"","dataset":"OpenStreetMap","license":"ODbL-1.0","record_id":"w501352478@1","update_time":"2017-06-18T09:37:51.000Z","confidence":null,"between":null,"provider":"osm","resource":"planet","version":"2026-09-06T00:00:00.000Z"}],"is_underground":false,"has_parts":false,"version":1}},
{"id":"a5ca2759-82cb-4766-a813-1a9dea614acc","type":"Feature","geometry":{"type":"Polygon","coordinates":[[[90.3931246,23.760905],[90.3930792,23.7609043],[90.3930808,23.7608189],[90.3931262,23.7608196],[90.3931246,23.760905]]]},"properties":{"sources":[{"property":"","dataset":"OpenStreetMap","license":"ODbL-1.0","record_id":"w1129589113@1","update_time":"2023-01-09T21:35:59.000Z","confidence":null,"between":null,"provider":"osm","resource":"planet","version":"2026-09-06T00:00:00.000Z"}],"is_underground":false,"has_parts":false,"version":1}},
{"id":"fa1af967-fa18-4bba-b166-aa6af90a64fa","type":"Feature","geometry":{"type":"Polygon","coordinates":[[[90.3933725,23.760666],[90.3933725,23.7606949],[90.3933236,23.7606949],[90.3933236,23.760666],[90.3933725,23.760666]]]},"properties":{"sources":[{"property":"","dataset":"OpenStreetMap","license":"ODbL-1.0","record_id":"w501352499@1","update_time":"2017-06-18T09:37:52.000Z","confidence":null,"between":null,"provider":"osm","resource":"planet","version":"2026-09-06T00:00:00.000Z"}],"is_underground":false,"has_parts":false,"version":1}},
{"id":"2377a27c-3ef6-4aac-a9b1-c0c2024b8d4f","type":"Feature","geometry":{"type":"Polygon","coordinates":[[[90.3934577,23.7607992],[90.3934584,23.7608992],[90.393282,23.7609002],[90.3932814,23.7608002],[90.3934577,23.7607992]]]},"properties":{"sources":[{"property":"","dataset":"OpenStreetMap","license":"ODbL-1.0","record_id":"w501352484@1","update_time":"2017-06-18T09:37:51.000Z","confidence":null,"between":null,"provider":"osm","resource":"planet","version":"2026-09-06T00:00:00.000Z"}],"is_underground":false,"has_parts":false,"version":1}},
{"id":"b87eb8e4-ec35-4632-a368-d2eedfbfb53b","type":"Feature","geometry":{"type":"Polygon","coordinates":[[[90.3934409,23.7610858],[90.3932706,23.7611054],[90.3932559,23.7609988],[90.3934263,23.7609792],[90.3934409,23.7610858]]]},"properties":{"sources":[{"property":"","dataset":"OpenStreetMap","license":"ODbL-1.0","record_id":"w501352514@1","update_time":"2017-06-18T09:37:52.000Z","confidence":null,"between":null,"provider":"osm","resource":"planet","version":"2026-09-06T00:00:00.000Z"}],"is_underground":false,"has_parts":false,"version":1}},
{"id":"80b304aa-4cf4-4828-a4a5-141950ffc57b","type":"Feature","geometry":{"type":"Polygon","coordinates":[[[90.3935033,23.7609005],[90.3934658,23.7608999],[90.3934678,23.7607974],[90.3935053,23.760798],[90.3935033,23.7609005]]]},"properties":{"sources":[{"property":"","dataset":"OpenStreetMap","license":"ODbL-1.0","record_id":"w501352483@1","update_time":"2017-06-18T09:37:51.000Z","confidence":null,"between":null,"provider":"osm","resource":"planet","version":"2026-09-06T00:00:00.000Z"}],"is_underground":false,"has_parts":false,"version":1}},
{"id":"3892b6cd-974c-444d-9c9a-3f20ab58c098","type":"Feature","geometry":{"type":"Polygon","coordinates":[[[90.3935028,23.760753],[90.3933912,23.7607648],[90.3933838,23.7607058],[90.3934953,23.760694],[90.3935028,23.760753]]]},"properties":{"sources":[{"property":"","dataset":"OpenStreetMap","license":"ODbL-1.0","record_id":"w1129589110@1","update_time":"2023-01-09T21:35:59.000Z","confidence":null,"between":null,"provider":"osm","resource":"planet","version":"2026-09-06T00:00:00.000Z"}],"is_underground":false,"has_parts":false,"version":1}},
{"id":"8b7f39c5-6887-4920-857c-0b0a7efccdd5","type":"Feature","geometry":{"type":"Polygon","coordinates":[[[90.3935596,23.76086],[90.3935127,23.76086],[90.3935127,23.7607556],[90.3935596,23.7607556],[90.3935596,23.76086]]]},"properties":{"sources":[{"property":"","dataset":"OpenStreetMap","license":"ODbL-1.0","record_id":"w501352584@1","update_time":"2017-06-18T09:37:56.000Z","confidence":null,"between":null,"provider":"osm","resource":"planet","version":"2026-09-06T00:00:00.000Z"}],"is_underground":false,"has_parts":false,"version":1}},
{"id":"905f7a60-4ae9-4152-a619-3d1705fcca24","type":"Feature","geometry":{"type":"Polygon","coordinates":[[[90.3936749,23.761026],[90.3935005,23.7610432],[90.3934904,23.7609566],[90.3936647,23.7609394],[90.3936749,23.761026]]]},"properties":{"sources":[{"property":"","dataset":"OpenStreetMap","license":"ODbL-1.0","record_id":"w1129589089@1","update_time":"2023-01-09T21:35:59.000Z","confidence":null,"between":null,"provider":"osm","resource":"planet","version":"2026-09-06T00:00:00.000Z"}],"is_underground":false,"has_parts":false,"version":1}},
{"id":"98575e64-5777-4558-b919-5ea526c82de1","type":"Feature","geometry":{"type":"Polygon","coordinates":[[[90.3937206,23.7607912],[90.3935791,23.7607925],[90.3935786,23.7607483],[90.3937201,23.760747],[90.3937206,23.7607912]]]},"properties":{"sources":[{"property":"","dataset":"OpenStreetMap","license":"ODbL-1.0","record_id":"w501352492@1","update_time":"2017-06-18T09:37:51.000Z","confidence":null,"between":null,"provider":"osm","resource":"planet","version":"2026-09-06T00:00:00.000Z"}],"is_underground":false,"has_parts":false,"version":1}},
{"id":"89a369d0-0020-4953-8421-297693f43aac","type":"Feature","geometry":{"type":"Polygon","coordinates":[[[90.3937459,23.7607462],[90.3937956,23.7607373],[90.3938023,23.760769],[90.3937526,23.760778],[90.3937459,23.7607462]]]},"properties":{"sources":[{"property":"","dataset":"Google Open Buildings","license":null,"record_id":"7MMGQ96V+8G29","update_time":"2023-05-01T00:00:00.000Z","confidence":0.6717,"between":null,"provider":"google","resource":"open_buildings","version":"2024-04-16"}],"is_underground":false,"has_parts":false,"version":1}},
{"id":"09e3b0b3-bace-4e34-8e1a-895097cfbca0","type":"Feature","geometry":{"type":"Polygon","coordinates":[[[90.393945,23.7609603],[90.3938691,23.7609655],[90.3938548,23.7607903],[90.3939308,23.7607851],[90.393945,23.7609603]]]},"properties":{"sources":[{"property":"","dataset":"OpenStreetMap","license":"ODbL-1.0","record_id":"w500669074@1","update_time":"2017-06-15T10:48:36.000Z","confidence":null,"between":null,"provider":"osm","resource":"planet","version":"2026-09-06T00:00:00.000Z"}],"is_underground":false,"has_parts":false,"version":1}},
{"id":"9532e49c-e5ff-46aa-b2f2-8c0390e5ce41","type":"Feature","geometry":{"type":"Polygon","coordinates":[[[90.3938567,23.7611629],[90.3936837,23.7611791],[90.393673,23.7610834],[90.393846,23.7610671],[90.3938567,23.7611629]]]},"properties":{"sources":[{"property":"","dataset":"OpenStreetMap","license":"ODbL-1.0","record_id":"w501352563@1","update_time":"2017-06-18T09:37:55.000Z","confidence":null,"between":null,"provider":"osm","resource":"planet","version":"2026-09-06T00:00:00.000Z"}],"is_underground":false,"has_parts":false,"version":1}},
{"id":"26c95015-7ad6-4b17-aa14-adc9d8bbdf62","type":"Feature","geometry":{"type":"Polygon","coordinates":[[[90.3941392,23.7610745],[90.3941755,23.761071],[90.3941819,23.7611276],[90.3941456,23.761131],[90.3941392,23.7610745]]]},"properties":{"sources":[{"property":"","dataset":"Google Open Buildings","license":null,"record_id":"7MMGQ96V+CMV2","update_time":"2023-05-01T00:00:00.000Z","confidence":0.8243,"between":null,"provider":"google","resource":"open_buildings","version":"2024-04-16"}],"is_underground":false,"has_parts":false,"version":1}},
{"id":"643e001b-4893-4fcb-858a-d904470d14c8","type":"Feature","geometry":{"type":"Polygon","coordinates":[[[90.3941277,23.7611066],[90.3940365,23.7611106],[90.3940262,23.7609103],[90.3941174,23.7609064],[90.3941277,23.7611066]]]},"properties":{"sources":[{"property":"","dataset":"OpenStreetMap","license":"ODbL-1.0","record_id":"w500669079@1","update_time":"2017-06-15T10:48:36.000Z","confidence":null,"between":null,"provider":"osm","resource":"planet","version":"2026-09-06T00:00:00.000Z"}],"is_underground":false,"has_parts":false,"version":1}},
{"id":"e696468f-0935-4441-8a6b-f950a2f149b5","type":"Feature","geometry":{"type":"Polygon","coordinates":[[[90.3942032,23.7608363],[90.3940916,23.7608481],[90.3940842,23.7607891],[90.3941957,23.7607773],[90.3942032,23.7608363]]]},"properties":{"sources":[{"property":"","dataset":"OpenStreetMap","license":"ODbL-1.0","record_id":"w1129589095@1","update_time":"2023-01-09T21:35:59.000Z","confidence":null,"between":null,"provider":"osm","resource":"planet","version":"2026-09-06T00:00:00.000Z"}],"is_underground":false,"has_parts":false,"version":1}},
{"id":"6f0bc0ee-5eb0-46ea-925b-c490f8b9cf8f","type":"Feature","geometry":{"type":"Polygon","coordinates":[[[90.3943504,23.7608144],[90.3942388,23.7608262],[90.3942314,23.7607672],[90.3943429,23.7607554],[90.3943504,23.7608144]]]},"properties":{"sources":[{"property":"","dataset":"OpenStreetMap","license":"ODbL-1.0","record_id":"w1129589109@1","update_time":"2023-01-09T21:35:59.000Z","confidence":null,"between":null,"provider":"osm","resource":"planet","version":"2026-09-06T00:00:00.000Z"}],"is_underground":false,"has_parts":false,"version":1}},
{"id":"899e1a06-48de-4a2a-acfa-e540e8634277","type":"Feature","geometry":{"type":"Polygon","coordinates":[[[90.3943025,23.7606141],[90.3943068,23.7606615],[90.3942155,23.7606685],[90.3942112,23.7606211],[90.3943025,23.7606141]]]},"properties":{"sources":[{"property":"","dataset":"Google Open Buildings","license":null,"record_id":"7MMGQ96V+7P2M","update_time":"2023-05-01T00:00:00.000Z","confidence":0.7504,"between":null,"provider":"google","resource":"open_buildings","version":"2024-04-16"}],"is_underground":false,"has_parts":false,"version":1}},
{"id":"4dd5d27c-ada5-4a0d-8e63-033c0dc9ff94","type":"Feature","geometry":{"type":"Polygon","coordinates":[[[90.3943188,23.7605993],[90.3941856,23.7606083],[90.3941757,23.7604873],[90.394309,23.7604782],[90.3943188,23.7605993]]]},"properties":{"sources":[{"property":"","dataset":"OpenStreetMap","license":"ODbL-1.0","record_id":"w500669075@1","update_time":"2017-06-15T10:48:36.000Z","confidence":null,"between":null,"provider":"osm","resource":"planet","version":"2026-09-06T00:00:00.000Z"}],"is_underground":false,"has_parts":false,"version":1}},
{"id":"c6e3dc60-77b6-4394-a071-596c69831e6e","type":"Feature","geometry":{"type":"Polygon","coordinates":[[[90.3942969,23.7603095],[90.3941755,23.760307],[90.3941778,23.7602131],[90.3942992,23.7602156],[90.3942969,23.7603095]]]},"properties":{"sources":[{"property":"","dataset":"OpenStreetMap","license":"ODbL-1.0","record_id":"w501352504@1","update_time":"2017-06-18T09:37:52.000Z","confidence":null,"between":null,"provider":"osm","resource":"planet","version":"2026-09-06T00:00:00.000Z"}],"is_underground":false,"has_parts":false,"version":1}},
{"id":"cb2fd489-3386-44a4-8e98-11e86e51504b","type":"Feature","geometry":{"type":"Polygon","coordinates":[[[90.3943132,23.7600693],[90.3941593,23.7600677],[90.3941603,23.7599863],[90.3943142,23.7599879],[90.3943132,23.7600693]]]},"properties":{"sources":[{"property":"","dataset":"OpenStreetMap","license":"ODbL-1.0","record_id":"w499872775@1","update_time":"2017-06-12T11:41:01.000Z","confidence":null,"between":null,"provider":"osm","resource":"planet","version":"2026-09-06T00:00:00.000Z"}],"is_underground":false,"has_parts":false,"version":1}},
{"id":"ace8c42d-b9d1-41e0-af97-cc2653bfe41a","type":"Feature","geometry":{"type":"Polygon","coordinates":[[[90.3943437,23.7601947],[90.3942847,23.7601941],[90.3942852,23.7601542],[90.3941736,23.7601531],[90.3941746,23.7600746],[90.3943451,23.7600764],[90.3943437,23.7601947]]]},"properties":{"sources":[{"property":"","dataset":"OpenStreetMap","license":"ODbL-1.0","record_id":"w499872824@1","update_time":"2017-06-12T11:41:02.000Z","confidence":null,"between":null,"provider":"osm","resource":"planet","version":"2026-09-06T00:00:00.000Z"}],"is_underground":false,"has_parts":false,"version":1}},
{"id":"57d74421-5f8f-4f10-8e81-6107998c6546","type":"Feature","geometry":{"type":"Polygon","coordinates":[[[90.394227,23.7599406],[90.3939118,23.7599419],[90.3939114,23.7598547],[90.3942266,23.7598534],[90.394227,23.7599406]]]},"properties":{"sources":[{"property":"","dataset":"OpenStreetMap","license":"ODbL-1.0","record_id":"w499872801@1","update_time":"2017-06-12T11:41:02.000Z","confidence":null,"between":null,"provider":"osm","resource":"planet","version":"2026-09-06T00:00:00.000Z"}],"is_underground":false,"has_parts":false,"version":1}},
{"id":"ae1c064c-b05b-4002-ba06-f3678faf18d0","type":"Feature","geometry":{"type":"Polygon","coordinates":[[[90.3941046,23.760162],[90.3939752,23.7601611],[90.3939765,23.7599996],[90.3941522,23.7600008],[90.3941513,23.7601086],[90.3941298,23.7601084],[90.3941294,23.7601466],[90.3941048,23.7601464],[90.3941046,23.760162]]]},"properties":{"sources":[{"property":"","dataset":"OpenStreetMap","license":"ODbL-1.0","record_id":"w499872830@1","update_time":"2017-06-12T11:41:03.000Z","confidence":null,"between":null,"provider":"osm","resource":"planet","version":"2026-09-06T00:00:00.000Z"}],"is_underground":false,"has_parts":false,"version":1}},
{"id":"da40449c-07b8-4b3e-aa48-bb834ec3fa25","type":"Feature","geometry":{"type":"Polygon","coordinates":[[[90.3940824,23.7603287],[90.3940187,23.7603284],[90.3940192,23.7602261],[90.3940444,23.7602262],[90.3940442,23.7602744],[90.3940827,23.7602746],[90.3940824,23.7603287]]]},"properties":{"sources":[{"property":"","dataset":"OpenStreetMap","license":"ODbL-1.0","record_id":"w501352596@1","update_time":"2017-06-18T09:37:56.000Z","confidence":null,"between":null,"provider":"osm","resource":"planet","version":"2026-09-06T00:00:00.000Z"}],"is_underground":false,"has_parts":false,"version":1}},
{"id":"b3cd8d82-5a85-4956-af91-4549328e9df1","type":"Feature","geometry":{"type":"Polygon","coordinates":[[[90.3942724,23.7604255],[90.3940394,23.7604414],[90.3940317,23.7603468],[90.3942647,23.7603309],[90.3942724,23.7604255]]]},"properties":{"sources":[{"property":"","dataset":"OpenStreetMap","license":"ODbL-1.0","record_id":"w500669081@1","update_time":"2017-06-15T10:48:36.000Z","confidence":null,"between":null,"provider":"osm","resource":"planet","version":"2026-09-06T00:00:00.000Z"}],"is_underground":false,"has_parts":false,"version":1}},
{"id":"38b5fe04-9c59-45cd-9c5d-6f9dc1b23f91","type":"Feature","geometry":{"type":"Polygon","coordinates":[[[90.394136,23.7607323],[90.3940951,23.7607323],[90.3940951,23.7605236],[90.394136,23.7605236],[90.394136,23.7607323]]]},"properties":{"sources":[{"property":"","dataset":"OpenStreetMap","license":"ODbL-1.0","record_id":"w501352506@1","update_time":"2017-06-18T09:37:52.000Z","confidence":null,"between":null,"provider":"osm","resource":"planet","version":"2026-09-06T00:00:00.000Z"}],"is_underground":false,"has_parts":false,"version":1}},
{"id":"981f1c05-406c-4033-9bae-7b52d5d5d040","type":"Feature","geometry":{"type":"Polygon","coordinates":[[[90.3940287,23.7606918],[90.3937766,23.760709],[90.3937484,23.7603631],[90.3940005,23.7603459],[90.3940287,23.7606918]]]},"properties":{"sources":[{"property":"","dataset":"OpenStreetMap","license":"ODbL-1.0","record_id":"w500669084@1","update_time":"2017-06-15T10:48:36.000Z","confidence":null,"between":null,"provider":"osm","resource":"planet","version":"2026-09-06T00:00:00.000Z"}],"is_underground":false,"has_parts":false,"version":1}},
{"id":"e6b221bc-1d0e-46a7-95fd-3811bc015be0","type":"Feature","geometry":{"type":"Polygon","coordinates":[[[90.3939771,23.7603003],[90.393912,23.7603021],[90.3939098,23.7602364],[90.3939748,23.7602346],[90.3939771,23.7603003]]]},"properties":{"sources":[{"property":"","dataset":"OpenStreetMap","license":"ODbL-1.0","record_id":"w501352552@1","update_time":"2017-06-18T09:37:54.000Z","confidence":null,"between":null,"provider":"osm","resource":"planet","version":"2026-09-06T00:00:00.000Z"}],"is_underground":false,"has_parts":false,"version":1}},
{"id":"bcabb56b-0c2f-4f54-b87d-ee2c56e75dc4","type":"Feature","geometry":{"type":"Polygon","coordinates":[[[90.3939781,23.7603429],[90.3938825,23.7603408],[90.3938832,23.7603162],[90.3939788,23.7603184],[90.3939781,23.7603429]]]},"properties":{"sources":[{"property":"","dataset":"OpenStreetMap","license":"ODbL-1.0","record_id":"w501352536@1","update_time":"2017-06-18T09:37:54.000Z","confidence":null,"between":null,"provider":"osm","resource":"planet","version":"2026-09-06T00:00:00.000Z"}],"is_underground":false,"has_parts":false,"version":1}},
{"id":"8bc7fb25-3844-4691-9fee-51d943856ae1","type":"Feature","geometry":{"type":"Polygon","coordinates":[[[90.3938279,23.7602665],[90.3938272,23.76035],[90.3937762,23.7603496],[90.3937768,23.7602662],[90.3938279,23.7602665]]]},"properties":{"sources":[{"property":"","dataset":"OpenStreetMap","license":"ODbL-1.0","record_id":"w501352487@1","update_time":"2017-06-18T09:37:51.000Z","confidence":null,"between":null,"provider":"osm","resource":"planet","version":"2026-09-06T00:00:00.000Z"}],"is_underground":false,"has_parts":false,"version":1}},
{"id":"c12dc2a7-ffb3-48cb-bfcf-f01e74e58da6","type":"Feature","geometry":{"type":"Polygon","coordinates":[[[90.393744,23.7606836],[90.3935696,23.7607008],[90.3935595,23.7606142],[90.3937338,23.760597],[90.393744,23.7606836]]]},"properties":{"sources":[{"property":"","dataset":"OpenStreetMap","license":"ODbL-1.0","record_id":"w1129589091@1","update_time":"2023-01-09T21:35:59.000Z","confidence":null,"between":null,"provider":"osm","resource":"planet","version":"2026-09-06T00:00:00.000Z"}],"is_underground":false,"has_parts":false,"version":1}},
{"id":"5b7efaa5-02d8-4b93-b332-ae3332ba6dec","type":"Feature","geometry":{"type":"Polygon","coordinates":[[[90.3935342,23.7605196],[90.3935248,23.7604365],[90.393679,23.7604218],[90.3936763,23.7604758],[90.3936599,23.7605259],[90.39359,23.7605467],[90.3935863,23.7605146],[90.3935342,23.7605196]]]},"properties":{"sources":[{"property":"","dataset":"OpenStreetMap","license":"ODbL-1.0","record_id":"w501352602@1","update_time":"2017-06-18T09:37:57.000Z","confidence":null,"between":null,"provider":"osm","resource":"planet","version":"2026-09-06T00:00:00.000Z"}],"is_underground":false,"has_parts":false,"version":1}},
{"id":"7df9b30c-d26a-46fb-804a-b32b6f0f87fe","type":"Feature","geometry":{"type":"Polygon","coordinates":[[[90.393571,23.7604083],[90.3935402,23.760407],[90.393543,23.760347199999998],[90.3935739,23.7603484],[90.393571,23.7604083]]]},"properties":{"sources":[{"property":"","dataset":"OpenStreetMap","license":"ODbL-1.0","record_id":"w501352540@1","update_time":"2017-06-18T09:37:54.000Z","confidence":null,"between":null,"provider":"osm","resource":"planet","version":"2026-09-06T00:00:00.000Z"}],"is_underground":false,"has_parts":false,"version":1}},
{"id":"6a469474-d641-465a-a9a0-8b7f6d4ba4a2","type":"Feature","geometry":{"type":"Polygon","coordinates":[[[90.3937621,23.7603487],[90.393734,23.7603487],[90.393734,23.7602947],[90.3937621,23.7602947],[90.3937621,23.7603487]]]},"properties":{"sources":[{"property":"","dataset":"OpenStreetMap","license":"ODbL-1.0","record_id":"w501352477@1","update_time":"2017-06-18T09:37:51.000Z","confidence":null,"between":null,"provider":"osm","resource":"planet","version":"2026-09-06T00:00:00.000Z"}],"is_underground":false,"has_parts":false,"version":1}},
{"id":"13ce8ba9-b7de-4fa6-98ee-33bceb6f924d","type":"Feature","geometry":{"type":"Polygon","coordinates":[[[90.3937246,23.7602917],[90.3937259,23.7603886],[90.3936877,23.7603891],[90.39368640000001,23.7602921],[90.3937246,23.7602917]]]},"properties":{"sources":[{"property":"","dataset":"OpenStreetMap","license":"ODbL-1.0","record_id":"w501352568@1","update_time":"2017-06-18T09:37:55.000Z","confidence":null,"between":null,"provider":"osm","resource":"planet","version":"2026-09-06T00:00:00.000Z"}],"is_underground":false,"has_parts":false,"version":1}},
{"id":"fc2cd730-5f6d-448e-8561-1d5224c76627","type":"Feature","geometry":{"type":"Polygon","coordinates":[[[90.3937628,23.7602505],[90.3937621,23.7602812],[90.3936697,23.7602795],[90.3936703,23.7602489],[90.3937628,23.7602505]]]},"properties":{"sources":[{"property":"","dataset":"OpenStreetMap","license":"ODbL-1.0","record_id":"w501352576@1","update_time":"2017-06-18T09:37:56.000Z","confidence":null,"between":null,"provider":"osm","resource":"planet","version":"2026-09-06T00:00:00.000Z"}],"is_underground":false,"has_parts":false,"version":1}},
{"id":"97893864-66c0-4bbf-9bea-bdf8a4cdd6ae","type":"Feature","geometry":{"type":"Polygon","coordinates":[[[90.3937621,23.7602364],[90.3936978,23.7602358],[90.3936983,23.7601886],[90.3937627,23.7601892],[90.3937621,23.7602364]]]},"properties":{"sources":[{"property":"","dataset":"OpenStreetMap","license":"ODbL-1.0","record_id":"w501352587@1","update_time":"2017-06-18T09:37:56.000Z","confidence":null,"between":null,"provider":"osm","resource":"planet","version":"2026-09-06T00:00:00.000Z"}],"is_underground":false,"has_parts":false,"version":1}},
{"id":"a9155dfb-3e32-4437-8b8f-37cb570b5765","type":"Feature","geometry":{"type":"Polygon","coordinates":[[[90.393675,23.7602162],[90.3936495,23.7602156],[90.393651,23.7601615],[90.3936765,23.7601621],[90.393675,23.7602162]]]},"properties":{"sources":[{"property":"","dataset":"OpenStreetMap","license":"ODbL-1.0","record_id":"w501352494@1","update_time":"2017-06-18T09:37:51.000Z","confidence":null,"between":null,"provider":"osm","resource":"planet","version":"2026-09-06T00:00:00.000Z"}],"is_underground":false,"has_parts":false,"version":1}},
{"id":"b424320a-163a-40a8-a746-89dc0f3e4ff7","type":"Feature","geometry":{"type":"Polygon","coordinates":[[[90.3936267,23.7602266],[90.3936019,23.760226],[90.3936038,23.7601622],[90.3936286,23.7601628],[90.3936267,23.7602266]]]},"properties":{"sources":[{"property":"","dataset":"OpenStreetMap","license":"ODbL-1.0","record_id":"w501352523@1","update_time":"2017-06-18T09:37:53.000Z","confidence":null,"between":null,"provider":"osm","resource":"planet","version":"2026-09-06T00:00:00.000Z"}],"is_underground":false,"has_parts":false,"version":1}},
{"id":"856e0f29-1ea5-4d34-958f-a4a1eb1f8e91","type":"Feature","geometry":{"type":"Polygon","coordinates":[[[90.3936144,23.7602881],[90.3935293,23.7602862],[90.3935331,23.760145],[90.3935604,23.7601456],[90.3935579,23.7602393],[90.3936157,23.7602406],[90.3936144,23.7602881]]]},"properties":{"sources":[{"property":"","dataset":"OpenStreetMap","license":"ODbL-1.0","record_id":"w499872798@2","update_time":"2017-06-18T09:38:00.000Z","confidence":null,"between":null,"provider":"osm","resource":"planet","version":"2026-09-06T00:00:00.000Z"}],"is_underground":false,"has_parts":false,"version":1}},
{"id":"85d828e8-e2a8-4672-a9bf-5d26665a404d","type":"Feature","geometry":{"type":"Polygon","coordinates":[[[90.393727,23.7601017],[90.3935246,23.7600971],[90.3935274,23.7599925],[90.3937298,23.7599971],[90.393727,23.7601017]]]},"properties":{"sources":[{"property":"","dataset":"OpenStreetMap","license":"ODbL-1.0","record_id":"w499872797@1","update_time":"2017-06-12T11:41:01.000Z","confidence":null,"between":null,"provider":"osm","resource":"planet","version":"2026-09-06T00:00:00.000Z"}],"is_underground":false,"has_parts":false,"version":1}},
{"id":"b86e0319-5e60-4402-b858-1c0644141f99","type":"Feature","geometry":{"type":"Polygon","coordinates":[[[90.3937438,23.759979],[90.393551,23.7599614],[90.3935587,23.7598911],[90.3937514,23.7599087],[90.3937438,23.759979]]]},"properties":{"sources":[{"property":"","dataset":"OpenStreetMap","license":"ODbL-1.0","record_id":"w1429988539@1","update_time":"2025-09-15T14:14:16.000Z","confidence":null,"between":null,"provider":"osm","resource":"planet","version":"2026-09-06T00:00:00.000Z"}],"is_underground":false,"has_parts":false,"version":1}},
{"id":"2938c218-cb9a-4a50-938a-da22d79bc260","type":"Feature","geometry":{"type":"Polygon","coordinates":[[[90.3937914,23.7600142],[90.3937907,23.7600977],[90.3937397,23.7600973],[90.3937403,23.7600139],[90.3937914,23.7600142]]]},"properties":{"sources":[{"property":"","dataset":"OpenStreetMap","license":"ODbL-1.0","record_id":"w1435527857@1","update_time":"2025-10-04T20:36:03.000Z","confidence":null,"between":null,"provider":"osm","resource":"planet","version":"2026-09-06T00:00:00.000Z"}],"is_underground":false,"has_parts":false,"version":1}},
{"id":"cd6b98fc-8f83-474a-acb2-aa15eb5201a4","type":"Feature","geometry":{"type":"Polygon","coordinates":[[[90.3938712,23.7601648],[90.3938061,23.7601666],[90.3938039,23.7601009],[90.3938689,23.7600991],[90.3938712,23.7601648]]]},"properties":{"sources":[{"property":"","dataset":"OpenStreetMap","license":"ODbL-1.0","record_id":"w1129589111@1","update_time":"2023-01-09T21:35:59.000Z","confidence":null,"between":null,"provider":"osm","resource":"planet","version":"2026-09-06T00:00:00.000Z"}],"is_underground":false,"has_parts":false,"version":1}},
{"id":"251524fd-e0f2-497c-bbdc-6e7af85e92f2","type":"Feature","geometry":{"type":"Polygon","coordinates":[[[90.3940199,23.7597974],[90.3940177,23.7598346],[90.3939115,23.7598293],[90.3939137,23.7597921],[90.3940199,23.7597974]]]},"properties":{"sources":[{"property":"","dataset":"Google Open Buildings","license":null,"record_id":"7MMGQ95V+WHGH","update_time":"2023-05-01T00:00:00.000Z","confidence":0.6503,"between":null,"provider":"google","resource":"open_buildings","version":"2024-04-16"}],"is_underground":false,"has_parts":false,"version":1}},
{"id":"5492cc34-1849-43c5-a9a8-61fdb974d6e2","type":"Feature","geometry":{"type":"Polygon","coordinates":[[[90.3940007,23.7597412],[90.3938408,23.7597271],[90.3938539,23.7596025],[90.3940138,23.7596166],[90.3940007,23.7597412]]]},"properties":{"sources":[{"property":"","dataset":"OpenStreetMap","license":"ODbL-1.0","record_id":"w499872799@1","update_time":"2017-06-12T11:41:01.000Z","confidence":null,"between":null,"provider":"osm","resource":"planet","version":"2026-09-06T00:00:00.000Z"}],"is_underground":false,"has_parts":false,"version":1}},
{"id":"e00d3471-c850-47ea-b581-9b07b5714ea2","type":"Feature","geometry":{"type":"Polygon","coordinates":[[[90.3939176,23.7595293],[90.3938686,23.7595282],[90.3938707,23.7594509],[90.3939524,23.7594527],[90.3939492,23.7595721],[90.3939164,23.7595714],[90.3939176,23.7595293]]]},"properties":{"sources":[{"property":"","dataset":"OpenStreetMap","license":"ODbL-1.0","record_id":"w499872820@1","update_time":"2017-06-12T11:41:02.000Z","confidence":null,"between":null,"provider":"osm","resource":"planet","version":"2026-09-06T00:00:00.000Z"}],"is_underground":false,"has_parts":false,"version":1}},
{"id":"e82fda93-b006-4c73-b953-74dad7f1c811","type":"Feature","geometry":{"type":"Polygon","coordinates":[[[90.3938535,23.7595371],[90.393759,23.759535],[90.3937614,23.759446],[90.3937965,23.7594468],[90.3937952,23.7594957],[90.3938546,23.759497],[90.3938535,23.7595371]]]},"properties":{"sources":[{"property":"","dataset":"OpenStreetMap","license":"ODbL-1.0","record_id":"w499872812@1","update_time":"2017-06-12T11:41:02.000Z","confidence":null,"between":null,"provider":"osm","resource":"planet","version":"2026-09-06T00:00:00.000Z"}],"is_underground":false,"has_parts":false,"version":1}},
{"id":"22716bae-d3ca-4f72-b0d3-c8d8f729bf89","type":"Feature","geometry":{"type":"Polygon","coordinates":[[[90.3938499,23.7598732],[90.3935504,23.7598468],[90.3935607,23.759749],[90.3938602,23.7597754],[90.3938499,23.7598732]]]},"properties":{"sources":[{"property":"","dataset":"OpenStreetMap","license":"ODbL-1.0","record_id":"w499872759@1","update_time":"2017-06-15T10:48:40.000Z","confidence":null,"between":null,"provider":"osm","resource":"planet","version":"2026-09-06T00:00:00.000Z"}],"is_underground":false,"has_parts":false,"version":1}},
{"id":"f955f8bc-8ee7-416c-8976-fdbdec8eb59e","type":"Feature","geometry":{"type":"Polygon","coordinates":[[[90.3937868,23.7597226],[90.3935725,23.7597037],[90.3935863,23.7595732],[90.3938005,23.759592],[90.3937868,23.7597226]]]},"properties":{"sources":[{"property":"","dataset":"OpenStreetMap","license":"ODbL-1.0","record_id":"w499872778@1","update_time":"2017-06-12T11:41:01.000Z","confidence":null,"between":null,"provider":"osm","resource":"planet","version":"2026-09-06T00:00:00.000Z"}],"is_underground":false,"has_parts":false,"version":1}},
{"id":"51ffc200-b428-4deb-98ec-d4a77d149cfd","type":"Feature","geometry":{"type":"Polygon","coordinates":[[[90.3937684,23.7593104],[90.3936832,23.7593085],[90.3936851,23.759236],[90.3937704,23.7592379],[90.3937684,23.7593104]]]},"properties":{"sources":[{"property":"","dataset":"OpenStreetMap","license":"ODbL-1.0","record_id":"w499872757@1","update_time":"2017-06-12T11:41:00.000Z","confidence":null,"between":null,"provider":"osm","resource":"planet","version":"2026-09-06T00:00:00.000Z"}],"is_underground":false,"has_parts":false,"version":1}},
{"id":"7a169d46-0116-4fd1-b60e-580f354c0305","type":"Feature","geometry":{"type":"Polygon","coordinates":[[[90.3936687,23.7592996],[90.3936289,23.7592987],[90.3936306,23.759234],[90.3936704,23.7592349],[90.3936687,23.7592996]]]},"properties":{"sources":[{"property":"","dataset":"OpenStreetMap","license":"ODbL-1.0","record_id":"w499872764@1","update_time":"2017-06-12T11:41:00.000Z","confidence":null,"between":null,"provider":"osm","resource":"planet","version":"2026-09-06T00:00:00.000Z"}],"is_underground":false,"has_parts":false,"version":1}},
{"id":"619603bb-0041-4350-b2e5-31641f59d3cf","type":"Feature","geometry":{"type":"Polygon","coordinates":[[[90.3937268,23.7595417],[90.3936436,23.7595368],[90.3936208,23.7593208],[90.3937295,23.7593232],[90.3937268,23.7595417]]]},"properties":{"sources":[{"property":"","dataset":"OpenStreetMap","license":"ODbL-1.0","record_id":"w499872788@1","update_time":"2017-06-12T11:41:01.000Z","confidence":null,"between":null,"provider":"osm","resource":"planet","version":"2026-09-06T00:00:00.000Z"}],"is_underground":false,"has_parts":false,"version":1}},
{"id":"4fb2e7ac-df1b-458c-896f-baf52b544006","type":"Feature","geometry":{"type":"Polygon","coordinates":[[[90.393721,23.7591879],[90.3935725,23.7591845],[90.3935756,23.7590719],[90.3937241,23.7590753],[90.393721,23.7591879]]]},"properties":{"sources":[{"property":"","dataset":"OpenStreetMap","license":"ODbL-1.0","record_id":"w499872762@1","update_time":"2017-06-12T11:41:00.000Z","confidence":null,"between":null,"provider":"osm","resource":"planet","version":"2026-09-06T00:00:00.000Z"}],"is_underground":false,"has_parts":false,"version":1}},
{"id":"eb6c9bd8-4b2c-4ddc-89b4-5eaeb0ad1d68","type":"Feature","geometry":{"type":"Polygon","coordinates":[[[90.3938716,23.7594249],[90.3937717,23.7594227],[90.3937744,23.7593216],[90.3938414,23.7593231],[90.3938408,23.7593473],[90.3938736,23.7593481],[90.3938716,23.7594249]]]},"properties":{"sources":[{"property":"","dataset":"OpenStreetMap","license":"ODbL-1.0","record_id":"w499872810@1","update_time":"2017-06-12T11:41:02.000Z","confidence":null,"between":null,"provider":"osm","resource":"planet","version":"2026-09-06T00:00:00.000Z"}],"is_underground":false,"has_parts":false,"version":1}},
{"id":"57e66c4f-61ca-46a8-b676-83c19304ad25","type":"Feature","geometry":{"type":"Polygon","coordinates":[[[90.3938695,23.7593107],[90.3937999,23.7593091],[90.3938013,23.7592542],[90.3938709,23.7592557],[90.3938695,23.7593107]]]},"properties":{"sources":[{"property":"","dataset":"OpenStreetMap","license":"ODbL-1.0","record_id":"w499872767@1","update_time":"2017-06-12T11:41:00.000Z","confidence":null,"between":null,"provider":"osm","resource":"planet","version":"2026-09-06T00:00:00.000Z"}],"is_underground":false,"has_parts":false,"version":1}},
{"id":"bb908416-1863-4a35-a6eb-ff6beac26c4b","type":"Feature","geometry":{"type":"Polygon","coordinates":[[[90.3939325,23.7593136],[90.3938971,23.7593128],[90.3938985,23.7592592],[90.393934,23.75926],[90.3939325,23.7593136]]]},"properties":{"sources":[{"property":"","dataset":"OpenStreetMap","license":"ODbL-1.0","record_id":"w499872750@1","update_time":"2017-06-12T11:41:00.000Z","confidence":null,"between":null,"provider":"osm","resource":"planet","version":"2026-09-06T00:00:00.000Z"}],"is_underground":false,"has_parts":false,"version":1}},
{"id":"17696de8-1787-4a1e-b01c-7cc19027a8c7","type":"Feature","geometry":{"type":"Polygon","coordinates":[[[90.3939623,23.7593949],[90.3939299,23.7593941],[90.3939318,23.7593271],[90.3939641,23.7593278],[90.3939623,23.7593949]]]},"properties":{"sources":[{"property":"","dataset":"OpenStreetMap","license":"ODbL-1.0","record_id":"w499872790@1","update_time":"2017-06-12T11:41:01.000Z","confidence":null,"between":null,"provider":"osm","resource":"planet","version":"2026-09-06T00:00:00.000Z"}],"is_underground":false,"has_parts":false,"version":1}},
{"id":"9c53c822-3ba1-471c-8c4d-d2924c0dc837","type":"Feature","geometry":{"type":"Polygon","coordinates":[[[90.3940081,23.7594644],[90.3939682,23.7594635],[90.3939705,23.7593766],[90.3940104,23.7593775],[90.3940081,23.7594644]]]},"properties":{"sources":[{"property":"","dataset":"OpenStreetMap","license":"ODbL-1.0","record_id":"w499872752@1","update_time":"2017-06-12T11:41:00.000Z","confidence":null,"between":null,"provider":"osm","resource":"planet","version":"2026-09-06T00:00:00.000Z"}],"is_underground":false,"has_parts":false,"version":1}},
{"id":"0d8c34a3-9303-4ff1-8a3d-2a80fd4634a0","type":"Feature","geometry":{"type":"Polygon","coordinates":[[[90.3941237,23.7592083],[90.3939752,23.7592049],[90.3939783,23.7590923],[90.3941268,23.7590957],[90.3941237,23.7592083]]]},"properties":{"sources":[{"property":"","dataset":"OpenStreetMap","license":"ODbL-1.0","record_id":"w1442636002@1","update_time":"2025-10-16T17:22:14.000Z","confidence":null,"between":null,"provider":"osm","resource":"planet","version":"2026-09-06T00:00:00.000Z"}],"is_underground":false,"has_parts":false,"version":1}},
{"id":"c0568571-1d59-4122-89b4-aada4d4f3b15","type":"Feature","geometry":{"type":"Polygon","coordinates":[[[90.3940377,23.7593215],[90.3940842,23.7593194],[90.3940864,23.7593598],[90.3940399,23.7593619],[90.3940377,23.7593215]]]},"properties":{"sources":[{"property":"","dataset":"Google Open Buildings","license":null,"record_id":"7MMGQ95V+PJMQ","update_time":"2023-05-01T00:00:00.000Z","confidence":0.6939,"between":null,"provider":"google","resource":"open_buildings","version":"2024-04-16"}],"is_underground":false,"has_parts":false,"version":1}},
{"id":"6a0d1c5e-04c2-4653-8e34-2d8edd0be3e2","type":"Feature","geometry":{"type":"Polygon","coordinates":[[[90.3940364,23.7593622],[90.3939822,23.759361],[90.3939837,23.7593064],[90.3940379,23.7593076],[90.3940364,23.7593622]]]},"properties":{"sources":[{"property":"","dataset":"OpenStreetMap","license":"ODbL-1.0","record_id":"w499872756@1","update_time":"2017-06-12T11:41:00.000Z","confidence":null,"between":null,"provider":"osm","resource":"planet","version":"2026-09-06T00:00:00.000Z"}],"is_underground":false,"has_parts":false,"version":1}},
{"id":"be129c37-08ff-456c-babd-4bfc3aaad28a","type":"Feature","geometry":{"type":"Polygon","coordinates":[[[90.3941917,23.7595254],[90.3940395,23.759522],[90.3940436,23.7593695],[90.3940704,23.7593701],[90.3940693,23.7594099],[90.3941947,23.7594127],[90.3941917,23.7595254]]]},"properties":{"sources":[{"property":"","dataset":"OpenStreetMap","license":"ODbL-1.0","record_id":"w499872808@1","update_time":"2022-12-02T11:51:01.000Z","confidence":null,"between":null,"provider":"osm","resource":"planet","version":"2026-09-06T00:00:00.000Z"}],"is_underground":false,"has_parts":false,"version":1}},
{"id":"dd460b41-f5d5-4003-ac6d-8dbc2e55bc73","type":"Feature","geometry":{"type":"Polygon","coordinates":[[[90.3941896,23.7596959],[90.3941117,23.759689],[90.3941182,23.7596269],[90.3941962,23.7596338],[90.3941896,23.7596959]]]},"properties":{"sources":[{"property":"","dataset":"OpenStreetMap","license":"ODbL-1.0","record_id":"w499872765@1","update_time":"2017-06-12T11:41:00.000Z","confidence":null,"between":null,"provider":"osm","resource":"planet","version":"2026-09-06T00:00:00.000Z"}],"is_underground":false,"has_parts":false,"version":1}},
{"id":"139481d2-dbe7-4f40-b200-e9522adba4d4","type":"Feature","geometry":{"type":"Polygon","coordinates":[[[90.3941917,23.7598049],[90.3940378,23.7598033],[90.3940388,23.7597219],[90.3941927,23.7597235],[90.3941917,23.7598049]]]},"properties":{"sources":[{"property":"","dataset":"OpenStreetMap","license":"ODbL-1.0","record_id":"w1129589104@1","update_time":"2023-01-09T21:35:59.000Z","confidence":null,"between":null,"provider":"osm","resource":"planet","version":"2026-09-06T00:00:00.000Z"}],"is_underground":false,"has_parts":false,"version":1}},
{"id":"b6c33431-f63b-41d7-8a68-56a735fb5993","type":"Feature","geometry":{"type":"Polygon","coordinates":[[[90.3943906,23.7594714],[90.3944193,23.7594688],[90.3944255,23.759527],[90.3943967,23.7595296],[90.3943906,23.7594714]]]},"properties":{"sources":[{"property":"","dataset":"Google Open Buildings","license":null,"record_id":"7MMGQ95V+QQVR","update_time":"2023-05-01T00:00:00.000Z","confidence":0.7222,"between":null,"provider":"google","resource":"open_buildings","version":"2024-04-16"}],"is_underground":false,"has_parts":false,"version":1}}]}