{"type": "FeatureCollection", "features": [
{"id":"d1b6bdc7-9516-425e-8e32-759643fe837b","type":"Feature","geometry":{"type":"Polygon","coordinates":[[[90.4103222,23.74353],[90.4101946,23.7434953],[90.4103395,23.7430485],[90.410467,23.7430831],[90.4103222,23.74353]]]},"properties":{"sources":[{"property":"","dataset":"OpenStreetMap","license":"ODbL-1.0","record_id":"w505560669@1","update_time":"2017-07-06T11:05:19.000Z","confidence":null,"between":null,"provider":"osm","resource":"planet","version":"2026-09-06T00:00:00.000Z"}],"is_underground":false,"has_parts":false,"version":1}},
{"id":"f0f7c140-1147-4ebf-a0b3-ab7c48419be2","type":"Feature","geometry":{"type":"Polygon","coordinates":[[[90.4103313,23.7430178],[90.4101852,23.7429883],[90.4102496,23.7427207],[90.4103956,23.7427502],[90.4103313,23.7430178]]]},"properties":{"sources":[{"property":"","dataset":"OpenStreetMap","license":"ODbL-1.0","record_id":"w505561202@1","update_time":"2017-07-08T08:30:44.000Z","confidence":null,"between":null,"provider":"osm","resource":"planet","version":"2026-09-06T00:00:00.000Z"}],"is_underground":false,"has_parts":false,"version":1}},
{"id":"b5774030-306a-4d49-a816-42bceae8b781","type":"Feature","geometry":{"type":"Polygon","coordinates":[[[90.4106473,23.7430972],[90.4105781,23.7430931],[90.4105853,23.7429905],[90.4106545,23.7429946],[90.4106473,23.7430972]]]},"properties":{"sources":[{"property":"","dataset":"OpenStreetMap","license":"ODbL-1.0","record_id":"w1112708336@1","update_time":"2022-11-13T14:41:23.000Z","confidence":null,"between":null,"provider":"osm","resource":"planet","version":"2026-09-06T00:00:00.000Z"}],"is_underground":false,"has_parts":false,"version":1}},
{"id":"39dd8d2c-08b1-4267-887e-9cf91b722b1c","type":"Feature","geometry":{"type":"Polygon","coordinates":[[[90.4105614,23.7430836],[90.4105029,23.7430839],[90.4105026,23.7430149],[90.4105611,23.7430146],[90.4105614,23.7430836]]]},"properties":{"sources":[{"property":"","dataset":"OpenStreetMap","license":"ODbL-1.0","record_id":"w1425700358@1","update_time":"2025-08-29T00:28:56.000Z","confidence":null,"between":null,"provider":"osm","resource":"planet","version":"2026-09-06T00:00:00.000Z"}],"is_underground":false,"has_parts":false,"version":1}},
{"id":"d5c75603-ebed-461c-b2ad-8e270a110992","type":"Feature","geometry":{"type":"Polygon","coordinates":[[[90.4105305,23.7434427],[90.4104253,23.7434217],[90.4104977,23.7431172],[90.4106029,23.7431382],[90.4105305,23.7434427]]]},"properties":{"sources":[{"property":"","dataset":"OpenStreetMap","license":"ODbL-1.0","record_id":"w505560668@1","update_time":"2017-07-06T11:05:19.000Z","confidence":null,"between":null,"provider":"osm","resource":"planet","version":"2026-09-06T00:00:00.000Z"}],"is_underground":false,"has_parts":false,"version":1}},
{"id":"417a56ee-ae76-4d09-983f-428afc24eac7","type":"Feature","geometry":{"type":"Polygon","coordinates":[[[90.410638,23.7434748],[90.4105687,23.7434707],[90.4105759,23.7433681],[90.4106452,23.7433722],[90.410638,23.7434748]]]},"properties":{"sources":[{"property":"","dataset":"OpenStreetMap","license":"ODbL-1.0","record_id":"w1112708334@1","update_time":"2022-11-13T14:41:23.000Z","confidence":null,"between":null,"provider":"osm","resource":"planet","version":"2026-09-06T00:00:00.000Z"}],"is_underground":false,"has_parts":false,"version":1}},
{"id":"d544d52e-f063-475c-8b71-764dc1e8d777","type":"Feature","geometry":{"type":"Polygon","coordinates":[[[90.4106354,23.7433154],[90.4105907,23.7433124],[90.4105954,23.7432539],[90.4106401,23.7432569],[90.4106354,23.7433154]]]},"properties":{"sources":[{"property":"","dataset":"OpenStreetMap","license":"ODbL-1.0","record_id":"w1112708335@1","update_time":"2022-11-13T14:41:23.000Z","confidence":null,"between":null,"provider":"osm","resource":"planet","version":"2026-09-06T00:00:00.000Z"}],"is_underground":false,"has_parts":false,"version":1}},
{"id":"79ab3cc8-adbc-4d02-9eda-9715b529bcfc","type":"Feature","geometry":{"type":"Polygon","coordinates":[[[90.410802,23.7431087],[90.4107899,23.7432844],[90.4106968,23.743279],[90.4107089,23.7431033],[90.410802,23.7431087]]]},"properties":{"sources":[{"property":"","dataset":"OpenStreetMap","license":"ODbL-1.0","record_id":"w450083978@1","update_time":"2021-10-15T11:43:11.000Z","confidence":null,"between":null,"provider":"osm","resource":"planet","version":"2026-09-06T00:00:00.000Z"}],"is_underground":false,"has_parts":false,"version":1}},
{"id":"01edf513-7ec1-4c6b-b02c-3d731ab5c494","type":"Feature","geometry":{"type":"Polygon","coordinates":[[[90.4109093,23.7434366],[90.4107147,23.7434272],[90.4107209,23.7433201],[90.4109155,23.7433296],[90.4109093,23.7434366]]]},"properties":{"sources":[{"property":"","dataset":"OpenStreetMap","license":"ODbL-1.0","record_id":"w993036681@1","update_time":"2021-10-15T11:43:11.000Z","confidence":null,"between":null,"provider":"osm","resource":"planet","version":"2026-09-06T00:00:00.000Z"}],"is_underground":false,"subtype":"residential","class":"residential","has_parts":false,"version":1}},
{"id":"d8922e6b-cb37-4560-9c18-c28944d0aca0","type":"Feature","geometry":{"type":"Polygon","coordinates":[[[90.410926,23.7431181],[90.4109108,23.7433095],[90.4108075,23.7433026],[90.4108228,23.7431112],[90.4108352,23.7431121],[90.410926,23.7431181]]]},"properties":{"sources":[{"property":"","dataset":"OpenStreetMap","license":"ODbL-1.0","record_id":"w450083985@2","update_time":"2021-10-15T11:43:11.000Z","confidence":null,"between":null,"provider":"osm","resource":"planet","version":"2026-09-06T00:00:00.000Z"}],"is_underground":false,"has_parts":false,"version":1}},
{"id":"7b11d375-7875-4555-92bb-6abe34e4e034","type":"Feature","geometry":{"type":"Polygon","coordinates":[[[90.4109213,23.743068],[90.4106938,23.7430546],[90.4107029,23.7429259],[90.4109304,23.7429392],[90.4109213,23.743068]]]},"properties":{"sources":[{"property":"","dataset":"OpenStreetMap","license":"ODbL-1.0","record_id":"w505555768@1","update_time":"2021-10-15T11:47:19.000Z","confidence":null,"between":null,"provider":"osm","resource":"planet","version":"2026-09-06T00:00:00.000Z"}],"is_underground":false,"has_parts":false,"version":1}},
{"id":"6c47bab8-ec65-4ea8-a385-df2d081b8711","type":"Feature","geometry":{"type":"Polygon","coordinates":[[[90.4110606,23.7429396],[90.4107241,23.7429239],[90.4107314,23.742791],[90.4111199,23.742809],[90.4111162,23.7428762],[90.4110643,23.7428738],[90.4110606,23.7429396]]]},"properties":{"sources":[{"property":"","dataset":"OpenStreetMap","license":"ODbL-1.0","record_id":"w505555769@2","update_time":"2021-10-15T11:47:19.000Z","confidence":null,"between":null,"provider":"osm","resource":"planet","version":"2026-09-06T00:00:00.000Z"}],"is_underground":false,"has_parts":false,"version":1}},
{"id":"19505beb-098e-4856-a4b2-61b316bcaf17","type":"Feature","geometry":{"type":"Polygon","coordinates":[[[90.4109989,23.7427315],[90.4108606,23.7427247],[90.4108657,23.7426379],[90.411004,23.7426447],[90.4109989,23.7427315]]]},"properties":{"sources":[{"property":"","dataset":"OpenStreetMap","license":"ODbL-1.0","record_id":"w1441830098@1","update_time":"2025-10-13T08:46:29.000Z","confidence":null,"between":null,"provider":"osm","resource":"planet","version":"2026-09-06T00:00:00.000Z"}],"is_underground":false,"has_parts":false,"version":1}},
{"id":"a36aebed-c80b-4cc5-a5ad-11e8564ca7e1","type":"Feature","geometry":{"type":"Polygon","coordinates":[[[90.411235,23.7430771],[90.410946,23.7430592],[90.4109548,23.7429415],[90.4110669,23.7429484],[90.4110689,23.7429214],[90.4113241,23.7429372],[90.411235,23.7430771]]]},"properties":{"sources":[{"property":"","dataset":"OpenStreetMap","license":"ODbL-1.0","record_id":"w505555767@2","update_time":"2021-10-15T11:47:19.000Z","confidence":null,"between":null,"provider":"osm","resource":"planet","version":"2026-09-06T00:00:00.000Z"}],"is_underground":false,"has_parts":false,"version":1}},
{"id":"70840747-b38c-4b48-99ed-c5e2f7b7797f","type":"Feature","geometry":{"type":"Polygon","coordinates":[[[90.41134,23.7429206],[90.4111468,23.7429003],[90.4111656,23.7427505],[90.4113588,23.7427708],[90.41134,23.7429206]]]},"properties":{"sources":[{"property":"","dataset":"OpenStreetMap","license":"ODbL-1.0","record_id":"w505560665@1","update_time":"2021-10-15T11:47:19.000Z","confidence":null,"between":null,"provider":"osm","resource":"planet","version":"2026-09-06T00:00:00.000Z"}],"is_underground":false,"has_parts":false,"version":1}},
{"id":"0f2f3436-cb91-4b34-81f7-debbc48c8bd7","type":"Feature","geometry":{"type":"Polygon","coordinates":[[[90.4112932,23.7426622],[90.4114472,23.7427004],[90.4114228,23.7427839],[90.4112688,23.7427457],[90.4112932,23.7426622]]]},"properties":{"sources":[{"property":"","dataset":"Google Open Buildings","license":null,"record_id":"7MMGPCV6+3GQV","update_time":"2023-05-01T00:00:00.000Z","confidence":0.709,"between":null,"provider":"google","resource":"open_buildings","version":"2024-04-16"}],"is_underground":false,"has_parts":false,"version":1}},
{"id":"14000b0e-a473-481a-b42c-0df8125c0c00","type":"Feature","geometry":{"type":"Polygon","coordinates":[[[90.4114152,23.7428239],[90.4113765,23.7429204],[90.4113434,23.7429092],[90.411382,23.7428127],[90.4114152,23.7428239]]]},"properties":{"sources":[{"property":"","dataset":"Google Open Buildings","license":null,"record_id":"7MMGPCV6+4HRJ","update_time":"2023-05-01T00:00:00.000Z","confidence":0.7301,"between":null,"provider":"google","resource":"open_buildings","version":"2024-04-16"}],"is_underground":false,"has_parts":false,"version":1}},
{"id":"6a46df0e-745c-4fbb-bb16-b4bfc2cb8a8e","type":"Feature","geometry":{"type":"Polygon","coordinates":[[[90.4114337,23.7431521],[90.4114272,23.7432551],[90.4112963,23.7432482],[90.4113028,23.7431452],[90.4114337,23.7431521]]]},"properties":{"sources":[{"property":"","dataset":"OpenStreetMap","license":"ODbL-1.0","record_id":"w450084181@1","update_time":"2021-10-15T11:43:11.000Z","confidence":null,"between":null,"provider":"osm","resource":"planet","version":"2026-09-06T00:00:00.000Z"}],"is_underground":false,"has_parts":false,"version":1}},
{"id":"06d87b07-6dbe-48f2-9317-3583e6c7ffa5","type":"Feature","geometry":{"type":"Polygon","coordinates":[[[90.4114254,23.7434523],[90.4113054,23.7434488],[90.4113096,23.7433291],[90.4114295,23.7433326],[90.4114254,23.7434523]]]},"properties":{"sources":[{"property":"","dataset":"OpenStreetMap","license":"ODbL-1.0","record_id":"w450084145@1","update_time":"2021-10-15T11:43:11.000Z","confidence":null,"between":null,"provider":"osm","resource":"planet","version":"2026-09-06T00:00:00.000Z"}],"is_underground":false,"has_parts":false,"version":1}},
{"id":"4402bb02-e621-4183-b3aa-29704a0d8605","type":"Feature","geometry":{"type":"Polygon","coordinates":[[[90.4112211,23.7432526],[90.4110404,23.743244],[90.4110481,23.7431096],[90.4112288,23.7431182],[90.4112211,23.7432526]]]},"properties":{"sources":[{"property":"","dataset":"OpenStreetMap","license":"ODbL-1.0","record_id":"w450083778@1","update_time":"2025-10-03T20:40:22.000Z","confidence":null,"between":null,"provider":"osm","resource":"planet","version":"2026-09-06T00:00:00.000Z"}],"is_underground":false,"has_parts":false,"version":2}},
{"id":"d6a7ec76-a1c2-49c4-916e-a3b04c4b9be7","type":"Feature","geometry":{"type":"Polygon","coordinates":[[[90.411027,23.7432406],[90.4109335,23.7432392],[90.4109357,23.7431097],[90.4110293,23.743111],[90.411027,23.7432406]]]},"properties":{"sources":[{"property":"","dataset":"OpenStreetMap","license":"ODbL-1.0","record_id":"w1435184829@1","update_time":"2025-10-03T20:40:22.000Z","confidence":null,"between":null,"provider":"osm","resource":"planet","version":"2026-09-06T00:00:00.000Z"}],"is_underground":false,"has_parts":false,"version":1}},
{"id":"1f0b1deb-9251-4c15-81b8-3d33acfdfcab","type":"Feature","geometry":{"type":"Polygon","coordinates":[[[90.4112046,23.7433623],[90.4109243,23.7433525],[90.410928,23.7432651],[90.4112083,23.7432749],[90.4112046,23.7433623]]]},"properties":{"sources":[{"property":"","dataset":"OpenStreetMap","license":"ODbL-1.0","record_id":"w505558598@1","update_time":"2021-10-15T11:43:11.000Z","confidence":null,"between":null,"provider":"osm","resource":"planet","version":"2026-09-06T00:00:00.000Z"}],"is_underground":false,"has_parts":false,"version":1}},
{"id":"ac63f9d6-7ccd-49c1-a5e1-2cf0751b1517","type":"Feature","geometry":{"type":"Polygon","coordinates":[[[90.4111922,23.7435215],[90.4109161,23.7435065],[90.4109253,23.7433652],[90.4112014,23.7433802],[90.4111922,23.7435215]]]},"properties":{"sources":[{"property":"","dataset":"OpenStreetMap","license":"ODbL-1.0","record_id":"w450083624@1","update_time":"2021-10-15T11:43:11.000Z","confidence":null,"between":null,"provider":"osm","resource":"planet","version":"2026-09-06T00:00:00.000Z"}],"is_underground":false,"has_parts":false,"version":1}},
{"id":"91d2247c-9acd-4f33-a106-7c6ceb4e08a0","type":"Feature","geometry":{"type":"Polygon","coordinates":[[[90.4119361,23.743317],[90.4118208,23.7433121],[90.4118234,23.7431685],[90.4119428,23.7431771],[90.4119361,23.743317]]]},"properties":{"sources":[{"property":"","dataset":"OpenStreetMap","license":"ODbL-1.0","record_id":"w450084835@1","update_time":"2020-01-21T05:24:53.000Z","confidence":null,"between":null,"provider":"osm","resource":"planet","version":"2026-09-06T00:00:00.000Z"}],"is_underground":false,"has_parts":false,"version":1}},
{"id":"b28a9c38-15fb-487b-a6f8-aa19f1f579d0","type":"Feature","geometry":{"type":"Polygon","coordinates":[[[90.4117893,23.7432861],[90.4116601,23.7432801],[90.4116663,23.7431694],[90.4117955,23.7431754],[90.4117893,23.7432861]]]},"properties":{"sources":[{"property":"","dataset":"OpenStreetMap","license":"ODbL-1.0","record_id":"w450084735@1","update_time":"2021-10-15T11:43:11.000Z","confidence":null,"between":null,"provider":"osm","resource":"planet","version":"2026-09-06T00:00:00.000Z"}],"is_underground":false,"has_parts":false,"version":1}},
{"id":"0ebf0e02-613d-40c3-9890-a83c76e60b1c","type":"Feature","geometry":{"type":"Polygon","coordinates":[[[90.4119492,23.7434406],[90.4116611,23.7434411],[90.4116609,23.7433339],[90.4119489,23.7433334],[90.4119492,23.7434406]]]},"properties":{"sources":[{"property":"","dataset":"OpenStreetMap","license":"ODbL-1.0","record_id":"w450084110@3","update_time":"2021-10-15T11:43:11.000Z","confidence":null,"between":null,"provider":"osm","resource":"planet","version":"2026-09-06T00:00:00.000Z"}],"is_underground":false,"has_parts":false,"version":1}},
{"id":"50e8c585-df92-4670-a4fb-f428c56f3caa","type":"Feature","geometry":{"type":"Polygon","coordinates":[[[90.4116193,23.743445],[90.411462,23.7434394],[90.4114648,23.7433759],[90.411504,23.7433773],[90.4115031,23.7433978],[90.4115304,23.7433988],[90.4115427,23.7433781],[90.4115575,23.7433786],[90.411559,23.7433434],[90.4116235,23.7433457],[90.4116193,23.743445]]]},"properties":{"sources":[{"property":"","dataset":"OpenStreetMap","license":"ODbL-1.0","record_id":"w765299421@2","update_time":"2021-10-15T11:43:11.000Z","confidence":null,"between":null,"provider":"osm","resource":"planet","version":"2026-09-06T00:00:00.000Z"}],"is_underground":false,"num_floors":12,"subtype":"residential","class":"apartments","has_parts":false,"version":1}},
{"id":"aa3c1ba7-337d-4e4a-b6ac-294bc8f79f7c","type":"Feature","geometry":{"type":"Polygon","coordinates":[[[90.4116174,23.743261],[90.4114599,23.7432483],[90.4114702,23.743142],[90.4116277,23.7431547],[90.4116174,23.743261]]]},"properties":{"sources":[{"property":"","dataset":"OpenStreetMap","license":"ODbL-1.0","record_id":"w450084272@1","update_time":"2021-10-15T11:43:11.000Z","confidence":null,"between":null,"provider":"osm","resource":"planet","version":"2026-09-06T00:00:00.000Z"}],"is_underground":false,"has_parts":false,"version":1}},
{"id":"6b4d0bad-c545-49f9-bcef-15d1ace01ba0","type":"Feature","geometry":{"type":"Polygon","coordinates":[[[90.4115887,23.7431132],[90.4113339,23.7430936],[90.4114425,23.7429131],[90.4116303,23.74295],[90.4115887,23.7431132]]]},"properties":{"sources":[{"property":"","dataset":"OpenStreetMap","license":"ODbL-1.0","record_id":"w450084379@1","update_time":"2020-01-21T05:24:53.000Z","confidence":null,"between":null,"provider":"osm","resource":"planet","version":"2026-09-06T00:00:00.000Z"}],"is_underground":false,"has_parts":false,"version":1}},
{"id":"d545d008-fb75-4bf6-b40a-98d9562b879c","type":"Feature","geometry":{"type":"Polygon","coordinates":[[[90.4115623,23.7428729],[90.4114806,23.7428543],[90.4115159,23.7427636],[90.4115281,23.7426987],[90.4115458,23.7426092],[90.4116348,23.7426116],[90.4116239,23.7427901],[90.4115844,23.7427915],[90.4115623,23.7428729]]]},"properties":{"names":{"primary":"Oriental Zaman's Heaven","common":null,"rules":null},"sources":[{"property":"","dataset":"OpenStreetMap","license":"ODbL-1.0","record_id":"w505555770@3","update_time":"2021-10-15T11:47:19.000Z","confidence":null,"between":null,"provider":"osm","resource":"planet","version":"2026-09-06T00:00:00.000Z"}],"is_underground":false,"num_floors":6,"subtype":"residential","class":"apartments","has_parts":false,"version":1}},
{"id":"b8a74667-3f78-49ea-9599-1e4624d624c2","type":"Feature","geometry":{"type":"Polygon","coordinates":[[[90.4116387,23.7428323],[90.4116348,23.7426889],[90.4116785,23.7426879],[90.4116825,23.7428313],[90.4116387,23.7428323]]]},"properties":{"sources":[{"property":"","dataset":"OpenStreetMap","license":"ODbL-1.0","record_id":"w1456722263@1","update_time":"2025-12-07T17:00:57.000Z","confidence":null,"between":null,"provider":"osm","resource":"planet","version":"2026-09-06T00:00:00.000Z"}],"is_underground":false,"has_parts":false,"version":1}},
{"id":"ed671b79-e4a4-4472-a31a-e2e588a1609e","type":"Feature","geometry":{"type":"Polygon","coordinates":[[[90.4116703,23.7426159],[90.4116759,23.7427636],[90.4116484,23.7427644],[90.4116428,23.7426167],[90.4116703,23.7426159]]]},"properties":{"sources":[{"property":"","dataset":"OpenStreetMap","license":"ODbL-1.0","record_id":"w1456634677@1","update_time":"2025-12-07T08:36:30.000Z","confidence":null,"between":null,"provider":"osm","resource":"planet","version":"2026-09-06T00:00:00.000Z"}],"is_underground":false,"has_parts":false,"version":1}},
{"id":"695968ed-3b8e-4ebd-980c-8aadf0d569a8","type":"Feature","geometry":{"type":"Polygon","coordinates":[[[90.4117913,23.7427535],[90.4116861,23.7427577],[90.4116794,23.7426153],[90.4117846,23.7426111],[90.4117913,23.7427535]]]},"properties":{"sources":[{"property":"","dataset":"OpenStreetMap","license":"ODbL-1.0","record_id":"w505555771@2","update_time":"2021-10-15T11:47:19.000Z","confidence":null,"between":null,"provider":"osm","resource":"planet","version":"2026-09-06T00:00:00.000Z"}],"is_underground":false,"num_floors":2,"has_parts":false,"version":1}},
{"id":"b5895489-43d8-4dd3-a5e6-2d363f47a679","type":"Feature","geometry":{"type":"Polygon","coordinates":[[[90.4118046,23.743139],[90.411637,23.743128],[90.4116624,23.7429635],[90.4117885,23.7429733],[90.4118046,23.743139]]]},"properties":{"sources":[{"property":"","dataset":"OpenStreetMap","license":"ODbL-1.0","record_id":"w450084526@1","update_time":"2020-01-21T05:24:53.000Z","confidence":null,"between":null,"provider":"osm","resource":"planet","version":"2026-09-06T00:00:00.000Z"}],"is_underground":false,"has_parts":false,"version":1}},
{"id":"c6b84165-ba37-4e4f-a03c-28fad7e26d3f","type":"Feature","geometry":{"type":"Polygon","coordinates":[[[90.4119356,23.7431529],[90.4118312,23.7431551],[90.4118271,23.7429968],[90.4119315,23.742994499999998],[90.4119356,23.7431529]]]},"properties":{"sources":[{"property":"","dataset":"OpenStreetMap","license":"ODbL-1.0","record_id":"w505555766@1","update_time":"2021-05-30T03:01:44.000Z","confidence":null,"between":null,"provider":"osm","resource":"planet","version":"2026-09-06T00:00:00.000Z"}],"is_underground":false,"has_parts":false,"version":1}},
{"id":"a7f3066e-d44c-4a6c-b7d7-a7cbdad7d3d0","type":"Feature","geometry":{"type":"Polygon","coordinates":[[[90.41179,23.7429281],[90.4117882,23.7427987],[90.4119374,23.742797],[90.4119392,23.7429264],[90.41179,23.7429281]]]},"properties":{"sources":[{"property":"","dataset":"OpenStreetMap","license":"ODbL-1.0","record_id":"w450084838@2","update_time":"2020-01-21T05:37:09.000Z","confidence":null,"between":null,"provider":"osm","resource":"planet","version":"2026-09-06T00:00:00.000Z"}],"is_underground":false,"has_parts":false,"version":1}},
{"id":"5ba2ea14-39ae-43b0-82ec-87f61da96396","type":"Feature","geometry":{"type":"Polygon","coordinates":[[[90.4119345,23.7427734],[90.411838,23.7427771],[90.4118353,23.742604],[90.4119359,23.7426028],[90.4119345,23.7427734]]]},"properties":{"sources":[{"property":"","dataset":"OpenStreetMap","license":"ODbL-1.0","record_id":"w765301035@1","update_time":"2020-01-21T05:37:09.000Z","confidence":null,"between":null,"provider":"osm","resource":"planet","version":"2026-09-06T00:00:00.000Z"}],"is_underground":false,"subtype":"residential","class":"house","has_parts":false,"version":1}},
{"id":"a5e68c68-fd55-4d85-af87-61d2867d3b13","type":"Feature","geometry":{"type":"Polygon","coordinates":[[[90.4118656,23.7425536],[90.4117729,23.7425463],[90.4117863,23.7424051],[90.411879,23.7424125],[90.4118656,23.7425536]]]},"properties":{"sources":[{"property":"","dataset":"OpenStreetMap","license":"ODbL-1.0","record_id":"w505558594@1","update_time":"2017-07-06T11:02:33.000Z","confidence":null,"between":null,"provider":"osm","resource":"planet","version":"2026-09-06T00:00:00.000Z"}],"is_underground":false,"has_parts":false,"version":1}},
{"id":"3442ce0f-b5e5-4819-b879-f29e189dc510","type":"Feature","geometry":{"type":"Polygon","coordinates":[[[90.411746,23.7424859],[90.4116956,23.7424801],[90.411705,23.7424125],[90.4117553,23.7424183],[90.411746,23.7424859]]]},"properties":{"sources":[{"property":"","dataset":"OpenStreetMap","license":"ODbL-1.0","record_id":"w1435607776@1","update_time":"2025-10-05T08:54:47.000Z","confidence":null,"between":null,"provider":"osm","resource":"planet","version":"2026-09-06T00:00:00.000Z"}],"is_underground":false,"has_parts":false,"version":1}},
{"id":"20b49eb4-c879-4a80-a953-5bf1428e7c69","type":"Feature","geometry":{"type":"Polygon","coordinates":[[[90.4117579,23.7423989],[90.4117137,23.7423929],[90.4117195,23.7423571],[90.4117636,23.742363],[90.4117579,23.7423989]]]},"properties":{"sources":[{"property":"","dataset":"OpenStreetMap","license":"ODbL-1.0","record_id":"w1435607778@1","update_time":"2025-10-05T08:54:47.000Z","confidence":null,"between":null,"provider":"osm","resource":"planet","version":"2026-09-06T00:00:00.000Z"}],"is_underground":false,"has_parts":false,"version":1}},
{"id":"d8e808fc-82c2-463b-b44e-f5ce48b63647","type":"Feature","geometry":{"type":"Polygon","coordinates":[[[90.4117967,23.7423953],[90.4117987,23.74234],[90.4118755,23.742346],[90.4118734,23.7424023],[90.4117967,23.7423953]]]},"properties":{"sources":[{"property":"","dataset":"OpenStreetMap","license":"ODbL-1.0","record_id":"r19680665@1","update_time":"2025-10-05T08:26:17.000Z","confidence":null,"between":null,"provider":"osm","resource":"planet","version":"2026-09-06T00:00:00.000Z"}],"is_underground":false,"has_parts":false,"version":3}},
{"id":"3182532c-c0bc-47ee-bea9-8a4a353ebd7a","type":"Feature","geometry":{"type":"Polygon","coordinates":[[[90.4119454,23.7424485],[90.4118972,23.7424456],[90.4118997,23.7424108],[90.4119478,23.7424137],[90.4119454,23.7424485]]]},"properties":{"sources":[{"property":"","dataset":"OpenStreetMap","license":"ODbL-1.0","record_id":"w1425913787@1","update_time":"2025-08-29T19:05:29.000Z","confidence":null,"between":null,"provider":"osm","resource":"planet","version":"2026-09-06T00:00:00.000Z"}],"is_underground":false,"has_parts":false,"version":1}},
{"id":"f001138a-d56f-46e2-88bb-defbfb643a39","type":"Feature","geometry":{"type":"Polygon","coordinates":[[[90.4118773,23.7421534],[90.4119229,23.7421474],[90.4119352,23.742226],[90.4118895,23.7422321],[90.4118773,23.7421534]]]},"properties":{"sources":[{"property":"","dataset":"Google Open Buildings","license":null,"record_id":"7MMGPCR6+VQFC","update_time":"2023-05-01T00:00:00.000Z","confidence":0.7059,"between":null,"provider":"google","resource":"open_buildings","version":"2024-04-16"}],"is_underground":false,"has_parts":false,"version":1}},
{"id":"9e646f23-6d36-402b-923f-85fe2d51de3b","type":"Feature","geometry":{"type":"Polygon","coordinates":[[[90.4117595,23.74205],[90.4117581,23.7418118],[90.411827,23.7418499],[90.4118813,23.7418843],[90.4119876,23.742007],[90.4120102,23.7420411],[90.4117595,23.74205]]]},"properties":{"names":{"primary":"Conifer Tower","common":null,"rules":null},"sources":[{"property":"","dataset":"OpenStreetMap","license":"ODbL-1.0","record_id":"w409842329@5","update_time":"2021-05-29T09:01:46.000Z","confidence":null,"between":null,"provider":"osm","resource":"planet","version":"2026-09-06T00:00:00.000Z"}],"is_underground":false,"num_floors":16,"subtype":"residential","class":"apartments","has_parts":false,"version":1}},
{"id":"faf2cec2-48c0-4377-9514-03c474246c05","type":"Feature","geometry":{"type":"Polygon","coordinates":[[[90.4117313,23.7421593],[90.4115463,23.7421618],[90.411545,23.7420816],[90.4117301,23.7420792],[90.4117313,23.7421593]]]},"properties":{"sources":[{"property":"","dataset":"OpenStreetMap","license":"ODbL-1.0","record_id":"w505558586@1","update_time":"2021-10-11T06:02:49.000Z","confidence":null,"between":null,"provider":"osm","resource":"planet","version":"2026-09-06T00:00:00.000Z"}],"is_underground":false,"has_parts":false,"version":1}},
{"id":"15f974f8-24de-4638-be94-060d78696e27","type":"Feature","geometry":{"type":"Polygon","coordinates":[[[90.4117091,23.7417599],[90.4117093,23.7420512],[90.4115704,23.7420513],[90.4115702,23.74176],[90.4117091,23.7417599]]]},"properties":{"names":{"primary":"Al Madinah Palace","common":null,"rules":null},"sources":[{"property":"","dataset":"OpenStreetMap","license":"ODbL-1.0","record_id":"w409842443@5","update_time":"2020-01-21T05:52:05.000Z","confidence":null,"between":null,"provider":"osm","resource":"planet","version":"2026-09-06T00:00:00.000Z"}],"is_underground":false,"num_floors":9,"has_parts":false,"version":1}},
{"id":"37a1f1b3-0edd-4a89-8811-733a3a4d7730","type":"Feature","geometry":{"type":"Polygon","coordinates":[[[90.4114781,23.7418099],[90.4114962,23.7419708],[90.4114221,23.7419779],[90.4114039,23.741817],[90.4114781,23.7418099]]]},"properties":{"sources":[{"property":"","dataset":"Google Open Buildings","license":null,"record_id":"7MMGPCR6+QH4M","update_time":"2023-05-01T00:00:00.000Z","confidence":0.8139,"between":null,"provider":"google","resource":"open_buildings","version":"2024-04-16"}],"is_underground":false,"has_parts":false,"version":3}},
{"id":"20fd468f-3d17-4b8d-b02d-218b9c4b4dec","type":"Feature","geometry":{"type":"Polygon","coordinates":[[[90.4116577,23.7423542],[90.4115296,23.7423561],[90.4115279,23.7422579],[90.411656,23.7422561],[90.4116577,23.7423542]]]},"properties":{"sources":[{"property":"","dataset":"OpenStreetMap","license":"ODbL-1.0","record_id":"w1435184803@1","update_time":"2025-10-03T20:40:22.000Z","confidence":null,"between":null,"provider":"osm","resource":"planet","version":"2026-09-06T00:00:00.000Z"}],"is_underground":false,"has_parts":false,"version":1}},
{"id":"7c9536fa-1d80-478f-bc81-b736243c6728","type":"Feature","geometry":{"type":"Polygon","coordinates":[[[90.411669,23.7424579],[90.4115409,23.7424598],[90.41153920000001,23.7423616],[90.4116673,23.7423598],[90.411669,23.7424579]]]},"properties":{"sources":[{"property":"","dataset":"OpenStreetMap","license":"ODbL-1.0","record_id":"w505558595@1","update_time":"2020-01-21T05:52:05.000Z","confidence":null,"between":null,"provider":"osm","resource":"planet","version":"2026-09-06T00:00:00.000Z"}],"is_underground":false,"has_parts":false,"version":1}},
{"id":"df531e82-41de-46df-8ae4-8addd0c59ba8","type":"Feature","geometry":{"type":"Polygon","coordinates":[[[90.4116576,23.7425297],[90.4115114,23.7425291],[90.4115116,23.74248],[90.4116578,23.7424806],[90.4116576,23.7425297]]]},"properties":{"sources":[{"property":"","dataset":"OpenStreetMap","license":"ODbL-1.0","record_id":"w505558596@1","update_time":"2020-01-21T05:52:05.000Z","confidence":null,"between":null,"provider":"osm","resource":"planet","version":"2026-09-06T00:00:00.000Z"}],"is_underground":false,"has_parts":false,"version":1}},
{"id":"74a450eb-84cb-41ed-9cd0-2ced05a425c7","type":"Feature","geometry":{"type":"Polygon","coordinates":[[[90.4110964,23.7425964],[90.4111537,23.7426016],[90.4111479,23.7426552],[90.4110906,23.7426499],[90.4110964,23.7425964]]]},"properties":{"sources":[{"property":"","dataset":"Google Open Buildings","license":null,"record_id":"7MMGPCV6+3C55","update_time":"2023-05-01T00:00:00.000Z","confidence":0.8067,"between":null,"provider":"google","resource":"open_buildings","version":"2024-04-16"}],"is_underground":false,"has_parts":false,"version":1}},
{"id":"43c88c32-c31b-47f3-887a-934f9526d816","type":"Feature","geometry":{"type":"Polygon","coordinates":[[[90.411021,23.7425997],[90.4110946,23.7426052],[90.4110871,23.7426904],[90.4110135,23.7426849],[90.411021,23.7425997]]]},"properties":{"sources":[{"property":"","dataset":"Google Open Buildings","license":null,"record_id":"7MMGPCV6+3C3W","update_time":"2023-05-01T00:00:00.000Z","confidence":0.8215,"between":null,"provider":"google","resource":"open_buildings","version":"2024-04-16"}],"is_underground":false,"has_parts":false,"version":1}},
{"id":"54111ebf-7581-47cd-a3c2-530d82c9349e","type":"Feature","geometry":{"type":"Polygon","coordinates":[[[90.4114382,23.7425591],[90.4108843,23.7425327],[90.4109011,23.7422373],[90.4109812,23.7422411],[90.4109681,23.7424718],[90.4113257,23.7424889],[90.4113426,23.7421921],[90.4114587,23.7421977],[90.4114382,23.7425591]]]},"properties":{"sources":[{"property":"","dataset":"OpenStreetMap","license":"ODbL-1.0","record_id":"w409842753@5","update_time":"2021-10-11T06:02:49.000Z","confidence":null,"between":null,"provider":"osm","resource":"planet","version":"2026-09-06T00:00:00.000Z"}],"is_underground":false,"num_floors":3,"subtype":"education","class":"school","has_parts":false,"version":1}},
{"id":"4c40e083-b447-4f96-b3cc-0e055e878d7e","type":"Feature","geometry":{"type":"Polygon","coordinates":[[[90.41128,23.7419051],[90.4110393,23.7419304],[90.4110302,23.7418578],[90.4112709,23.7418325],[90.41128,23.7419051]]]},"properties":{"sources":[{"property":"","dataset":"OpenStreetMap","license":"ODbL-1.0","record_id":"w991678729@2","update_time":"2021-10-11T06:02:49.000Z","confidence":null,"between":null,"provider":"osm","resource":"planet","version":"2026-09-06T00:00:00.000Z"}],"is_underground":false,"num_floors":8,"subtype":"education","class":"school","has_parts":false,"version":1}},
{"id":"45e5d167-4eae-43dc-aeeb-c014130e3534","type":"Feature","geometry":{"type":"Polygon","coordinates":[[[90.4114195,23.7416433],[90.4113403,23.7416511],[90.4113264,23.7415334],[90.4114056,23.7415256],[90.4114195,23.7416433]]]},"properties":{"sources":[{"property":"","dataset":"OpenStreetMap","license":"ODbL-1.0","record_id":"w409842059@4","update_time":"2021-10-10T13:25:42.000Z","confidence":null,"between":null,"provider":"osm","resource":"planet","version":"2026-09-06T00:00:00.000Z"}],"is_underground":false,"num_floors":5,"has_parts":false,"version":1}},
{"id":"3abba9cb-902c-4640-8b21-88e0755b7220","type":"Feature","geometry":{"type":"Polygon","coordinates":[[[90.4112929,23.7416547],[90.4109813,23.7416878],[90.4109625,23.7415399],[90.410998,23.7415382],[90.4110087,23.7415533],[90.4110638,23.7415488],[90.4110656,23.7415599],[90.411087,23.7415595],[90.4110902,23.7415818],[90.4111187,23.7415778],[90.41112,23.7415631],[90.4111441,23.7415521],[90.4111656,23.7415557],[90.4111964,23.7415508],[90.4112031,23.7415619],[90.411242,23.7415582],[90.4112514,23.7415705],[90.4113105,23.7415642],[90.4113154,23.7416024],[90.4112867,23.7416054],[90.4112929,23.7416547]]]},"properties":{"names":{"primary":"RHD residential building","common":null,"rules":null},"sources":[{"property":"","dataset":"OpenStreetMap","license":"ODbL-1.0","record_id":"w447728019@1","update_time":"2021-10-10T13:25:42.000Z","confidence":null,"between":null,"provider":"osm","resource":"planet","version":"2026-09-06T00:00:00.000Z"}],"is_underground":false,"num_floors":6,"subtype":"residential","class":"residential","has_parts":false,"version":1}},
{"id":"07071316-ee18-43e7-9d35-f7f67283b290","type":"Feature","geometry":{"type":"Polygon","coordinates":[[[90.4109863,23.7415086],[90.4108287,23.7415102],[90.4108251,23.7412268],[90.4109141,23.7412259],[90.4109149,23.7413287],[90.4109381,23.7413286],[90.4109372,23.7412256],[90.4110353,23.7412246],[90.411041,23.7414084],[90.4110762,23.7414075],[90.4110705,23.7412242],[90.4111617,23.7412233],[90.4111639,23.741396],[90.4112123,23.7413955],[90.4112118,23.7413603],[90.411273,23.7413597],[90.4112739,23.7414267],[90.4112974,23.7414264],[90.4112984,23.7415053],[90.4111776,23.7415066],[90.411176,23.7414376],[90.4111547,23.741438],[90.4111562,23.7415068],[90.4110076,23.7415083],[90.4110056,23.7414272],[90.4109843,23.7414277],[90.4109863,23.7415086]]]},"properties":{"sources":[{"property":"","dataset":"OpenStreetMap","license":"ODbL-1.0","record_id":"w983110735@1","update_time":"2021-09-14T05:49:22.000Z","confidence":null,"between":null,"provider":"osm","resource":"planet","version":"2026-09-06T00:00:00.000Z"}],"is_underground":false,"num_floors":12,"subtype":"residential","class":"apartments","has_parts":false,"version":1}},
{"id":"c3cb9241-00bf-4900-be4d-a1f6e984b78d","type":"Feature","geometry":{"type":"Polygon","coordinates":[[[90.4113743,23.7411697],[90.4116229,23.7414957],[90.4115521,23.7415203],[90.4115186,23.7414545],[90.411482,23.7414683],[90.4114881,23.7414821],[90.4114251,23.7415138],[90.4112256,23.7412225],[90.4112295,23.7411612],[90.4113528,23.7411697],[90.4113743,23.7411697]]]},"properties":{"names":{"primary":"Shantinagar Plaza","common":null,"rules":null},"sources":[{"property":"","dataset":"OpenStreetMap","license":"ODbL-1.0","record_id":"w991678715@1","update_time":"2021-10-10T13:25:42.000Z","confidence":null,"between":null,"provider":"osm","resource":"planet","version":"2026-09-06T00:00:00.000Z"}],"is_underground":false,"num_floors":6,"subtype":"commercial","class":"commercial","has_parts":false,"version":1}},
{"id":"e0560942-5c30-407b-a532-c442bc483e2b","type":"Feature","geometry":{"type":"Polygon","coordinates":[[[90.4115438,23.7415557],[90.4114194,23.7415719],[90.4114136,23.7415251],[90.4114968,23.7414845],[90.4114895,23.7414686],[90.4115172,23.7414584],[90.4115503,23.7415268],[90.4115388,23.7415314],[90.4115438,23.7415557]]]},"properties":{"sources":[{"property":"","dataset":"OpenStreetMap","license":"ODbL-1.0","record_id":"w991678717@1","update_time":"2021-10-10T13:25:42.000Z","confidence":null,"between":null,"provider":"osm","resource":"planet","version":"2026-09-06T00:00:00.000Z"}],"is_underground":false,"num_floors":1,"has_parts":false,"version":1}},
{"id":"96b7c797-82e6-4264-88e9-073baec956f9","type":"Feature","geometry":{"type":"Polygon","coordinates":[[[90.4115986,23.7415138],[90.4116184,23.7416132],[90.4114268,23.7416375],[90.4114189,23.741576],[90.4115479,23.741558],[90.411543,23.741533],[90.4115986,23.7415138]]]},"properties":{"sources":[{"property":"","dataset":"OpenStreetMap","license":"ODbL-1.0","record_id":"w447728018@2","update_time":"2021-10-10T13:25:42.000Z","confidence":null,"between":null,"provider":"osm","resource":"planet","version":"2026-09-06T00:00:00.000Z"}],"is_underground":false,"num_floors":1,"subtype":"commercial","class":"commercial","has_parts":false,"version":1}},
{"id":"d86038f5-b683-46b2-b687-d9f442898094","type":"Feature","geometry":{"type":"Polygon","coordinates":[[[90.4117919,23.7409866],[90.4119402,23.7411517],[90.4118247,23.7412176],[90.4117009,23.7410452],[90.4117919,23.7409866]]]},"properties":{"sources":[{"property":"","dataset":"OpenStreetMap","license":"ODbL-1.0","record_id":"w983235050@1","update_time":"2021-09-14T14:24:41.000Z","confidence":null,"between":null,"provider":"osm","resource":"planet","version":"2026-09-06T00:00:00.000Z"}],"is_underground":false,"num_floors":4,"subtype":"commercial","class":"commercial","has_parts":false,"version":1}},
{"id":"c7de8502-2380-4db7-ad28-3b0472a35692","type":"Feature","geometry":{"type":"Polygon","coordinates":[[[90.4118318,23.7406163],[90.4118833,23.7406467],[90.4118663,23.7406711],[90.4118148,23.7406406],[90.4118318,23.7406163]]]},"properties":{"sources":[{"property":"","dataset":"Google Open Buildings","license":null,"record_id":"7MMGPCR6+7P5J","update_time":"2023-05-01T00:00:00.000Z","confidence":0.7184,"between":null,"provider":"google","resource":"open_buildings","version":"2024-04-16"}],"is_underground":false,"has_parts":false,"version":1}},
{"id":"1b2e2526-c1c4-4dd0-978b-94ab3aa9fd0b","type":"Feature","geometry":{"type":"Polygon","coordinates":[[[90.4118414,23.7406602],[90.4118312,23.7406773],[90.411786,23.7406545],[90.4117961,23.7406375],[90.4118414,23.7406602]]]},"properties":{"sources":[{"property":"","dataset":"Google Open Buildings","license":null,"record_id":"7MMGPCR6+7P86","update_time":"2023-05-01T00:00:00.000Z","confidence":0.7079,"between":null,"provider":"google","resource":"open_buildings","version":"2024-04-16"}],"is_underground":false,"has_parts":false,"version":1}},
{"id":"3d256535-ae80-4fad-8e94-6e8d5e388c83","type":"Feature","geometry":{"type":"Polygon","coordinates":[[[90.4116081,23.7407956],[90.4115445,23.7407697],[90.4115711,23.7407149],[90.4115882,23.7407219],[90.4116008,23.7406958],[90.4116273,23.7407066],[90.4116629,23.7406782],[90.4116848,23.7406731],[90.4117036,23.7406736],[90.4117706,23.7407021],[90.4117828,23.740678],[90.4118567,23.7407095],[90.4118296,23.740763],[90.411824,23.7407607],[90.4117859,23.7408363],[90.4117688,23.7408291],[90.4117384,23.7408894],[90.4116907,23.7408693],[90.4117201,23.7408108],[90.4116649,23.7407876],[90.4116606,23.7407961],[90.4116532,23.7407931],[90.4116466,23.7408064],[90.4116102,23.7407914],[90.4116081,23.7407956]]]},"properties":{"names":{"primary":"S.Ahmed Trading Parbibahan","common":null,"rules":null},"sources":[{"property":"","dataset":"OpenStreetMap","license":"ODbL-1.0","record_id":"w983110720@1","update_time":"2021-09-14T05:49:22.000Z","confidence":null,"between":null,"provider":"osm","resource":"planet","version":"2026-09-06T00:00:00.000Z"}],"is_underground":false,"num_floors":3,"subtype":"commercial","class":"commercial","has_parts":false,"version":1}},
{"id":"bec44623-dd2b-47da-8298-b588b54e1a90","type":"Feature","geometry":{"type":"Polygon","coordinates":[[[90.4117987,23.7409653],[90.4116965,23.7410355],[90.4116364,23.740958],[90.4118003,23.7409424],[90.4117987,23.7409653]]]},"properties":{"sources":[{"property":"","dataset":"OpenStreetMap","license":"ODbL-1.0","record_id":"w983235051@1","update_time":"2021-09-14T14:24:41.000Z","confidence":null,"between":null,"provider":"osm","resource":"planet","version":"2026-09-06T00:00:00.000Z"}],"is_underground":false,"num_floors":6,"subtype":"commercial","class":"commercial","has_parts":false,"version":1}},
{"id":"085d87a4-4b01-4ea6-9063-1dddc09243d2","type":"Feature","geometry":{"type":"Polygon","coordinates":[[[90.4114893,23.7406371],[90.4115167,23.7406381],[90.411515,23.740675],[90.4114876,23.7406739],[90.4114893,23.7406371]]]},"properties":{"sources":[{"property":"","dataset":"Google Open Buildings","license":null,"record_id":"7MMGPCR6+7J66","update_time":"2023-05-01T00:00:00.000Z","confidence":0.6691,"between":null,"provider":"google","resource":"open_buildings","version":"2024-04-16"}],"is_underground":false,"has_parts":false,"version":1}},
{"id":"7447810c-fbfd-4f7a-bc9f-0be50a566c11","type":"Feature","geometry":{"type":"Polygon","coordinates":[[[90.4116518,23.7406414],[90.4116613,23.7406635],[90.4115911,23.7406891],[90.4115816,23.740667],[90.4116518,23.7406414]]]},"properties":{"sources":[{"property":"","dataset":"Google Open Buildings","license":null,"record_id":"7MMGPCR6+7J9Q","update_time":"2023-05-01T00:00:00.000Z","confidence":0.6888,"between":null,"provider":"google","resource":"open_buildings","version":"2024-04-16"}],"is_underground":false,"has_parts":false,"version":1}},
{"id":"65340d80-f64a-414d-9f70-13994813cd71","type":"Feature","geometry":{"type":"Polygon","coordinates":[[[90.4116095,23.7405306],[90.4116384,23.7405317],[90.4116362,23.74058],[90.4116073,23.7405788],[90.4116095,23.7405306]]]},"properties":{"sources":[{"property":"","dataset":"Google Open Buildings","license":null,"record_id":"7MMGPCR6+6JH9","update_time":"2023-05-01T00:00:00.000Z","confidence":0.6868,"between":null,"provider":"google","resource":"open_buildings","version":"2024-04-16"}],"is_underground":false,"has_parts":false,"version":1}},
{"id":"51bc7429-c87f-4180-9b0a-fae770677502","type":"Feature","geometry":{"type":"Polygon","coordinates":[[[90.4116398,23.7405],[90.4116695,23.7405011],[90.4116659,23.7405811],[90.4116362,23.74058],[90.4116398,23.7405]]]},"properties":{"sources":[{"property":"","dataset":"Google Open Buildings","license":null,"record_id":"7MMGPCR6+6M6Q","update_time":"2023-05-01T00:00:00.000Z","confidence":0.7288,"between":null,"provider":"google","resource":"open_buildings","version":"2024-04-16"}],"is_underground":false,"has_parts":false,"version":1}},
{"id":"278a537c-d8dd-43da-a81f-910fe5d25277","type":"Feature","geometry":{"type":"Polygon","coordinates":[[[90.4116589,23.740439],[90.4116851,23.7404408],[90.4116808,23.740495],[90.4116545,23.7404932],[90.4116589,23.740439]]]},"properties":{"sources":[{"property":"","dataset":"Google Open Buildings","license":null,"record_id":"7MMGPCR6+5MMM","update_time":"2023-05-01T00:00:00.000Z","confidence":0.6918,"between":null,"provider":"google","resource":"open_buildings","version":"2024-04-16"}],"is_underground":false,"has_parts":false,"version":1}},
{"id":"72d669e0-9ccc-433a-b80d-ca90bf077800","type":"Feature","geometry":{"type":"Polygon","coordinates":[[[90.4115219,23.7405193],[90.4115471,23.7405179],[90.4115522,23.7405946],[90.411527,23.740596],[90.4115219,23.7405193]]]},"properties":{"sources":[{"property":"","dataset":"Google Open Buildings","license":null,"record_id":"7MMGPCR6+6JF6","update_time":"2023-05-01T00:00:00.000Z","confidence":0.7089,"between":null,"provider":"google","resource":"open_buildings","version":"2024-04-16"}],"is_underground":false,"has_parts":false,"version":1}},
{"id":"8de09a47-2ce2-4169-9245-fc87735c5669","type":"Feature","geometry":{"type":"Polygon","coordinates":[[[90.4114951,23.7405088],[90.4115225,23.7405098],[90.4115195,23.7405755],[90.4114921,23.7405744],[90.4114951,23.7405088]]]},"properties":{"sources":[{"property":"","dataset":"Google Open Buildings","license":null,"record_id":"7MMGPCR6+6J6J","update_time":"2023-05-01T00:00:00.000Z","confidence":0.6621,"between":null,"provider":"google","resource":"open_buildings","version":"2024-04-16"}],"is_underground":false,"has_parts":false,"version":1}},
{"id":"d35ad710-da3d-48da-b2dd-576ae66c8374","type":"Feature","geometry":{"type":"Polygon","coordinates":[[[90.411452,23.7405246],[90.4114724,23.7405254],[90.4114702,23.7405736],[90.4114498,23.7405728],[90.411452,23.7405246]]]},"properties":{"sources":[{"property":"","dataset":"Google Open Buildings","license":null,"record_id":"7MMGPCR6+6H8X","update_time":"2023-05-01T00:00:00.000Z","confidence":0.6894,"between":null,"provider":"google","resource":"open_buildings","version":"2024-04-16"}],"is_underground":false,"has_parts":false,"version":1}},
{"id":"7f5993e7-fb24-41e8-b5fa-57caa19dd295","type":"Feature","geometry":{"type":"Polygon","coordinates":[[[90.4114239,23.7402927],[90.4114482,23.7402923],[90.4114489,23.7403297],[90.4117966,23.740324],[90.4117983,23.740411],[90.4114263,23.7404171],[90.4114239,23.7402927]]]},"properties":{"sources":[{"property":"","dataset":"Google Open Buildings","license":null,"record_id":"7MMGPCR6+4JXM","update_time":"2023-05-01T00:00:00.000Z","confidence":0.7849,"between":null,"provider":"google","resource":"open_buildings","version":"2024-04-16"}],"is_underground":false,"has_parts":false,"version":1}},
{"id":"9dae592c-3a09-4528-b788-fec99520cfd4","type":"Feature","geometry":{"type":"Polygon","coordinates":[[[90.4116979,23.7405114],[90.4117222,23.7405135],[90.4117151,23.7405857],[90.4116907,23.7405836],[90.4116979,23.7405114]]]},"properties":{"sources":[{"property":"","dataset":"Google Open Buildings","license":null,"record_id":"7MMGPCR6+6M8W","update_time":"2023-05-01T00:00:00.000Z","confidence":0.6861,"between":null,"provider":"google","resource":"open_buildings","version":"2024-04-16"}],"is_underground":false,"has_parts":false,"version":1}},
{"id":"b9565a4e-53d1-4cbc-a137-ee83c84b53c7","type":"Feature","geometry":{"type":"Polygon","coordinates":[[[90.4117373,23.7405897],[90.4117437,23.7406105],[90.4116725,23.7406291],[90.4116661,23.740608],[90.4117373,23.7405897]]]},"properties":{"sources":[{"property":"","dataset":"Google Open Buildings","license":null,"record_id":"7MMGPCR6+6MW8","update_time":"2023-05-01T00:00:00.000Z","confidence":0.7303,"between":null,"provider":"google","resource":"open_buildings","version":"2024-04-16"}],"is_underground":false,"has_parts":false,"version":1}},
{"id":"dfc1cb90-65ac-4a3b-a768-3849f7a1ec57","type":"Feature","geometry":{"type":"Polygon","coordinates":[[[90.4117437,23.7406105],[90.4117511,23.7406348],[90.41168,23.7406533],[90.4116725,23.7406291],[90.4117437,23.7406105]]]},"properties":{"sources":[{"property":"","dataset":"Google Open Buildings","license":null,"record_id":"7MMGPCR6+7M49","update_time":"2023-05-01T00:00:00.000Z","confidence":0.6938,"between":null,"provider":"google","resource":"open_buildings","version":"2024-04-16"}],"is_underground":false,"has_parts":false,"version":1}},
{"id":"f60281b1-6207-4a0f-bbc3-03fd1d6d7162","type":"Feature","geometry":{"type":"Polygon","coordinates":[[[90.4117533,23.7405188],[90.4117483,23.7405795],[90.4117218,23.7405777],[90.4117268,23.740517],[90.4117533,23.7405188]]]},"properties":{"sources":[{"property":"","dataset":"Google Open Buildings","license":null,"record_id":"7MMGPCR6+6M9W","update_time":"2023-05-01T00:00:00.000Z","confidence":0.7325,"between":null,"provider":"google","resource":"open_buildings","version":"2024-04-16"}],"is_underground":false,"has_parts":false,"version":1}},
{"id":"c770cae9-dd12-427a-9d43-66da9082a51e","type":"Feature","geometry":{"type":"Polygon","coordinates":[[[90.4118243,23.7405248],[90.411795,23.7405913],[90.4117736,23.7405833],[90.4118029,23.7405168],[90.4118243,23.7405248]]]},"properties":{"sources":[{"property":"","dataset":"Google Open Buildings","license":null,"record_id":"7MMGPCR6+6PF4","update_time":"2023-05-01T00:00:00.000Z","confidence":0.6578,"between":null,"provider":"google","resource":"open_buildings","version":"2024-04-16"}],"is_underground":false,"has_parts":false,"version":1}},
{"id":"76df6ad2-f80a-490a-90f2-69ea37add655","type":"Feature","geometry":{"type":"Polygon","coordinates":[[[90.4118692,23.7404561],[90.4118592,23.7405085],[90.4118282,23.7405035],[90.4118382,23.7404511],[90.4118692,23.7404561]]]},"properties":{"sources":[{"property":"","dataset":"Google Open Buildings","license":null,"record_id":"7MMGPCR6+5PX2","update_time":"2023-05-01T00:00:00.000Z","confidence":0.7195,"between":null,"provider":"google","resource":"open_buildings","version":"2024-04-16"}],"is_underground":false,"has_parts":false,"version":1}},
{"id":"3df60541-8d2d-4282-9afc-cfe219dca046","type":"Feature","geometry":{"type":"Polygon","coordinates":[[[90.4118531,23.7405293],[90.4118261,23.7405944],[90.4118042,23.7405867],[90.4118313,23.7405216],[90.4118531,23.7405293]]]},"properties":{"sources":[{"property":"","dataset":"Google Open Buildings","license":null,"record_id":"7MMGPCR6+6PG8","update_time":"2023-05-01T00:00:00.000Z","confidence":0.6995,"between":null,"provider":"google","resource":"open_buildings","version":"2024-04-16"}],"is_underground":false,"has_parts":false,"version":1}},
{"id":"b1241325-a252-4ef7-b70a-e93ea335dbc4","type":"Feature","geometry":{"type":"Polygon","coordinates":[[[90.4118566,23.740584],[90.411907,23.7405995],[90.4118924,23.7406396],[90.411842,23.7406241],[90.4118566,23.740584]]]},"properties":{"sources":[{"property":"","dataset":"Google Open Buildings","license":null,"record_id":"7MMGPCR6+6PXH","update_time":"2023-05-01T00:00:00.000Z","confidence":0.7761,"between":null,"provider":"google","resource":"open_buildings","version":"2024-04-16"}],"is_underground":false,"has_parts":false,"version":1}},
{"id":"0a76c285-1187-4ab5-ab18-c6137bf6bbe2","type":"Feature","geometry":{"type":"Polygon","coordinates":[[[90.4119145,23.7403343],[90.4119071,23.7403979],[90.4118631,23.7403936],[90.4118603,23.7404176],[90.4117907,23.7404107],[90.4118009,23.7403231],[90.4119145,23.7403343]]]},"properties":{"sources":[{"property":"","dataset":"Google Open Buildings","license":null,"record_id":"7MMGPCR6+4PXJ","update_time":"2023-05-01T00:00:00.000Z","confidence":0.7743,"between":null,"provider":"google","resource":"open_buildings","version":"2024-04-16"}],"is_underground":false,"has_parts":false,"version":1}},
{"id":"ca769d04-45cd-4d23-895e-46d5de99c256","type":"Feature","geometry":{"type":"Polygon","coordinates":[[[90.4119832,23.7403159],[90.4117727,23.7403159],[90.4117727,23.7402325],[90.4119832,23.7402325],[90.4119832,23.7403159]]]},"properties":{"sources":[{"property":"","dataset":"OpenStreetMap","license":"ODbL-1.0","record_id":"w506038755@1","update_time":"2017-07-08T11:56:16.000Z","confidence":null,"between":null,"provider":"osm","resource":"planet","version":"2026-09-06T00:00:00.000Z"}],"is_underground":false,"has_parts":false,"version":1}},
{"id":"de116fcf-5e4a-440b-87f1-11ff915efb89","type":"Feature","geometry":{"type":"Polygon","coordinates":[[[90.4119309,23.7402146],[90.411772,23.7402165],[90.4117709,23.7401328],[90.4119298,23.7401309],[90.4119309,23.7402146]]]},"properties":{"sources":[{"property":"","dataset":"OpenStreetMap","license":"ODbL-1.0","record_id":"w506038754@1","update_time":"2017-07-08T11:56:16.000Z","confidence":null,"between":null,"provider":"osm","resource":"planet","version":"2026-09-06T00:00:00.000Z"}],"is_underground":false,"has_parts":false,"version":1}},
{"id":"2d848388-8ea2-4e3c-a84e-9c5b28902017","type":"Feature","geometry":{"type":"Polygon","coordinates":[[[90.4118746,23.7400931],[90.4117164,23.7400937],[90.411716,23.7400133],[90.4118742,23.7400127],[90.4118746,23.7400931]]]},"properties":{"sources":[{"property":"","dataset":"OpenStreetMap","license":"ODbL-1.0","record_id":"w506038752@1","update_time":"2017-07-08T11:56:16.000Z","confidence":null,"between":null,"provider":"osm","resource":"planet","version":"2026-09-06T00:00:00.000Z"}],"is_underground":false,"has_parts":false,"version":1}},
{"id":"16ee65b7-d439-4951-88ad-dfd55064a9e5","type":"Feature","geometry":{"type":"Polygon","coordinates":[[[90.4118275,23.7399424],[90.4117012,23.7399372],[90.4117047,23.7397601],[90.4118278,23.7397566],[90.4118275,23.7399424]]]},"properties":{"sources":[{"property":"","dataset":"OpenStreetMap","license":"ODbL-1.0","record_id":"w369706772@1","update_time":"2017-07-08T11:56:37.000Z","confidence":null,"between":null,"provider":"osm","resource":"planet","version":"2026-09-06T00:00:00.000Z"}],"is_underground":false,"has_parts":false,"version":1}},
{"id":"e6b088bd-0492-4426-a61f-60ef368b2aa3","type":"Feature","geometry":{"type":"Polygon","coordinates":[[[90.4118839,23.7396579],[90.411726,23.7396494],[90.4117328,23.7395429],[90.4118907,23.7395513],[90.4118839,23.7396579]]]},"properties":{"sources":[{"property":"","dataset":"OpenStreetMap","license":"ODbL-1.0","record_id":"w369707237@3","update_time":"2022-07-26T19:36:06.000Z","confidence":null,"between":null,"provider":"osm","resource":"planet","version":"2026-09-06T00:00:00.000Z"}],"is_underground":false,"has_parts":false,"version":1}},
{"id":"9e6a1ed5-40ac-4f3b-b3b0-1b12a0a2046c","type":"Feature","geometry":{"type":"Polygon","coordinates":[[[90.4116848,23.7396663],[90.4114642,23.7396525],[90.4114746,23.7395135],[90.4116952,23.7395272],[90.4116848,23.7396663]]]},"properties":{"sources":[{"property":"","dataset":"OpenStreetMap","license":"ODbL-1.0","record_id":"w369707199@1","update_time":"2022-07-26T19:36:06.000Z","confidence":null,"between":null,"provider":"osm","resource":"planet","version":"2026-09-06T00:00:00.000Z"}],"is_underground":false,"has_parts":false,"version":1}},
{"id":"54b8f0eb-eb62-4cff-b7f3-661142de6676","type":"Feature","geometry":{"type":"Polygon","coordinates":[[[90.4116773,23.739927],[90.411551,23.7399219],[90.411553,23.7397585],[90.4116806,23.7397674],[90.4116773,23.739927]]]},"properties":{"sources":[{"property":"","dataset":"OpenStreetMap","license":"ODbL-1.0","record_id":"w369707131@1","update_time":"2017-07-08T11:56:37.000Z","confidence":null,"between":null,"provider":"osm","resource":"planet","version":"2026-09-06T00:00:00.000Z"}],"is_underground":false,"has_parts":false,"version":1}},
{"id":"659dfe0c-95f5-4610-bd82-2e963d742bf0","type":"Feature","geometry":{"type":"Polygon","coordinates":[[[90.4116798,23.740094],[90.4115618,23.740083],[90.4115703,23.7400065],[90.4116884,23.7400175],[90.4116798,23.740094]]]},"properties":{"sources":[{"property":"","dataset":"OpenStreetMap","license":"ODbL-1.0","record_id":"w506038744@1","update_time":"2017-07-08T11:56:16.000Z","confidence":null,"between":null,"provider":"osm","resource":"planet","version":"2026-09-06T00:00:00.000Z"}],"is_underground":false,"has_parts":false,"version":1}},
{"id":"59a39141-ed49-47ed-b173-c6e40d478dbd","type":"Feature","geometry":{"type":"Polygon","coordinates":[[[90.4116476,23.740218],[90.4115216,23.7402057],[90.4115271,23.7401584],[90.4116531,23.7401707],[90.4116476,23.740218]]]},"properties":{"sources":[{"property":"","dataset":"OpenStreetMap","license":"ODbL-1.0","record_id":"w506038746@1","update_time":"2017-07-08T11:56:16.000Z","confidence":null,"between":null,"provider":"osm","resource":"planet","version":"2026-09-06T00:00:00.000Z"}],"is_underground":false,"has_parts":false,"version":1}},
{"id":"a1669601-8f23-47d1-837a-5a17aeafc04b","type":"Feature","geometry":{"type":"Polygon","coordinates":[[[90.4114165,23.7400024],[90.4114562,23.7400034],[90.4114535,23.7400945],[90.4114138,23.7400935],[90.4114165,23.7400024]]]},"properties":{"sources":[{"property":"","dataset":"Google Open Buildings","license":null,"record_id":"7MMGPCR6+2H7X","update_time":"2023-05-01T00:00:00.000Z","confidence":0.7201,"between":null,"provider":"google","resource":"open_buildings","version":"2024-04-16"}],"is_underground":false,"has_parts":false,"version":1}},
{"id":"fb601dab-f30e-4353-a208-2042b8816668","type":"Feature","geometry":{"type":"Polygon","coordinates":[[[90.4113642,23.7399466],[90.4112604,23.7399911],[90.4111884,23.7398753],[90.4111928,23.7398228],[90.4113715,23.7398322],[90.4113642,23.7399466]]]},"properties":{"sources":[{"property":"","dataset":"OpenStreetMap","license":"ODbL-1.0","record_id":"w984491321@1","update_time":"2021-09-17T21:39:26.000Z","confidence":null,"between":null,"provider":"osm","resource":"planet","version":"2026-09-06T00:00:00.000Z"}],"is_underground":false,"subtype":"commercial","class":"commercial","has_parts":false,"version":1}},
{"id":"bc9bbd2c-664a-4eb9-92e9-5086dd905179","type":"Feature","geometry":{"type":"Polygon","coordinates":[[[90.4112904,23.7395415],[90.4110642,23.7395252],[90.4110727,23.7394262],[90.4114057,23.7394502],[90.4113972,23.7395491],[90.4112904,23.7395415]]]},"properties":{"sources":[{"property":"","dataset":"OpenStreetMap","license":"ODbL-1.0","record_id":"w369717000@2","update_time":"2022-07-26T19:36:06.000Z","confidence":null,"between":null,"provider":"osm","resource":"planet","version":"2026-09-06T00:00:00.000Z"}],"is_underground":false,"has_parts":false,"version":1}},
{"id":"615338e3-e356-4ac0-a84c-c8f32a18d63c","type":"Feature","geometry":{"type":"Polygon","coordinates":[[[90.4113605,23.7396748],[90.4111772,23.7396514],[90.4111858,23.7395747],[90.4113712,23.7395845],[90.4113605,23.7396748]]]},"properties":{"sources":[{"property":"","dataset":"OpenStreetMap","license":"ODbL-1.0","record_id":"w369717613@1","update_time":"2022-07-26T19:36:06.000Z","confidence":null,"between":null,"provider":"osm","resource":"planet","version":"2026-09-06T00:00:00.000Z"}],"is_underground":false,"has_parts":false,"version":1}},
{"id":"9ccb1d1c-8a04-4368-927c-b3396587dfb1","type":"Feature","geometry":{"type":"Polygon","coordinates":[[[90.4109811,23.7395518],[90.4109986,23.7395098],[90.4110953,23.7395435],[90.4109725,23.7398384],[90.410984,23.7398424],[90.410976,23.7398616],[90.4108825,23.739829],[90.4108773,23.7398414],[90.4108543,23.7398334],[90.4108744,23.7397851],[90.4108881,23.7397899],[90.4109075,23.7397755],[90.4109085,23.7397627],[90.4109289,23.7397698],[90.4109396,23.7397442],[90.4109037,23.7397317],[90.410961,23.7395942],[90.410983,23.7396019],[90.411001,23.7395587],[90.4109811,23.7395518]]]},"properties":{"sources":[{"property":"","dataset":"OpenStreetMap","license":"ODbL-1.0","record_id":"w947374197@2","update_time":"2022-09-20T19:42:59.000Z","confidence":null,"between":null,"provider":"osm","resource":"planet","version":"2026-09-06T00:00:00.000Z"}],"is_underground":false,"num_floors":10,"subtype":"residential","class":"residential","has_parts":false,"version":1}},
{"id":"6a489ba8-b227-41ae-b692-88b0a3cd8db6","type":"Feature","geometry":{"type":"Polygon","coordinates":[[[90.4111138,23.7399091],[90.41101,23.739874],[90.4110672,23.7397321],[90.411171,23.7397671],[90.4111138,23.7399091]]]},"properties":{"sources":[{"property":"","dataset":"OpenStreetMap","license":"ODbL-1.0","record_id":"w1432335001@1","update_time":"2025-09-23T16:34:21.000Z","confidence":null,"between":null,"provider":"osm","resource":"planet","version":"2026-09-06T00:00:00.000Z"}],"is_underground":false,"has_parts":false,"version":1}},
{"id":"7ab12694-a9f6-480f-922c-a2449962b103","type":"Feature","geometry":{"type":"Polygon","coordinates":[[[90.4110202,23.7400856],[90.4109623,23.7400028],[90.4111814,23.73988],[90.4112477,23.7399949],[90.4111075,23.7400713],[90.4110202,23.7400856]]]},"properties":{"sources":[{"property":"","dataset":"OpenStreetMap","license":"ODbL-1.0","record_id":"w369716926@2","update_time":"2021-09-17T21:39:26.000Z","confidence":null,"between":null,"provider":"osm","resource":"planet","version":"2026-09-06T00:00:00.000Z"}],"is_underground":false,"subtype":"commercial","class":"commercial","has_parts":false,"version":1}},
{"id":"40fee482-0dc5-4c8f-a07f-e12e1f8103c5","type":"Feature","geometry":{"type":"Polygon","coordinates":[[[90.4110788,23.7401666],[90.4113847,23.7400144],[90.4114112,23.7406352],[90.4110788,23.7401666]]]},"properties":{"names":{"primary":"Aminbag Cooperative Market Society Ltd","common":null,"rules":null},"sources":[{"property":"","dataset":"OpenStreetMap","license":"ODbL-1.0","record_id":"w941966399@2","update_time":"2021-09-12T06:29:58.000Z","confidence":null,"between":null,"provider":"osm","resource":"planet","version":"2026-09-06T00:00:00.000Z"}],"is_underground":false,"num_floors":6,"subtype":"commercial","class":"commercial","has_parts":false,"version":1}},
{"id":"f7a8fe6c-ceb4-4aa7-adf4-ef2566039c83","type":"Feature","geometry":{"type":"Polygon","coordinates":[[[90.4113528,23.7411697],[90.4112295,23.7411612],[90.4112287,23.7411467],[90.4111909,23.7411366],[90.4111757,23.7411191],[90.4111548,23.7411277],[90.4111016,23.7411312],[90.4110702,23.7411478],[90.4108102,23.7411788],[90.4107892,23.741168299999998],[90.4107357,23.7406955],[90.410989,23.7406612],[90.4113528,23.7411697]]]},"properties":{"names":{"primary":"Moubon Super Market","common":[["bn","মৌবন সুপার মার্কেট"]],"rules":null},"sources":[{"property":"","dataset":"OpenStreetMap","license":"ODbL-1.0","record_id":"w479905181@3","update_time":"2021-10-10T13:25:42.000Z","confidence":null,"between":null,"provider":"osm","resource":"planet","version":"2026-09-06T00:00:00.000Z"}],"is_underground":false,"num_floors":4,"subtype":"commercial","class":"commercial","has_parts":false,"version":1}},
{"id":"888b6ebc-98c1-4882-9a54-9bf263c46ee4","type":"Feature","geometry":{"type":"Polygon","coordinates":[[[90.4106073,23.741066],[90.410479,23.7410726],[90.4104579,23.7407275],[90.4105851,23.7407202],[90.4106073,23.741066]]]},"properties":{"sources":[{"property":"","dataset":"OpenStreetMap","license":"ODbL-1.0","record_id":"w506025944@3","update_time":"2021-10-10T13:25:42.000Z","confidence":null,"between":null,"provider":"osm","resource":"planet","version":"2026-09-06T00:00:00.000Z"}],"is_underground":false,"subtype":"education","class":"university","has_parts":false,"version":1}},
{"id":"e2445698-c510-4ad8-9393-5e91f108d28d","type":"Feature","geometry":{"type":"Polygon","coordinates":[[[90.4105432,23.7404826],[90.4105591,23.7407149],[90.4104643,23.7407203],[90.4104483,23.7404881],[90.4105432,23.7404826]]]},"properties":{"sources":[{"property":"","dataset":"OpenStreetMap","license":"ODbL-1.0","record_id":"w991678718@1","update_time":"2021-10-10T13:25:42.000Z","confidence":null,"between":null,"provider":"osm","resource":"planet","version":"2026-09-06T00:00:00.000Z"}],"is_underground":false,"subtype":"education","class":"university","has_parts":false,"version":1}},
{"id":"61ecc685-e4b6-401c-82e6-4f7325851102","type":"Feature","geometry":{"type":"Polygon","coordinates":[[[90.4105234,23.7402087],[90.4105442,23.7404766],[90.4104465,23.740483],[90.4104256,23.7402151],[90.4105234,23.7402087]]]},"properties":{"sources":[{"property":"","dataset":"OpenStreetMap","license":"ODbL-1.0","record_id":"w691196487@1","update_time":"2021-10-10T13:25:42.000Z","confidence":null,"between":null,"provider":"osm","resource":"planet","version":"2026-09-06T00:00:00.000Z"}],"is_underground":false,"subtype":"education","class":"university","has_parts":false,"version":1}},
{"id":"99a1c1e7-532b-4d66-b1f9-9c3ca3bbcca5","type":"Feature","geometry":{"type":"Polygon","coordinates":[[[90.4106872,23.740216],[90.4107552,23.7403208],[90.4107355,23.7403315],[90.4106675,23.7402267],[90.4106872,23.740216]]]},"properties":{"sources":[{"property":"","dataset":"OpenStreetMap","license":"ODbL-1.0","record_id":"w991678719@1","update_time":"2021-10-10T13:25:42.000Z","confidence":null,"between":null,"provider":"osm","resource":"planet","version":"2026-09-06T00:00:00.000Z"}],"is_underground":false,"num_floors":1,"subtype":"commercial","class":"commercial","has_parts":false,"version":1}},
{"id":"e0bab4ed-27f8-4cd0-af7c-26f8ba3d2a85","type":"Feature","geometry":{"type":"Polygon","coordinates":[[[90.4108367,23.7406742],[90.4107388,23.7406844],[90.4107038,23.7403532],[90.4107583,23.7403301],[90.4109175,23.7405471],[90.4108207,23.7405559],[90.4108367,23.7406742]]]},"properties":{"sources":[{"property":"","dataset":"OpenStreetMap","license":"ODbL-1.0","record_id":"w506025947@2","update_time":"2021-10-10T13:25:42.000Z","confidence":null,"between":null,"provider":"osm","resource":"planet","version":"2026-09-06T00:00:00.000Z"}],"is_underground":false,"num_floors":8,"subtype":"commercial","class":"commercial","has_parts":false,"version":1}},
{"id":"29d71e38-73fc-42a5-9e87-4442c0e2ce19","type":"Feature","geometry":{"type":"Polygon","coordinates":[[[90.4109707,23.7406182],[90.4109761,23.7406572],[90.4108554,23.7406714],[90.4108424,23.7405787],[90.4109135,23.7405704],[90.410918,23.7406026],[90.4109453,23.7405994],[90.4109483,23.7406209],[90.4109707,23.7406182]]]},"properties":{"sources":[{"property":"","dataset":"OpenStreetMap","license":"ODbL-1.0","record_id":"w991678716@1","update_time":"2021-10-10T13:25:42.000Z","confidence":null,"between":null,"provider":"osm","resource":"planet","version":"2026-09-06T00:00:00.000Z"}],"is_underground":false,"num_floors":4,"subtype":"commercial","class":"commercial","has_parts":false,"version":1}},
{"id":"640e0d7a-610b-4c26-bea9-873702fdd11d","type":"Feature","geometry":{"type":"Polygon","coordinates":[[[90.4107548,23.7398776],[90.4107007,23.7398158],[90.4107416,23.7397858],[90.4107957,23.7398476],[90.4107548,23.7398776]]]},"properties":{"sources":[{"property":"","dataset":"OpenStreetMap","license":"ODbL-1.0","record_id":"w1430626369@1","update_time":"2025-09-17T15:58:19.000Z","confidence":null,"between":null,"provider":"osm","resource":"planet","version":"2026-09-06T00:00:00.000Z"}],"is_underground":false,"has_parts":false,"version":1}},
{"id":"d93937bf-f20f-45a4-8658-bcfab862b6dd","type":"Feature","geometry":{"type":"Polygon","coordinates":[[[90.4107818,23.7394553],[90.4108198,23.7394584],[90.4108162,23.7394963],[90.4107782,23.7394932],[90.4107818,23.7394553]]]},"properties":{"sources":[{"property":"","dataset":"Google Open Buildings","license":null,"record_id":"7MMGPCQ6+Q8V4","update_time":"2023-05-01T00:00:00.000Z","confidence":0.7138,"between":null,"provider":"google","resource":"open_buildings","version":"2024-04-16"}],"is_underground":false,"has_parts":false,"version":1}},
{"id":"abd7bb5b-e386-4642-990d-a5de8d380f8a","type":"Feature","geometry":{"type":"Polygon","coordinates":[[[90.410707,23.7394654],[90.4107745,23.7394617],[90.4107776,23.7395114],[90.4107101,23.7395151],[90.410707,23.7394654]]]},"properties":{"sources":[{"property":"","dataset":"Google Open Buildings","license":null,"record_id":"7MMGPCQ6+Q7XH","update_time":"2023-05-01T00:00:00.000Z","confidence":0.7695,"between":null,"provider":"google","resource":"open_buildings","version":"2024-04-16"}],"is_underground":false,"has_parts":false,"version":1}},
{"id":"738f8a59-d4dd-4a61-b3ce-6482192c3e6e","type":"Feature","geometry":{"type":"Polygon","coordinates":[[[90.4103659,23.7398063],[90.4103563,23.7398717],[90.4103869,23.7399106],[90.4104349,23.7399121],[90.4104596,23.7399496],[90.410438,23.7399741],[90.410459,23.740006],[90.4104151,23.7400302],[90.410371,23.7400086],[90.4103225,23.7400303],[90.4103236,23.7400748],[90.4102825,23.7400934],[90.4102614,23.7400767],[90.4102291,23.7400808],[90.4101981,23.74003],[90.410218,23.7399854],[90.4101887,23.739934],[90.410143,23.739928],[90.4101133,23.7398741],[90.4101345,23.739851],[90.4101256,23.7398164],[90.4101677,23.7397974],[90.4101922,23.7398193],[90.410235,23.7398158],[90.4102486,23.7397865],[90.4102336,23.7397668],[90.41028,23.7397468],[90.4103028,23.7397655],[90.4103337,23.7397536],[90.4103659,23.7398063]]]},"properties":{"names":{"primary":"Karnafuli Garden City Apartment Complex","common":null,"rules":null},"sources":[{"property":"","dataset":"OpenStreetMap","license":"ODbL-1.0","record_id":"w447222024@4","update_time":"2023-10-30T05:39:06.000Z","confidence":null,"between":null,"provider":"osm","resource":"planet","version":"2026-09-06T00:00:00.000Z"}],"is_underground":false,"num_floors":20,"min_floor":4,"subtype":"residential","class":"apartments","has_parts":false,"version":1}},
{"id":"73edfd40-5355-4564-ac70-f6ab9c015b16","type":"Feature","geometry":{"type":"Polygon","coordinates":[[[90.4103761,23.740555],[90.4102868,23.740559],[90.4102707,23.7402595],[90.41036,23.7402554],[90.4103761,23.740555]]]},"properties":{"sources":[{"property":"","dataset":"OpenStreetMap","license":"ODbL-1.0","record_id":"w993034036@1","update_time":"2021-10-15T11:20:45.000Z","confidence":null,"between":null,"provider":"osm","resource":"planet","version":"2026-09-06T00:00:00.000Z"}],"is_underground":false,"num_floors":1,"has_parts":false,"version":1}},
{"id":"1ce3d2a5-f91d-4510-be4b-f5f45fa6e93a","type":"Feature","geometry":{"type":"Polygon","coordinates":[[[90.4104391,23.7406411],[90.4104449,23.7407538],[90.4103111,23.7407595],[90.4103053,23.7406468],[90.4104391,23.7406411]]]},"properties":{"sources":[{"property":"","dataset":"Microsoft ML Buildings","license":"ODbL-1.0","record_id":null,"update_time":null,"confidence":null,"between":null,"provider":"microsoft","resource":"ml_buildings","version":"2026-08-11"}],"is_underground":false,"has_parts":false,"version":4}},
{"id":"bf7be349-7cee-47c7-8e03-4cbd397c1436","type":"Feature","geometry":{"type":"Polygon","coordinates":[[[90.4100692,23.7407478],[90.4100556,23.7406176],[90.4102889,23.7405972],[90.4103025,23.7407275],[90.4100692,23.7407478]]]},"properties":{"sources":[{"property":"","dataset":"OpenStreetMap","license":"ODbL-1.0","record_id":"w506025938@3","update_time":"2021-10-15T11:43:11.000Z","confidence":null,"between":null,"provider":"osm","resource":"planet","version":"2026-09-06T00:00:00.000Z"}],"is_underground":false,"num_floors":3,"has_parts":false,"version":1}},
{"id":"717e5177-964b-41ee-8995-31de925532dc","type":"Feature","geometry":{"type":"Polygon","coordinates":[[[90.4103435,23.7417109],[90.4102334,23.741714],[90.4102257,23.7414848],[90.4103358,23.7414817],[90.4103435,23.7417109]]]},"properties":{"names":{"primary":"Swiss Bakery","common":null,"rules":null},"sources":[{"property":"","dataset":"OpenStreetMap","license":"ODbL-1.0","record_id":"w984596072@2","update_time":"2021-12-23T14:37:28.000Z","confidence":null,"between":null,"provider":"osm","resource":"planet","version":"2026-09-06T00:00:00.000Z"}],"is_underground":false,"num_floors":1,"has_parts":false,"version":1}},
{"id":"22f57462-1aa5-4c38-8302-c1194e4d0253","type":"Feature","geometry":{"type":"Polygon","coordinates":[[[90.4104882,23.7412949],[90.4104971,23.7414117],[90.4104356,23.7414157],[90.41043,23.7413421],[90.4103821,23.7413452],[90.4103788,23.7413019],[90.4104882,23.7412949]]]},"properties":{"sources":[{"property":"","dataset":"Google Open Buildings","license":null,"record_id":"7MMGPCR6+G5PV","update_time":"2023-05-01T00:00:00.000Z","confidence":0.7633,"between":null,"provider":"google","resource":"open_buildings","version":"2024-04-16"}],"is_underground":false,"has_parts":false,"version":1}},
{"id":"33fc5010-7a2a-4fae-bdcc-89e9a279f609","type":"Feature","geometry":{"type":"Polygon","coordinates":[[[90.4104918,23.7412281],[90.4104929,23.7412944],[90.4103951,23.7412957],[90.410394,23.7412294],[90.4104918,23.7412281]]]},"properties":{"sources":[{"property":"","dataset":"Microsoft ML Buildings","license":"ODbL-1.0","record_id":null,"update_time":null,"confidence":null,"between":null,"provider":"microsoft","resource":"ml_buildings","version":"2026-08-11"}],"is_underground":false,"has_parts":false,"version":1}},
{"id":"347652f4-0479-4d47-bd14-d7c4fe9e2567","type":"Feature","geometry":{"type":"Polygon","coordinates":[[[90.4107594,23.7411872],[90.4104956,23.741199],[90.4104902,23.7410972],[90.410754,23.7410854],[90.4107594,23.7411872]]]},"properties":{"sources":[{"property":"","dataset":"OpenStreetMap","license":"ODbL-1.0","record_id":"w447946024@1","update_time":"2021-09-18T06:46:32.000Z","confidence":null,"between":null,"provider":"osm","resource":"planet","version":"2026-09-06T00:00:00.000Z"}],"is_underground":false,"subtype":"education","class":"university","has_parts":false,"version":1}},
{"id":"4e4646b5-54c9-4a5d-bc6e-b4a18ddf6ccf","type":"Feature","geometry":{"type":"Polygon","coordinates":[[[90.4108455,23.7417044],[90.4108046,23.7417054],[90.4108011,23.741581],[90.410842,23.7415801],[90.4108455,23.7417044]]]},"properties":{"sources":[{"property":"","dataset":"OpenStreetMap","license":"ODbL-1.0","record_id":"w984596070@2","update_time":"2023-08-28T15:05:13.000Z","confidence":null,"between":null,"provider":"osm","resource":"planet","version":"2026-09-06T00:00:00.000Z"}],"is_underground":false,"num_floors":4,"subtype":"commercial","class":"commercial","has_parts":false,"version":1}},
{"id":"8f55c3e1-c866-40d3-8674-71b4894469e8","type":"Feature","geometry":{"type":"Polygon","coordinates":[[[90.4107281,23.7417036],[90.4103687,23.7417144],[90.4103593,23.7414531],[90.4106395,23.7414446],[90.4106697,23.7415196],[90.4107228,23.7415547],[90.4107281,23.7417036]]]},"properties":{"names":{"primary":"Capital Siraj Center","common":null,"rules":null},"sources":[{"property":"","dataset":"OpenStreetMap","license":"ODbL-1.0","record_id":"w447195647@5","update_time":"2021-12-23T14:37:28.000Z","confidence":null,"between":null,"provider":"osm","resource":"planet","version":"2026-09-06T00:00:00.000Z"}],"is_underground":false,"num_floors":12,"subtype":"residential","class":"apartments","has_parts":false,"version":1}},
{"id":"79193f8e-0d00-43cc-9592-fe36406219ae","type":"Feature","geometry":{"type":"Polygon","coordinates":[[[90.4104254,23.7422094],[90.4104353,23.7421327],[90.4104397,23.7420991],[90.4104665,23.7420096],[90.4104693,23.7419029],[90.4105749,23.7419062],[90.4105949,23.7422437],[90.4104254,23.7422094]]]},"properties":{"names":{"primary":"Baily Fiesta","common":null,"rules":null},"sources":[{"property":"","dataset":"OpenStreetMap","license":"ODbL-1.0","record_id":"w436834797@5","update_time":"2021-10-11T12:27:47.000Z","confidence":null,"between":null,"provider":"osm","resource":"planet","version":"2026-09-06T00:00:00.000Z"}],"is_underground":false,"num_floors":10,"subtype":"residential","class":"apartments","has_parts":false,"version":1}},
{"id":"35ae0d78-9e78-42e9-98fb-e5b9d2ffc67b","type":"Feature","geometry":{"type":"Polygon","coordinates":[[[90.4105827,23.7418748],[90.4108341,23.7418607],[90.4108425,23.7419864],[90.4105912,23.7420005],[90.4105827,23.7418748]]]},"properties":{"sources":[{"property":"","dataset":"OpenStreetMap","license":"ODbL-1.0","record_id":"w691196490@4","update_time":"2021-10-11T12:27:47.000Z","confidence":null,"between":null,"provider":"osm","resource":"planet","version":"2026-09-06T00:00:00.000Z"}],"is_underground":false,"num_floors":6,"subtype":"commercial","class":"commercial","has_parts":false,"version":1}},
{"id":"fc12e7df-f3e6-4eb4-9179-92c165a14e67","type":"Feature","geometry":{"type":"Polygon","coordinates":[[[90.4109983,23.7422006],[90.4109042,23.7421977],[90.4109167,23.7418621],[90.4110107,23.741865],[90.4109983,23.7422006]]]},"properties":{"sources":[{"property":"","dataset":"OpenStreetMap","license":"ODbL-1.0","record_id":"w948381967@1","update_time":"2021-10-10T13:25:42.000Z","confidence":null,"between":null,"provider":"osm","resource":"planet","version":"2026-09-06T00:00:00.000Z"}],"is_underground":false,"num_floors":6,"subtype":"education","class":"school","has_parts":false,"version":1}},
{"id":"8cfd3c44-5078-4f9b-a232-ee062179df9a","type":"Feature","geometry":{"type":"Polygon","coordinates":[[[90.4107046,23.7422458],[90.4106353,23.742247],[90.4106302,23.7420127],[90.410824,23.7420092],[90.4108295,23.7422598],[90.4107673,23.7422609],[90.4107672,23.7422532],[90.4107048,23.7422543],[90.4107046,23.7422458]]]},"properties":{"names":{"primary":"Baily Ritz","common":null,"rules":null},"sources":[{"property":"","dataset":"OpenStreetMap","license":"ODbL-1.0","record_id":"w409842847@3","update_time":"2021-10-11T12:27:47.000Z","confidence":null,"between":null,"provider":"osm","resource":"planet","version":"2026-09-06T00:00:00.000Z"}],"is_underground":false,"num_floors":14,"subtype":"residential","class":"apartments","has_parts":false,"version":1}},
{"id":"9952735d-3d4d-41f9-bebd-523610401453","type":"Feature","geometry":{"type":"Polygon","coordinates":[[[90.4108619,23.7424922],[90.4107977,23.7424898],[90.4108078,23.742266],[90.4108721,23.7422685],[90.4108619,23.7424922]]]},"properties":{"sources":[{"property":"","dataset":"OpenStreetMap","license":"ODbL-1.0","record_id":"w1433371529@1","update_time":"2025-09-26T16:05:11.000Z","confidence":null,"between":null,"provider":"osm","resource":"planet","version":"2026-09-06T00:00:00.000Z"}],"is_underground":false,"has_parts":false,"version":1}},
{"id":"677b43ca-b7bc-4023-a3db-50d453eb5fd1","type":"Feature","geometry":{"type":"Polygon","coordinates":[[[90.410776,23.7426341],[90.4102347,23.7425968],[90.4102556,23.7423425],[90.410797,23.7423799],[90.410776,23.7426341]]]},"properties":{"sources":[{"property":"","dataset":"OpenStreetMap","license":"ODbL-1.0","record_id":"w1112708338@1","update_time":"2022-11-13T14:41:23.000Z","confidence":null,"between":null,"provider":"osm","resource":"planet","version":"2026-09-06T00:00:00.000Z"}],"is_underground":false,"has_parts":false,"version":1}},
{"id":"4e5e589f-4431-44cd-8fed-c0e1f6820616","type":"Feature","geometry":{"type":"Polygon","coordinates":[[[90.4103362,23.7423384],[90.4101702,23.7423194],[90.4101871,23.7421958],[90.410353,23.7422147],[90.4103362,23.7423384]]]},"properties":{"sources":[{"property":"","dataset":"OpenStreetMap","license":"ODbL-1.0","record_id":"w1433317430@1","update_time":"2025-09-26T11:42:44.000Z","confidence":null,"between":null,"provider":"osm","resource":"planet","version":"2026-09-06T00:00:00.000Z"}],"is_underground":false,"has_parts":false,"version":1}},
{"id":"a364bc0b-26dd-4b60-89f6-666b580c12ed","type":"Feature","geometry":{"type":"Polygon","coordinates":[[[90.4104388,23.7419076],[90.4104389,23.7419368],[90.4103147,23.7419371],[90.4103146,23.7419079],[90.4104388,23.7419076]]]},"properties":{"sources":[{"property":"","dataset":"OpenStreetMap","license":"ODbL-1.0","record_id":"w131664684@6","update_time":"2021-10-10T13:25:42.000Z","confidence":null,"between":null,"provider":"osm","resource":"planet","version":"2026-09-06T00:00:00.000Z"}],"is_underground":false,"num_floors":1,"subtype":"commercial","class":"commercial","has_parts":false,"version":1}},
{"id":"64bb9323-0576-48ba-90cb-90850a1e9337","type":"Feature","geometry":{"type":"Polygon","coordinates":[[[90.4103737,23.7421938],[90.4102537,23.7421778],[90.4102825,23.7419972],[90.4104025,23.7420132],[90.4103737,23.7421938]]]},"properties":{"sources":[{"property":"","dataset":"OpenStreetMap","license":"ODbL-1.0","record_id":"w409841705@1","update_time":"2021-10-10T13:25:42.000Z","confidence":null,"between":null,"provider":"osm","resource":"planet","version":"2026-09-06T00:00:00.000Z"}],"is_underground":false,"subtype":"residential","class":"house","has_parts":false,"version":1}},
{"id":"3431192f-6642-42bc-b5c4-0c7c48f1fdba","type":"Feature","geometry":{"type":"Polygon","coordinates":[[[90.4106254,23.7393185],[90.4107917,23.7392988],[90.4108111,23.7394368],[90.4107609,23.7394427],[90.4107594,23.7394323],[90.4107191,23.739437],[90.4107226,23.7394623],[90.4106155,23.739475],[90.4105976,23.7393487],[90.4105993,23.7393389],[90.4106041,23.7393294],[90.4106137,23.7393226],[90.4106254,23.7393185]]]},"properties":{"sources":[{"property":"","dataset":"OpenStreetMap","license":"ODbL-1.0","record_id":"w1096389083@1","update_time":"2022-09-20T19:42:59.000Z","confidence":null,"between":null,"provider":"osm","resource":"planet","version":"2026-09-06T00:00:00.000Z"}],"is_underground":false,"num_floors":5,"has_parts":false,"version":1}},
{"id":"7a25e5e8-4cad-4e37-bad5-6c9934dc8d75","type":"Feature","geometry":{"type":"Polygon","coordinates":[[[90.4108796,23.739319],[90.4109883,23.7393413],[90.4109661,23.7394334],[90.4108573,23.7394111],[90.4108796,23.739319]]]},"properties":{"sources":[{"property":"","dataset":"Google Open Buildings","license":null,"record_id":"7MMGPCQ6+Q934","update_time":"2023-05-01T00:00:00.000Z","confidence":0.7686,"between":null,"provider":"google","resource":"open_buildings","version":"2024-04-16"}],"is_underground":false,"has_parts":false,"version":1}},
{"id":"17dd6c72-62f9-4515-ab7d-7cc84c62b276","type":"Feature","geometry":{"type":"Polygon","coordinates":[[[90.4113632,23.7394009],[90.4111177,23.7394011],[90.4111177,23.7392918],[90.4113631,23.7392917],[90.4113632,23.7394009]]]},"properties":{"sources":[{"property":"","dataset":"OpenStreetMap","license":"ODbL-1.0","record_id":"w369717173@1","update_time":"2022-07-26T19:36:06.000Z","confidence":null,"between":null,"provider":"osm","resource":"planet","version":"2026-09-06T00:00:00.000Z"}],"is_underground":false,"has_parts":false,"version":1}},
{"id":"8ca43305-259b-4bb2-b64c-c87cb8c9a20c","type":"Feature","geometry":{"type":"Polygon","coordinates":[[[90.4116177,23.7394857],[90.4114667,23.7394687],[90.4114894,23.7393],[90.4116404,23.739317],[90.4116177,23.7394857]]]},"properties":{"sources":[{"property":"","dataset":"OpenStreetMap","license":"ODbL-1.0","record_id":"w369707959@1","update_time":"2022-07-26T19:36:06.000Z","confidence":null,"between":null,"provider":"osm","resource":"planet","version":"2026-09-06T00:00:00.000Z"}],"is_underground":false,"has_parts":false,"version":1}},
{"id":"4f8247b2-9b1a-4eb4-90f0-51338f89b708","type":"Feature","geometry":{"type":"Polygon","coordinates":[[[90.4117975,23.7394898],[90.4116576,23.7394818],[90.4116744,23.7392329],[90.4118142,23.7392408],[90.4117975,23.7394898]]]},"properties":{"sources":[{"property":"","dataset":"OpenStreetMap","license":"ODbL-1.0","record_id":"w369708015@1","update_time":"2022-07-26T19:36:06.000Z","confidence":null,"between":null,"provider":"osm","resource":"planet","version":"2026-09-06T00:00:00.000Z"}],"is_underground":false,"has_parts":false,"version":1}},
{"id":"5372ec4d-279b-4bef-8575-cb648f2793bc","type":"Feature","geometry":{"type":"Polygon","coordinates":[[[90.4119609,23.7394892],[90.4118158,23.7394858],[90.4118239,23.7391948],[90.4119691,23.7391982],[90.4119609,23.7394892]]]},"properties":{"sources":[{"property":"","dataset":"OpenStreetMap","license":"ODbL-1.0","record_id":"w369708133@1","update_time":"2022-07-26T19:36:06.000Z","confidence":null,"between":null,"provider":"osm","resource":"planet","version":"2026-09-06T00:00:00.000Z"}],"is_underground":false,"has_parts":false,"version":1}},
{"id":"7c3ce997-1f86-4360-9a8b-85a4dbbe28c6","type":"Feature","geometry":{"type":"Polygon","coordinates":[[[90.4142775,23.7394878],[90.4142923,23.7391981],[90.4144545,23.7392042],[90.4144371,23.7395001],[90.4142775,23.7394878]]]},"properties":{"sources":[{"property":"","dataset":"OpenStreetMap","license":"ODbL-1.0","record_id":"w450088218@1","update_time":"2021-09-14T05:49:22.000Z","confidence":null,"between":null,"provider":"osm","resource":"planet","version":"2026-09-06T00:00:00.000Z"}],"is_underground":false,"subtype":"residential","class":"apartments","has_parts":false,"version":1}},
{"id":"38f4d581-16c3-43a1-b543-958e7daa6f7d","type":"Feature","geometry":{"type":"Polygon","coordinates":[[[90.4142376,23.7394039],[90.4141449,23.7394001],[90.4141604,23.7391725],[90.4142503,23.7391751],[90.4142376,23.7394039]]]},"properties":{"sources":[{"property":"","dataset":"OpenStreetMap","license":"ODbL-1.0","record_id":"w1042564680@1","update_time":"2022-03-22T08:41:18.000Z","confidence":null,"between":null,"provider":"osm","resource":"planet","version":"2026-09-06T00:00:00.000Z"}],"is_underground":false,"has_parts":false,"version":1}},
{"id":"6b49d514-f81a-4992-ad5e-2bde36d61f3a","type":"Feature","geometry":{"type":"Polygon","coordinates":[[[90.4141155,23.7394027],[90.4140228,23.7393988],[90.4140382,23.7391712],[90.4141281,23.7391738],[90.4141155,23.7394027]]]},"properties":{"sources":[{"property":"","dataset":"OpenStreetMap","license":"ODbL-1.0","record_id":"w1042564679@1","update_time":"2022-03-22T08:41:18.000Z","confidence":null,"between":null,"provider":"osm","resource":"planet","version":"2026-09-06T00:00:00.000Z"}],"is_underground":false,"has_parts":false,"version":1}},
{"id":"9b922265-b332-4909-a7fa-01990b5b2722","type":"Feature","geometry":{"type":"Polygon","coordinates":[[[90.4139968,23.7393898],[90.4139041,23.7393859],[90.4139195,23.7391584],[90.4140094,23.7391609],[90.4139968,23.7393898]]]},"properties":{"sources":[{"property":"","dataset":"OpenStreetMap","license":"ODbL-1.0","record_id":"w1042564678@1","update_time":"2022-03-22T08:41:18.000Z","confidence":null,"between":null,"provider":"osm","resource":"planet","version":"2026-09-06T00:00:00.000Z"}],"is_underground":false,"has_parts":false,"version":1}},
{"id":"4930096e-64b5-496c-84fb-131a08e916ea","type":"Feature","geometry":{"type":"Polygon","coordinates":[[[90.4138712,23.7393917],[90.4136558,23.7393864],[90.413663,23.7391416],[90.4138784,23.7391469],[90.4138712,23.7393917]]]},"properties":{"sources":[{"property":"","dataset":"OpenStreetMap","license":"ODbL-1.0","record_id":"w369718064@1","update_time":"2022-03-22T08:41:18.000Z","confidence":null,"between":null,"provider":"osm","resource":"planet","version":"2026-09-06T00:00:00.000Z"}],"is_underground":false,"has_parts":false,"version":1}},
{"id":"8db243cf-3997-40db-affa-ebd45db450b3","type":"Feature","geometry":{"type":"Polygon","coordinates":[[[90.4135092,23.7393652],[90.4133478,23.7393538],[90.4133642,23.7391276],[90.4135348,23.7391395],[90.4135092,23.7393652]]]},"properties":{"sources":[{"property":"","dataset":"OpenStreetMap","license":"ODbL-1.0","record_id":"w369717808@1","update_time":"2022-05-25T07:08:06.000Z","confidence":null,"between":null,"provider":"osm","resource":"planet","version":"2026-09-06T00:00:00.000Z"}],"is_underground":false,"has_parts":false,"version":1}},
{"id":"8085a6c5-47b8-4e1c-91fd-c3e718f55871","type":"Feature","geometry":{"type":"Polygon","coordinates":[[[90.413268,23.7393622],[90.4131903,23.739359],[90.4131932,23.7393013],[90.4132708,23.7393045],[90.413268,23.7393622]]]},"properties":{"sources":[{"property":"","dataset":"Microsoft ML Buildings","license":"ODbL-1.0","record_id":null,"update_time":null,"confidence":null,"between":null,"provider":"microsoft","resource":"ml_buildings","version":"2026-08-11"}],"is_underground":false,"has_parts":false,"version":4}},
{"id":"050bf38a-8efc-40e2-a7d1-e0a825f1b6f1","type":"Feature","geometry":{"type":"Polygon","coordinates":[[[90.4131527,23.7394154],[90.4130454,23.7394103],[90.4130502,23.739326],[90.4131575,23.7393312],[90.4131527,23.7394154]]]},"properties":{"sources":[{"property":"","dataset":"OpenStreetMap","license":"ODbL-1.0","record_id":"w1430645163@1","update_time":"2025-09-17T16:47:36.000Z","confidence":null,"between":null,"provider":"osm","resource":"planet","version":"2026-09-06T00:00:00.000Z"}],"is_underground":false,"has_parts":false,"version":1}},
{"id":"cdd50c5f-e5aa-4505-9cd7-1a0b23de154e","type":"Feature","geometry":{"type":"Polygon","coordinates":[[[90.4131412,23.7393708],[90.4130234,23.7393725],[90.4130215,23.7392598],[90.4131392,23.7392581],[90.4131412,23.7393708]]]},"properties":{"sources":[{"property":"","dataset":"OpenStreetMap","license":"ODbL-1.0","record_id":"w1430646628@1","update_time":"2025-09-17T16:51:49.000Z","confidence":null,"between":null,"provider":"osm","resource":"planet","version":"2026-09-06T00:00:00.000Z"}],"is_underground":false,"has_parts":false,"version":1}},
{"id":"034907fd-c1dc-446a-b23d-847969a3739c","type":"Feature","geometry":{"type":"Polygon","coordinates":[[[90.4129717,23.7393463],[90.4128121,23.7393402],[90.4128167,23.7392404],[90.4129763,23.7392466],[90.4129717,23.7393463]]]},"properties":{"sources":[{"property":"","dataset":"OpenStreetMap","license":"ODbL-1.0","record_id":"w506038939@1","update_time":"2022-07-26T19:36:06.000Z","confidence":null,"between":null,"provider":"osm","resource":"planet","version":"2026-09-06T00:00:00.000Z"}],"is_underground":false,"has_parts":false,"version":1}},
{"id":"82973e66-3dca-4fb4-aa1c-9d9450f25b70","type":"Feature","geometry":{"type":"Polygon","coordinates":[[[90.4127666,23.7393796],[90.4125647,23.7393687],[90.4125748,23.7392117],[90.4127768,23.7392226],[90.4127666,23.7393796]]]},"properties":{"sources":[{"property":"","dataset":"OpenStreetMap","license":"ODbL-1.0","record_id":"w506038933@1","update_time":"2022-07-26T19:36:06.000Z","confidence":null,"between":null,"provider":"osm","resource":"planet","version":"2026-09-06T00:00:00.000Z"}],"is_underground":false,"has_parts":false,"version":1}},
{"id":"c24e6eaf-df6e-4868-b5a7-4110719a597f","type":"Feature","geometry":{"type":"Polygon","coordinates":[[[90.4125272,23.7393676],[90.4123461,23.7393667],[90.4123466,23.7392882],[90.4125276,23.739289],[90.4125272,23.7393676]]]},"properties":{"sources":[{"property":"","dataset":"OpenStreetMap","license":"ODbL-1.0","record_id":"w490284251@1","update_time":"2022-07-26T19:36:06.000Z","confidence":null,"between":null,"provider":"osm","resource":"planet","version":"2026-09-06T00:00:00.000Z"}],"is_underground":false,"has_parts":false,"version":1}},
{"id":"14bb2a37-570d-4197-b6d6-514d6535971b","type":"Feature","geometry":{"type":"Polygon","coordinates":[[[90.4120896,23.739665],[90.4119151,23.7396582],[90.4119202,23.739548],[90.4120948,23.7395548],[90.4120896,23.739665]]]},"properties":{"sources":[{"property":"","dataset":"OpenStreetMap","license":"ODbL-1.0","record_id":"w369707240@1","update_time":"2022-07-26T19:36:06.000Z","confidence":null,"between":null,"provider":"osm","resource":"planet","version":"2026-09-06T00:00:00.000Z"}],"is_underground":false,"has_parts":false,"version":1}},
{"id":"c10e225d-e48d-463c-9ceb-084bce2143e8","type":"Feature","geometry":{"type":"Polygon","coordinates":[[[90.4123233,23.7395079],[90.412016,23.7395054],[90.4120195,23.7393242],[90.412322,23.7393234],[90.4123233,23.7395079]]]},"properties":{"sources":[{"property":"","dataset":"OpenStreetMap","license":"ODbL-1.0","record_id":"w369708340@1","update_time":"2022-07-26T19:36:06.000Z","confidence":null,"between":null,"provider":"osm","resource":"planet","version":"2026-09-06T00:00:00.000Z"}],"is_underground":false,"has_parts":false,"version":1}},
{"id":"44cbc467-8fb7-484a-9022-576089e957ee","type":"Feature","geometry":{"type":"Polygon","coordinates":[[[90.4124569,23.7396907],[90.4122852,23.7396806],[90.4122928,23.7395719],[90.4124646,23.7395821],[90.4124569,23.7396907]]]},"properties":{"sources":[{"property":"","dataset":"OpenStreetMap","license":"ODbL-1.0","record_id":"w369707485@1","update_time":"2022-07-26T19:36:06.000Z","confidence":null,"between":null,"provider":"osm","resource":"planet","version":"2026-09-06T00:00:00.000Z"}],"is_underground":false,"has_parts":false,"version":1}},
{"id":"b92dbc93-cb48-48a2-bd2a-5eba89f46979","type":"Feature","geometry":{"type":"Polygon","coordinates":[[[90.4122783,23.7396803],[90.4121038,23.7396735],[90.4121089,23.7395632],[90.4122835,23.73957],[90.4122783,23.7396803]]]},"properties":{"sources":[{"property":"","dataset":"OpenStreetMap","license":"ODbL-1.0","record_id":"w369707254@1","update_time":"2022-07-26T19:36:06.000Z","confidence":null,"between":null,"provider":"osm","resource":"planet","version":"2026-09-06T00:00:00.000Z"}],"is_underground":false,"has_parts":false,"version":1}},
{"id":"b0cead72-d62c-450e-95c5-7f133947ca22","type":"Feature","geometry":{"type":"Polygon","coordinates":[[[90.4122749,23.739958],[90.4120584,23.7399445],[90.4120663,23.7398388],[90.4121393,23.7398411],[90.4121433,23.7397803],[90.4122215,23.7397783],[90.4122216,23.7398446],[90.4122717,23.7398473],[90.4122804,23.7398514],[90.4122749,23.739958]]]},"properties":{"sources":[{"property":"","dataset":"OpenStreetMap","license":"ODbL-1.0","record_id":"w369706538@1","update_time":"2017-07-08T11:56:37.000Z","confidence":null,"between":null,"provider":"osm","resource":"planet","version":"2026-09-06T00:00:00.000Z"}],"is_underground":false,"has_parts":false,"version":1}},
{"id":"b1050827-c25f-4907-86db-d879b7b2af38","type":"Feature","geometry":{"type":"Polygon","coordinates":[[[90.4124897,23.7399654],[90.4122837,23.7399519],[90.4122932,23.7398323],[90.4123406,23.7398278],[90.4123521,23.7397835],[90.4124454,23.7397912],[90.412444,23.7398506],[90.4124926,23.7398519],[90.4124937,23.7398643],[90.4124897,23.7399654]]]},"properties":{"sources":[{"property":"","dataset":"OpenStreetMap","license":"ODbL-1.0","record_id":"w369705150@1","update_time":"2017-07-08T11:56:36.000Z","confidence":null,"between":null,"provider":"osm","resource":"planet","version":"2026-09-06T00:00:00.000Z"}],"is_underground":false,"has_parts":false,"version":1}},
{"id":"3c4900eb-69be-4722-ab0c-79c1bb75fad9","type":"Feature","geometry":{"type":"Polygon","coordinates":[[[90.4125076,23.7402435],[90.4119511,23.7402005],[90.4119578,23.740127],[90.4125144,23.74017],[90.4125076,23.7402435]]]},"properties":{"sources":[{"property":"","dataset":"OpenStreetMap","license":"ODbL-1.0","record_id":"w506038759@1","update_time":"2017-07-08T11:56:16.000Z","confidence":null,"between":null,"provider":"osm","resource":"planet","version":"2026-09-06T00:00:00.000Z"}],"is_underground":false,"has_parts":false,"version":1}},
{"id":"1e20914b-e121-4c1e-b527-831ed3daf118","type":"Feature","geometry":{"type":"Polygon","coordinates":[[[90.4123909,23.7401392],[90.4121227,23.7401256],[90.4121277,23.7400421],[90.412396,23.7400556],[90.4123909,23.7401392]]]},"properties":{"sources":[{"property":"","dataset":"OpenStreetMap","license":"ODbL-1.0","record_id":"w506038763@1","update_time":"2017-07-08T11:56:16.000Z","confidence":null,"between":null,"provider":"osm","resource":"planet","version":"2026-09-06T00:00:00.000Z"}],"is_underground":false,"has_parts":false,"version":1}},
{"id":"1fbcbe7d-f9cb-4596-99b6-f2ac59dc7e12","type":"Feature","geometry":{"type":"Polygon","coordinates":[[[90.4120472,23.7399352],[90.4118307,23.7399217],[90.4118386,23.739816],[90.4119041,23.7398156],[90.4119096,23.7397644],[90.4120013,23.739768],[90.4120015,23.7398315],[90.4120456,23.7398328],[90.4120527,23.7398286],[90.4120472,23.7399352]]]},"properties":{"sources":[{"property":"","dataset":"OpenStreetMap","license":"ODbL-1.0","record_id":"w369706697@1","update_time":"2017-07-08T11:56:37.000Z","confidence":null,"between":null,"provider":"osm","resource":"planet","version":"2026-09-06T00:00:00.000Z"}],"is_underground":false,"has_parts":false,"version":1}},
{"id":"d52c2fcb-9028-4868-92c3-8512b6f03352","type":"Feature","geometry":{"type":"Polygon","coordinates":[[[90.412109,23.7401174],[90.4119272,23.7401167],[90.4119276,23.7400229],[90.4121093,23.7400235],[90.412109,23.7401174]]]},"properties":{"sources":[{"property":"","dataset":"OpenStreetMap","license":"ODbL-1.0","record_id":"w506038757@1","update_time":"2017-07-08T11:56:16.000Z","confidence":null,"between":null,"provider":"osm","resource":"planet","version":"2026-09-06T00:00:00.000Z"}],"is_underground":false,"has_parts":false,"version":1}},
{"id":"106961b0-264c-47bd-89b4-326d3d45b6e1","type":"Feature","geometry":{"type":"Polygon","coordinates":[[[90.4119583,23.7409128],[90.4118802,23.7408802],[90.4119252,23.7407858],[90.412054,23.7408395],[90.4120259,23.7408996],[90.4120653,23.740915],[90.4120934,23.740855],[90.4122161,23.7409052],[90.4121677,23.7410048],[90.4120884,23.7409718],[90.4120799,23.7409888],[90.4121592,23.7410219],[90.4121183,23.7411049],[90.4120004,23.7410562],[90.4120294,23.7409951],[90.4119901,23.7409794],[90.4119611,23.7410406],[90.4118274,23.7409855],[90.4118714,23.7408977],[90.4119495,23.7409303],[90.4119583,23.7409128]]]},"properties":{"sources":[{"property":"","dataset":"OpenStreetMap","license":"ODbL-1.0","record_id":"w983110723@1","update_time":"2021-09-14T05:49:22.000Z","confidence":null,"between":null,"provider":"osm","resource":"planet","version":"2026-09-06T00:00:00.000Z"}],"is_underground":false,"num_floors":12,"subtype":"residential","class":"apartments","has_parts":false,"version":1}},
{"id":"9fb84ce9-99df-46e3-b893-5f315027abff","type":"Feature","geometry":{"type":"Polygon","coordinates":[[[90.4120721,23.7406802],[90.4119941,23.7406476],[90.4120391,23.7405531],[90.4121679,23.7406069],[90.4121398,23.740667],[90.4121792,23.7406824],[90.4122073,23.7406224],[90.41233,23.7406726],[90.4122816,23.7407722],[90.4122022,23.7407392],[90.4121938,23.7407562],[90.4122731,23.7407893],[90.4122322,23.7408723],[90.4121143,23.7408236],[90.4121433,23.7407625],[90.412104,23.7407468],[90.412075,23.740808],[90.4119413,23.7407529],[90.4119853,23.7406651],[90.4120634,23.7406977],[90.4120721,23.7406802]]]},"properties":{"sources":[{"property":"","dataset":"OpenStreetMap","license":"ODbL-1.0","record_id":"w983110724@1","update_time":"2021-09-14T05:49:22.000Z","confidence":null,"between":null,"provider":"osm","resource":"planet","version":"2026-09-06T00:00:00.000Z"}],"is_underground":false,"num_floors":12,"subtype":"residential","class":"apartments","has_parts":false,"version":1}},
{"id":"c7d7d4fc-b980-4581-ab75-19829eea966e","type":"Feature","geometry":{"type":"Polygon","coordinates":[[[90.4122663,23.7410995],[90.4122245,23.7410596],[90.4123401,23.7408452],[90.4124435,23.7409439],[90.4122663,23.7410995]]]},"properties":{"names":{"primary":"Popular Diagnostic Center- Unit 1","common":null,"rules":null},"sources":[{"property":"","dataset":"OpenStreetMap","license":"ODbL-1.0","record_id":"w610898379@3","update_time":"2021-09-14T05:49:22.000Z","confidence":null,"between":null,"provider":"osm","resource":"planet","version":"2026-09-06T00:00:00.000Z"}],"is_underground":false,"num_floors":12,"subtype":"medical","class":"hospital","has_parts":false,"version":1}},
{"id":"53ef942f-0505-4da9-86b0-00e43b3d0dbe","type":"Feature","geometry":{"type":"Polygon","coordinates":[[[90.4123895,23.7407314],[90.4123546,23.7407203],[90.4123704,23.7406789],[90.4124052,23.74069],[90.4123895,23.7407314]]]},"properties":{"sources":[{"property":"","dataset":"OpenStreetMap","license":"ODbL-1.0","record_id":"w1456722279@1","update_time":"2025-12-07T17:00:57.000Z","confidence":null,"between":null,"provider":"osm","resource":"planet","version":"2026-09-06T00:00:00.000Z"}],"is_underground":false,"has_parts":false,"version":1}},
{"id":"73b2a57e-caec-46bc-9f60-d4feaa187b58","type":"Feature","geometry":{"type":"Polygon","coordinates":[[[90.4121221,23.7404121],[90.4120386,23.7403938],[90.412063,23.7402932],[90.4122006,23.7403233],[90.4121857,23.7403872],[90.4122276,23.7403954],[90.4122425,23.7403315],[90.4123735,23.7403592],[90.4123469,23.7404655],[90.4122621,23.7404471],[90.4122574,23.7404653],[90.4123422,23.7404837],[90.4123195,23.7405724],[90.4121936,23.7405454],[90.4122092,23.7404803],[90.4121673,23.7404719],[90.4121517,23.740537],[90.4120089,23.7405064],[90.4120337,23.7404125],[90.4121172,23.7404308],[90.4121221,23.7404121]]]},"properties":{"sources":[{"property":"","dataset":"OpenStreetMap","license":"ODbL-1.0","record_id":"w983110725@1","update_time":"2021-09-14T05:49:22.000Z","confidence":null,"between":null,"provider":"osm","resource":"planet","version":"2026-09-06T00:00:00.000Z"}],"is_underground":false,"num_floors":12,"subtype":"residential","class":"apartments","has_parts":false,"version":1}},
{"id":"57068b4a-3b90-49ad-a6aa-646fbccee772","type":"Feature","geometry":{"type":"Polygon","coordinates":[[[90.4125346,23.740258999999998],[90.4125702,23.7402652],[90.4125551,23.7403343],[90.4125204,23.7403279],[90.4125346,23.740258999999998]]]},"properties":{"sources":[{"property":"","dataset":"Google Open Buildings","license":null,"record_id":"7MMGPCR7+427V","update_time":"2023-05-01T00:00:00.000Z","confidence":0.6631,"between":null,"provider":"google","resource":"open_buildings","version":"2024-04-16"}],"is_underground":false,"has_parts":false,"version":1}},
{"id":"5fed309e-ecb5-4bef-b182-b0f175a7daa5","type":"Feature","geometry":{"type":"Polygon","coordinates":[[[90.4126798,23.7403452],[90.4126035,23.7403299],[90.4126339,23.7402033],[90.4127101,23.7402186],[90.4126798,23.7403452]]]},"properties":{"sources":[{"property":"","dataset":"OpenStreetMap","license":"ODbL-1.0","record_id":"w1430626368@1","update_time":"2025-09-17T15:58:19.000Z","confidence":null,"between":null,"provider":"osm","resource":"planet","version":"2026-09-06T00:00:00.000Z"}],"is_underground":false,"has_parts":false,"version":2}},
{"id":"315adf2f-e0e1-41cb-981c-2667acb75fb5","type":"Feature","geometry":{"type":"Polygon","coordinates":[[[90.412465,23.7404799],[90.4123815,23.7404616],[90.4124058,23.7403611],[90.4125435,23.7403912],[90.4125286,23.7404551],[90.4125705,23.7404633],[90.4125854,23.7403994],[90.4127164,23.740427],[90.4126898,23.7405334],[90.412605,23.7405149],[90.4126003,23.7405331],[90.4126851,23.7405516],[90.4126624,23.7406402],[90.4125364,23.7406133],[90.4125521,23.7405481],[90.4125102,23.7405397],[90.4124946,23.7406048],[90.4123518,23.7405743],[90.4123766,23.7404804],[90.4124601,23.7404986],[90.412465,23.7404799]]]},"properties":{"sources":[{"property":"","dataset":"OpenStreetMap","license":"ODbL-1.0","record_id":"w983110726@1","update_time":"2021-09-14T05:49:22.000Z","confidence":null,"between":null,"provider":"osm","resource":"planet","version":"2026-09-06T00:00:00.000Z"}],"is_underground":false,"num_floors":12,"subtype":"residential","class":"apartments","has_parts":false,"version":1}},
{"id":"4fbd1089-e6c2-4b14-99fd-eff23c2c552d","type":"Feature","geometry":{"type":"Polygon","coordinates":[[[90.4125987,23.7407929],[90.4125207,23.7408563],[90.4124048,23.7407369],[90.4124827,23.7406735],[90.4125987,23.7407929]]]},"properties":{"names":{"primary":"Popular Diagnostic Centre- Unit 2","common":null,"rules":null},"sources":[{"property":"","dataset":"OpenStreetMap","license":"ODbL-1.0","record_id":"w610898381@3","update_time":"2021-09-14T05:49:22.000Z","confidence":null,"between":null,"provider":"osm","resource":"planet","version":"2026-09-06T00:00:00.000Z"}],"is_underground":false,"num_floors":10,"subtype":"medical","class":"hospital","has_parts":false,"version":1}},
{"id":"28c89b71-9b3a-4bd3-9cea-06a3d9324636","type":"Feature","geometry":{"type":"Polygon","coordinates":[[[90.4123511,23.7408272],[90.4124214,23.7407673],[90.4125134,23.7408576],[90.4124431,23.7409176],[90.4123511,23.7408272]]]},"properties":{"sources":[{"property":"","dataset":"OpenStreetMap","license":"ODbL-1.0","record_id":"w610898380@1","update_time":"2021-09-14T05:49:22.000Z","confidence":null,"between":null,"provider":"osm","resource":"planet","version":"2026-09-06T00:00:00.000Z"}],"is_underground":false,"num_floors":3,"has_parts":false,"version":1}},
{"id":"2e94c372-9b98-4071-bc00-972d29247ff9","type":"Feature","geometry":{"type":"Polygon","coordinates":[[[90.4125808,23.740885],[90.4125525,23.7408514],[90.4126462,23.7407855],[90.4126744,23.7408191],[90.4125808,23.740885]]]},"properties":{"sources":[{"property":"","dataset":"OpenStreetMap","license":"ODbL-1.0","record_id":"w1456722280@1","update_time":"2025-12-07T17:00:57.000Z","confidence":null,"between":null,"provider":"osm","resource":"planet","version":"2026-09-06T00:00:00.000Z"}],"is_underground":false,"has_parts":false,"version":1}},
{"id":"20997c24-e78d-42c9-b1c6-3fa58a721aa8","type":"Feature","geometry":{"type":"Polygon","coordinates":[[[90.4127324,23.7407023],[90.4126278,23.7407858],[90.4125124,23.7406753],[90.4127324,23.7407023]]]},"properties":{"sources":[{"property":"","dataset":"OpenStreetMap","license":"ODbL-1.0","record_id":"w610898382@1","update_time":"2021-09-14T05:49:22.000Z","confidence":null,"between":null,"provider":"osm","resource":"planet","version":"2026-09-06T00:00:00.000Z"}],"is_underground":false,"num_floors":8,"subtype":"commercial","class":"commercial","has_parts":false,"version":1}},
{"id":"0d45f05c-e67c-459c-a5b5-4f2c42f71f3b","type":"Feature","geometry":{"type":"Polygon","coordinates":[[[90.4128071,23.7406962],[90.4126917,23.7406723],[90.4127255,23.7405354],[90.4128056,23.7405519],[90.4127914,23.7406096],[90.4129138,23.7406349],[90.4128071,23.7406962]]]},"properties":{"sources":[{"property":"","dataset":"OpenStreetMap","license":"ODbL-1.0","record_id":"w983110727@1","update_time":"2021-09-14T05:49:22.000Z","confidence":null,"between":null,"provider":"osm","resource":"planet","version":"2026-09-06T00:00:00.000Z"}],"is_underground":false,"num_floors":8,"subtype":"commercial","class":"commercial","has_parts":false,"version":1}},
{"id":"c7934ef8-6cd5-4804-ad83-f5cde0d1b7b2","type":"Feature","geometry":{"type":"Polygon","coordinates":[[[90.412787,23.7403681],[90.4127107,23.7403528],[90.4127411,23.7402262],[90.4128173,23.7402415],[90.412787,23.7403681]]]},"properties":{"sources":[{"property":"","dataset":"OpenStreetMap","license":"ODbL-1.0","record_id":"w1442007278@1","update_time":"2025-10-13T19:35:24.000Z","confidence":null,"between":null,"provider":"osm","resource":"planet","version":"2026-09-06T00:00:00.000Z"}],"is_underground":false,"has_parts":false,"version":1}},
{"id":"3c34f702-adf2-4fb5-8c6e-b50507f54af8","type":"Feature","geometry":{"type":"Polygon","coordinates":[[[90.4128201,23.7402221],[90.4127438,23.7402068],[90.4127742,23.7400802],[90.4128504,23.7400955],[90.4128201,23.7402221]]]},"properties":{"sources":[{"property":"","dataset":"OpenStreetMap","license":"ODbL-1.0","record_id":"w1442007279@1","update_time":"2025-10-13T19:35:24.000Z","confidence":null,"between":null,"provider":"osm","resource":"planet","version":"2026-09-06T00:00:00.000Z"}],"is_underground":false,"has_parts":false,"version":1}},
{"id":"d4cca684-b023-4956-a57d-ab4676f2b4a4","type":"Feature","geometry":{"type":"Polygon","coordinates":[[[90.4128309,23.7399088],[90.4127209,23.7398996],[90.4127384,23.7397241],[90.4128483,23.7397332],[90.4128309,23.7399088]]]},"properties":{"sources":[{"property":"","dataset":"OpenStreetMap","license":"ODbL-1.0","record_id":"w506039026@1","update_time":"2022-07-26T19:36:06.000Z","confidence":null,"between":null,"provider":"osm","resource":"planet","version":"2026-09-06T00:00:00.000Z"}],"is_underground":false,"has_parts":false,"version":1}},
{"id":"a8949496-7f90-45fd-b7df-24f4896bf316","type":"Feature","geometry":{"type":"Polygon","coordinates":[[[90.4126364,23.7401625],[90.4124245,23.7401379],[90.4124342,23.7400675],[90.4126461,23.7400921],[90.4126364,23.7401625]]]},"properties":{"sources":[{"property":"","dataset":"OpenStreetMap","license":"ODbL-1.0","record_id":"w506038761@1","update_time":"2017-07-08T11:56:16.000Z","confidence":null,"between":null,"provider":"osm","resource":"planet","version":"2026-09-06T00:00:00.000Z"}],"is_underground":false,"has_parts":false,"version":1}},
{"id":"4e360aa4-e247-4034-8563-24b60ff8ffe0","type":"Feature","geometry":{"type":"Polygon","coordinates":[[[90.412702,23.7400303],[90.4125051,23.7400141],[90.4125334,23.7398326],[90.4125807,23.7398433],[90.4126059,23.73981],[90.4126729,23.7398535],[90.4126868,23.739902],[90.4127231,23.7399225],[90.4127178,23.739924],[90.412702,23.7400303]]]},"properties":{"sources":[{"property":"","dataset":"OpenStreetMap","license":"ODbL-1.0","record_id":"w369705052@1","update_time":"2017-07-08T11:56:36.000Z","confidence":null,"between":null,"provider":"osm","resource":"planet","version":"2026-09-06T00:00:00.000Z"}],"is_underground":false,"has_parts":false,"version":1}},
{"id":"cbfc72c7-d7d4-44bb-bfa0-02686553cc25","type":"Feature","geometry":{"type":"Polygon","coordinates":[[[90.4126807,23.7396959],[90.4124842,23.7396865],[90.4124907,23.7395728],[90.4126871,23.7395821],[90.4126807,23.7396959]]]},"properties":{"sources":[{"property":"","dataset":"OpenStreetMap","license":"ODbL-1.0","record_id":"w369707816@1","update_time":"2022-07-26T19:36:06.000Z","confidence":null,"between":null,"provider":"osm","resource":"planet","version":"2026-09-06T00:00:00.000Z"}],"is_underground":false,"has_parts":false,"version":1}},
{"id":"6bdfd21c-c48b-4641-ba39-a05e0b2a021c","type":"Feature","geometry":{"type":"Polygon","coordinates":[[[90.4124952,23.7395233],[90.412349,23.7395159],[90.4123558,23.7394021],[90.412502,23.7394095],[90.4124952,23.7395233]]]},"properties":{"sources":[{"property":"","dataset":"OpenStreetMap","license":"ODbL-1.0","record_id":"w506038931@1","update_time":"2022-07-26T19:36:06.000Z","confidence":null,"between":null,"provider":"osm","resource":"planet","version":"2026-09-06T00:00:00.000Z"}],"is_underground":false,"has_parts":false,"version":1}},
{"id":"42e19377-6698-4a38-bb95-e2b6a278381b","type":"Feature","geometry":{"type":"Polygon","coordinates":[[[90.4126996,23.7395327],[90.412536,23.7395237],[90.4125472,23.7394161],[90.4127093,23.7394271],[90.4126996,23.7395327]]]},"properties":{"sources":[{"property":"","dataset":"OpenStreetMap","license":"ODbL-1.0","record_id":"w369709394@1","update_time":"2022-07-26T19:36:06.000Z","confidence":null,"between":null,"provider":"osm","resource":"planet","version":"2026-09-06T00:00:00.000Z"}],"is_underground":false,"has_parts":false,"version":1}},
{"id":"165bc27a-c941-476b-8569-33ff87b4edcc","type":"Feature","geometry":{"type":"Polygon","coordinates":[[[90.4127948,23.7394587],[90.4127885,23.7395466],[90.412736,23.7395434],[90.4127422,23.7394555],[90.4127948,23.7394587]]]},"properties":{"sources":[{"property":"","dataset":"Google Open Buildings","license":null,"record_id":"7MMGPCQ7+R423","update_time":"2023-05-01T00:00:00.000Z","confidence":0.6732,"between":null,"provider":"google","resource":"open_buildings","version":"2024-04-16"}],"is_underground":false,"has_parts":false,"version":1}},
{"id":"f8d42a46-b149-4c1a-a063-ad5cf293bf96","type":"Feature","geometry":{"type":"Polygon","coordinates":[[[90.4129597,23.739695],[90.4128255,23.7396883],[90.4128319,23.7395798],[90.4129662,23.7395865],[90.4129597,23.739695]]]},"properties":{"sources":[{"property":"","dataset":"OpenStreetMap","license":"ODbL-1.0","record_id":"w369710578@1","update_time":"2022-07-26T19:36:06.000Z","confidence":null,"between":null,"provider":"osm","resource":"planet","version":"2026-09-06T00:00:00.000Z"}],"is_underground":false,"has_parts":false,"version":1}},
{"id":"8e671cc2-2043-42e2-862d-8565aaf71a97","type":"Feature","geometry":{"type":"Polygon","coordinates":[[[90.4130583,23.7395632],[90.4127994,23.7395485],[90.4128077,23.7394274],[90.4130665,23.7394421],[90.4130583,23.7395632]]]},"properties":{"sources":[{"property":"","dataset":"OpenStreetMap","license":"ODbL-1.0","record_id":"w506038935@1","update_time":"2022-07-26T19:36:06.000Z","confidence":null,"between":null,"provider":"osm","resource":"planet","version":"2026-09-06T00:00:00.000Z"}],"is_underground":false,"has_parts":false,"version":1}},
{"id":"030d63c7-d6b6-463c-aff8-d1b50a138728","type":"Feature","geometry":{"type":"Polygon","coordinates":[[[90.4130245,23.7401017],[90.41292,23.7400895],[90.4129294,23.740022],[90.4130338,23.7400341],[90.4130245,23.7401017]]]},"properties":{"sources":[{"property":"","dataset":"OpenStreetMap","license":"ODbL-1.0","record_id":"w1430646647@1","update_time":"2025-09-17T16:51:49.000Z","confidence":null,"between":null,"provider":"osm","resource":"planet","version":"2026-09-06T00:00:00.000Z"}],"is_underground":false,"has_parts":false,"version":1}},
{"id":"accf3f04-c39b-462e-a457-d721e3d29dfc","type":"Feature","geometry":{"type":"Polygon","coordinates":[[[90.4131435,23.7399048],[90.413132,23.7400038],[90.4129492,23.7399861],[90.4129607,23.739887],[90.4131435,23.7399048]]]},"properties":{"sources":[{"property":"","dataset":"OpenStreetMap","license":"ODbL-1.0","record_id":"w490283864@1","update_time":"2017-07-08T11:57:02.000Z","confidence":null,"between":null,"provider":"osm","resource":"planet","version":"2026-09-06T00:00:00.000Z"}],"is_underground":false,"has_parts":false,"version":1}},
{"id":"3230316d-78dd-4457-8382-3d05fbaaefc6","type":"Feature","geometry":{"type":"Polygon","coordinates":[[[90.4131109,23.7398735],[90.4129634,23.7398539],[90.4129746,23.7397837],[90.4131221,23.7398033],[90.4131109,23.7398735]]]},"properties":{"sources":[{"property":"","dataset":"OpenStreetMap","license":"ODbL-1.0","record_id":"w506039027@1","update_time":"2017-07-08T11:56:24.000Z","confidence":null,"between":null,"provider":"osm","resource":"planet","version":"2026-09-06T00:00:00.000Z"}],"is_underground":false,"has_parts":false,"version":1}},
{"id":"0cb9b32e-b329-4b19-aa2c-26d6d03893d9","type":"Feature","geometry":{"type":"Polygon","coordinates":[[[90.4132592,23.7400116],[90.4131549,23.740007],[90.4131604,23.7399037],[90.4132647,23.7399084],[90.4132592,23.7400116]]]},"properties":{"sources":[{"property":"","dataset":"OpenStreetMap","license":"ODbL-1.0","record_id":"w1430642229@1","update_time":"2025-09-17T16:34:42.000Z","confidence":null,"between":null,"provider":"osm","resource":"planet","version":"2026-09-06T00:00:00.000Z"}],"is_underground":false,"has_parts":false,"version":1}},
{"id":"42612447-d1e7-40d2-845a-2382e9d1d785","type":"Feature","geometry":{"type":"Polygon","coordinates":[[[90.4132333,23.7401311],[90.413259,23.7400386],[90.4133436,23.7400583],[90.4134789,23.7400897],[90.4134533,23.7401822],[90.4132333,23.7401311]]]},"properties":{"sources":[{"property":"","dataset":"OpenStreetMap","license":"ODbL-1.0","record_id":"w490283269@1","update_time":"2020-07-22T19:08:32.000Z","confidence":null,"between":null,"provider":"osm","resource":"planet","version":"2026-09-06T00:00:00.000Z"}],"is_underground":false,"has_parts":false,"version":1}},
{"id":"5dfb7bf4-0649-404f-b335-cdc6754e006b","type":"Feature","geometry":{"type":"Polygon","coordinates":[[[90.4132305,23.7398887],[90.4131552,23.7398883],[90.4131565,23.7397102],[90.4132318,23.7397107],[90.4132305,23.7398887]]]},"properties":{"sources":[{"property":"","dataset":"OpenStreetMap","license":"ODbL-1.0","record_id":"w506039029@1","update_time":"2017-07-08T11:56:24.000Z","confidence":null,"between":null,"provider":"osm","resource":"planet","version":"2026-09-06T00:00:00.000Z"}],"is_underground":false,"has_parts":false,"version":1}},
{"id":"c99724d9-ff01-4b45-96cc-78c4ac887f17","type":"Feature","geometry":{"type":"Polygon","coordinates":[[[90.4132366,23.7397015],[90.4131664,23.7396979],[90.4131694,23.7396493],[90.4132396,23.7396529],[90.4132366,23.7397015]]]},"properties":{"sources":[{"property":"","dataset":"OpenStreetMap","license":"ODbL-1.0","record_id":"w1430646630@1","update_time":"2025-09-17T16:51:49.000Z","confidence":null,"between":null,"provider":"osm","resource":"planet","version":"2026-09-06T00:00:00.000Z"}],"is_underground":false,"has_parts":false,"version":1}},
{"id":"88e16d60-fce4-43a5-95ad-eb1c1a555ec2","type":"Feature","geometry":{"type":"Polygon","coordinates":[[[90.4131939,23.7395955],[90.4131959,23.7395533],[90.4132358,23.739555],[90.4132384,23.7395017],[90.4132776,23.7395033],[90.413273,23.7395987],[90.4131939,23.7395955]]]},"properties":{"sources":[{"property":"","dataset":"OpenStreetMap","license":"ODbL-1.0","record_id":"w490284603@1","update_time":"2017-07-08T11:57:03.000Z","confidence":null,"between":null,"provider":"osm","resource":"planet","version":"2026-09-06T00:00:00.000Z"}],"is_underground":false,"has_parts":false,"version":1}},
{"id":"0b35872f-d434-47d2-8333-bad6ab79ecf0","type":"Feature","geometry":{"type":"Polygon","coordinates":[[[90.4130963,23.7395195],[90.4131861,23.7395179],[90.4131876,23.7395914],[90.4130978,23.739593],[90.4130963,23.7395195]]]},"properties":{"sources":[{"property":"","dataset":"Google Open Buildings","license":null,"record_id":"7MMGPCQ7+R7C8","update_time":"2023-05-01T00:00:00.000Z","confidence":0.8072,"between":null,"provider":"google","resource":"open_buildings","version":"2024-04-16"}],"is_underground":false,"has_parts":false,"version":1}},
{"id":"e66849db-c545-410f-a525-55665e30e4ab","type":"Feature","geometry":{"type":"Polygon","coordinates":[[[90.4132993,23.7394892],[90.4131888,23.739484],[90.4131931,23.7394078],[90.4133037,23.739413],[90.4132993,23.7394892]]]},"properties":{"sources":[{"property":"","dataset":"OpenStreetMap","license":"ODbL-1.0","record_id":"w490283956@1","update_time":"2017-07-08T11:57:02.000Z","confidence":null,"between":null,"provider":"osm","resource":"planet","version":"2026-09-06T00:00:00.000Z"}],"is_underground":false,"has_parts":false,"version":1}},
{"id":"ce424a22-bd25-453d-a957-0a4d2ab92b26","type":"Feature","geometry":{"type":"Polygon","coordinates":[[[90.4135057,23.7396227],[90.4133396,23.7396246],[90.4133517,23.7393865],[90.4135178,23.7393846],[90.4135057,23.7396227]]]},"properties":{"sources":[{"property":"","dataset":"OpenStreetMap","license":"ODbL-1.0","record_id":"w506038937@1","update_time":"2022-05-25T07:08:06.000Z","confidence":null,"between":null,"provider":"osm","resource":"planet","version":"2026-09-06T00:00:00.000Z"}],"is_underground":false,"has_parts":false,"version":1}},
{"id":"c35f71a3-a811-4c79-b204-3a4718020dde","type":"Feature","geometry":{"type":"Polygon","coordinates":[[[90.4134972,23.7398833],[90.4133215,23.7398747],[90.4133335,23.7396795],[90.4135132,23.7396868],[90.4134972,23.7398833]]]},"properties":{"sources":[{"property":"","dataset":"OpenStreetMap","license":"ODbL-1.0","record_id":"w450087649@1","update_time":"2022-05-25T07:08:06.000Z","confidence":null,"between":null,"provider":"osm","resource":"planet","version":"2026-09-06T00:00:00.000Z"}],"is_underground":false,"has_parts":false,"version":1}},
{"id":"2750b54a-e201-4545-afc8-20809657c078","type":"Feature","geometry":{"type":"Polygon","coordinates":[[[90.4137345,23.739629],[90.4135696,23.7396192],[90.4135843,23.7394031],[90.4137493,23.7394167],[90.4137345,23.739629]]]},"properties":{"sources":[{"property":"","dataset":"OpenStreetMap","license":"ODbL-1.0","record_id":"w450087815@1","update_time":"2025-10-28T18:13:41.000Z","confidence":null,"between":null,"provider":"osm","resource":"planet","version":"2026-09-06T00:00:00.000Z"}],"is_underground":false,"subtype":"residential","class":"apartments","has_parts":false,"version":2}},
{"id":"f2c7d9b7-9f9b-4c46-82eb-4bfb875aa420","type":"Feature","geometry":{"type":"Polygon","coordinates":[[[90.4138794,23.7394501],[90.4137959,23.7394465],[90.4137982,23.7393999],[90.4138817,23.7394034],[90.4138794,23.7394501]]]},"properties":{"sources":[{"property":"","dataset":"OpenStreetMap","license":"ODbL-1.0","record_id":"w1430642234@1","update_time":"2025-09-17T16:34:42.000Z","confidence":null,"between":null,"provider":"osm","resource":"planet","version":"2026-09-06T00:00:00.000Z"}],"is_underground":false,"has_parts":false,"version":1}},
{"id":"6a315714-475c-4b5b-802c-e83a3d090e4a","type":"Feature","geometry":{"type":"Polygon","coordinates":[[[90.4138278,23.7396225],[90.4137474,23.7396199],[90.4137534,23.7394636],[90.4138338,23.7394662],[90.4138278,23.7396225]]]},"properties":{"sources":[{"property":"","dataset":"OpenStreetMap","license":"ODbL-1.0","record_id":"w1445818549@1","update_time":"2025-10-28T18:13:41.000Z","confidence":null,"between":null,"provider":"osm","resource":"planet","version":"2026-09-06T00:00:00.000Z"}],"is_underground":false,"has_parts":false,"version":1}},
{"id":"f9b3c9eb-43cf-484f-90b5-7369eadeb9bf","type":"Feature","geometry":{"type":"Polygon","coordinates":[[[90.4138279,23.7396821],[90.4137022,23.7396766],[90.4137044,23.7396344],[90.4138301,23.7396399],[90.4138279,23.7396821]]]},"properties":{"sources":[{"property":"","dataset":"OpenStreetMap","license":"ODbL-1.0","record_id":"w1430642214@1","update_time":"2025-09-17T16:34:42.000Z","confidence":null,"between":null,"provider":"osm","resource":"planet","version":"2026-09-06T00:00:00.000Z"}],"is_underground":false,"has_parts":false,"version":1}},
{"id":"0fcecd26-9e6e-4892-a22a-034d9e4797c8","type":"Feature","geometry":{"type":"Polygon","coordinates":[[[90.4136412,23.7397876],[90.4136479,23.7396785],[90.4139254,23.7396926],[90.4139188,23.7398017],[90.4136412,23.7397876]]]},"properties":{"sources":[{"property":"","dataset":"OpenStreetMap","license":"ODbL-1.0","record_id":"w450087955@1","update_time":"2019-04-10T20:54:23.000Z","confidence":null,"between":null,"provider":"osm","resource":"planet","version":"2026-09-06T00:00:00.000Z"}],"is_underground":false,"has_parts":false,"version":1}},
{"id":"3655af14-0f97-46dd-95b7-ea3be9037d31","type":"Feature","geometry":{"type":"Polygon","coordinates":[[[90.4135714,23.7400548],[90.4135781,23.7399457],[90.4138556,23.7399598],[90.413849,23.7400689],[90.4135714,23.7400548]]]},"properties":{"sources":[{"property":"","dataset":"OpenStreetMap","license":"ODbL-1.0","record_id":"w1136693922@1","update_time":"2023-01-31T12:01:26.000Z","confidence":null,"between":null,"provider":"osm","resource":"planet","version":"2026-09-06T00:00:00.000Z"}],"is_underground":false,"has_parts":false,"version":1}},
{"id":"df94ba60-b64b-4065-bea4-940c0af0d695","type":"Feature","geometry":{"type":"Polygon","coordinates":[[[90.4138104,23.7398772],[90.4136665,23.7398706],[90.4136703,23.7398015],[90.4138142,23.7398081],[90.4138104,23.7398772]]]},"properties":{"sources":[{"property":"","dataset":"OpenStreetMap","license":"ODbL-1.0","record_id":"w1432323636@1","update_time":"2025-09-23T15:48:46.000Z","confidence":null,"between":null,"provider":"osm","resource":"planet","version":"2026-09-06T00:00:00.000Z"}],"is_underground":false,"has_parts":false,"version":1}},
{"id":"695eb060-e84b-4197-9be3-3818a70b7cd6","type":"Feature","geometry":{"type":"Polygon","coordinates":[[[90.4136519,23.7398707],[90.413569,23.7398675],[90.413572,23.7398033],[90.4136543,23.7398068],[90.4136519,23.7398707]]]},"properties":{"sources":[{"property":"","dataset":"OpenStreetMap","license":"ODbL-1.0","record_id":"w1449560150@1","update_time":"2025-11-11T02:45:54.000Z","confidence":null,"between":null,"provider":"osm","resource":"planet","version":"2026-09-06T00:00:00.000Z"}],"is_underground":false,"has_parts":false,"version":2}},
{"id":"97ce047a-6b1c-4d17-b375-e070796157ac","type":"Feature","geometry":{"type":"Polygon","coordinates":[[[90.413479,23.7399686],[90.4133107,23.7399567],[90.4133165,23.739888],[90.4134848,23.7398999],[90.413479,23.7399686]]]},"properties":{"sources":[{"property":"","dataset":"OpenStreetMap","license":"ODbL-1.0","record_id":"w1430626408@1","update_time":"2025-09-17T15:58:19.000Z","confidence":null,"between":null,"provider":"osm","resource":"planet","version":"2026-09-06T00:00:00.000Z"}],"is_underground":false,"has_parts":false,"version":1}},
{"id":"3eef7480-188b-4a67-9d6b-dbea8afaeedd","type":"Feature","geometry":{"type":"Polygon","coordinates":[[[90.4134408,23.7403564],[90.4133359,23.7403425],[90.413346,23.7402785],[90.4134515,23.7402888],[90.4134408,23.7403564]]]},"properties":{"sources":[{"property":"","dataset":"OpenStreetMap","license":"ODbL-1.0","record_id":"w1430645162@1","update_time":"2025-09-17T16:47:36.000Z","confidence":null,"between":null,"provider":"osm","resource":"planet","version":"2026-09-06T00:00:00.000Z"}],"is_underground":false,"has_parts":false,"version":1}},
{"id":"9e939e4e-8abe-4903-85de-a9ce2a4f79b1","type":"Feature","geometry":{"type":"Polygon","coordinates":[[[90.4134067,23.740649],[90.4134125,23.7405845],[90.4135639,23.7404902],[90.4135989,23.7404684],[90.4135882,23.7405875],[90.4137344,23.7405985],[90.4137237,23.7407174],[90.4135819,23.7407067],[90.4135831,23.7406931],[90.4134804,23.7406853],[90.413474,23.7407565],[90.4134234,23.7407527],[90.4134298,23.7406817],[90.4134173,23.7406807],[90.4134201,23.74065],[90.4134067,23.740649]]]},"properties":{"names":{"primary":"Navana Somerset","common":null,"rules":null},"sources":[{"property":"","dataset":"OpenStreetMap","license":"ODbL-1.0","record_id":"w479896639@8","update_time":"2021-10-15T11:20:45.000Z","confidence":null,"between":null,"provider":"osm","resource":"planet","version":"2026-09-06T00:00:00.000Z"}],"is_underground":false,"num_floors":19,"subtype":"residential","class":"apartments","has_parts":false,"version":1}},
{"id":"37f79d17-bfae-41ce-8ac8-e9f71a393331","type":"Feature","geometry":{"type":"Polygon","coordinates":[[[90.413623,23.740469],[90.413614,23.7404574],[90.4137879,23.7403437],[90.4137922,23.7403492],[90.413797,23.7403552],[90.413623,23.740469]]]},"properties":{"sources":[{"property":"","dataset":"OpenStreetMap","license":"ODbL-1.0","record_id":"w981835823@4","update_time":"2023-08-28T15:05:13.000Z","confidence":null,"between":null,"provider":"osm","resource":"planet","version":"2026-09-06T00:00:00.000Z"}],"is_underground":false,"num_floors":1,"subtype":"commercial","class":"retail","has_parts":false,"version":1}},
{"id":"0943c95a-ac89-4dd8-9219-b4aee535b93c","type":"Feature","geometry":{"type":"Polygon","coordinates":[[[90.4137995,23.7405644],[90.4137158,23.7405581],[90.4137198,23.7405132],[90.4138035,23.7405196],[90.4137995,23.7405644]]]},"properties":{"sources":[{"property":"","dataset":"OpenStreetMap","license":"ODbL-1.0","record_id":"w1456722278@1","update_time":"2025-12-07T17:00:57.000Z","confidence":null,"between":null,"provider":"osm","resource":"planet","version":"2026-09-06T00:00:00.000Z"}],"is_underground":false,"has_parts":false,"version":1}},
{"id":"ce101dae-99e8-4c5c-b4ef-b173ea926686","type":"Feature","geometry":{"type":"Polygon","coordinates":[[[90.413626,23.7404766],[90.4137139,23.7404792],[90.4137123,23.7405262],[90.4136244,23.7405236],[90.413626,23.7404766]]]},"properties":{"sources":[{"property":"","dataset":"Google Open Buildings","license":null,"record_id":"7MMGPCR7+6F33","update_time":"2023-05-01T00:00:00.000Z","confidence":0.7533,"between":null,"provider":"google","resource":"open_buildings","version":"2024-04-16"}],"is_underground":false,"has_parts":false,"version":1}},
{"id":"3ac08ac1-fae6-4aac-8195-3c308e04248c","type":"Feature","geometry":{"type":"Polygon","coordinates":[[[90.413619,23.7405411],[90.4137103,23.7405331],[90.413715,23.7405793],[90.4136237,23.7405872],[90.413619,23.7405411]]]},"properties":{"sources":[{"property":"","dataset":"Google Open Buildings","license":null,"record_id":"7MMGPCR7+6FFF","update_time":"2023-05-01T00:00:00.000Z","confidence":0.7012,"between":null,"provider":"google","resource":"open_buildings","version":"2024-04-16"}],"is_underground":false,"has_parts":false,"version":1}},
{"id":"11340775-c162-4e3d-b5c0-fa8e3b64712f","type":"Feature","geometry":{"type":"Polygon","coordinates":[[[90.413762,23.7406999],[90.4137284,23.7406974],[90.4137331,23.7406441],[90.4137667,23.7406466],[90.413762,23.7406999]]]},"properties":{"sources":[{"property":"","dataset":"OpenStreetMap","license":"ODbL-1.0","record_id":"w1430642239@1","update_time":"2025-09-17T16:34:42.000Z","confidence":null,"between":null,"provider":"osm","resource":"planet","version":"2026-09-06T00:00:00.000Z"}],"is_underground":false,"has_parts":false,"version":1}},
{"id":"9ce599f0-6f71-47be-83d9-46bd674384c9","type":"Feature","geometry":{"type":"Polygon","coordinates":[[[90.4138559,23.7408713],[90.4137514,23.7408641],[90.4137721,23.7406162],[90.4139036,23.7406254],[90.413886,23.7408357],[90.4138591,23.7408338],[90.4138559,23.7408713]]]},"properties":{"sources":[{"property":"","dataset":"OpenStreetMap","license":"ODbL-1.0","record_id":"w479895987@4","update_time":"2021-09-10T19:15:57.000Z","confidence":null,"between":null,"provider":"osm","resource":"planet","version":"2026-09-06T00:00:00.000Z"}],"is_underground":false,"num_floors":4,"has_parts":false,"version":1}},
{"id":"815cbb94-bcdd-4a58-8127-1f77e27fc8e3","type":"Feature","geometry":{"type":"Polygon","coordinates":[[[90.4138661,23.740951],[90.4137529,23.7409454],[90.413757,23.7408753],[90.4138702,23.7408809],[90.4138661,23.740951]]]},"properties":{"sources":[{"property":"","dataset":"OpenStreetMap","license":"ODbL-1.0","record_id":"w981835815@2","update_time":"2021-09-12T06:29:58.000Z","confidence":null,"between":null,"provider":"osm","resource":"planet","version":"2026-09-06T00:00:00.000Z"}],"is_underground":false,"num_floors":4,"subtype":"residential","class":"residential","has_parts":false,"version":1}},
{"id":"d81e5c11-767e-4f20-bc8f-60b259d1fa0d","type":"Feature","geometry":{"type":"Polygon","coordinates":[[[90.4137461,23.7409434],[90.4136711,23.7409404],[90.4136802,23.74075],[90.4137552,23.740753],[90.4137461,23.7409434]]]},"properties":{"sources":[{"property":"","dataset":"OpenStreetMap","license":"ODbL-1.0","record_id":"w981835814@4","update_time":"2023-08-28T15:05:13.000Z","confidence":null,"between":null,"provider":"osm","resource":"planet","version":"2026-09-06T00:00:00.000Z"}],"is_underground":false,"num_floors":4,"subtype":"residential","class":"residential","has_parts":false,"version":1}},
{"id":"908d968b-a8fa-4086-afb1-80fed1613f68","type":"Feature","geometry":{"type":"Polygon","coordinates":[[[90.4136628,23.7409382],[90.4135836,23.7409347],[90.4135938,23.7407456],[90.4136731,23.7407492],[90.4136628,23.7409382]]]},"properties":{"sources":[{"property":"","dataset":"OpenStreetMap","license":"ODbL-1.0","record_id":"w981835813@2","update_time":"2025-09-17T16:34:42.000Z","confidence":null,"between":null,"provider":"osm","resource":"planet","version":"2026-09-06T00:00:00.000Z"}],"is_underground":false,"has_parts":false,"version":1}},
{"id":"ffa391aa-4733-4dd1-8089-d84cdda6e10c","type":"Feature","geometry":{"type":"Polygon","coordinates":[[[90.4135789,23.7409339],[90.4134932,23.7409307],[90.4135016,23.7407392],[90.4135874,23.7407423],[90.4135789,23.7409339]]]},"properties":{"sources":[{"property":"","dataset":"OpenStreetMap","license":"ODbL-1.0","record_id":"w981835812@2","update_time":"2021-09-12T06:29:58.000Z","confidence":null,"between":null,"provider":"osm","resource":"planet","version":"2026-09-06T00:00:00.000Z"}],"is_underground":false,"num_floors":4,"subtype":"residential","class":"residential","has_parts":false,"version":1}},
{"id":"967d6092-b6b8-4ccf-9191-69a3be5f0add","type":"Feature","geometry":{"type":"Polygon","coordinates":[[[90.4134878,23.7409278],[90.4133931,23.7409253],[90.4133973,23.7407868],[90.4134921,23.7407893],[90.4134878,23.7409278]]]},"properties":{"sources":[{"property":"","dataset":"OpenStreetMap","license":"ODbL-1.0","record_id":"w981835811@2","update_time":"2021-09-12T06:29:58.000Z","confidence":null,"between":null,"provider":"osm","resource":"planet","version":"2026-09-06T00:00:00.000Z"}],"is_underground":false,"num_floors":5,"subtype":"residential","class":"residential","has_parts":false,"version":1}},
{"id":"ad8e0ba7-e200-4394-95c1-e9b4eba53f0c","type":"Feature","geometry":{"type":"Polygon","coordinates":[[[90.4134649,23.7410917],[90.4132819,23.7410793],[90.4132914,23.7409609],[90.4134744,23.7409733],[90.4134649,23.7410917]]]},"properties":{"names":{"primary":"kazi Manzil","common":null,"rules":null},"sources":[{"property":"","dataset":"OpenStreetMap","license":"ODbL-1.0","record_id":"w981310492@3","update_time":"2021-09-12T06:58:24.000Z","confidence":null,"between":null,"provider":"osm","resource":"planet","version":"2026-09-06T00:00:00.000Z"}],"is_underground":false,"num_floors":4,"subtype":"residential","class":"residential","has_parts":false,"version":1}},
{"id":"c5da6840-2e43-49e0-bbca-99e5dd2a1a34","type":"Feature","geometry":{"type":"Polygon","coordinates":[[[90.4131887,23.7408855],[90.4131875,23.7408518],[90.41339,23.7408496],[90.4133909,23.7409232],[90.4132486,23.7409248],[90.4132259,23.7409186],[90.4132086,23.7409101],[90.4131976,23.7409006],[90.4131887,23.7408855]]]},"properties":{"sources":[{"property":"","dataset":"OpenStreetMap","license":"ODbL-1.0","record_id":"w981835810@5","update_time":"2023-08-28T15:05:13.000Z","confidence":null,"between":null,"provider":"osm","resource":"planet","version":"2026-09-06T00:00:00.000Z"}],"is_underground":false,"num_floors":4,"subtype":"residential","class":"residential","has_parts":false,"version":1}},
{"id":"ca1ac17a-87ce-4778-a732-7dd638fbb774","type":"Feature","geometry":{"type":"Polygon","coordinates":[[[90.4132667,23.7410262],[90.4131285,23.7410184],[90.4131563,23.7409511],[90.4132716,23.7409575],[90.4132667,23.7410262]]]},"properties":{"sources":[{"property":"","dataset":"OpenStreetMap","license":"ODbL-1.0","record_id":"w981007434@4","update_time":"2023-08-28T15:05:13.000Z","confidence":null,"between":null,"provider":"osm","resource":"planet","version":"2026-09-06T00:00:00.000Z"}],"is_underground":false,"num_floors":4,"subtype":"residential","class":"residential","has_parts":false,"version":1}},
{"id":"6adf971c-b113-4a9a-a573-6b73902e85d6","type":"Feature","geometry":{"type":"Polygon","coordinates":[[[90.4133009,23.7408457],[90.4131869,23.7408445],[90.4131869,23.740726],[90.4132439,23.7406843],[90.4133036,23.7406536],[90.4133009,23.7408457]]]},"properties":{"sources":[{"property":"","dataset":"OpenStreetMap","license":"ODbL-1.0","record_id":"w981835807@4","update_time":"2023-08-28T15:05:13.000Z","confidence":null,"between":null,"provider":"osm","resource":"planet","version":"2026-09-06T00:00:00.000Z"}],"is_underground":false,"num_floors":6,"has_parts":false,"version":1}},
{"id":"6b4eea60-c6b9-463a-b34d-7e4bbed5c83a","type":"Feature","geometry":{"type":"Polygon","coordinates":[[[90.4133846,23.7408382],[90.4133058,23.7408369],[90.4133091,23.7406666],[90.4133879,23.7406679],[90.4133846,23.7408382]]]},"properties":{"sources":[{"property":"","dataset":"OpenStreetMap","license":"ODbL-1.0","record_id":"w981835808@4","update_time":"2023-08-28T15:05:13.000Z","confidence":null,"between":null,"provider":"osm","resource":"planet","version":"2026-09-06T00:00:00.000Z"}],"is_underground":false,"num_floors":6,"has_parts":false,"version":1}},
{"id":"a82a93e1-9c4d-4474-94ba-101ffc5e5c34","type":"Feature","geometry":{"type":"Polygon","coordinates":[[[90.4133879,23.7406679],[90.4133091,23.7406666],[90.413309,23.7406524],[90.4133915,23.7405959],[90.4133879,23.7406679]]]},"properties":{"sources":[{"property":"","dataset":"OpenStreetMap","license":"ODbL-1.0","record_id":"w981835809@3","update_time":"2022-09-07T16:57:58.000Z","confidence":null,"between":null,"provider":"osm","resource":"planet","version":"2026-09-06T00:00:00.000Z"}],"is_underground":false,"num_floors":2,"has_parts":false,"version":1}},
{"id":"861dc747-1aea-4263-bea0-494a3489c896","type":"Feature","geometry":{"type":"Polygon","coordinates":[[[90.4133243,23.7403595],[90.4132286,23.740354],[90.4132324,23.7402983],[90.4133281,23.7403037],[90.4133243,23.7403595]]]},"properties":{"sources":[{"property":"","dataset":"OpenStreetMap","license":"ODbL-1.0","record_id":"w1456722277@1","update_time":"2025-12-07T17:00:57.000Z","confidence":null,"between":null,"provider":"osm","resource":"planet","version":"2026-09-06T00:00:00.000Z"}],"is_underground":false,"has_parts":false,"version":1}},
{"id":"4747e30b-4e41-4033-be34-c1db9192d0a3","type":"Feature","geometry":{"type":"Polygon","coordinates":[[[90.4131622,23.7405007],[90.4131022,23.7405059],[90.4130898,23.7403851],[90.413151,23.7403798],[90.4131492,23.7403627],[90.4130261,23.7403733],[90.413017,23.7402847],[90.4131165,23.7402761],[90.4131149,23.7402604],[90.4130554,23.7402656],[90.4130392,23.7401079],[90.4131807,23.7400957],[90.413218,23.7404585],[90.4131583,23.740463600000002],[90.4131622,23.7405007]]]},"properties":{"sources":[{"property":"","dataset":"OpenStreetMap","license":"ODbL-1.0","record_id":"w490281794@4","update_time":"2021-10-15T11:20:45.000Z","confidence":null,"between":null,"provider":"osm","resource":"planet","version":"2026-09-06T00:00:00.000Z"}],"is_underground":false,"num_floors":10,"has_parts":false,"version":1}},
{"id":"487fa06f-ec1c-4728-b29e-3d1ba93e97da","type":"Feature","geometry":{"type":"Polygon","coordinates":[[[90.4129777,23.7403786],[90.4128369,23.7403587],[90.4128785,23.7401131],[90.4130192,23.7401331],[90.4129777,23.7403786]]]},"properties":{"sources":[{"property":"","dataset":"OpenStreetMap","license":"ODbL-1.0","record_id":"w506039025@3","update_time":"2021-10-15T11:20:45.000Z","confidence":null,"between":null,"provider":"osm","resource":"planet","version":"2026-09-06T00:00:00.000Z"}],"is_underground":false,"num_floors":10,"has_parts":false,"version":1}},
{"id":"7b5b2486-cb55-4012-860e-82d652fe393b","type":"Feature","geometry":{"type":"Polygon","coordinates":[[[90.4129363,23.7406264],[90.4128135,23.7406011],[90.4128538,23.7404368],[90.4130115,23.7404692],[90.4129795,23.7406018],[90.4129598,23.7406027],[90.4129363,23.7406264]]]},"properties":{"sources":[{"property":"","dataset":"OpenStreetMap","license":"ODbL-1.0","record_id":"w369704950@3","update_time":"2021-09-14T05:49:22.000Z","confidence":null,"between":null,"provider":"osm","resource":"planet","version":"2026-09-06T00:00:00.000Z"}],"is_underground":false,"num_floors":6,"subtype":"commercial","class":"commercial","has_parts":false,"version":1}},
{"id":"82c906cc-4ce4-4290-9cda-f1806dc5f0ef","type":"Feature","geometry":{"type":"Polygon","coordinates":[[[90.4131634,23.7407395],[90.4131471,23.7408257],[90.4130769,23.7408113],[90.4131634,23.7407395]]]},"properties":{"sources":[{"property":"","dataset":"OpenStreetMap","license":"ODbL-1.0","record_id":"w1092674571@1","update_time":"2022-09-07T16:57:42.000Z","confidence":null,"between":null,"provider":"osm","resource":"planet","version":"2026-09-06T00:00:00.000Z"}],"is_underground":false,"num_floors":2,"subtype":"commercial","class":"commercial","has_parts":false,"version":1}},
{"id":"468d3b40-0377-480f-aaaf-ba37d97a068a","type":"Feature","geometry":{"type":"Polygon","coordinates":[[[90.4129321,23.7416024],[90.412886,23.7416001],[90.4128931,23.7414868],[90.4130768,23.7414938],[90.4130704,23.7416094],[90.4130243,23.741607],[90.4130142,23.7416031],[90.413004,23.7415998],[90.4129917,23.7415973],[90.4129785,23.7415963],[90.4129673,23.7415961],[90.4129557,23.7415974],[90.4129444,23.7415995],[90.4129321,23.7416024]]]},"properties":{"sources":[{"property":"","dataset":"OpenStreetMap","license":"ODbL-1.0","record_id":"w980575462@2","update_time":"2021-09-09T18:19:04.000Z","confidence":null,"between":null,"provider":"osm","resource":"planet","version":"2026-09-06T00:00:00.000Z"}],"is_underground":false,"num_floors":1,"has_parts":false,"version":1}},
{"id":"2b25ef67-cfde-49ac-b84a-0248476a4697","type":"Feature","geometry":{"type":"Polygon","coordinates":[[[90.4130564,23.7418086],[90.4130526,23.7418737],[90.4130047,23.7418716],[90.4129982,23.7418767],[90.4129899,23.7418813],[90.4129766,23.7418838],[90.4129617,23.7418854],[90.412948,23.7418823],[90.4129371,23.7418782],[90.4129284,23.7418733],[90.4129209,23.7418675],[90.4128789,23.7418654],[90.4128801,23.7418456],[90.4128712,23.7418451],[90.412874,23.7417994],[90.4128634,23.7417987],[90.4128672,23.7417527],[90.4128767,23.7417536],[90.4128822,23.741662],[90.4128767,23.7416618],[90.4128791,23.741629],[90.4128842,23.7416291],[90.412886,23.7416001],[90.4129321,23.7416024],[90.4129444,23.7415995],[90.4129557,23.7415974],[90.4129673,23.7415961],[90.4129785,23.7415963],[90.4129917,23.7415973],[90.413004,23.7415998],[90.4130142,23.7416031],[90.4130243,23.741607],[90.4130704,23.7416094],[90.4130682,23.7416463],[90.4130772,23.7416468],[90.4130754,23.7416776],[90.4130668,23.7416772],[90.4130615,23.7417661],[90.4130678,23.7417664],[90.4130652,23.7418093],[90.4130564,23.7418086]]]},"properties":{"names":{"primary":"Pankouri","common":null,"rules":null},"sources":[{"property":"","dataset":"OpenStreetMap","license":"ODbL-1.0","record_id":"w980575461@3","update_time":"2021-09-09T18:19:04.000Z","confidence":null,"between":null,"provider":"osm","resource":"planet","version":"2026-09-06T00:00:00.000Z"}],"is_underground":false,"num_floors":9,"subtype":"residential","class":"apartments","has_parts":false,"version":1}},
{"id":"125096c4-bc48-41dd-a221-2bf3adbb2636","type":"Feature","geometry":{"type":"Polygon","coordinates":[[[90.4130887,23.7416103],[90.4130704,23.7416094],[90.4130768,23.7414938],[90.4132448,23.7414987],[90.4132385,23.7416157],[90.413201,23.7416143],[90.4131947,23.7416097],[90.4131869,23.7416052],[90.4131772,23.741602],[90.4131667,23.741601],[90.4131557,23.7416013],[90.4131442,23.7416038],[90.4131352,23.7416073],[90.4131261,23.7416116],[90.4130887,23.7416103]]]},"properties":{"sources":[{"property":"","dataset":"OpenStreetMap","license":"ODbL-1.0","record_id":"w980575464@2","update_time":"2021-09-09T18:19:04.000Z","confidence":null,"between":null,"provider":"osm","resource":"planet","version":"2026-09-06T00:00:00.000Z"}],"is_underground":false,"num_floors":1,"has_parts":false,"version":1}},
{"id":"cd153b68-ae90-4716-95ff-032c2170ab9d","type":"Feature","geometry":{"type":"Polygon","coordinates":[[[90.413201,23.7416143],[90.4132385,23.7416157],[90.4132186,23.7419113],[90.4132006,23.7419123],[90.4131803,23.7419128],[90.4131628,23.7419108],[90.4131436,23.7419031],[90.4131271,23.7418962],[90.4131154,23.7418918],[90.4131143,23.7418826],[90.4130677,23.7418815],[90.4130692,23.741861],[90.4130762,23.741861],[90.4130887,23.7416103],[90.4131261,23.7416116],[90.4131352,23.7416073],[90.4131442,23.7416038],[90.4131557,23.7416013],[90.4131667,23.741601],[90.4131772,23.741602],[90.4131869,23.7416052],[90.4131947,23.7416097],[90.413201,23.7416143]]]},"properties":{"names":{"primary":"Chandramallika","common":null,"rules":null},"sources":[{"property":"","dataset":"OpenStreetMap","license":"ODbL-1.0","record_id":"w980575463@3","update_time":"2021-09-09T18:19:04.000Z","confidence":null,"between":null,"provider":"osm","resource":"planet","version":"2026-09-06T00:00:00.000Z"}],"is_underground":false,"num_floors":9,"subtype":"residential","class":"apartments","has_parts":false,"version":1}},
{"id":"e8de4d59-16e7-40be-8204-ecc0c1c05ea2","type":"Feature","geometry":{"type":"Polygon","coordinates":[[[90.4133015,23.7419615],[90.4132198,23.7419564],[90.4132375,23.7417194],[90.4133192,23.7417245],[90.4133015,23.7419615]]]},"properties":{"sources":[{"property":"","dataset":"OpenStreetMap","license":"ODbL-1.0","record_id":"w980575467@3","update_time":"2023-08-28T15:05:13.000Z","confidence":null,"between":null,"provider":"osm","resource":"planet","version":"2026-09-06T00:00:00.000Z"}],"is_underground":false,"num_floors":6,"has_parts":false,"version":1}},
{"id":"6b8031ac-dd21-4879-8f0c-f465f5e84ce1","type":"Feature","geometry":{"type":"Polygon","coordinates":[[[90.413242,23.7417134],[90.4132563,23.741498],[90.4133337,23.7415023],[90.4133195,23.7417177],[90.413242,23.7417134]]]},"properties":{"sources":[{"property":"","dataset":"OpenStreetMap","license":"ODbL-1.0","record_id":"w932285194@4","update_time":"2025-01-11T00:49:18.000Z","confidence":null,"between":null,"provider":"osm","resource":"planet","version":"2026-09-06T00:00:00.000Z"}],"is_underground":false,"num_floors":8,"subtype":"residential","class":"apartments","has_parts":false,"version":1}},
{"id":"90f88136-3209-40f8-ba06-53a7418c23a7","type":"Feature","geometry":{"type":"Polygon","coordinates":[[[90.4134323,23.741426],[90.4133068,23.7414238],[90.4133093,23.7413103],[90.4134348,23.7413126],[90.4134323,23.741426]]]},"properties":{"names":{"primary":"Sirajul Manzil","common":null,"rules":null},"sources":[{"property":"","dataset":"OpenStreetMap","license":"ODbL-1.0","record_id":"w981310498@1","update_time":"2021-09-09T16:32:42.000Z","confidence":null,"between":null,"provider":"osm","resource":"planet","version":"2026-09-06T00:00:00.000Z"}],"is_underground":false,"num_floors":4,"subtype":"residential","class":"residential","has_parts":false,"version":1}},
{"id":"7f75fe1f-d3e5-4436-9d2a-91fc76ff063f","type":"Feature","geometry":{"type":"Polygon","coordinates":[[[90.4133007,23.7414241],[90.4132424,23.7414252],[90.4132394,23.7413151],[90.4132981,23.7413139],[90.4133007,23.7414241]]]},"properties":{"sources":[{"property":"","dataset":"OpenStreetMap","license":"ODbL-1.0","record_id":"w981310499@3","update_time":"2023-08-28T15:05:13.000Z","confidence":null,"between":null,"provider":"osm","resource":"planet","version":"2026-09-06T00:00:00.000Z"}],"is_underground":false,"num_floors":2,"subtype":"residential","class":"residential","has_parts":false,"version":1}},
{"id":"6f1cdd6f-bb95-4e84-921c-fbb48619e69d","type":"Feature","geometry":{"type":"Polygon","coordinates":[[[90.4132428,23.741439],[90.4131591,23.7414409],[90.4131557,23.741317],[90.4132394,23.7413151],[90.4132424,23.7414252],[90.4132428,23.741439]]]},"properties":{"sources":[{"property":"","dataset":"OpenStreetMap","license":"ODbL-1.0","record_id":"w981310497@3","update_time":"2023-08-28T15:05:13.000Z","confidence":null,"between":null,"provider":"osm","resource":"planet","version":"2026-09-06T00:00:00.000Z"}],"is_underground":false,"num_floors":4,"subtype":"residential","class":"residential","has_parts":false,"version":1}},
{"id":"4f92848b-6b84-4a81-b462-639db567eff4","type":"Feature","geometry":{"type":"Polygon","coordinates":[[[90.4131285,23.7410184],[90.4132667,23.7410262],[90.4132628,23.7410842],[90.4131247,23.7410764],[90.4131285,23.7410184]]]},"properties":{"sources":[{"property":"","dataset":"OpenStreetMap","license":"ODbL-1.0","record_id":"w981310488@3","update_time":"2023-08-28T15:05:13.000Z","confidence":null,"between":null,"provider":"osm","resource":"planet","version":"2026-09-06T00:00:00.000Z"}],"is_underground":false,"num_floors":4,"subtype":"residential","class":"residential","has_parts":false,"version":1}},
{"id":"6b6107c6-abc7-429d-b762-4d1a06d903f8","type":"Feature","geometry":{"type":"Polygon","coordinates":[[[90.4132889,23.7412982],[90.4131526,23.7413066],[90.4131325,23.7410873],[90.4132704,23.7410916],[90.4132735,23.7411875],[90.4134591,23.7411945],[90.4134527,23.7413017],[90.4132889,23.7412982]]]},"properties":{"sources":[{"property":"","dataset":"OpenStreetMap","license":"ODbL-1.0","record_id":"w981310490@3","update_time":"2023-08-28T15:05:13.000Z","confidence":null,"between":null,"provider":"osm","resource":"planet","version":"2026-09-06T00:00:00.000Z"}],"is_underground":false,"num_floors":10,"subtype":"residential","class":"residential","has_parts":false,"version":1}},
{"id":"1b63acb1-10ec-4f30-9381-49302f7cd934","type":"Feature","geometry":{"type":"Polygon","coordinates":[[[90.4134596,23.7411836],[90.4132911,23.7411794],[90.4132936,23.7410947],[90.4134621,23.7410989],[90.4134596,23.7411836]]]},"properties":{"sources":[{"property":"","dataset":"OpenStreetMap","license":"ODbL-1.0","record_id":"w981310491@3","update_time":"2023-08-28T15:05:13.000Z","confidence":null,"between":null,"provider":"osm","resource":"planet","version":"2026-09-06T00:00:00.000Z"}],"is_underground":false,"num_floors":6,"subtype":"residential","class":"residential","has_parts":false,"version":1}},
{"id":"d519a76b-367d-4231-b34e-6e50973f807f","type":"Feature","geometry":{"type":"Polygon","coordinates":[[[90.4134568,23.7414403],[90.4134434,23.7414398],[90.4134487,23.7413209],[90.4134613,23.7413214],[90.4134667,23.7411992],[90.4135832,23.7412035],[90.4135829,23.7412091],[90.4135914,23.7412094],[90.4135911,23.7412182],[90.4136001,23.7412185],[90.4135972,23.7412969],[90.4135865,23.7412965],[90.4135842,23.7413595],[90.4135737,23.7413592],[90.4135707,23.7414451],[90.4135608,23.7414448],[90.4135606,23.7414507],[90.4135416,23.7414501],[90.4135418,23.7414449],[90.4135325,23.7414446],[90.4135323,23.7414506],[90.4134926,23.7414492],[90.4134928,23.7414432],[90.4134833,23.7414429],[90.413483,23.7414496],[90.4134565,23.7414486],[90.4134568,23.7414403]]]},"properties":{"names":{"primary":"Paradise M.A. Khan Garden","common":null,"rules":null},"sources":[{"property":"","dataset":"OpenStreetMap","license":"ODbL-1.0","record_id":"w447183774@5","update_time":"2021-10-06T14:37:41.000Z","confidence":null,"between":null,"provider":"osm","resource":"planet","version":"2026-09-06T00:00:00.000Z"}],"is_underground":false,"num_floors":6,"subtype":"residential","class":"apartments","has_parts":false,"version":1}},
{"id":"bfaa18ad-ef63-46da-a114-3f35b454c1b9","type":"Feature","geometry":{"type":"Polygon","coordinates":[[[90.4135944,23.7411886],[90.4134706,23.7411797],[90.413489,23.7409654],[90.4136128,23.7409743],[90.4135944,23.7411886]]]},"properties":{"names":{"primary":"Bokul","common":null,"rules":null},"sources":[{"property":"","dataset":"OpenStreetMap","license":"ODbL-1.0","record_id":"w981310493@1","update_time":"2021-09-09T16:32:42.000Z","confidence":null,"between":null,"provider":"osm","resource":"planet","version":"2026-09-06T00:00:00.000Z"}],"is_underground":false,"num_floors":6,"subtype":"residential","class":"residential","has_parts":false,"version":1}},
{"id":"e4b80857-3d0b-4b5a-a5be-94f61af4e139","type":"Feature","geometry":{"type":"Polygon","coordinates":[[[90.4136351,23.7410052],[90.4136371,23.7409804],[90.4136622,23.7409822],[90.4136629,23.740974],[90.4137174,23.7409778],[90.4137165,23.7409882],[90.4137398,23.7409898],[90.4137234,23.7411899],[90.4137181,23.7411895],[90.4137171,23.7412015],[90.41368,23.7411989],[90.4136804,23.741194],[90.413653,23.7411921],[90.4136528,23.7411947],[90.4136198,23.7411925],[90.4136202,23.7411865],[90.4136163,23.7411862],[90.413619,23.7411535],[90.413616,23.7411533],[90.4136283,23.7410047],[90.4136351,23.7410052]]]},"properties":{"names":{"primary":"Dara's Paradise","common":null,"rules":null},"sources":[{"property":"","dataset":"OpenStreetMap","license":"ODbL-1.0","record_id":"w981310494@1","update_time":"2021-09-09T16:32:42.000Z","confidence":null,"between":null,"provider":"osm","resource":"planet","version":"2026-09-06T00:00:00.000Z"}],"is_underground":false,"num_floors":6,"subtype":"residential","class":"residential","has_parts":false,"version":1}},
{"id":"06c333ab-4b10-4a5f-9794-83566cd674b0","type":"Feature","geometry":{"type":"Polygon","coordinates":[[[90.41375,23.7410705],[90.4137541,23.7410047],[90.4138541,23.7410099],[90.413852,23.7410665],[90.4138692,23.7410686],[90.4138726,23.7410109],[90.4139751,23.7410162],[90.4139711,23.7410805],[90.4138907,23.7410765],[90.4138887,23.7410958],[90.4139699,23.7411002],[90.4139661,23.7411622],[90.4139061,23.741159],[90.4139046,23.7411765],[90.4139649,23.7411813],[90.4139609,23.7412462],[90.4137399,23.7412348],[90.4137435,23.7411714],[90.4137983,23.7411725],[90.4137999,23.7411564],[90.4137448,23.7411552],[90.4137489,23.7410887],[90.4138314,23.7410939],[90.4138325,23.7410742],[90.41375,23.7410705]]]},"properties":{"names":{"primary":"Chameli","common":null,"rules":null},"sources":[{"property":"","dataset":"OpenStreetMap","license":"ODbL-1.0","record_id":"w447358516@2","update_time":"2021-09-09T16:32:42.000Z","confidence":null,"between":null,"provider":"osm","resource":"planet","version":"2026-09-06T00:00:00.000Z"}],"is_underground":false,"num_floors":9,"subtype":"residential","class":"apartments","has_parts":false,"version":1}},
{"id":"409e69a7-847f-44bf-8c86-8adcc7b2e2b9","type":"Feature","geometry":{"type":"Polygon","coordinates":[[[90.4138577,23.7413146],[90.4138428,23.741486],[90.4137893,23.7414821],[90.4138013,23.7413121],[90.4138577,23.7413146]]]},"properties":{"sources":[{"property":"","dataset":"OpenStreetMap","license":"ODbL-1.0","record_id":"w1435604702@1","update_time":"2025-10-05T08:26:17.000Z","confidence":null,"between":null,"provider":"osm","resource":"planet","version":"2026-09-06T00:00:00.000Z"}],"is_underground":false,"has_parts":false,"version":1}},
{"id":"f295453e-7d23-46ad-a720-bbc3c91b43bc","type":"Feature","geometry":{"type":"Polygon","coordinates":[[[90.4137823,23.7414856],[90.4137006,23.7414816],[90.4137116,23.7412988],[90.4137973,23.7413034],[90.4137823,23.7414856]]]},"properties":{"names":{"primary":"Mounobash","common":null,"rules":null},"sources":[{"property":"","dataset":"OpenStreetMap","license":"ODbL-1.0","record_id":"w447358517@2","update_time":"2025-10-05T08:26:17.000Z","confidence":null,"between":null,"provider":"osm","resource":"planet","version":"2026-09-06T00:00:00.000Z"}],"is_underground":false,"num_floors":9,"subtype":"residential","class":"apartments","has_parts":false,"version":2}},
{"id":"1236ed5d-f311-48a4-aff0-45da48bc83cd","type":"Feature","geometry":{"type":"Polygon","coordinates":[[[90.4136049,23.7412925],[90.4136118,23.7412097],[90.4137126,23.7412167],[90.4137057,23.7412995],[90.4136049,23.7412925]]]},"properties":{"sources":[{"property":"","dataset":"OpenStreetMap","license":"ODbL-1.0","record_id":"w981310495@3","update_time":"2023-08-28T15:05:13.000Z","confidence":null,"between":null,"provider":"osm","resource":"planet","version":"2026-09-06T00:00:00.000Z"}],"is_underground":false,"num_floors":5,"subtype":"residential","class":"residential","has_parts":false,"version":1}},
{"id":"c13991c4-aa9c-452b-bd6f-02540cf15c24","type":"Feature","geometry":{"type":"Polygon","coordinates":[[[90.4136865,23.7414562],[90.4135891,23.7414509],[90.4135921,23.7414037],[90.4135989,23.7414041],[90.413603,23.7413407],[90.4135954,23.7413403],[90.4135976,23.7413061],[90.4136439,23.7413086],[90.4136442,23.741304],[90.4136962,23.7413068],[90.4136865,23.7414562]]]},"properties":{"names":{"primary":"Assort Pradip Shikha","common":null,"rules":null},"sources":[{"property":"","dataset":"OpenStreetMap","license":"ODbL-1.0","record_id":"w981310496@1","update_time":"2021-09-09T16:32:42.000Z","confidence":null,"between":null,"provider":"osm","resource":"planet","version":"2026-09-06T00:00:00.000Z"}],"is_underground":false,"num_floors":7,"subtype":"residential","class":"residential","has_parts":false,"version":1}},
{"id":"6d079894-dbb7-4051-906c-5751b450aa9c","type":"Feature","geometry":{"type":"Polygon","coordinates":[[[90.4138195,23.741654],[90.4136661,23.7416476],[90.413671,23.7415489],[90.4138244,23.7415552],[90.4138195,23.741654]]]},"properties":{"sources":[{"property":"","dataset":"OpenStreetMap","license":"ODbL-1.0","record_id":"w447227019@4","update_time":"2023-08-28T15:05:13.000Z","confidence":null,"between":null,"provider":"osm","resource":"planet","version":"2026-09-06T00:00:00.000Z"}],"is_underground":false,"num_floors":4,"subtype":"residential","class":"residential","has_parts":false,"version":1}},
{"id":"cf19192b-ba06-467e-907b-b67ee294ac3e","type":"Feature","geometry":{"type":"Polygon","coordinates":[[[90.4138125,23.7415504],[90.4137321,23.7415442],[90.4137349,23.7415138],[90.4138153,23.7415201],[90.4138125,23.7415504]]]},"properties":{"sources":[{"property":"","dataset":"OpenStreetMap","license":"ODbL-1.0","record_id":"w1456722281@1","update_time":"2025-12-07T17:00:57.000Z","confidence":null,"between":null,"provider":"osm","resource":"planet","version":"2026-09-06T00:00:00.000Z"}],"is_underground":false,"has_parts":false,"version":1}},
{"id":"36da5f9f-f1e1-4219-afe7-644eefc60c63","type":"Feature","geometry":{"type":"Polygon","coordinates":[[[90.4136676,23.7416657],[90.4137982,23.741672],[90.4137914,23.7417921],[90.4136607,23.7417858],[90.4136676,23.7416657]]]},"properties":{"sources":[{"property":"","dataset":"OpenStreetMap","license":"ODbL-1.0","record_id":"w447360646@4","update_time":"2023-08-28T15:05:13.000Z","confidence":null,"between":null,"provider":"osm","resource":"planet","version":"2026-09-06T00:00:00.000Z"}],"is_underground":false,"num_floors":4,"subtype":"residential","class":"residential","has_parts":false,"version":1}},
{"id":"ceb51617-0fbe-4248-ae39-14fc0bfc2087","type":"Feature","geometry":{"type":"Polygon","coordinates":[[[90.4135244,23.7418056],[90.4135392,23.7415389],[90.4136423,23.7415437],[90.4136262,23.7418324],[90.4135776,23.7418301],[90.4135789,23.7418081],[90.4135244,23.7418056]]]},"properties":{"sources":[{"property":"","dataset":"OpenStreetMap","license":"ODbL-1.0","record_id":"w447227016@4","update_time":"2023-08-28T15:05:13.000Z","confidence":null,"between":null,"provider":"osm","resource":"planet","version":"2026-09-06T00:00:00.000Z"}],"is_underground":false,"num_floors":8,"has_parts":false,"version":1}},
{"id":"76ec99a4-a10e-4de7-94a5-8c0b9432c2ac","type":"Feature","geometry":{"type":"Polygon","coordinates":[[[90.4133402,23.7415874],[90.4133451,23.741493],[90.4134999,23.7414997],[90.413495,23.7415942],[90.4133402,23.7415874]]]},"properties":{"names":{"primary":"Ektu Thai","common":null,"rules":null},"sources":[{"property":"","dataset":"OpenStreetMap","license":"ODbL-1.0","record_id":"w447227023@3","update_time":"2021-09-07T13:40:26.000Z","confidence":null,"between":null,"provider":"osm","resource":"planet","version":"2026-09-06T00:00:00.000Z"}],"is_underground":false,"num_floors":5,"subtype":"residential","class":"house","has_parts":false,"version":1}},
{"id":"95ddc9cf-b813-4c6e-954d-9332c57459a8","type":"Feature","geometry":{"type":"Polygon","coordinates":[[[90.4133362,23.7416881],[90.4133411,23.7415937],[90.4134959,23.7416004],[90.413491,23.7416949],[90.4133362,23.7416881]]]},"properties":{"sources":[{"property":"","dataset":"OpenStreetMap","license":"ODbL-1.0","record_id":"w980575472@3","update_time":"2023-08-28T15:05:13.000Z","confidence":null,"between":null,"provider":"osm","resource":"planet","version":"2026-09-06T00:00:00.000Z"}],"is_underground":false,"num_floors":5,"subtype":"residential","class":"house","has_parts":false,"version":1}},
{"id":"42acf97f-d4fb-46ca-82cf-4b3d0347a6b2","type":"Feature","geometry":{"type":"Polygon","coordinates":[[[90.4133308,23.741787],[90.4133357,23.7416925],[90.4134905,23.7416992],[90.4134856,23.7417937],[90.4133308,23.741787]]]},"properties":{"sources":[{"property":"","dataset":"OpenStreetMap","license":"ODbL-1.0","record_id":"w980575473@3","update_time":"2023-08-28T15:05:13.000Z","confidence":null,"between":null,"provider":"osm","resource":"planet","version":"2026-09-06T00:00:00.000Z"}],"is_underground":false,"num_floors":5,"subtype":"residential","class":"house","has_parts":false,"version":1}},
{"id":"c2fc6649-cc56-4eb7-9ebb-a9bcda9b40ab","type":"Feature","geometry":{"type":"Polygon","coordinates":[[[90.4133167,23.7418942],[90.4133224,23.7417984],[90.4134952,23.741807],[90.4134895,23.7419028],[90.4133167,23.7418942]]]},"properties":{"sources":[{"property":"","dataset":"OpenStreetMap","license":"ODbL-1.0","record_id":"w980575471@3","update_time":"2023-08-28T15:05:13.000Z","confidence":null,"between":null,"provider":"osm","resource":"planet","version":"2026-09-06T00:00:00.000Z"}],"is_underground":false,"num_floors":6,"subtype":"residential","class":"residential","has_parts":false,"version":1}},
{"id":"532fc188-c743-475a-996a-f803731843eb","type":"Feature","geometry":{"type":"Polygon","coordinates":[[[90.4134746,23.7420056],[90.4133903,23.7419956],[90.4133802,23.7419631],[90.4133878,23.7419096],[90.4134242,23.7419139],[90.4134253,23.7419059],[90.4134557,23.7419095],[90.4134545,23.741918],[90.4134864,23.7419218],[90.4134746,23.7420056]]]},"properties":{"sources":[{"property":"","dataset":"OpenStreetMap","license":"ODbL-1.0","record_id":"w980575470@3","update_time":"2023-08-28T15:05:13.000Z","confidence":null,"between":null,"provider":"osm","resource":"planet","version":"2026-09-06T00:00:00.000Z"}],"is_underground":false,"num_floors":4,"subtype":"residential","class":"residential","has_parts":false,"version":1}},
{"id":"f97dde5a-d419-439e-bc11-f5b442df33a6","type":"Feature","geometry":{"type":"Polygon","coordinates":[[[90.4134142,23.7422281],[90.4133455,23.7422162],[90.4133754,23.7420707],[90.4135374,23.7420986],[90.4135207,23.7421797],[90.4134274,23.7421637],[90.4134142,23.7422281]]]},"properties":{"sources":[{"property":"","dataset":"OpenStreetMap","license":"ODbL-1.0","record_id":"w980575474@3","update_time":"2023-08-28T15:05:13.000Z","confidence":null,"between":null,"provider":"osm","resource":"planet","version":"2026-09-06T00:00:00.000Z"}],"is_underground":false,"num_floors":6,"subtype":"residential","class":"residential","has_parts":false,"version":1}},
{"id":"e01c9811-eadb-4e6a-91c0-dbdc780ebd24","type":"Feature","geometry":{"type":"Polygon","coordinates":[[[90.413505,23.7420158],[90.4135091,23.7418681],[90.4136283,23.7418709],[90.4136277,23.7418939],[90.4136226,23.7420789],[90.4135803,23.7420779],[90.413582,23.7420176],[90.413505,23.7420158]]]},"properties":{"sources":[{"property":"","dataset":"OpenStreetMap","license":"ODbL-1.0","record_id":"w447878721@4","update_time":"2023-08-28T15:05:13.000Z","confidence":null,"between":null,"provider":"osm","resource":"planet","version":"2026-09-06T00:00:00.000Z"}],"is_underground":false,"num_floors":9,"subtype":"residential","class":"residential","has_parts":false,"version":1}},
{"id":"540da80d-44ea-4b35-b1d6-5f87a11394d7","type":"Feature","geometry":{"type":"Polygon","coordinates":[[[90.4136832,23.7420047],[90.4136311,23.7420033],[90.4136348,23.7418928],[90.4136354,23.7418738],[90.4137099,23.7418759],[90.413706,23.7419925],[90.4136913,23.7419949],[90.4136832,23.7420047]]]},"properties":{"sources":[{"property":"","dataset":"OpenStreetMap","license":"ODbL-1.0","record_id":"w454878854@4","update_time":"2023-08-28T15:05:13.000Z","confidence":null,"between":null,"provider":"osm","resource":"planet","version":"2026-09-06T00:00:00.000Z"}],"is_underground":false,"num_floors":4,"subtype":"residential","class":"residential","has_parts":false,"version":1}},
{"id":"2a37e054-2b20-4cf0-9438-fc19f204f71b","type":"Feature","geometry":{"type":"Polygon","coordinates":[[[90.4137888,23.7421109],[90.4137133,23.7421046],[90.4137347,23.7418886],[90.4138102,23.7418949],[90.4137888,23.7421109]]]},"properties":{"sources":[{"property":"","dataset":"OpenStreetMap","license":"ODbL-1.0","record_id":"w454878853@4","update_time":"2023-08-28T15:05:13.000Z","confidence":null,"between":null,"provider":"osm","resource":"planet","version":"2026-09-06T00:00:00.000Z"}],"is_underground":false,"num_floors":3,"subtype":"residential","class":"residential","has_parts":false,"version":1}},
{"id":"a75c97b2-0fd6-459b-8c77-96dac971d2d0","type":"Feature","geometry":{"type":"Polygon","coordinates":[[[90.4138893,23.7422979],[90.4138364,23.7422897],[90.4138311,23.742318],[90.4138824,23.742326],[90.4138642,23.7424242],[90.4138281,23.7424186],[90.4138201,23.7424616],[90.4135354,23.7424173],[90.4135607,23.7422811],[90.4136216,23.7422906],[90.4136262,23.7422659],[90.4135655,23.7422577],[90.4135813,23.7421691],[90.4139053,23.7422112],[90.4138893,23.7422979]],[[90.4136321,23.7423761],[90.4136719,23.7423832],[90.4136802,23.7423447],[90.4136403,23.7423376],[90.4136321,23.7423761]],[[90.4138046,23.7423681],[90.4137648,23.742361],[90.4137565,23.7423995],[90.4137963,23.7424066],[90.4138046,23.7423681]]]},"properties":{"sources":[{"property":"","dataset":"OpenStreetMap","license":"ODbL-1.0","record_id":"r12771229@5","update_time":"2023-08-28T15:05:13.000Z","confidence":null,"between":null,"provider":"osm","resource":"planet","version":"2026-09-06T00:00:00.000Z"}],"is_underground":false,"num_floors":10,"has_parts":false,"version":2}},
{"id":"72899286-7c32-40fa-9fe1-0f2ba63d05cd","type":"Feature","geometry":{"type":"Polygon","coordinates":[[[90.4137916,23.7425925],[90.4136907,23.7425767],[90.413711,23.7424678],[90.4138119,23.7424836],[90.4137916,23.7425925]]]},"properties":{"sources":[{"property":"","dataset":"OpenStreetMap","license":"ODbL-1.0","record_id":"w981831806@2","update_time":"2023-08-28T15:05:13.000Z","confidence":null,"between":null,"provider":"osm","resource":"planet","version":"2026-09-06T00:00:00.000Z"}],"is_underground":false,"num_floors":4,"subtype":"residential","class":"residential","has_parts":false,"version":1}},
{"id":"14d914dc-0eaa-4ec0-b22d-45caea6f1249","type":"Feature","geometry":{"type":"Polygon","coordinates":[[[90.4138239,23.7426062],[90.4138423,23.7425676],[90.4138659,23.7425771],[90.4138475,23.7426156],[90.4138239,23.7426062]]]},"properties":{"sources":[{"property":"","dataset":"OpenStreetMap","license":"ODbL-1.0","record_id":"w1430758765@1","update_time":"2025-09-18T00:23:06.000Z","confidence":null,"between":null,"provider":"osm","resource":"planet","version":"2026-09-06T00:00:00.000Z"}],"is_underground":false,"subtype":"residential","class":"house","has_parts":false,"version":1}},
{"id":"b5de65ee-c9ad-46fa-86cb-2632dfd5858d","type":"Feature","geometry":{"type":"Polygon","coordinates":[[[90.4138711,23.7426217],[90.4138524,23.7426136],[90.4138708,23.7425782],[90.4138868,23.7425914],[90.4138711,23.7426217]]]},"properties":{"sources":[{"property":"","dataset":"OpenStreetMap","license":"ODbL-1.0","record_id":"w1456722282@1","update_time":"2025-12-07T17:00:57.000Z","confidence":null,"between":null,"provider":"osm","resource":"planet","version":"2026-09-06T00:00:00.000Z"}],"is_underground":false,"has_parts":false,"version":1}},
{"id":"0eaa53e2-7c7c-4319-b50e-3fc2bb086427","type":"Feature","geometry":{"type":"Polygon","coordinates":[[[90.4138466,23.7426525],[90.4138064,23.7426321],[90.4138189,23.7426115],[90.4138591,23.7426319],[90.4138466,23.7426525]]]},"properties":{"sources":[{"property":"","dataset":"OpenStreetMap","license":"ODbL-1.0","record_id":"w1430758764@1","update_time":"2025-09-18T00:23:06.000Z","confidence":null,"between":null,"provider":"osm","resource":"planet","version":"2026-09-06T00:00:00.000Z"}],"is_underground":false,"subtype":"residential","class":"house","has_parts":false,"version":1}},
{"id":"f0944033-a6c4-4ff4-a28c-431f68f994da","type":"Feature","geometry":{"type":"Polygon","coordinates":[[[90.4136534,23.7426466],[90.4134983,23.7426245],[90.4135063,23.7425775],[90.4136614,23.7425996],[90.4136534,23.7426466]]]},"properties":{"sources":[{"property":"","dataset":"OpenStreetMap","license":"ODbL-1.0","record_id":"w981831808@2","update_time":"2023-08-28T15:05:13.000Z","confidence":null,"between":null,"provider":"osm","resource":"planet","version":"2026-09-06T00:00:00.000Z"}],"is_underground":false,"num_floors":4,"subtype":"residential","class":"residential","has_parts":false,"version":1}},
{"id":"1aaae9e6-2f1b-4ae8-9f8f-8f93685faf00","type":"Feature","geometry":{"type":"Polygon","coordinates":[[[90.4136977,23.7424672],[90.413677,23.7425888],[90.4135139,23.7425656],[90.4135345,23.742444],[90.4136977,23.7424672]]]},"properties":{"sources":[{"property":"","dataset":"OpenStreetMap","license":"ODbL-1.0","record_id":"w981831807@2","update_time":"2023-08-28T15:05:13.000Z","confidence":null,"between":null,"provider":"osm","resource":"planet","version":"2026-09-06T00:00:00.000Z"}],"is_underground":false,"num_floors":4,"subtype":"residential","class":"residential","has_parts":false,"version":1}},
{"id":"6a7ff073-19a1-404c-803c-a262d16ba899","type":"Feature","geometry":{"type":"Polygon","coordinates":[[[90.4134932,23.7424986],[90.4134698,23.7426322],[90.4131428,23.7425843],[90.4131662,23.7424506],[90.4134932,23.7424986]]]},"properties":{"names":{"primary":"28","common":null,"rules":null},"sources":[{"property":"","dataset":"OpenStreetMap","license":"ODbL-1.0","record_id":"w980133971@3","update_time":"2022-03-20T05:29:22.000Z","confidence":null,"between":null,"provider":"osm","resource":"planet","version":"2026-09-06T00:00:00.000Z"}],"is_underground":false,"num_floors":5,"has_parts":false,"version":1}},
{"id":"11867197-a6cb-48ca-ac25-d28b2c98d255","type":"Feature","geometry":{"type":"Polygon","coordinates":[[[90.4131425,23.7426041],[90.4132837,23.7426241],[90.4132769,23.7426648],[90.4131356,23.7426448],[90.4131425,23.7426041]]]},"properties":{"sources":[{"property":"","dataset":"OpenStreetMap","license":"ODbL-1.0","record_id":"w980670936@3","update_time":"2023-08-28T15:05:13.000Z","confidence":null,"between":null,"provider":"osm","resource":"planet","version":"2026-09-06T00:00:00.000Z"}],"is_underground":false,"num_floors":1,"has_parts":false,"version":1}},
{"id":"ecf639f3-a828-4b6c-93b3-cf6521e7bf81","type":"Feature","geometry":{"type":"Polygon","coordinates":[[[90.4134177,23.7422373],[90.4134336,23.7421762],[90.4135248,23.7421934],[90.4134716,23.7424639],[90.4131484,23.7424178],[90.4131008,23.7427198],[90.4130586,23.7427037],[90.4130423,23.7427039],[90.4130325,23.7427022],[90.4130255,23.7426971],[90.4130185,23.7426867],[90.4130136,23.7426746],[90.4129775,23.7426658],[90.41283489999999,23.7424893],[90.4128681,23.7423149],[90.4129202,23.7423238],[90.4129267,23.7422857],[90.4131962,23.7423225],[90.4132171,23.7422076],[90.4134177,23.7422373]]]},"properties":{"names":{"primary":"Concord Twin Tower","common":null,"rules":[{"variant":"alternate","language":null,"perspectives":null,"value":"Twin Tower Apartment Complex","between":null,"side":null}]},"sources":[{"property":"","dataset":"OpenStreetMap","license":"ODbL-1.0","record_id":"w447227007@6","update_time":"2022-03-20T05:29:22.000Z","confidence":null,"between":null,"provider":"osm","resource":"planet","version":"2026-09-06T00:00:00.000Z"}],"is_underground":false,"num_floors":22,"has_parts":false,"version":1}},
{"id":"6a5c8edc-64dd-4d43-a504-17ed804ea738","type":"Feature","geometry":{"type":"Polygon","coordinates":[[[90.4133345,23.7422145],[90.4132039,23.7421951],[90.4132253,23.7420745],[90.4133559,23.742094],[90.4133345,23.7422145]]]},"properties":{"sources":[{"property":"","dataset":"OpenStreetMap","license":"ODbL-1.0","record_id":"w454881046@4","update_time":"2023-08-28T15:05:13.000Z","confidence":null,"between":null,"provider":"osm","resource":"planet","version":"2026-09-06T00:00:00.000Z"}],"is_underground":false,"num_floors":6,"has_parts":false,"version":1}},
{"id":"722c1f96-b11e-437f-9d0d-e270b9afe9b1","type":"Feature","geometry":{"type":"Polygon","coordinates":[[[90.4135589,23.7420347],[90.4135488,23.7420881],[90.4131979,23.7420328],[90.413208,23.7419794],[90.4135589,23.7420347]]]},"properties":{"sources":[{"property":"","dataset":"OpenStreetMap","license":"ODbL-1.0","record_id":"w454881045@4","update_time":"2023-08-28T15:05:13.000Z","confidence":null,"between":null,"provider":"osm","resource":"planet","version":"2026-09-06T00:00:00.000Z"}],"is_underground":false,"num_floors":4,"has_parts":false,"version":1}},
{"id":"2438ba9f-28d4-4423-96f1-87899cb81c79","type":"Feature","geometry":{"type":"Polygon","coordinates":[[[90.4130813,23.7420297],[90.413088,23.7419796],[90.4130944,23.7419719],[90.4131023,23.7419681],[90.4131132,23.7419683],[90.4131209,23.7419744],[90.4131236,23.741979099999998],[90.4131378,23.7419799],[90.4131436,23.7419823],[90.4131472,23.7419862],[90.4131454,23.7419999],[90.4131509,23.7420066],[90.4131493,23.7420196],[90.413146,23.742035],[90.4131479,23.7420438],[90.4131471,23.7420509],[90.4131451,23.7420601],[90.4131492,23.7420649],[90.4131533,23.7420711],[90.4131518,23.7420777],[90.4131472,23.7420821],[90.4131397,23.7420823],[90.4131386,23.7420988],[90.4131627,23.7420998],[90.4131691,23.7420987],[90.4131757,23.7420985],[90.4131822,23.7420982],[90.4131887,23.7420994],[90.413177,23.7421875],[90.4131667,23.7421863],[90.4131639,23.7422069],[90.4131736,23.742208],[90.4131715,23.7422234],[90.4131645,23.7422226],[90.4131586,23.7422659],[90.4131469,23.7422646],[90.4131458,23.742273],[90.4131259,23.7422707],[90.4131264,23.7422667],[90.4131064,23.7422645],[90.4131053,23.742273],[90.4130909,23.7422714],[90.4130902,23.7422763],[90.4130601,23.7422729],[90.4130617,23.7422608],[90.4130506,23.7422596],[90.4130787,23.7420496],[90.4130715,23.7420484],[90.4130743,23.7420286],[90.4130813,23.7420297]]]},"properties":{"sources":[{"property":"","dataset":"OpenStreetMap","license":"ODbL-1.0","record_id":"w980575468@3","update_time":"2023-08-28T15:05:13.000Z","confidence":null,"between":null,"provider":"osm","resource":"planet","version":"2026-09-06T00:00:00.000Z"}],"is_underground":false,"num_floors":9,"subtype":"residential","class":"residential","has_parts":false,"version":1}},
{"id":"c3466cad-a884-49bf-b82c-5f78520254f6","type":"Feature","geometry":{"type":"Polygon","coordinates":[[[90.4130522,23.7421624],[90.4128716,23.7421403],[90.4129011,23.741939],[90.4130818,23.7419611],[90.4130522,23.7421624]]]},"properties":{"sources":[{"property":"","dataset":"OpenStreetMap","license":"ODbL-1.0","record_id":"w980575466@3","update_time":"2023-08-28T15:05:13.000Z","confidence":null,"between":null,"provider":"osm","resource":"planet","version":"2026-09-06T00:00:00.000Z"}],"is_underground":false,"num_floors":8,"subtype":"residential","class":"residential","has_parts":false,"version":1}},
{"id":"9bda2da9-5e9c-42ea-b1e6-d6d64e04f80e","type":"Feature","geometry":{"type":"Polygon","coordinates":[[[90.4130098,23.7422665],[90.4128547,23.7422454],[90.4128735,23.7421299],[90.4130285,23.7421509],[90.4130098,23.7422665]]]},"properties":{"sources":[{"property":"","dataset":"OpenStreetMap","license":"ODbL-1.0","record_id":"w980575465@3","update_time":"2024-03-23T18:56:43.000Z","confidence":null,"between":null,"provider":"osm","resource":"planet","version":"2026-09-06T00:00:00.000Z"}],"is_underground":false,"num_floors":6,"subtype":"residential","class":"residential","has_parts":false,"version":1}},
{"id":"606fcc1e-2335-491a-9222-e8ef45e5650f","type":"Feature","geometry":{"type":"Polygon","coordinates":[[[90.4124883,23.7421305],[90.4124774,23.7421169],[90.4125138,23.7420925],[90.4125036,23.7420609],[90.412524,23.7420348],[90.4126317,23.7420297],[90.4126607,23.7420613],[90.4126571,23.7421251],[90.4125609,23.7421902],[90.4125385,23.7421928],[90.4125212,23.7421712],[90.4125281,23.7421666],[90.4125212,23.742158],[90.4125144,23.7421626],[90.412499,23.7421433],[90.4125053,23.7421391],[90.4124949,23.7421261],[90.4124883,23.7421305]]]},"properties":{"sources":[{"property":"","dataset":"OpenStreetMap","license":"ODbL-1.0","record_id":"w980102423@3","update_time":"2023-08-28T15:05:13.000Z","confidence":null,"between":null,"provider":"osm","resource":"planet","version":"2026-09-06T00:00:00.000Z"}],"is_underground":false,"num_floors":6,"subtype":"residential","class":"residential","has_parts":false,"version":1}},
{"id":"36d914bd-095d-4675-bb18-34aa1fdeb65f","type":"Feature","geometry":{"type":"Polygon","coordinates":[[[90.4125099,23.7420908],[90.4124759,23.7421139],[90.4124572,23.7420861],[90.4124988,23.742061],[90.4125099,23.7420908]]]},"properties":{"sources":[{"property":"","dataset":"OpenStreetMap","license":"ODbL-1.0","record_id":"w980102424@3","update_time":"2023-08-28T15:05:13.000Z","confidence":null,"between":null,"provider":"osm","resource":"planet","version":"2026-09-06T00:00:00.000Z"}],"is_underground":false,"num_floors":4,"subtype":"commercial","class":"commercial","has_parts":false,"version":1}},
{"id":"7dc516a1-8736-4f45-835b-251caf61609f","type":"Feature","geometry":{"type":"Polygon","coordinates":[[[90.412456,23.7420827],[90.4123546,23.7419385],[90.4124868,23.741927],[90.4124876,23.7419582],[90.412456,23.7420827]]]},"properties":{"names":{"primary":"Rowshan Manjil","common":null,"rules":null},"sources":[{"property":"","dataset":"OpenStreetMap","license":"ODbL-1.0","record_id":"w454885267@4","update_time":"2021-09-07T13:47:01.000Z","confidence":null,"between":null,"provider":"osm","resource":"planet","version":"2026-09-06T00:00:00.000Z"}],"is_underground":false,"num_floors":5,"has_parts":false,"version":1}},
{"id":"3fa31ed3-cb0d-48da-9ec3-486afb52be43","type":"Feature","geometry":{"type":"Polygon","coordinates":[[[90.4125519,23.742015],[90.412494,23.7420161],[90.4124909,23.7419269],[90.4125493,23.7419263],[90.4126035,23.7419225],[90.4126754,23.7419124],[90.4126729,23.7420062],[90.4126116,23.7420111],[90.4125519,23.742015]]]},"properties":{"sources":[{"property":"","dataset":"OpenStreetMap","license":"ODbL-1.0","record_id":"w454885269@5","update_time":"2023-08-28T15:05:13.000Z","confidence":null,"between":null,"provider":"osm","resource":"planet","version":"2026-09-06T00:00:00.000Z"}],"is_underground":false,"num_floors":6,"has_parts":false,"version":1}},
{"id":"8af4f505-e708-47da-95e1-a0db5827946c","type":"Feature","geometry":{"type":"Polygon","coordinates":[[[90.4128386,23.7420156],[90.4126764,23.7420063],[90.4126799,23.7419124],[90.4128507,23.7419212],[90.4128386,23.7420156]]]},"properties":{"sources":[{"property":"","dataset":"OpenStreetMap","license":"ODbL-1.0","record_id":"w980102421@3","update_time":"2023-08-28T15:05:13.000Z","confidence":null,"between":null,"provider":"osm","resource":"planet","version":"2026-09-06T00:00:00.000Z"}],"is_underground":false,"num_floors":6,"subtype":"residential","class":"residential","has_parts":false,"version":1}},
{"id":"70a9e8e8-beb7-4359-9bab-9cdaebaddc0e","type":"Feature","geometry":{"type":"Polygon","coordinates":[[[90.4126299,23.7422622],[90.4125832,23.7422097],[90.412639,23.7421865],[90.4126906,23.742152],[90.4126921,23.7421363],[90.4126825,23.742136],[90.4126929,23.7420256],[90.4128284,23.7420324],[90.4127983,23.742259],[90.4127694,23.7424216],[90.4127466,23.7423949],[90.4126836,23.7423232],[90.4126299,23.7422622]]]},"properties":{"names":{"primary":"Tropical Razia Shopping Complex","common":null,"rules":null},"sources":[{"property":"","dataset":"OpenStreetMap","license":"ODbL-1.0","record_id":"w980102422@3","update_time":"2022-03-11T00:50:41.000Z","confidence":null,"between":null,"provider":"osm","resource":"planet","version":"2026-09-06T00:00:00.000Z"}],"level":-1,"is_underground":false,"num_floors":4,"subtype":"commercial","class":"commercial","has_parts":false,"version":1}},
{"id":"f9233457-a2ae-4238-8ac6-61184484910e","type":"Feature","geometry":{"type":"Polygon","coordinates":[[[90.4126632,23.7414874],[90.4128559,23.7414949],[90.4128376,23.7418894],[90.4126524,23.7418813],[90.4126632,23.7414874]]]},"properties":{"names":{"primary":"Aminbag Mosque","common":[["bn","আমিনবাগ জামে মসজিদ"]],"rules":null},"sources":[{"property":"","dataset":"OpenStreetMap","license":"ODbL-1.0","record_id":"w430820872@5","update_time":"2021-09-06T11:28:23.000Z","confidence":null,"between":null,"provider":"osm","resource":"planet","version":"2026-09-06T00:00:00.000Z"}],"is_underground":false,"subtype":"religious","has_parts":false,"version":1}},
{"id":"be569647-de5c-44d5-b3dc-509f818bc911","type":"Feature","geometry":{"type":"Polygon","coordinates":[[[90.4124723,23.7412914],[90.4124476,23.741273],[90.4130872,23.7408142],[90.4131471,23.7408257],[90.4131381,23.7408926],[90.4131061,23.7409902],[90.4131022,23.7411997],[90.4131072,23.7413057],[90.4131207,23.7414169],[90.4127773,23.7414199],[90.4127386,23.7414011],[90.4127213,23.7412994],[90.4124723,23.7412914]]]},"properties":{"names":{"primary":"Green Peace","common":null,"rules":null},"sources":[{"property":"","dataset":"OpenStreetMap","license":"ODbL-1.0","record_id":"w1039216533@2","update_time":"2022-03-15T15:30:46.000Z","confidence":null,"between":null,"provider":"osm","resource":"planet","version":"2026-09-06T00:00:00.000Z"}],"is_underground":false,"num_floors":18,"subtype":"residential","class":"apartments","has_parts":false,"version":1}},
{"id":"db7a5f59-eca8-43c5-9669-82d7f76d25b7","type":"Feature","geometry":{"type":"Polygon","coordinates":[[[90.4124042,23.7414703],[90.4123981,23.7413661],[90.4124468,23.7413698],[90.4124488,23.7413293],[90.4126497,23.7413488],[90.4126487,23.7416797],[90.412458,23.7416885],[90.4124452,23.7414683],[90.4124042,23.7414703]]]},"properties":{"sources":[{"property":"","dataset":"OpenStreetMap","license":"ODbL-1.0","record_id":"w980609917@2","update_time":"2021-09-09T18:19:04.000Z","confidence":null,"between":null,"provider":"osm","resource":"planet","version":"2026-09-06T00:00:00.000Z"}],"level":1,"is_underground":false,"num_floors":1,"has_parts":false,"version":1}},
{"id":"3313fed7-3c9d-4cc2-8730-fa590339245f","type":"Feature","geometry":{"type":"Polygon","coordinates":[[[90.4126349,23.7417859],[90.4122679,23.7418025],[90.4122671,23.7417872],[90.4122553,23.7417826],[90.4122452,23.7417757],[90.4122385,23.7417649],[90.4122344,23.7417548],[90.4122338,23.7417388],[90.4122371,23.7417288],[90.41224390000001,23.7417202],[90.4122522,23.7417141],[90.412263,23.7417103],[90.4122627,23.7417066],[90.4122623,23.7417001],[90.4123288,23.7416969],[90.412454,23.7416909],[90.4126293,23.7416828],[90.4126349,23.7417859]]]},"properties":{"sources":[{"property":"","dataset":"OpenStreetMap","license":"ODbL-1.0","record_id":"w980090996@5","update_time":"2023-08-28T15:05:13.000Z","confidence":null,"between":null,"provider":"osm","resource":"planet","version":"2026-09-06T00:00:00.000Z"}],"is_underground":false,"num_floors":8,"subtype":"commercial","class":"commercial","has_parts":false,"version":1}},
{"id":"69e0724b-4d02-47f8-8e2e-fbe484547f65","type":"Feature","geometry":{"type":"Polygon","coordinates":[[[90.4122676,23.7418065],[90.4126348,23.7417884],[90.4126432,23.7418875],[90.4123394,23.7419168],[90.4122676,23.7418065]]]},"properties":{"sources":[{"property":"","dataset":"OpenStreetMap","license":"ODbL-1.0","record_id":"w980094413@3","update_time":"2023-08-28T15:05:13.000Z","confidence":null,"between":null,"provider":"osm","resource":"planet","version":"2026-09-06T00:00:00.000Z"}],"is_underground":false,"num_floors":4,"subtype":"commercial","class":"commercial","has_parts":false,"version":1}},
{"id":"b662fbb9-990a-4faf-be13-c149fffcfefe","type":"Feature","geometry":{"type":"Polygon","coordinates":[[[90.4121828,23.7417016],[90.4121812,23.7416757],[90.4124566,23.7416625],[90.412458,23.7416885],[90.4122663,23.7416976],[90.4121828,23.7417016]]]},"properties":{"sources":[{"property":"","dataset":"OpenStreetMap","license":"ODbL-1.0","record_id":"w980094411@3","update_time":"2023-08-28T15:05:13.000Z","confidence":null,"between":null,"provider":"osm","resource":"planet","version":"2026-09-06T00:00:00.000Z"}],"is_underground":false,"num_floors":2,"subtype":"commercial","class":"commercial","has_parts":false,"version":1}},
{"id":"25ef6584-a875-4421-8dc5-552b0a9b2dad","type":"Feature","geometry":{"type":"Polygon","coordinates":[[[90.4121812,23.7416757],[90.4121752,23.7415701],[90.4124505,23.7415568],[90.4124566,23.7416625],[90.4121812,23.7416757]]]},"properties":{"sources":[{"property":"","dataset":"OpenStreetMap","license":"ODbL-1.0","record_id":"w980090995@4","update_time":"2023-08-28T15:05:13.000Z","confidence":null,"between":null,"provider":"osm","resource":"planet","version":"2026-09-06T00:00:00.000Z"}],"is_underground":false,"num_floors":7,"subtype":"commercial","class":"commercial","has_parts":false,"version":1}},
{"id":"ee83db68-e566-4175-abd3-233a41da9e72","type":"Feature","geometry":{"type":"Polygon","coordinates":[[[90.4123492,23.7413265],[90.4123956,23.7413242],[90.4123981,23.7413661],[90.4123995,23.7413904],[90.4124042,23.7414703],[90.4124452,23.7414683],[90.4124505,23.7415568],[90.4121752,23.7415701],[90.4121712,23.7414944],[90.4122981,23.7413546],[90.4123492,23.7413265]]]},"properties":{"names":{"primary":"Aziz Market","common":null,"rules":null},"sources":[{"property":"","dataset":"OpenStreetMap","license":"ODbL-1.0","record_id":"w980090994@3","update_time":"2021-09-07T15:14:15.000Z","confidence":null,"between":null,"provider":"osm","resource":"planet","version":"2026-09-06T00:00:00.000Z"}],"is_underground":false,"num_floors":6,"subtype":"commercial","class":"commercial","has_parts":true,"version":1}},
{"id":"48d18456-8d2e-48c7-bc4d-9eadf09c916e","type":"Feature","geometry":{"type":"Polygon","coordinates":[[[90.412224,23.7410689],[90.4122585,23.7411023],[90.4122097,23.7411444],[90.4121838,23.7411158],[90.412224,23.7410689]]]},"properties":{"sources":[{"property":"","dataset":"OpenStreetMap","license":"ODbL-1.0","record_id":"w979843458@1","update_time":"2021-09-14T05:49:22.000Z","confidence":null,"between":null,"provider":"osm","resource":"planet","version":"2026-09-06T00:00:00.000Z"}],"is_underground":false,"num_floors":6,"subtype":"commercial","class":"commercial","has_parts":false,"version":1}},
{"id":"28344e41-955a-4949-8c6a-8c9fc347f9e3","type":"Feature","geometry":{"type":"Polygon","coordinates":[[[90.4121931,23.7412341],[90.4121308,23.7411874],[90.4121772,23.7411354],[90.4122395,23.7411821],[90.4121931,23.7412341]]]},"properties":{"sources":[{"property":"","dataset":"OpenStreetMap","license":"ODbL-1.0","record_id":"w1430642221@1","update_time":"2025-09-17T16:34:42.000Z","confidence":null,"between":null,"provider":"osm","resource":"planet","version":"2026-09-06T00:00:00.000Z"}],"is_underground":false,"has_parts":false,"version":1}},
{"id":"928a954a-1e57-4145-aeec-3649e5565fd2","type":"Feature","geometry":{"type":"Polygon","coordinates":[[[90.4120543,23.7413553],[90.4120217,23.7413209],[90.4120722,23.7412808],[90.4121048,23.7413152],[90.4120543,23.7413553]]]},"properties":{"sources":[{"property":"","dataset":"OpenStreetMap","license":"ODbL-1.0","record_id":"w1112182046@1","update_time":"2022-11-11T04:29:41.000Z","confidence":null,"between":null,"provider":"osm","resource":"planet","version":"2026-09-06T00:00:00.000Z"}],"is_underground":false,"has_parts":false,"version":1}},
{"id":"595f567d-0247-4ef6-b11e-319777e64406","type":"Feature","geometry":{"type":"Polygon","coordinates":[[[90.4121062,23.7413086],[90.4120639,23.7412655],[90.4121149,23.7412235],[90.4121572,23.7412666],[90.4121062,23.7413086]]]},"properties":{"sources":[{"property":"","dataset":"OpenStreetMap","license":"ODbL-1.0","record_id":"w1447523079@1","update_time":"2025-11-04T18:49:08.000Z","confidence":null,"between":null,"provider":"osm","resource":"planet","version":"2026-09-06T00:00:00.000Z"}],"is_underground":false,"has_parts":false,"version":2}},
{"id":"7edb2e5a-8bf0-4f56-8a0c-fdd38086fd7a","type":"Feature","geometry":{"type":"Polygon","coordinates":[[[90.4120489,23.7411906],[90.4119771,23.7411254],[90.4120302,23.7410869],[90.4120933,23.7411414],[90.4120489,23.7411906]]]},"properties":{"sources":[{"property":"","dataset":"OpenStreetMap","license":"ODbL-1.0","record_id":"w1430645161@1","update_time":"2025-09-17T16:47:36.000Z","confidence":null,"between":null,"provider":"osm","resource":"planet","version":"2026-09-06T00:00:00.000Z"}],"is_underground":false,"has_parts":false,"version":1}},
{"id":"c4edf773-f8b9-42d0-bcc6-b57c6b4cf374","type":"Feature","geometry":{"type":"Polygon","coordinates":[[[90.4118608,23.7412978],[90.4118093,23.7412318],[90.4119498,23.7411571],[90.412052,23.7412628],[90.4119799,23.7413281],[90.4118608,23.7412978]]]},"properties":{"sources":[{"property":"","dataset":"OpenStreetMap","license":"ODbL-1.0","record_id":"w983235049@1","update_time":"2021-09-14T14:24:41.000Z","confidence":null,"between":null,"provider":"osm","resource":"planet","version":"2026-09-06T00:00:00.000Z"}],"is_underground":false,"num_floors":1,"subtype":"commercial","class":"commercial","has_parts":false,"version":1}},
{"id":"339326a9-90aa-43dd-b840-12535b934e0d","type":"Feature","geometry":{"type":"Polygon","coordinates":[[[90.4120813,23.7421332],[90.4119472,23.7421841],[90.4119213,23.7421269],[90.4120554,23.742076],[90.4120813,23.7421332]]]},"properties":{"sources":[{"property":"","dataset":"OpenStreetMap","license":"ODbL-1.0","record_id":"w1456634673@1","update_time":"2025-12-07T08:36:30.000Z","confidence":null,"between":null,"provider":"osm","resource":"planet","version":"2026-09-06T00:00:00.000Z"}],"is_underground":false,"has_parts":false,"version":1}},
{"id":"c00b3538-179c-4176-b29b-e4a16b5c5acb","type":"Feature","geometry":{"type":"Polygon","coordinates":[[[90.4120297,23.7421135],[90.4119753,23.7421243],[90.4119605,23.7420615],[90.4120149,23.7420507],[90.4120297,23.7421135]]]},"properties":{"sources":[{"property":"","dataset":"OpenStreetMap","license":"ODbL-1.0","record_id":"w1456722259@1","update_time":"2025-12-07T17:00:57.000Z","confidence":null,"between":null,"provider":"osm","resource":"planet","version":"2026-09-06T00:00:00.000Z"}],"is_underground":false,"has_parts":false,"version":1}},
{"id":"227f649e-1a8b-4ec3-b5e4-8bdf16d7d3d3","type":"Feature","geometry":{"type":"Polygon","coordinates":[[[90.4121495,23.7422395],[90.4120154,23.7422904],[90.4119895,23.7422332],[90.4121236,23.7421823],[90.4121495,23.7422395]]]},"properties":{"sources":[{"property":"","dataset":"OpenStreetMap","license":"ODbL-1.0","record_id":"w1456634674@1","update_time":"2025-12-07T08:36:30.000Z","confidence":null,"between":null,"provider":"osm","resource":"planet","version":"2026-09-06T00:00:00.000Z"}],"is_underground":false,"has_parts":false,"version":1}},
{"id":"711577da-9853-457f-8b4e-fe98ff882df9","type":"Feature","geometry":{"type":"Polygon","coordinates":[[[90.4121431,23.7425215],[90.4122853,23.7424408],[90.412476,23.7426763],[90.41234,23.7426776],[90.4122703,23.7426063],[90.4122021,23.7426315],[90.4121431,23.7425215]]]},"properties":{"sources":[{"property":"","dataset":"OpenStreetMap","license":"ODbL-1.0","record_id":"w447724776@1","update_time":"2021-05-30T03:01:44.000Z","confidence":null,"between":null,"provider":"osm","resource":"planet","version":"2026-09-06T00:00:00.000Z"}],"is_underground":false,"num_floors":7,"subtype":"commercial","class":"commercial","has_parts":false,"version":1}},
{"id":"1d7b9f5b-9161-4600-8ca8-2db282fb9788","type":"Feature","geometry":{"type":"Polygon","coordinates":[[[90.4120961,23.7425602],[90.4120394,23.7425461],[90.4121198,23.7425191],[90.4121807,23.7426319],[90.412151,23.7426452],[90.4120961,23.7425602]]]},"properties":{"sources":[{"property":"","dataset":"OpenStreetMap","license":"ODbL-1.0","record_id":"w450085459@2","update_time":"2021-05-30T03:01:44.000Z","confidence":null,"between":null,"provider":"osm","resource":"planet","version":"2026-09-06T00:00:00.000Z"}],"is_underground":false,"has_parts":false,"version":1}},
{"id":"949776aa-51f0-4e45-a0f1-6cddf1b3efcd","type":"Feature","geometry":{"type":"Polygon","coordinates":[[[90.4120719,23.7425307],[90.4120283,23.7425314],[90.4120262,23.7424203],[90.4120698,23.7424196],[90.4120719,23.7425307]]]},"properties":{"sources":[{"property":"","dataset":"OpenStreetMap","license":"ODbL-1.0","record_id":"w505558588@1","update_time":"2017-07-06T11:02:33.000Z","confidence":null,"between":null,"provider":"osm","resource":"planet","version":"2026-09-06T00:00:00.000Z"}],"is_underground":false,"has_parts":false,"version":1}},
{"id":"b94b92c1-28ca-4f30-9df2-8505f8e0062c","type":"Feature","geometry":{"type":"Polygon","coordinates":[[[90.4122505,23.7424326],[90.4121164,23.7424835],[90.4120905,23.7424263],[90.4122246,23.7423754],[90.4122505,23.7424326]]]},"properties":{"sources":[{"property":"","dataset":"OpenStreetMap","license":"ODbL-1.0","record_id":"w505558591@1","update_time":"2017-07-06T11:02:33.000Z","confidence":null,"between":null,"provider":"osm","resource":"planet","version":"2026-09-06T00:00:00.000Z"}],"is_underground":false,"has_parts":false,"version":1}},
{"id":"869fb661-438b-4a59-9453-6d488bb81e3c","type":"Feature","geometry":{"type":"Polygon","coordinates":[[[90.4122151,23.7423537],[90.4121325,23.7423646],[90.412124,23.7423109],[90.4122067,23.7423],[90.4122151,23.7423537]]]},"properties":{"sources":[{"property":"","dataset":"OpenStreetMap","license":"ODbL-1.0","record_id":"w1456722260@1","update_time":"2025-12-07T17:00:57.000Z","confidence":null,"between":null,"provider":"osm","resource":"planet","version":"2026-09-06T00:00:00.000Z"}],"is_underground":false,"has_parts":false,"version":1}},
{"id":"d139f709-96fb-41b7-aa5c-3194b0f36b57","type":"Feature","geometry":{"type":"Polygon","coordinates":[[[90.412037,23.7424041],[90.4119822,23.7424052],[90.4119814,23.7423718],[90.4120362,23.7423707],[90.412037,23.7424041]]]},"properties":{"sources":[{"property":"","dataset":"OpenStreetMap","license":"ODbL-1.0","record_id":"w1426303693@1","update_time":"2025-09-01T00:37:41.000Z","confidence":null,"between":null,"provider":"osm","resource":"planet","version":"2026-09-06T00:00:00.000Z"}],"is_underground":false,"has_parts":false,"version":1}},
{"id":"971192f4-23b7-4094-bcb0-d656767687fa","type":"Feature","geometry":{"type":"Polygon","coordinates":[[[90.4120135,23.7425416],[90.4119212,23.7425467],[90.4119158,23.7424645],[90.4120081,23.7424594],[90.4120135,23.7425416]]]},"properties":{"sources":[{"property":"","dataset":"OpenStreetMap","license":"ODbL-1.0","record_id":"w450085522@1","update_time":"2017-07-06T11:02:36.000Z","confidence":null,"between":null,"provider":"osm","resource":"planet","version":"2026-09-06T00:00:00.000Z"}],"is_underground":false,"has_parts":false,"version":1}},
{"id":"4bd2c4da-83bc-435f-9c5f-cfe227223281","type":"Feature","geometry":{"type":"Polygon","coordinates":[[[90.4120629,23.7429223],[90.4119498,23.7429254],[90.4119459,23.7428063],[90.412059,23.7428032],[90.4120629,23.7429223]]]},"properties":{"sources":[{"property":"","dataset":"OpenStreetMap","license":"ODbL-1.0","record_id":"w450084845@1","update_time":"2020-01-21T05:37:09.000Z","confidence":null,"between":null,"provider":"osm","resource":"planet","version":"2026-09-06T00:00:00.000Z"}],"is_underground":false,"has_parts":false,"version":1}},
{"id":"abed62c5-a5f9-4536-af7e-2d2b65af4850","type":"Feature","geometry":{"type":"Polygon","coordinates":[[[90.4120582,23.7426134],[90.4120539,23.7427766],[90.4119533,23.7427744],[90.4119576,23.7426112],[90.4120582,23.7426134]]]},"properties":{"sources":[{"property":"","dataset":"OpenStreetMap","license":"ODbL-1.0","record_id":"w450085505@1","update_time":"2020-01-21T05:37:09.000Z","confidence":null,"between":null,"provider":"osm","resource":"planet","version":"2026-09-06T00:00:00.000Z"}],"is_underground":false,"has_parts":false,"version":1}},
{"id":"bd0ed599-c27f-44b3-8908-23c83e23f73e","type":"Feature","geometry":{"type":"Polygon","coordinates":[[[90.4120899,23.7431628],[90.4119586,23.7431637],[90.4119572,23.7429931],[90.4120886,23.7429922],[90.4120899,23.7431628]]]},"properties":{"sources":[{"property":"","dataset":"OpenStreetMap","license":"ODbL-1.0","record_id":"w505555765@1","update_time":"2021-05-30T03:01:44.000Z","confidence":null,"between":null,"provider":"osm","resource":"planet","version":"2026-09-06T00:00:00.000Z"}],"is_underground":false,"has_parts":false,"version":1}},
{"id":"9d8f2a09-874a-4aff-8e11-07e40322b4d1","type":"Feature","geometry":{"type":"Polygon","coordinates":[[[90.4120609,23.743316],[90.4119517,23.7433153],[90.4119527,23.7431861],[90.4120619,23.7431868],[90.4120609,23.743316]]]},"properties":{"sources":[{"property":"","dataset":"OpenStreetMap","license":"ODbL-1.0","record_id":"w1433317426@1","update_time":"2025-09-26T11:42:44.000Z","confidence":null,"between":null,"provider":"osm","resource":"planet","version":"2026-09-06T00:00:00.000Z"}],"is_underground":false,"has_parts":false,"version":1}},
{"id":"64abf0de-156d-4523-bdf8-ec370f23834a","type":"Feature","geometry":{"type":"Polygon","coordinates":[[[90.4120525,23.7434664],[90.4119625,23.7434688],[90.4119587,23.7433459],[90.4120487,23.7433435],[90.4120525,23.7434664]]]},"properties":{"sources":[{"property":"","dataset":"OpenStreetMap","license":"ODbL-1.0","record_id":"w505558602@1","update_time":"2017-07-06T11:02:34.000Z","confidence":null,"between":null,"provider":"osm","resource":"planet","version":"2026-09-06T00:00:00.000Z"}],"is_underground":false,"has_parts":false,"version":1}},
{"id":"70a3344e-bf2c-4a49-9e37-501d9b94a195","type":"Feature","geometry":{"type":"Polygon","coordinates":[[[90.4121395,23.7434463],[90.412066,23.7434504],[90.4120576,23.7433227],[90.4121311,23.7433186],[90.4121395,23.7434463]]]},"properties":{"sources":[{"property":"","dataset":"OpenStreetMap","license":"ODbL-1.0","record_id":"w505558603@1","update_time":"2017-07-06T11:02:34.000Z","confidence":null,"between":null,"provider":"osm","resource":"planet","version":"2026-09-06T00:00:00.000Z"}],"is_underground":false,"has_parts":false,"version":1}},
{"id":"7e1b2518-f3b6-4c07-adf7-ad1afd6405ab","type":"Feature","geometry":{"type":"Polygon","coordinates":[[[90.41225,23.7431606],[90.4121095,23.7431612],[90.4121089,23.7430594],[90.4122494,23.7430587],[90.41225,23.7431606]]]},"properties":{"sources":[{"property":"","dataset":"OpenStreetMap","license":"ODbL-1.0","record_id":"w1433371531@1","update_time":"2025-09-26T16:05:11.000Z","confidence":null,"between":null,"provider":"osm","resource":"planet","version":"2026-09-06T00:00:00.000Z"}],"is_underground":false,"has_parts":false,"version":1}},
{"id":"49f127a6-05b1-48c0-bac6-5cccfa5283b8","type":"Feature","geometry":{"type":"Polygon","coordinates":[[[90.412231,23.7435761],[90.4122281,23.7433413],[90.41239,23.7433428],[90.4123822,23.7435741],[90.412231,23.7435761]]]},"properties":{"sources":[{"property":"","dataset":"OpenStreetMap","license":"ODbL-1.0","record_id":"w450087241@3","update_time":"2022-05-25T07:20:25.000Z","confidence":null,"between":null,"provider":"osm","resource":"planet","version":"2026-09-06T00:00:00.000Z"}],"is_underground":false,"has_parts":false,"version":1}},
{"id":"a6e377b0-0590-424f-be4c-44a21e5235f9","type":"Feature","geometry":{"type":"Polygon","coordinates":[[[90.4123763,23.7433061],[90.4122364,23.7432963],[90.4122458,23.7431837],[90.4123857,23.7431935],[90.4123763,23.7433061]]]},"properties":{"sources":[{"property":"","dataset":"OpenStreetMap","license":"ODbL-1.0","record_id":"w450084998@1","update_time":"2021-05-30T03:01:44.000Z","confidence":null,"between":null,"provider":"osm","resource":"planet","version":"2026-09-06T00:00:00.000Z"}],"is_underground":false,"has_parts":false,"version":1}},
{"id":"e99b4482-5198-4b4a-a624-8087eb1de82c","type":"Feature","geometry":{"type":"Polygon","coordinates":[[[90.4124174,23.7431661],[90.4122823,23.7431618],[90.412289,23.7429838],[90.4124241,23.7429881],[90.4124174,23.7431661]]]},"properties":{"sources":[{"property":"","dataset":"OpenStreetMap","license":"ODbL-1.0","record_id":"w505555772@1","update_time":"2021-05-30T03:01:44.000Z","confidence":null,"between":null,"provider":"osm","resource":"planet","version":"2026-09-06T00:00:00.000Z"}],"is_underground":false,"has_parts":false,"version":1}},
{"id":"3bb80b25-b2dc-4bce-a4c5-dc42690467b4","type":"Feature","geometry":{"type":"Polygon","coordinates":[[[90.4122582,23.7430391],[90.4121201,23.743044],[90.4121086,23.7429639],[90.4122813,23.7429344],[90.4122582,23.7430391]]]},"properties":{"sources":[{"property":"","dataset":"OpenStreetMap","license":"ODbL-1.0","record_id":"w505555764@1","update_time":"2021-05-30T03:01:44.000Z","confidence":null,"between":null,"provider":"osm","resource":"planet","version":"2026-09-06T00:00:00.000Z"}],"is_underground":false,"has_parts":false,"version":1}},
{"id":"dc943326-c3bf-4305-811f-0a68d74520a0","type":"Feature","geometry":{"type":"Polygon","coordinates":[[[90.4121339,23.7429275],[90.4121149,23.7427272],[90.4122748,23.74273],[90.412255,23.7429119],[90.4121339,23.7429275]]]},"properties":{"sources":[{"property":"","dataset":"OpenStreetMap","license":"ODbL-1.0","record_id":"w450084971@1","update_time":"2020-01-21T05:37:09.000Z","confidence":null,"between":null,"provider":"osm","resource":"planet","version":"2026-09-06T00:00:00.000Z"}],"is_underground":false,"has_parts":false,"version":1}},
{"id":"77347efa-b5d6-4f09-87fc-74cea7b87722","type":"Feature","geometry":{"type":"Polygon","coordinates":[[[90.4123858,23.7429112],[90.4122606,23.7429019],[90.4122745,23.7427447],[90.4123997,23.7427539],[90.4123858,23.7429112]]]},"properties":{"sources":[{"property":"","dataset":"OpenStreetMap","license":"ODbL-1.0","record_id":"w450084977@1","update_time":"2020-01-21T05:37:09.000Z","confidence":null,"between":null,"provider":"osm","resource":"planet","version":"2026-09-06T00:00:00.000Z"}],"is_underground":false,"has_parts":false,"version":1}},
{"id":"8a82cbb3-0fda-4f43-937c-2603e857ff47","type":"Feature","geometry":{"type":"Polygon","coordinates":[[[90.4125228,23.7427443],[90.4125537,23.7427516],[90.4126918,23.7428954],[90.4125604,23.7430291],[90.4125254,23.7429985],[90.4124624,23.7429849],[90.4124705,23.7428535],[90.4125054,23.7428302],[90.4124853,23.7428007],[90.4124907,23.7427676],[90.4125228,23.7427443]]]},"properties":{"sources":[{"property":"","dataset":"OpenStreetMap","license":"ODbL-1.0","record_id":"w450085168@3","update_time":"2021-05-30T03:01:44.000Z","confidence":null,"between":null,"provider":"osm","resource":"planet","version":"2026-09-06T00:00:00.000Z"}],"is_underground":false,"num_floors":10,"has_parts":false,"version":1}},
{"id":"2d4be187-f3e3-4c57-b5f8-57058c9aa275","type":"Feature","geometry":{"type":"Polygon","coordinates":[[[90.412975,23.7432189],[90.4124478,23.7431699],[90.412464,23.7430239],[90.4126068,23.7430371],[90.4127556,23.7429182],[90.4128956,23.7430649],[90.4129117,23.7430992],[90.4129823,23.7431536],[90.412975,23.7432189]]]},"properties":{"sources":[{"property":"","dataset":"OpenStreetMap","license":"ODbL-1.0","record_id":"w505555762@2","update_time":"2021-05-30T03:01:44.000Z","confidence":null,"between":null,"provider":"osm","resource":"planet","version":"2026-09-06T00:00:00.000Z"}],"is_underground":false,"num_floors":12,"has_parts":false,"version":1}},
{"id":"6685404b-55c4-4cc4-bd62-25675ed7d60d","type":"Feature","geometry":{"type":"Polygon","coordinates":[[[90.4128147,23.743481],[90.412421,23.743481],[90.412421,23.7432306],[90.4128147,23.7432306],[90.4128147,23.743481]]]},"properties":{"names":{"primary":"Sky City Hotel Dhaka","common":[["bn","স্কাই সিটি হোটেল ঢাকা"]],"rules":null},"sources":[{"property":"","dataset":"OpenStreetMap","license":"ODbL-1.0","record_id":"w505555763@3","update_time":"2021-10-11T05:55:26.000Z","confidence":null,"between":null,"provider":"osm","resource":"planet","version":"2026-09-06T00:00:00.000Z"}],"is_underground":false,"num_floors":8,"has_parts":false,"version":1}},
{"id":"68240bd1-2d0e-4ae9-a08e-4d01422b1382","type":"Feature","geometry":{"type":"Polygon","coordinates":[[[90.4134033,23.7435849],[90.4131095,23.7435565],[90.4131349,23.7433362],[90.4134058,23.7435633],[90.4134033,23.7435849]]]},"properties":{"sources":[{"property":"","dataset":"OpenStreetMap","license":"ODbL-1.0","record_id":"w505555785@2","update_time":"2021-10-11T05:55:26.000Z","confidence":null,"between":null,"provider":"osm","resource":"planet","version":"2026-09-06T00:00:00.000Z"}],"is_underground":false,"num_floors":6,"has_parts":false,"version":1}},
{"id":"83097bac-83a7-4644-bdd2-66e44662f814","type":"Feature","geometry":{"type":"Polygon","coordinates":[[[90.4130714,23.7435506],[90.412833,23.7435413],[90.4128448,23.7432333],[90.4130021,23.7432488],[90.4130139,23.7432163],[90.4130934,23.7432813],[90.4130714,23.7435506]]]},"properties":{"sources":[{"property":"","dataset":"OpenStreetMap","license":"ODbL-1.0","record_id":"w991854248@2","update_time":"2022-03-23T09:08:39.000Z","confidence":null,"between":null,"provider":"osm","resource":"planet","version":"2026-09-06T00:00:00.000Z"}],"is_underground":false,"has_parts":false,"version":1}},
{"id":"cbb1c4c0-f6e5-4ead-ab62-869d104b3319","type":"Feature","geometry":{"type":"Polygon","coordinates":[[[90.4132208,23.7427156],[90.413353,23.7428353],[90.4133649,23.7427726],[90.4134558,23.742787],[90.4134271,23.7429385],[90.4133386,23.7430204],[90.4131126,23.7428156],[90.4132208,23.7427156]]]},"properties":{"sources":[{"property":"","dataset":"OpenStreetMap","license":"ODbL-1.0","record_id":"w981831809@2","update_time":"2023-08-28T15:05:13.000Z","confidence":null,"between":null,"provider":"osm","resource":"planet","version":"2026-09-06T00:00:00.000Z"}],"is_underground":false,"num_floors":5,"subtype":"commercial","class":"commercial","has_parts":false,"version":1}},
{"id":"8c0dd9e8-71aa-402f-97e9-d61789b38fb6","type":"Feature","geometry":{"type":"Polygon","coordinates":[[[90.413468,23.7427775],[90.4132704,23.7427515],[90.4132898,23.7426275],[90.4134875,23.7426535],[90.413468,23.7427775]]]},"properties":{"sources":[{"property":"","dataset":"OpenStreetMap","license":"ODbL-1.0","record_id":"w980670937@3","update_time":"2023-08-28T15:05:13.000Z","confidence":null,"between":null,"provider":"osm","resource":"planet","version":"2026-09-06T00:00:00.000Z"}],"is_underground":false,"num_floors":3,"has_parts":false,"version":1}},
{"id":"2d3b0153-f285-490c-8649-7300429ee86c","type":"Feature","geometry":{"type":"Polygon","coordinates":[[[90.4136465,23.742822],[90.4134452,23.7429784],[90.4134533,23.7429306],[90.4134762,23.7427961],[90.4136465,23.742822]]]},"properties":{"names":{"primary":"Paradise Bhuiyan Centre","common":null,"rules":null},"sources":[{"property":"","dataset":"OpenStreetMap","license":"ODbL-1.0","record_id":"w454881050@3","update_time":"2021-09-10T18:48:20.000Z","confidence":null,"between":null,"provider":"osm","resource":"planet","version":"2026-09-06T00:00:00.000Z"}],"is_underground":false,"num_floors":8,"subtype":"commercial","class":"commercial","has_parts":false,"version":1}},
{"id":"84605128-1d13-445f-a7cc-4b1accdbada9","type":"Feature","geometry":{"type":"Polygon","coordinates":[[[90.4134533,23.7429306],[90.4134452,23.7429784],[90.4133718,23.7430465],[90.4133498,23.7430266],[90.4134533,23.7429306]]]},"properties":{"sources":[{"property":"","dataset":"OpenStreetMap","license":"ODbL-1.0","record_id":"w981831810@2","update_time":"2023-08-28T15:05:13.000Z","confidence":null,"between":null,"provider":"osm","resource":"planet","version":"2026-09-06T00:00:00.000Z"}],"is_underground":false,"num_floors":2,"subtype":"commercial","class":"commercial","has_parts":false,"version":1}},
{"id":"fd0eb3f1-e7b4-4501-b8c4-345182de0e64","type":"Feature","geometry":{"type":"Polygon","coordinates":[[[90.4136145,23.7430293],[90.4137211,23.7431332],[90.4136913,23.7431591],[90.4135847,23.7430552],[90.4136145,23.7430293]]]},"properties":{"sources":[{"property":"","dataset":"Google Open Buildings","license":null,"record_id":"7MMGPCV7+6FJQ","update_time":"2023-05-01T00:00:00.000Z","confidence":0.6503,"between":null,"provider":"google","resource":"open_buildings","version":"2024-04-16"}],"is_underground":false,"has_parts":false,"version":1}},
{"id":"54050e7b-e294-4251-97c7-ddae71b64a92","type":"Feature","geometry":{"type":"Polygon","coordinates":[[[90.4136639,23.742805],[90.4134785,23.7427777],[90.4135019,23.7426444],[90.4136481,23.7426659],[90.4136498,23.7426559],[90.4137129,23.7426652],[90.4137112,23.7426748],[90.4137876,23.7426861],[90.4136639,23.742805]]]},"properties":{"names":{"primary":"Chameli Mansion","common":null,"rules":null},"sources":[{"property":"","dataset":"OpenStreetMap","license":"ODbL-1.0","record_id":"w454881051@1","update_time":"2021-09-06T13:48:58.000Z","confidence":null,"between":null,"provider":"osm","resource":"planet","version":"2026-09-06T00:00:00.000Z"}],"is_underground":false,"num_floors":6,"subtype":"residential","class":"apartments","has_parts":false,"version":1}},
{"id":"ea2cfb2f-58d5-4b5e-9091-095b7bb1172c","type":"Feature","geometry":{"type":"Polygon","coordinates":[[[90.4137662,23.7430792],[90.4137344,23.7431054],[90.4136271,23.742996],[90.4136442,23.7429819],[90.4136283,23.7429658],[90.4139276,23.74272],[90.41389,23.7426815],[90.4140098,23.7425831],[90.4140733,23.7425874],[90.4141983,23.742714],[90.4137619,23.7430748],[90.4137662,23.7430792]]]},"properties":{"names":{"primary":"CID Bangladesh","common":null,"rules":null},"sources":[{"property":"","dataset":"OpenStreetMap","license":"ODbL-1.0","record_id":"w981333518@1","update_time":"2021-09-09T18:12:23.000Z","confidence":null,"between":null,"provider":"osm","resource":"planet","version":"2026-09-06T00:00:00.000Z"}],"is_underground":false,"num_floors":5,"has_parts":false,"version":1}},
{"id":"2437d47f-1145-44b8-8664-e2643d38d01a","type":"Feature","geometry":{"type":"Polygon","coordinates":[[[90.4138663,23.7433774],[90.4139312,23.7433225],[90.4141503,23.743542],[90.4141136,23.7435731],[90.4141291,23.7435886],[90.414065,23.7436429],[90.4138493,23.7434268],[90.4138852,23.7433964],[90.4138663,23.7433774]]]},"properties":{"sources":[{"property":"","dataset":"Google Open Buildings","license":null,"record_id":"7MMGPCV7+9HX9","update_time":"2023-05-01T00:00:00.000Z","confidence":0.8427,"between":null,"provider":"google","resource":"open_buildings","version":"2024-04-16"}],"is_underground":false,"has_parts":false,"version":1}},
{"id":"62921b12-9c52-4995-885a-c72d499b249d","type":"Feature","geometry":{"type":"Polygon","coordinates":[[[90.4142437,23.743204],[90.4141759,23.7432573],[90.4141528,23.7432327],[90.4140536,23.7431996],[90.4141014,23.7431622],[90.4140679,23.7431262],[90.4140337,23.743153],[90.4140534,23.7431741],[90.413982,23.74323],[90.4138534,23.7430923],[90.4142136,23.7428105],[90.4142972,23.7429001],[90.4143305,23.742874],[90.4144762,23.7430298],[90.4144624,23.7430406],[90.4144212,23.7430729],[90.4144366,23.7430893],[90.4142636,23.7432252],[90.4142437,23.743204]]]},"properties":{"names":{"primary":"Cyber Police Center","common":null,"rules":null},"sources":[{"property":"","dataset":"OpenStreetMap","license":"ODbL-1.0","record_id":"w981333514@1","update_time":"2021-09-09T18:12:23.000Z","confidence":null,"between":null,"provider":"osm","resource":"planet","version":"2026-09-06T00:00:00.000Z"}],"is_underground":false,"num_floors":13,"has_parts":false,"version":1}},
{"id":"7a159c4e-2e28-4ffc-a06e-166b50b70533","type":"Feature","geometry":{"type":"Polygon","coordinates":[[[90.4143104,23.7427749],[90.4143514,23.7426871],[90.4145103,23.7427493],[90.4144693,23.7428371],[90.4143104,23.7427749]]]},"properties":{"sources":[{"property":"","dataset":"OpenStreetMap","license":"ODbL-1.0","record_id":"w450086143@2","update_time":"2021-09-09T18:12:23.000Z","confidence":null,"between":null,"provider":"osm","resource":"planet","version":"2026-09-06T00:00:00.000Z"}],"is_underground":false,"num_floors":5,"has_parts":false,"version":1}},
{"id":"b3c18138-881b-4e1e-9385-80a5fbe02eb3","type":"Feature","geometry":{"type":"Polygon","coordinates":[[[90.4143702,23.7434685],[90.4143473,23.7434439],[90.4144154,23.7433908],[90.4143956,23.7433695],[90.4145693,23.7432343],[90.4145846,23.7432507],[90.4146293,23.7432158],[90.4146396,23.7432077],[90.4147851,23.7433637],[90.4147517,23.7433898],[90.4148353,23.7434793],[90.4144752,23.7437611],[90.4143466,23.7436235],[90.4144181,23.7435676],[90.4144378,23.7435887],[90.414472,23.7435619],[90.4144384,23.743526],[90.4143906,23.7435634],[90.4143702,23.7434685]]]},"properties":{"sources":[{"property":"","dataset":"OpenStreetMap","license":"ODbL-1.0","record_id":"w981333516@1","update_time":"2021-09-09T18:12:23.000Z","confidence":null,"between":null,"provider":"osm","resource":"planet","version":"2026-09-06T00:00:00.000Z"}],"is_underground":false,"num_floors":13,"has_parts":false,"version":1}},
{"id":"aea6700d-45df-4fc4-aafc-ef0ecbca9c01","type":"Feature","geometry":{"type":"Polygon","coordinates":[[[90.4144366,23.7430893],[90.4144212,23.7430729],[90.4144624,23.7430406],[90.4146293,23.7432158],[90.4145846,23.7432507],[90.4145693,23.7432343],[90.4143956,23.7433695],[90.4142636,23.7432252],[90.4144366,23.7430893]]]},"properties":{"names":{"primary":"SB office","common":null,"rules":null},"sources":[{"property":"","dataset":"OpenStreetMap","license":"ODbL-1.0","record_id":"w981333517@1","update_time":"2021-09-09T18:12:23.000Z","confidence":null,"between":null,"provider":"osm","resource":"planet","version":"2026-09-06T00:00:00.000Z"}],"is_underground":false,"num_floors":5,"has_parts":true,"version":1}},
{"id":"5ab99d83-a05f-4b56-9aaa-11d77bd53e54","type":"Feature","geometry":{"type":"Polygon","coordinates":[[[90.4144637,23.7421468],[90.4144619,23.7421716],[90.4143568,23.7421651],[90.4143694,23.7419953],[90.4143828,23.7419845],[90.4146124,23.7419983],[90.414623,23.742007],[90.4146172,23.7420849],[90.414485,23.7420767],[90.4144797,23.7421478],[90.4144637,23.7421468]]]},"properties":{"sources":[{"property":"","dataset":"OpenStreetMap","license":"ODbL-1.0","record_id":"w981325526@3","update_time":"2025-02-05T11:29:51.000Z","confidence":null,"between":null,"provider":"osm","resource":"planet","version":"2026-09-06T00:00:00.000Z"}],"is_underground":false,"num_floors":8,"subtype":"residential","class":"apartments","has_parts":false,"version":1}},
{"id":"f6bf9883-6012-4f07-8196-5ffc161d4b79","type":"Feature","geometry":{"type":"Polygon","coordinates":[[[90.4146487,23.7419806],[90.4146056,23.741979099999998],[90.4146062,23.7419651],[90.4144116,23.7419581],[90.4144144,23.7418938],[90.4144803,23.7418962],[90.414481,23.7418809],[90.4144266,23.7418789],[90.4144297,23.741807],[90.4145368,23.7418108],[90.4145335,23.7418895],[90.4145588,23.7418904],[90.414562,23.7418142],[90.4146343,23.7418167],[90.4146673,23.7417985],[90.414666,23.7418355],[90.4146789,23.7418359],[90.4146771,23.7418876],[90.4146128,23.7418856],[90.4146123,23.7418988],[90.4146728,23.7419006],[90.4146706,23.741962],[90.4146487,23.7419806]]]},"properties":{"sources":[{"property":"","dataset":"OpenStreetMap","license":"ODbL-1.0","record_id":"w981325525@4","update_time":"2025-02-05T11:29:51.000Z","confidence":null,"between":null,"provider":"osm","resource":"planet","version":"2026-09-06T00:00:00.000Z"}],"is_underground":false,"subtype":"residential","class":"apartments","has_parts":false,"version":1}},
{"id":"177916df-3edc-4995-bd11-a78e863f1f0c","type":"Feature","geometry":{"type":"Polygon","coordinates":[[[90.4143676,23.7422806],[90.4144013,23.7422819],[90.4143999,23.7423135],[90.4143662,23.7423122],[90.4143676,23.7422806]]]},"properties":{"sources":[{"property":"","dataset":"Google Open Buildings","license":null,"record_id":"7MMGPCR7+WQ6V","update_time":"2023-05-01T00:00:00.000Z","confidence":0.6839,"between":null,"provider":"google","resource":"open_buildings","version":"2024-04-16"}],"is_underground":false,"has_parts":false,"version":1}},
{"id":"0d83464e-9eb6-4f77-a851-ddd13f7b259d","type":"Feature","geometry":{"type":"Polygon","coordinates":[[[90.4144232,23.7426919],[90.4143603,23.7426684],[90.4144034,23.7425716],[90.4144663,23.742595],[90.4144232,23.7426919]]]},"properties":{"sources":[{"property":"","dataset":"OpenStreetMap","license":"ODbL-1.0","record_id":"w1456722283@1","update_time":"2025-12-07T17:00:57.000Z","confidence":null,"between":null,"provider":"osm","resource":"planet","version":"2026-09-06T00:00:00.000Z"}],"is_underground":false,"has_parts":false,"version":1}},
{"id":"a67e6ab5-182d-406d-9c97-1da14866a891","type":"Feature","geometry":{"type":"Polygon","coordinates":[[[90.4142469,23.7425483],[90.4142225,23.7425451],[90.4142473,23.7424187],[90.4143565,23.7424313],[90.4143526,23.742443],[90.4143451,23.7424641],[90.4143327,23.7424924],[90.4143181,23.7425175],[90.4143039,23.7425329],[90.4142832,23.742543],[90.4142659,23.7425463],[90.4142469,23.7425483]]]},"properties":{"sources":[{"property":"","dataset":"OpenStreetMap","license":"ODbL-1.0","record_id":"w980575476@4","update_time":"2026-02-27T20:59:15.000Z","confidence":null,"between":null,"provider":"osm","resource":"planet","version":"2026-09-06T00:00:00.000Z"}],"is_underground":false,"num_floors":1,"has_parts":false,"version":2}},
{"id":"e7ea1a84-9bc9-403e-b7c1-cb9cfc6cfb9f","type":"Feature","geometry":{"type":"Polygon","coordinates":[[[90.4141168,23.7424879],[90.4140853,23.7424845],[90.4140799,23.7425269],[90.4140148,23.7425199],[90.414032,23.7423851],[90.4140037,23.7423821],[90.4140181,23.7422695],[90.4140531,23.7422732],[90.4140624,23.742201],[90.4141067,23.7422057],[90.414105,23.7422189],[90.4141354,23.7422221],[90.4141315,23.7422524],[90.4141713,23.7422566],[90.4141627,23.7423238],[90.4142151,23.7423294],[90.414225,23.7422522],[90.4142618,23.7422561],[90.4142662,23.7422222],[90.4143721,23.7422335],[90.4143489,23.7424146],[90.4141292,23.742391],[90.4141168,23.7424879]]]},"properties":{"names":{"primary":"Sham Naz Heights","common":null,"rules":null},"sources":[{"property":"","dataset":"OpenStreetMap","license":"ODbL-1.0","record_id":"w1354896737@3","update_time":"2026-02-27T20:59:15.000Z","confidence":null,"between":null,"provider":"osm","resource":"planet","version":"2026-09-06T00:00:00.000Z"}],"is_underground":false,"num_floors":9,"subtype":"residential","class":"residential","has_parts":false,"version":2}},
{"id":"84e90cb2-2491-4f89-8ce7-f864bead4e3f","type":"Feature","geometry":{"type":"Polygon","coordinates":[[[90.4142159,23.7425431],[90.4141355,23.7425313],[90.414157,23.742408],[90.4142374,23.7424198],[90.4142159,23.7425431]]]},"properties":{"sources":[{"property":"","dataset":"OpenStreetMap","license":"ODbL-1.0","record_id":"w980575475@3","update_time":"2026-02-27T20:59:15.000Z","confidence":null,"between":null,"provider":"osm","resource":"planet","version":"2026-09-06T00:00:00.000Z"}],"is_underground":false,"num_floors":3,"subtype":"residential","class":"residential","has_parts":false,"version":2}},
{"id":"a79147bc-a602-48ad-8036-66d1b98ed83d","type":"Feature","geometry":{"type":"Polygon","coordinates":[[[90.4143164,23.7427089],[90.4142544,23.7427566],[90.4141447,23.7426371],[90.4142067,23.7425894],[90.4143164,23.7427089]]]},"properties":{"sources":[{"property":"","dataset":"OpenStreetMap","license":"ODbL-1.0","record_id":"w450086142@2","update_time":"2023-11-09T20:11:20.000Z","confidence":null,"between":null,"provider":"osm","resource":"planet","version":"2026-09-06T00:00:00.000Z"}],"is_underground":false,"num_floors":5,"has_parts":false,"version":1}},
{"id":"80b638ca-8973-40ae-ac98-69883204b7d9","type":"Feature","geometry":{"type":"Polygon","coordinates":[[[90.4139866,23.7421324],[90.413804,23.7421143],[90.4138154,23.7420182],[90.41398,23.7420345],[90.4139912,23.7420927],[90.4139866,23.7421324]]]},"properties":{"sources":[{"property":"","dataset":"OpenStreetMap","license":"ODbL-1.0","record_id":"w447716830@5","update_time":"2023-08-28T15:05:13.000Z","confidence":null,"between":null,"provider":"osm","resource":"planet","version":"2026-09-06T00:00:00.000Z"}],"is_underground":false,"num_floors":5,"has_parts":false,"version":1}},
{"id":"c82117f1-5072-4a11-8a30-9447994a9cc0","type":"Feature","geometry":{"type":"Polygon","coordinates":[[[90.4138133,23.7419995],[90.4138238,23.7418933],[90.413984,23.7419065],[90.4139731,23.7420167],[90.4139462,23.7420145],[90.4139477,23.7419999],[90.4139181,23.7419975],[90.4139171,23.742008],[90.4138133,23.7419995]]]},"properties":{"sources":[{"property":"","dataset":"OpenStreetMap","license":"ODbL-1.0","record_id":"w980619090@3","update_time":"2023-08-28T15:05:13.000Z","confidence":null,"between":null,"provider":"osm","resource":"planet","version":"2026-09-06T00:00:00.000Z"}],"is_underground":false,"num_floors":5,"subtype":"residential","class":"residential","has_parts":false,"version":1}},
{"id":"e30c6aea-8c64-420a-ae83-edba18480540","type":"Feature","geometry":{"type":"Polygon","coordinates":[[[90.4142302,23.7421264],[90.414252,23.7419729],[90.4142839,23.7419807],[90.4143502,23.7419886],[90.4143208,23.7421679],[90.4142925,23.7421758],[90.4142629,23.7421659],[90.4142415,23.7421528],[90.4142302,23.7421264]]]},"properties":{"names":{"primary":"Shwapnonir","common":null,"rules":null},"sources":[{"property":"","dataset":"OpenStreetMap","license":"ODbL-1.0","record_id":"w450086331@4","update_time":"2021-09-09T17:39:56.000Z","confidence":null,"between":null,"provider":"osm","resource":"planet","version":"2026-09-06T00:00:00.000Z"}],"is_underground":false,"num_floors":6,"subtype":"residential","class":"apartments","has_parts":false,"version":1}},
{"id":"787d1cb1-e051-4ccc-9428-3a2e2d28e745","type":"Feature","geometry":{"type":"Polygon","coordinates":[[[90.414377,23.7419745],[90.4142491,23.7419674],[90.4142554,23.741872],[90.4143833,23.7418791],[90.414377,23.7419745]]]},"properties":{"names":{"primary":"Shahporan Monjil","common":null,"rules":null},"sources":[{"property":"","dataset":"OpenStreetMap","license":"ODbL-1.0","record_id":"w454879609@3","update_time":"2025-02-05T11:29:51.000Z","confidence":null,"between":null,"provider":"osm","resource":"planet","version":"2026-09-06T00:00:00.000Z"}],"is_underground":false,"num_floors":5,"subtype":"residential","class":"apartments","has_parts":false,"version":1}},
{"id":"8034321d-98e8-492d-945f-b120f5e8349a","type":"Feature","geometry":{"type":"Polygon","coordinates":[[[90.4143858,23.7418744],[90.414255,23.7418683],[90.4142597,23.7417837],[90.4143905,23.7417898],[90.4143858,23.7418744]]]},"properties":{"names":{"primary":"Shahjalal Monjil","common":null,"rules":null},"sources":[{"property":"","dataset":"OpenStreetMap","license":"ODbL-1.0","record_id":"w454879610@3","update_time":"2025-02-05T11:29:51.000Z","confidence":null,"between":null,"provider":"osm","resource":"planet","version":"2026-09-06T00:00:00.000Z"}],"is_underground":false,"num_floors":5,"subtype":"residential","class":"apartments","has_parts":false,"version":1}},
{"id":"b9be9582-1d66-48ff-814b-923d1db0081c","type":"Feature","geometry":{"type":"Polygon","coordinates":[[[90.4142303,23.7415483],[90.4140856,23.7415371],[90.4141001,23.7413801],[90.4142425,23.7413912],[90.4142409,23.7414079],[90.4142315,23.7414071],[90.4142297,23.7414263],[90.4142402,23.7414271],[90.4142375,23.7414559],[90.4142283,23.7414552],[90.4142261,23.7414788],[90.4142353,23.7414796],[90.4142326,23.7415095],[90.414225,23.7415089],[90.4142233,23.7415268],[90.4142323,23.7415275],[90.4142303,23.7415483]]]},"properties":{"sources":[{"property":"","dataset":"OpenStreetMap","license":"ODbL-1.0","record_id":"w447360638@4","update_time":"2023-08-28T15:05:13.000Z","confidence":null,"between":null,"provider":"osm","resource":"planet","version":"2026-09-06T00:00:00.000Z"}],"is_underground":false,"subtype":"residential","class":"apartments","has_parts":false,"version":1}},
{"id":"ae51d2e9-0e7b-4a35-b8c2-28d22eb5b8d2","type":"Feature","geometry":{"type":"Polygon","coordinates":[[[90.4141641,23.7418423],[90.4140609,23.7418341],[90.4140838,23.7415919],[90.4141879,23.7416001],[90.4141733,23.7417548],[90.4142098,23.7417577],[90.4142024,23.7418357],[90.414165,23.7418327],[90.4141641,23.7418423]]]},"properties":{"sources":[{"property":"","dataset":"OpenStreetMap","license":"ODbL-1.0","record_id":"w980619091@2","update_time":"2025-02-05T11:29:51.000Z","confidence":null,"between":null,"provider":"osm","resource":"planet","version":"2026-09-06T00:00:00.000Z"}],"is_underground":false,"num_floors":8,"subtype":"residential","class":"apartments","has_parts":false,"version":1}},
{"id":"6c0a0ec3-822f-4802-9d4e-62aa389cc98b","type":"Feature","geometry":{"type":"Polygon","coordinates":[[[90.4138235,23.7418812],[90.4138321,23.7418074],[90.4139931,23.7418231],[90.4139845,23.741897],[90.4138235,23.7418812]]]},"properties":{"sources":[{"property":"","dataset":"OpenStreetMap","license":"ODbL-1.0","record_id":"w980619089@3","update_time":"2023-08-28T15:05:13.000Z","confidence":null,"between":null,"provider":"osm","resource":"planet","version":"2026-09-06T00:00:00.000Z"}],"is_underground":false,"num_floors":5,"subtype":"residential","class":"residential","has_parts":false,"version":1}},
{"id":"e357b499-4116-4ea2-8f9d-caa13e605dae","type":"Feature","geometry":{"type":"Polygon","coordinates":[[[90.4139934,23.7418152],[90.4138188,23.7417978],[90.4138277,23.7417226],[90.4140024,23.74174],[90.4139934,23.7418152]]]},"properties":{"sources":[{"property":"","dataset":"OpenStreetMap","license":"ODbL-1.0","record_id":"w980619088@3","update_time":"2023-08-28T15:05:13.000Z","confidence":null,"between":null,"provider":"osm","resource":"planet","version":"2026-09-06T00:00:00.000Z"}],"is_underground":false,"num_floors":5,"subtype":"residential","class":"residential","has_parts":false,"version":1}},
{"id":"bd07e85a-d0ba-4610-9c14-ed3bfe735938","type":"Feature","geometry":{"type":"Polygon","coordinates":[[[90.4139992,23.7417343],[90.4138304,23.7417165],[90.4138387,23.7416502],[90.4138555,23.7416414],[90.4139952,23.7416549],[90.4140074,23.7416684],[90.4139992,23.7417343]]]},"properties":{"sources":[{"property":"","dataset":"OpenStreetMap","license":"ODbL-1.0","record_id":"w980619087@3","update_time":"2023-08-28T15:05:13.000Z","confidence":null,"between":null,"provider":"osm","resource":"planet","version":"2026-09-06T00:00:00.000Z"}],"is_underground":false,"num_floors":5,"subtype":"residential","class":"residential","has_parts":false,"version":1}},
{"id":"8df13cc7-9cf0-4855-8d9d-0fd205436082","type":"Feature","geometry":{"type":"Polygon","coordinates":[[[90.4140114,23.7416474],[90.4138341,23.7416305],[90.4138414,23.7415655],[90.4138607,23.7415516],[90.4139929,23.741566],[90.4140173,23.7415962],[90.4140114,23.7416474]]]},"properties":{"sources":[{"property":"","dataset":"OpenStreetMap","license":"ODbL-1.0","record_id":"w980609918@3","update_time":"2023-08-28T15:05:13.000Z","confidence":null,"between":null,"provider":"osm","resource":"planet","version":"2026-09-06T00:00:00.000Z"}],"is_underground":false,"num_floors":5,"subtype":"residential","class":"residential","has_parts":false,"version":1}},
{"id":"e828927b-e287-48c8-a2de-64405e2d0edb","type":"Feature","geometry":{"type":"Polygon","coordinates":[[[90.4140719,23.741534],[90.4139689,23.7415268],[90.4139816,23.7413754],[90.4140845,23.7413826],[90.4140719,23.741534]]]},"properties":{"sources":[{"property":"","dataset":"OpenStreetMap","license":"ODbL-1.0","record_id":"w447360636@4","update_time":"2023-08-28T15:05:13.000Z","confidence":null,"between":null,"provider":"osm","resource":"planet","version":"2026-09-06T00:00:00.000Z"}],"is_underground":false,"num_floors":8,"subtype":"residential","class":"apartments","has_parts":false,"version":1}},
{"id":"5633e748-5aa8-4976-a4fb-7d3f6a8d8b37","type":"Feature","geometry":{"type":"Polygon","coordinates":[[[90.4141115,23.7413716],[90.4139795,23.741362],[90.4139892,23.741251],[90.4141212,23.7412606],[90.4141115,23.7413716]]]},"properties":{"sources":[{"property":"","dataset":"OpenStreetMap","license":"ODbL-1.0","record_id":"w981310503@3","update_time":"2023-08-28T15:05:13.000Z","confidence":null,"between":null,"provider":"osm","resource":"planet","version":"2026-09-06T00:00:00.000Z"}],"is_underground":false,"subtype":"residential","class":"residential","has_parts":false,"version":1}},
{"id":"65e69cc5-a110-49c4-9000-42d6b65680c1","type":"Feature","geometry":{"type":"Polygon","coordinates":[[[90.4139539,23.741503],[90.41386,23.7414922],[90.4138622,23.74137],[90.4138673,23.7412571],[90.4139679,23.7412625],[90.4139588,23.7414194],[90.4139539,23.741503]]]},"properties":{"sources":[{"property":"","dataset":"OpenStreetMap","license":"ODbL-1.0","record_id":"w981310500@3","update_time":"2025-10-05T08:26:17.000Z","confidence":null,"between":null,"provider":"osm","resource":"planet","version":"2026-09-06T00:00:00.000Z"}],"is_underground":false,"num_floors":4,"subtype":"residential","class":"residential","has_parts":true,"version":2}},
{"id":"60f38175-38f7-45d5-98b5-39352a908a4d","type":"Feature","geometry":{"type":"Polygon","coordinates":[[[90.4141148,23.7411476],[90.4140027,23.7411439],[90.4140084,23.7409947],[90.4141205,23.7409983],[90.4141148,23.7411476]]]},"properties":{"sources":[{"property":"","dataset":"OpenStreetMap","license":"ODbL-1.0","record_id":"w981310507@3","update_time":"2023-08-28T15:05:13.000Z","confidence":null,"between":null,"provider":"osm","resource":"planet","version":"2026-09-06T00:00:00.000Z"}],"is_underground":false,"num_floors":5,"subtype":"residential","class":"residential","has_parts":false,"version":1}},
{"id":"8c453309-f7ea-425c-b87d-38e218be71c2","type":"Feature","geometry":{"type":"Polygon","coordinates":[[[90.4142069,23.741154],[90.4141201,23.7411498],[90.4141286,23.7410013],[90.4141766,23.7410036],[90.4141771,23.7409945],[90.4142159,23.7409963],[90.4142069,23.741154]]]},"properties":{"sources":[{"property":"","dataset":"OpenStreetMap","license":"ODbL-1.0","record_id":"w981310508@3","update_time":"2023-08-28T15:05:13.000Z","confidence":null,"between":null,"provider":"osm","resource":"planet","version":"2026-09-06T00:00:00.000Z"}],"is_underground":false,"num_floors":4,"subtype":"residential","class":"residential","has_parts":false,"version":1}},
{"id":"54613be2-bd08-4c36-b332-8cd93869fc56","type":"Feature","geometry":{"type":"Polygon","coordinates":[[[90.4142677,23.7412594],[90.4139886,23.7412417],[90.4139942,23.7411568],[90.4141547,23.7411583],[90.4142774,23.7411693],[90.4142677,23.7412594]]]},"properties":{"names":{"primary":"Paradise Kamal House","common":null,"rules":null},"sources":[{"property":"","dataset":"OpenStreetMap","license":"ODbL-1.0","record_id":"w981310506@1","update_time":"2021-09-09T16:32:42.000Z","confidence":null,"between":null,"provider":"osm","resource":"planet","version":"2026-09-06T00:00:00.000Z"}],"is_underground":false,"num_floors":6,"subtype":"residential","class":"residential","has_parts":false,"version":1}},
{"id":"760b43fe-bc74-427a-94ab-999031154db8","type":"Feature","geometry":{"type":"Polygon","coordinates":[[[90.4142524,23.7413819],[90.414118,23.7413725],[90.4141268,23.7412675],[90.4142612,23.7412769],[90.4142524,23.7413819]]]},"properties":{"sources":[{"property":"","dataset":"OpenStreetMap","license":"ODbL-1.0","record_id":"w981310504@3","update_time":"2023-08-28T15:05:13.000Z","confidence":null,"between":null,"provider":"osm","resource":"planet","version":"2026-09-06T00:00:00.000Z"}],"is_underground":false,"subtype":"residential","class":"residential","has_parts":false,"version":1}},
{"id":"1e23c7e1-934c-47f0-a527-0226dc702550","type":"Feature","geometry":{"type":"Polygon","coordinates":[[[90.4142771,23.7411565],[90.4142069,23.741154],[90.4142159,23.7409963],[90.414267,23.7409997],[90.4142847,23.7410152],[90.4142771,23.7411565]]]},"properties":{"sources":[{"property":"","dataset":"OpenStreetMap","license":"ODbL-1.0","record_id":"w981310509@3","update_time":"2023-08-28T15:05:13.000Z","confidence":null,"between":null,"provider":"osm","resource":"planet","version":"2026-09-06T00:00:00.000Z"}],"is_underground":false,"num_floors":5,"subtype":"residential","class":"residential","has_parts":false,"version":1}},
{"id":"8d4a8b39-1287-4d89-b9c0-786379f121d4","type":"Feature","geometry":{"type":"Polygon","coordinates":[[[90.4143288,23.7413916],[90.4143328,23.7413749],[90.4146011,23.7414281],[90.4145833,23.7415034],[90.414557,23.7414982],[90.4145525,23.7415174],[90.4145212,23.7415112],[90.4145247,23.7414966],[90.4144951,23.7414907],[90.4144915,23.7415062],[90.4144586,23.7414996],[90.4144644,23.7414755],[90.4144576,23.7414742],[90.4144647,23.7414443],[90.4144469,23.7414408],[90.4144398,23.7414706],[90.4144344,23.7414695],[90.4144284,23.7414947],[90.4143929,23.7414876],[90.4143961,23.7414745],[90.4143688,23.7414691],[90.4143659,23.7414816],[90.4143256,23.7414736],[90.4143287,23.7414608],[90.4143146,23.741458],[90.4143217,23.7414284],[90.4143124,23.7414265],[90.4143211,23.7413901],[90.4143288,23.7413916]]]},"properties":{"sources":[{"property":"","dataset":"OpenStreetMap","license":"ODbL-1.0","record_id":"w982406647@2","update_time":"2021-09-13T06:56:29.000Z","confidence":null,"between":null,"provider":"osm","resource":"planet","version":"2026-09-06T00:00:00.000Z"}],"is_underground":false,"num_floors":5,"subtype":"residential","class":"apartments","has_parts":false,"version":1}},
{"id":"f24b0bf2-19bb-4771-b9c9-31c74e6de756","type":"Feature","geometry":{"type":"Polygon","coordinates":[[[90.4143255,23.741329],[90.4143475,23.7411544],[90.4144297,23.7411631],[90.4144076,23.7413376],[90.4143255,23.741329]]]},"properties":{"sources":[{"property":"","dataset":"OpenStreetMap","license":"ODbL-1.0","record_id":"w506608811@3","update_time":"2021-09-13T06:56:29.000Z","confidence":null,"between":null,"provider":"osm","resource":"planet","version":"2026-09-06T00:00:00.000Z"}],"is_underground":false,"num_floors":5,"has_parts":false,"version":1}},
{"id":"18742cfc-3fe1-411c-8f42-8b76fd5f0c9f","type":"Feature","geometry":{"type":"Polygon","coordinates":[[[90.4144341,23.7415718],[90.4142794,23.7415569],[90.4142897,23.741467],[90.4144341,23.7415718]]]},"properties":{"sources":[{"property":"","dataset":"OpenStreetMap","license":"ODbL-1.0","record_id":"w981318325@3","update_time":"2023-08-28T15:05:13.000Z","confidence":null,"between":null,"provider":"osm","resource":"planet","version":"2026-09-06T00:00:00.000Z"}],"is_underground":false,"num_floors":2,"subtype":"commercial","class":"retail","has_parts":false,"version":1}},
{"id":"129f8fb9-5b48-4be2-90cd-73ac98d2f470","type":"Feature","geometry":{"type":"Polygon","coordinates":[[[90.4146586,23.7417629],[90.414266,23.741752],[90.4142767,23.7415704],[90.4144374,23.7415819],[90.4146598,23.7417104],[90.4146586,23.7417629]]]},"properties":{"names":{"primary":"Latif's Paradise","common":null,"rules":null},"sources":[{"property":"","dataset":"OpenStreetMap","license":"ODbL-1.0","record_id":"w447360644@2","update_time":"2021-09-09T17:39:56.000Z","confidence":null,"between":null,"provider":"osm","resource":"planet","version":"2026-09-06T00:00:00.000Z"}],"is_underground":false,"num_floors":6,"subtype":"residential","class":"apartments","has_parts":false,"version":1}},
{"id":"b17801b8-6e26-4013-9aa5-dba1ed5c7bff","type":"Feature","geometry":{"type":"Polygon","coordinates":[[[90.4146551,23.7410908],[90.4143633,23.7410573],[90.4144332,23.7405475],[90.414725,23.740581],[90.4146551,23.7410908]]]},"properties":{"sources":[{"property":"","dataset":"OpenStreetMap","license":"ODbL-1.0","record_id":"w981338055@2","update_time":"2021-10-10T23:48:40.000Z","confidence":null,"between":null,"provider":"osm","resource":"planet","version":"2026-09-06T00:00:00.000Z"}],"is_underground":false,"num_floors":12,"has_parts":false,"version":1}},
{"id":"8b6f9d43-54ae-4d60-9c61-cafc5e1fe623","type":"Feature","geometry":{"type":"Polygon","coordinates":[[[90.4142385,23.7409503],[90.4142502,23.7408374],[90.4143147,23.740843],[90.4143029,23.740956],[90.4142385,23.7409503]]]},"properties":{"names":{"primary":"Tushar Bhaban","common":null,"rules":null},"sources":[{"property":"","dataset":"OpenStreetMap","license":"ODbL-1.0","record_id":"w479896647@5","update_time":"2021-09-12T06:58:24.000Z","confidence":null,"between":null,"provider":"osm","resource":"planet","version":"2026-09-06T00:00:00.000Z"}],"is_underground":false,"num_floors":2,"has_parts":false,"version":1}},
{"id":"89ff288d-74f6-49cb-a7c9-9e13b604f76a","type":"Feature","geometry":{"type":"Polygon","coordinates":[[[90.414323,23.7407613],[90.4141664,23.7407485],[90.4141743,23.7406669],[90.4143309,23.7406796],[90.414323,23.7407613]]]},"properties":{"sources":[{"property":"","dataset":"OpenStreetMap","license":"ODbL-1.0","record_id":"w479896649@6","update_time":"2023-08-28T15:05:13.000Z","confidence":null,"between":null,"provider":"osm","resource":"planet","version":"2026-09-06T00:00:00.000Z"}],"is_underground":false,"num_floors":3,"has_parts":false,"version":1}},
{"id":"67700f4d-e1e1-48d7-9b90-11f395b0da79","type":"Feature","geometry":{"type":"Polygon","coordinates":[[[90.4143208,23.7407715],[90.4143135,23.7408382],[90.4141594,23.7408241],[90.4141667,23.7407575],[90.4143208,23.7407715]]]},"properties":{"sources":[{"property":"","dataset":"OpenStreetMap","license":"ODbL-1.0","record_id":"w479896648@5","update_time":"2023-08-28T15:05:13.000Z","confidence":null,"between":null,"provider":"osm","resource":"planet","version":"2026-09-06T00:00:00.000Z"}],"is_underground":false,"num_floors":4,"has_parts":false,"version":1}},
{"id":"45222fc1-1d74-4dc0-8c52-18f1d3bab9a9","type":"Feature","geometry":{"type":"Polygon","coordinates":[[[90.4142334,23.7409503],[90.4141474,23.7409446],[90.4141559,23.7408292],[90.4142451,23.7408374],[90.4142334,23.7409503]]]},"properties":{"sources":[{"property":"","dataset":"OpenStreetMap","license":"ODbL-1.0","record_id":"w479896646@5","update_time":"2023-08-28T15:05:13.000Z","confidence":null,"between":null,"provider":"osm","resource":"planet","version":"2026-09-06T00:00:00.000Z"}],"is_underground":false,"num_floors":4,"has_parts":false,"version":1}},
{"id":"d2eb390f-7faf-41d1-9b65-9bdde626ac73","type":"Feature","geometry":{"type":"Polygon","coordinates":[[[90.4139907,23.7409524],[90.4138881,23.7409443],[90.4138987,23.7408309],[90.4140014,23.740839],[90.4139907,23.7409524]]]},"properties":{"sources":[{"property":"","dataset":"OpenStreetMap","license":"ODbL-1.0","record_id":"w981835816@2","update_time":"2021-09-12T06:29:58.000Z","confidence":null,"between":null,"provider":"osm","resource":"planet","version":"2026-09-06T00:00:00.000Z"}],"is_underground":false,"num_floors":5,"subtype":"residential","class":"residential","has_parts":false,"version":1}},
{"id":"077fce08-1587-4559-8881-688e92b7111a","type":"Feature","geometry":{"type":"Polygon","coordinates":[[[90.4140017,23.7408344],[90.4138991,23.7408263],[90.4139097,23.7407129],[90.4140124,23.740721],[90.4140017,23.7408344]]]},"properties":{"sources":[{"property":"","dataset":"OpenStreetMap","license":"ODbL-1.0","record_id":"w981835817@2","update_time":"2021-09-12T06:29:58.000Z","confidence":null,"between":null,"provider":"osm","resource":"planet","version":"2026-09-06T00:00:00.000Z"}],"is_underground":false,"num_floors":5,"subtype":"residential","class":"residential","has_parts":false,"version":1}},
{"id":"8e7cf30c-0230-4409-84a8-0f593311bbaf","type":"Feature","geometry":{"type":"Polygon","coordinates":[[[90.4140138,23.7407173],[90.4139145,23.7407088],[90.4139234,23.7406211],[90.4140227,23.7406296],[90.4140138,23.7407173]]]},"properties":{"sources":[{"property":"","dataset":"OpenStreetMap","license":"ODbL-1.0","record_id":"w981835818@2","update_time":"2021-09-12T06:29:58.000Z","confidence":null,"between":null,"provider":"osm","resource":"planet","version":"2026-09-06T00:00:00.000Z"}],"is_underground":false,"num_floors":5,"subtype":"residential","class":"residential","has_parts":false,"version":1}},
{"id":"d6ae0c9f-dfe8-4e65-b612-96fea29b5ca9","type":"Feature","geometry":{"type":"Polygon","coordinates":[[[90.4141397,23.740945],[90.4140038,23.7409393],[90.4140333,23.7406375],[90.4141653,23.7406494],[90.4141397,23.740945]]]},"properties":{"names":{"primary":"Rabbani's Paradise","common":null,"rules":null},"sources":[{"property":"","dataset":"OpenStreetMap","license":"ODbL-1.0","record_id":"w479895990@3","update_time":"2021-09-10T19:15:57.000Z","confidence":null,"between":null,"provider":"osm","resource":"planet","version":"2026-09-06T00:00:00.000Z"}],"is_underground":false,"num_floors":6,"subtype":"residential","class":"apartments","has_parts":false,"version":1}},
{"id":"67488cda-8ac0-4fbd-9c68-140005a069c2","type":"Feature","geometry":{"type":"Polygon","coordinates":[[[90.4138726,23.7403789],[90.413871,23.7403974],[90.4139631,23.7404042],[90.4139541,23.7405066],[90.4139726,23.740508],[90.4139654,23.7405896],[90.4138853,23.7405837],[90.4138936,23.7404895],[90.4138581,23.7404869],[90.4138573,23.7404956],[90.413811,23.7404921],[90.4138183,23.7404092],[90.4138215,23.7403735],[90.4138264,23.7403629],[90.4138369,23.7403585],[90.4138525,23.7403577],[90.4138634,23.7403615],[90.4138696,23.7403681],[90.4138726,23.7403789]]]},"properties":{"names":{"primary":"Era International School","common":null,"rules":null},"sources":[{"property":"","dataset":"OpenStreetMap","license":"ODbL-1.0","record_id":"w980135778@3","update_time":"2021-09-12T06:46:32.000Z","confidence":null,"between":null,"provider":"osm","resource":"planet","version":"2026-09-06T00:00:00.000Z"}],"is_underground":false,"num_floors":3,"subtype":"education","class":"school","has_parts":false,"version":1}},
{"id":"7c858aef-8574-48db-9f1f-58a9fe4d3a9c","type":"Feature","geometry":{"type":"Polygon","coordinates":[[[90.4138332,23.7403207],[90.4138332,23.7403133],[90.4139776,23.7402299],[90.413977,23.7403338],[90.4138331,23.7403331],[90.4138332,23.7403207]]]},"properties":{"sources":[{"property":"","dataset":"OpenStreetMap","license":"ODbL-1.0","record_id":"w980135777@3","update_time":"2021-09-12T06:46:32.000Z","confidence":null,"between":null,"provider":"osm","resource":"planet","version":"2026-09-06T00:00:00.000Z"}],"is_underground":false,"num_floors":4,"subtype":"residential","class":"residential","has_parts":false,"version":1}},
{"id":"5c86f6d2-96ab-417f-a841-25d04481aaba","type":"Feature","geometry":{"type":"Polygon","coordinates":[[[90.4140568,23.7403883],[90.4140653,23.740179],[90.414212,23.740184],[90.4142035,23.7403933],[90.4140568,23.7403883]]]},"properties":{"names":{"primary":"Eastern Pair","common":null,"rules":null},"sources":[{"property":"","dataset":"OpenStreetMap","license":"ODbL-1.0","record_id":"w980135773@3","update_time":"2021-09-12T06:46:32.000Z","confidence":null,"between":null,"provider":"osm","resource":"planet","version":"2026-09-06T00:00:00.000Z"}],"is_underground":false,"num_floors":9,"subtype":"residential","class":"residential","has_parts":false,"version":1}},
{"id":"0f2c0679-f620-4d1d-bc6f-2b8a53e64e18","type":"Feature","geometry":{"type":"Polygon","coordinates":[[[90.4143509,23.7406251],[90.4140455,23.740615],[90.4140538,23.7404039],[90.4143593,23.740414],[90.4143509,23.7406251]]]},"properties":{"names":{"primary":"Eastern Pair","common":null,"rules":null},"sources":[{"property":"","dataset":"OpenStreetMap","license":"ODbL-1.0","record_id":"w980135774@3","update_time":"2021-09-12T06:46:32.000Z","confidence":null,"between":null,"provider":"osm","resource":"planet","version":"2026-09-06T00:00:00.000Z"}],"is_underground":false,"num_floors":12,"subtype":"residential","class":"residential","has_parts":false,"version":1}},
{"id":"97f7b090-7c41-4704-8478-76be9f8028b9","type":"Feature","geometry":{"type":"Polygon","coordinates":[[[90.4142427,23.7400804],[90.4143112,23.7400841],[90.4143048,23.7401854],[90.414451,23.7401933],[90.4144427,23.7403223],[90.4142279,23.7403107],[90.4142427,23.7400804]]]},"properties":{"sources":[{"property":"","dataset":"Google Open Buildings","license":null,"record_id":"7MMGPCR7+3PW3","update_time":"2023-05-01T00:00:00.000Z","confidence":0.7293,"between":null,"provider":"google","resource":"open_buildings","version":"2024-04-16"}],"is_underground":false,"has_parts":false,"version":1}},
{"id":"f1715639-de2a-4e44-b8fb-3763dd6b0e74","type":"Feature","geometry":{"type":"Polygon","coordinates":[[[90.414212,23.740184],[90.4140653,23.740179],[90.4142145,23.7400752],[90.414212,23.740184]]]},"properties":{"names":{"primary":"Eastern Pair","common":null,"rules":null},"sources":[{"property":"","dataset":"OpenStreetMap","license":"ODbL-1.0","record_id":"w980135776@3","update_time":"2021-09-12T06:46:32.000Z","confidence":null,"between":null,"provider":"osm","resource":"planet","version":"2026-09-06T00:00:00.000Z"}],"is_underground":false,"num_floors":2,"subtype":"commercial","class":"commercial","has_parts":false,"version":1}},
{"id":"43e2b08e-c10d-4ad2-b362-e8b5290711a8","type":"Feature","geometry":{"type":"Polygon","coordinates":[[[90.414226,23.7397882],[90.4139162,23.7399736],[90.4139292,23.7396832],[90.4140414,23.7396875],[90.4140525,23.7394399],[90.414232,23.7394421],[90.414226,23.7397882]]]},"properties":{"sources":[{"property":"","dataset":"OpenStreetMap","license":"ODbL-1.0","record_id":"w481823429@1","update_time":"2021-09-14T05:49:22.000Z","confidence":null,"between":null,"provider":"osm","resource":"planet","version":"2026-09-06T00:00:00.000Z"}],"is_underground":false,"num_floors":12,"subtype":"residential","class":"apartments","has_parts":false,"version":1}},
{"id":"0106d464-f7b9-46ea-8c17-95f2babb1188","type":"Feature","geometry":{"type":"Polygon","coordinates":[[[90.4140361,23.7396476],[90.4138417,23.7396439],[90.4138459,23.7394548],[90.4140404,23.7394585],[90.4140361,23.7396476]]]},"properties":{"sources":[{"property":"","dataset":"OpenStreetMap","license":"ODbL-1.0","record_id":"w506039043@1","update_time":"2025-10-28T18:13:41.000Z","confidence":null,"between":null,"provider":"osm","resource":"planet","version":"2026-09-06T00:00:00.000Z"}],"is_underground":false,"has_parts":false,"version":2}},
{"id":"434cbf31-0050-4f1b-8d9c-7c80b4810d61","type":"Feature","geometry":{"type":"Polygon","coordinates":[[[90.4143322,23.7396821],[90.4142491,23.7396803],[90.4142525,23.739543],[90.4143356,23.7395447],[90.4143322,23.7396821]]]},"properties":{"sources":[{"property":"","dataset":"OpenStreetMap","license":"ODbL-1.0","record_id":"w1430646646@1","update_time":"2025-09-17T16:51:49.000Z","confidence":null,"between":null,"provider":"osm","resource":"planet","version":"2026-09-06T00:00:00.000Z"}],"is_underground":false,"has_parts":false,"version":1}},
{"id":"c69a790d-1382-4642-bb82-a207d8c529aa","type":"Feature","geometry":{"type":"Polygon","coordinates":[[[90.4144444,23.7396977],[90.4143428,23.7396962],[90.414345,23.7395736],[90.4144466,23.7395751],[90.4144444,23.7396977]]]},"properties":{"sources":[{"property":"","dataset":"OpenStreetMap","license":"ODbL-1.0","record_id":"w1430626397@1","update_time":"2025-09-17T15:58:19.000Z","confidence":null,"between":null,"provider":"osm","resource":"planet","version":"2026-09-06T00:00:00.000Z"}],"is_underground":false,"has_parts":false,"version":1}},
{"id":"9f5fae15-9c53-4952-9718-53983bb208a5","type":"Feature","geometry":{"type":"Polygon","coordinates":[[[90.4144482,23.7401208],[90.4144676,23.7401493],[90.4144148,23.7401797],[90.4143954,23.7401511],[90.4144482,23.7401208]]]},"properties":{"sources":[{"property":"","dataset":"Google Open Buildings","license":null,"record_id":"7MMGPCR7+3Q75","update_time":"2023-05-01T00:00:00.000Z","confidence":0.6511,"between":null,"provider":"google","resource":"open_buildings","version":"2024-04-16"}],"is_underground":false,"has_parts":false,"version":1}}]}