{"type": "FeatureCollection", "features": [
{"id":"b93b845b-49a0-4e6d-9a91-9e6f0a915e95","type":"Feature","geometry":{"type":"Polygon","coordinates":[[[90.3832379,23.7619095],[90.3832412,23.7619436],[90.3832072,23.7619465],[90.3832039,23.7619124],[90.3832379,23.7619095]]]},"properties":{"sources":[{"property":"","dataset":"Google Open Buildings","license":null,"record_id":"7MMGQ96M+Q7H2","update_time":"2023-05-01T00:00:00.000Z","confidence":0.7375,"between":null,"provider":"google","resource":"open_buildings","version":"2024-04-16"}],"is_underground":false,"has_parts":false,"version":1}},
{"id":"e544bc2c-7266-41f5-ab9e-53e3753aa9e2","type":"Feature","geometry":{"type":"Polygon","coordinates":[[[90.3841706,23.7621549],[90.383922,23.7620924],[90.3839781,23.7619055],[90.3842267,23.761968],[90.3841706,23.7621549]]]},"properties":{"sources":[{"property":"","dataset":"OpenStreetMap","license":"ODbL-1.0","record_id":"w501378222@1","update_time":"2019-10-26T06:21:06.000Z","confidence":null,"between":null,"provider":"osm","resource":"planet","version":"2026-09-06T00:00:00.000Z"}],"is_underground":false,"has_parts":false,"version":1}},
{"id":"950627c2-ff12-4158-8236-a7347f234d9f","type":"Feature","geometry":{"type":"Polygon","coordinates":[[[90.384069,23.7618831],[90.3839404,23.7618745],[90.3839492,23.7617632],[90.3840778,23.761771800000002],[90.384069,23.7618831]]]},"properties":{"sources":[{"property":"","dataset":"OpenStreetMap","license":"ODbL-1.0","record_id":"w501378204@1","update_time":"2019-10-22T08:12:31.000Z","confidence":null,"between":null,"provider":"osm","resource":"planet","version":"2026-09-06T00:00:00.000Z"}],"is_underground":false,"has_parts":false,"version":1}},
{"id":"48409b9d-b11b-4180-860c-d8bad13c6a98","type":"Feature","geometry":{"type":"Polygon","coordinates":[[[90.3838968,23.76186],[90.3837896,23.7618507],[90.3837971,23.761778],[90.3839043,23.7617873],[90.3838968,23.76186]]]},"properties":{"sources":[{"property":"","dataset":"OpenStreetMap","license":"ODbL-1.0","record_id":"w501378207@1","update_time":"2019-10-22T08:12:31.000Z","confidence":null,"between":null,"provider":"osm","resource":"planet","version":"2026-09-06T00:00:00.000Z"}],"is_underground":false,"has_parts":false,"version":1}},
{"id":"073cc516-1f28-4745-a639-1ffdc52debb8","type":"Feature","geometry":{"type":"Polygon","coordinates":[[[90.3839029,23.7617805],[90.3837957,23.7617712],[90.3838032,23.7616985],[90.3839104,23.7617078],[90.3839029,23.7617805]]]},"properties":{"sources":[{"property":"","dataset":"OpenStreetMap","license":"ODbL-1.0","record_id":"w1435527855@1","update_time":"2025-10-04T20:36:03.000Z","confidence":null,"between":null,"provider":"osm","resource":"planet","version":"2026-09-06T00:00:00.000Z"}],"is_underground":false,"has_parts":false,"version":1}},
{"id":"5eb9097c-d725-44d9-8d36-e2f6c015f988","type":"Feature","geometry":{"type":"Polygon","coordinates":[[[90.3838989,23.7619877],[90.38377,23.7619827],[90.3837752,23.76187],[90.3839041,23.761875],[90.3838989,23.7619877]]]},"properties":{"sources":[{"property":"","dataset":"OpenStreetMap","license":"ODbL-1.0","record_id":"w501378206@1","update_time":"2019-10-22T08:12:31.000Z","confidence":null,"between":null,"provider":"osm","resource":"planet","version":"2026-09-06T00:00:00.000Z"}],"is_underground":false,"has_parts":false,"version":1}},
{"id":"f7572415-75c1-48fd-9608-b87807f74efe","type":"Feature","geometry":{"type":"Polygon","coordinates":[[[90.3837555,23.7619776],[90.3836991,23.76198],[90.3836978,23.7619395],[90.3837474,23.761942],[90.3837555,23.7619776]]]},"properties":{"sources":[{"property":"","dataset":"OpenStreetMap","license":"ODbL-1.0","record_id":"w1135029334@1","update_time":"2023-01-25T04:22:15.000Z","confidence":null,"between":null,"provider":"osm","resource":"planet","version":"2026-09-06T00:00:00.000Z"}],"is_underground":false,"has_parts":false,"version":1}},
{"id":"9cd75f6e-fd7c-419b-872b-4e85f503a2c4","type":"Feature","geometry":{"type":"Polygon","coordinates":[[[90.383745,23.7619304],[90.3836636,23.7619245],[90.3836805,23.7617284],[90.3837619,23.7617343],[90.383745,23.7619304]]]},"properties":{"sources":[{"property":"","dataset":"OpenStreetMap","license":"ODbL-1.0","record_id":"w501378210@1","update_time":"2019-10-22T08:12:31.000Z","confidence":null,"between":null,"provider":"osm","resource":"planet","version":"2026-09-06T00:00:00.000Z"}],"is_underground":false,"has_parts":false,"version":1}},
{"id":"23cf1db4-d626-40ed-a4b9-bdfd08ad333c","type":"Feature","geometry":{"type":"Polygon","coordinates":[[[90.3837644,23.7617224],[90.383681,23.7617162],[90.3836922,23.7615906],[90.3837756,23.7615968],[90.3837644,23.7617224]]]},"properties":{"sources":[{"property":"","dataset":"OpenStreetMap","license":"ODbL-1.0","record_id":"w501378185@1","update_time":"2019-10-22T08:12:30.000Z","confidence":null,"between":null,"provider":"osm","resource":"planet","version":"2026-09-06T00:00:00.000Z"}],"is_underground":false,"has_parts":false,"version":1}},
{"id":"2b336a16-208c-4511-a38c-e921f781a21e","type":"Feature","geometry":{"type":"Polygon","coordinates":[[[90.3838374,23.7614463],[90.3837106,23.7614236],[90.3837437,23.7612688],[90.3838705,23.7612915],[90.3838374,23.7614463]]]},"properties":{"sources":[{"property":"","dataset":"OpenStreetMap","license":"ODbL-1.0","record_id":"w501378190@1","update_time":"2019-10-22T08:12:30.000Z","confidence":null,"between":null,"provider":"osm","resource":"planet","version":"2026-09-06T00:00:00.000Z"}],"is_underground":false,"has_parts":false,"version":1}},
{"id":"8f258752-8ea8-481f-b3cb-22c4ec19d095","type":"Feature","geometry":{"type":"Polygon","coordinates":[[[90.3839407,23.7615828],[90.3836993,23.7615449],[90.3837148,23.7614623],[90.3839562,23.7615001],[90.3839407,23.7615828]]]},"properties":{"sources":[{"property":"","dataset":"OpenStreetMap","license":"ODbL-1.0","record_id":"w501378188@1","update_time":"2019-10-22T08:12:30.000Z","confidence":null,"between":null,"provider":"osm","resource":"planet","version":"2026-09-06T00:00:00.000Z"}],"is_underground":false,"has_parts":false,"version":1}},
{"id":"852c0100-40d3-4b39-ae82-553011b943e6","type":"Feature","geometry":{"type":"Polygon","coordinates":[[[90.3840092,23.7614863],[90.3838499,23.7614513],[90.3838898,23.7612991],[90.3840491,23.7613341],[90.3840092,23.7614863]]]},"properties":{"sources":[{"property":"","dataset":"OpenStreetMap","license":"ODbL-1.0","record_id":"w501378192@1","update_time":"2019-10-22T08:12:30.000Z","confidence":null,"between":null,"provider":"osm","resource":"planet","version":"2026-09-06T00:00:00.000Z"}],"is_underground":false,"has_parts":false,"version":1}},
{"id":"b71bacc9-b0ac-43eb-b623-8d51680327c6","type":"Feature","geometry":{"type":"Polygon","coordinates":[[[90.384191,23.7615479],[90.3840443,23.7614876],[90.3841067,23.7613604],[90.3842534,23.7614207],[90.384191,23.7615479]]]},"properties":{"sources":[{"property":"","dataset":"OpenStreetMap","license":"ODbL-1.0","record_id":"w501378194@1","update_time":"2019-10-22T08:12:30.000Z","confidence":null,"between":null,"provider":"osm","resource":"planet","version":"2026-09-06T00:00:00.000Z"}],"is_underground":false,"has_parts":false,"version":1}},
{"id":"1fa527f0-ade9-4444-ae8c-918145d1e140","type":"Feature","geometry":{"type":"Polygon","coordinates":[[[90.3841522,23.7616356],[90.3839887,23.7615684],[90.3840249,23.7614946],[90.3841884,23.7615619],[90.3841522,23.7616356]]]},"properties":{"sources":[{"property":"","dataset":"OpenStreetMap","license":"ODbL-1.0","record_id":"w737505261@1","update_time":"2019-10-22T08:12:29.000Z","confidence":null,"between":null,"provider":"osm","resource":"planet","version":"2026-09-06T00:00:00.000Z"}],"is_underground":false,"has_parts":false,"version":1}},
{"id":"7aafadff-7173-4571-a330-522206b19971","type":"Feature","geometry":{"type":"Polygon","coordinates":[[[90.3841008,23.7617341],[90.3839497,23.7617093],[90.3839681,23.7616153],[90.3841192,23.7616401],[90.3841008,23.7617341]]]},"properties":{"sources":[{"property":"","dataset":"OpenStreetMap","license":"ODbL-1.0","record_id":"w501378187@1","update_time":"2019-10-22T08:12:30.000Z","confidence":null,"between":null,"provider":"osm","resource":"planet","version":"2026-09-06T00:00:00.000Z"}],"is_underground":false,"has_parts":false,"version":1}},
{"id":"bcb7e560-69c1-40d7-ad82-e0656181496e","type":"Feature","geometry":{"type":"Polygon","coordinates":[[[90.3841129,23.7618154],[90.3840786,23.7618136],[90.3840822,23.761745],[90.3841163,23.7617468],[90.3841129,23.7618154]]]},"properties":{"sources":[{"property":"","dataset":"OpenStreetMap","license":"ODbL-1.0","record_id":"w1436233574@1","update_time":"2025-10-07T17:01:28.000Z","confidence":null,"between":null,"provider":"osm","resource":"planet","version":"2026-09-06T00:00:00.000Z"}],"is_underground":false,"has_parts":false,"version":1}},
{"id":"49f568ff-8dd8-494a-9bfc-b7ba661d773f","type":"Feature","geometry":{"type":"Polygon","coordinates":[[[90.38426,23.7618337],[90.3842553,23.7619156],[90.3841112,23.7619086],[90.3841178,23.7617947],[90.3842358,23.7618004],[90.3842339,23.7618324],[90.38426,23.7618337]]]},"properties":{"sources":[{"property":"","dataset":"OpenStreetMap","license":"ODbL-1.0","record_id":"w380923330@2","update_time":"2019-10-22T08:12:31.000Z","confidence":null,"between":null,"provider":"osm","resource":"planet","version":"2026-09-06T00:00:00.000Z"}],"is_underground":false,"has_parts":false,"version":1}},
{"id":"30f5424b-23ef-443e-ac10-7fb5fd2a203f","type":"Feature","geometry":{"type":"Polygon","coordinates":[[[90.3842025,23.7616997],[90.3841372,23.7616655],[90.3841894,23.7615819],[90.3842547,23.7616161],[90.3842025,23.7616997]]]},"properties":{"sources":[{"property":"","dataset":"OpenStreetMap","license":"ODbL-1.0","record_id":"w1431530867@1","update_time":"2025-09-20T16:34:26.000Z","confidence":null,"between":null,"provider":"osm","resource":"planet","version":"2026-09-06T00:00:00.000Z"}],"is_underground":false,"has_parts":false,"version":1}},
{"id":"e69f2fa7-9f6a-44ec-b20b-1bf58cf0968f","type":"Feature","geometry":{"type":"Polygon","coordinates":[[[90.3842896,23.7617823],[90.3842478,23.761774],[90.3842429,23.7616738],[90.3843189,23.7615955],[90.3844463,23.761676],[90.3844339,23.7617348],[90.3842896,23.7617823]]]},"properties":{"sources":[{"property":"","dataset":"OpenStreetMap","license":"ODbL-1.0","record_id":"w501378199@1","update_time":"2019-10-26T06:20:40.000Z","confidence":null,"between":null,"provider":"osm","resource":"planet","version":"2026-09-06T00:00:00.000Z"}],"is_underground":false,"has_parts":false,"version":1}},
{"id":"adc1d001-3636-4523-8caf-3bf792e6cb3e","type":"Feature","geometry":{"type":"Polygon","coordinates":[[[90.3844088,23.761905],[90.3842791,23.7618753],[90.3842903,23.7617917],[90.3844291,23.7617429],[90.3844088,23.761905]]]},"properties":{"sources":[{"property":"","dataset":"OpenStreetMap","license":"ODbL-1.0","record_id":"w501378200@1","update_time":"2019-10-26T06:20:40.000Z","confidence":null,"between":null,"provider":"osm","resource":"planet","version":"2026-09-06T00:00:00.000Z"}],"is_underground":false,"has_parts":false,"version":1}},
{"id":"6f34b73a-7c3c-4094-a502-753fe5a30130","type":"Feature","geometry":{"type":"Polygon","coordinates":[[[90.3842979,23.7619284],[90.384363,23.76194],[90.3843552,23.7619771],[90.3842901,23.7619655],[90.3842979,23.7619284]]]},"properties":{"sources":[{"property":"","dataset":"Google Open Buildings","license":null,"record_id":"7MMGQ96M+QPP3","update_time":"2023-05-01T00:00:00.000Z","confidence":0.6738,"between":null,"provider":"google","resource":"open_buildings","version":"2024-04-16"}],"is_underground":false,"has_parts":false,"version":1}},
{"id":"56967142-78df-4c3f-869f-aae499e9fab4","type":"Feature","geometry":{"type":"Polygon","coordinates":[[[90.3844939,23.7615551],[90.384404,23.7614999],[90.3845086,23.7613572],[90.3845735,23.7614466],[90.3844939,23.7615551]]]},"properties":{"sources":[{"property":"","dataset":"OpenStreetMap","license":"ODbL-1.0","record_id":"w501378167@2","update_time":"2019-10-26T06:20:41.000Z","confidence":null,"between":null,"provider":"osm","resource":"planet","version":"2026-09-06T00:00:00.000Z"}],"is_underground":false,"has_parts":false,"version":1}},
{"id":"08026e05-dee6-45b3-a114-b70fa8ce595e","type":"Feature","geometry":{"type":"Polygon","coordinates":[[[90.3844267,23.7616443],[90.3843399,23.7615864],[90.3843686,23.7615505],[90.3844553,23.7616084],[90.3844267,23.7616443]]]},"properties":{"sources":[{"property":"","dataset":"OpenStreetMap","license":"ODbL-1.0","record_id":"w1436233557@1","update_time":"2025-10-07T17:01:28.000Z","confidence":null,"between":null,"provider":"osm","resource":"planet","version":"2026-09-06T00:00:00.000Z"}],"is_underground":false,"has_parts":false,"version":1}},
{"id":"2abcf3f7-ed2a-4198-80b2-9960c1184276","type":"Feature","geometry":{"type":"Polygon","coordinates":[[[90.3842933,23.7616145],[90.3841979,23.7615589],[90.3842864,23.7614316],[90.3843347,23.7614597],[90.38432,23.7614808],[90.3843671,23.7615082],[90.3842933,23.7616145]]]},"properties":{"sources":[{"property":"","dataset":"OpenStreetMap","license":"ODbL-1.0","record_id":"w501378195@2","update_time":"2019-10-26T06:20:41.000Z","confidence":null,"between":null,"provider":"osm","resource":"planet","version":"2026-09-06T00:00:00.000Z"}],"is_underground":false,"has_parts":false,"version":1}},
{"id":"e548a6cc-e9e3-49f2-b51b-537584432d28","type":"Feature","geometry":{"type":"Polygon","coordinates":[[[90.384215,23.7611912],[90.3843886,23.7612529],[90.3843359,23.7613771],[90.3841624,23.7613155],[90.384215,23.7611912]]]},"properties":{"sources":[{"property":"","dataset":"OpenStreetMap","license":"ODbL-1.0","record_id":"w380923442@1","update_time":"2019-10-22T08:12:29.000Z","confidence":null,"between":null,"provider":"osm","resource":"planet","version":"2026-09-06T00:00:00.000Z"}],"is_underground":false,"has_parts":false,"version":1}},
{"id":"03a5bd31-019e-4fe5-bb41-e082be52a2b3","type":"Feature","geometry":{"type":"Polygon","coordinates":[[[90.3844276,23.7614506],[90.3843701,23.7614144],[90.3843519,23.7613694],[90.3844135,23.7612875],[90.3845063,23.7613459],[90.3844276,23.7614506]]]},"properties":{"sources":[{"property":"","dataset":"OpenStreetMap","license":"ODbL-1.0","record_id":"w501378169@2","update_time":"2019-10-26T06:20:41.000Z","confidence":null,"between":null,"provider":"osm","resource":"planet","version":"2026-09-06T00:00:00.000Z"}],"is_underground":false,"has_parts":false,"version":1}},
{"id":"a77e1dd6-07d9-4086-a3e5-36d3d0dc1d7d","type":"Feature","geometry":{"type":"Polygon","coordinates":[[[90.3845065,23.7613298],[90.3846424,23.7613227],[90.3847093,23.7614186],[90.3846119,23.7614755],[90.3845065,23.7613298]]]},"properties":{"sources":[{"property":"","dataset":"OpenStreetMap","license":"ODbL-1.0","record_id":"w380922676@1","update_time":"2019-10-26T06:07:09.000Z","confidence":null,"between":null,"provider":"osm","resource":"planet","version":"2026-09-06T00:00:00.000Z"}],"is_underground":false,"has_parts":false,"version":1}},
{"id":"1211ac0c-9a5b-4860-981f-10a948a5ad21","type":"Feature","geometry":{"type":"Polygon","coordinates":[[[90.384652,23.7617309],[90.3845339,23.761693],[90.3845914,23.7615429],[90.3846242,23.7615534],[90.3846855,23.7616436],[90.384652,23.7617309]]]},"properties":{"sources":[{"property":"","dataset":"OpenStreetMap","license":"ODbL-1.0","record_id":"w501942086@2","update_time":"2023-01-03T20:40:11.000Z","confidence":null,"between":null,"provider":"osm","resource":"planet","version":"2026-09-06T00:00:00.000Z"}],"is_underground":false,"has_parts":false,"version":1}},
{"id":"41e4ccbb-fa6e-4def-b779-5399dce858b0","type":"Feature","geometry":{"type":"Polygon","coordinates":[[[90.3847243,23.7616171],[90.3846215,23.7614823],[90.3847108,23.7614253],[90.3848136,23.7615601],[90.3847243,23.7616171]]]},"properties":{"sources":[{"property":"","dataset":"OpenStreetMap","license":"ODbL-1.0","record_id":"w501932690@2","update_time":"2019-10-26T06:07:09.000Z","confidence":null,"between":null,"provider":"osm","resource":"planet","version":"2026-09-06T00:00:00.000Z"}],"is_underground":false,"has_parts":false,"version":1}},
{"id":"4f46fe90-e4f5-479e-bcc4-62e3d4ee48e6","type":"Feature","geometry":{"type":"Polygon","coordinates":[[[90.3847682,23.7614108],[90.3847396,23.7614267],[90.3847043,23.7613738],[90.3847328,23.7613578],[90.3847682,23.7614108]]]},"properties":{"sources":[{"property":"","dataset":"OpenStreetMap","license":"ODbL-1.0","record_id":"w1453373248@1","update_time":"2025-11-24T16:58:55.000Z","confidence":null,"between":null,"provider":"osm","resource":"planet","version":"2026-09-06T00:00:00.000Z"}],"is_underground":false,"has_parts":false,"version":2}},
{"id":"43f62221-a3c3-4d81-870e-250dba1e769a","type":"Feature","geometry":{"type":"Polygon","coordinates":[[[90.384865,23.7613486],[90.3846861,23.7613451],[90.3846888,23.7612282],[90.3848677,23.7612317],[90.384865,23.7613486]]]},"properties":{"sources":[{"property":"","dataset":"OpenStreetMap","license":"ODbL-1.0","record_id":"w380922665@1","update_time":"2025-11-12T16:45:48.000Z","confidence":null,"between":null,"provider":"osm","resource":"planet","version":"2026-09-06T00:00:00.000Z"}],"is_underground":false,"has_parts":false,"version":3}},
{"id":"19bf92c9-a909-4f86-b9a5-754f943544a5","type":"Feature","geometry":{"type":"Polygon","coordinates":[[[90.3849336,23.7613486],[90.3848747,23.7613473],[90.3848775,23.761238],[90.3849364,23.7612393],[90.3849336,23.7613486]]]},"properties":{"sources":[{"property":"","dataset":"OpenStreetMap","license":"ODbL-1.0","record_id":"w1450072737@1","update_time":"2025-11-12T16:45:48.000Z","confidence":null,"between":null,"provider":"osm","resource":"planet","version":"2026-09-06T00:00:00.000Z"}],"is_underground":false,"has_parts":false,"version":2}},
{"id":"54616405-ae07-4687-a212-49c18b12e26b","type":"Feature","geometry":{"type":"Polygon","coordinates":[[[90.3850984,23.7613587],[90.3849478,23.7613547],[90.3849504,23.7612382],[90.3851018,23.7612416],[90.3850984,23.7613587]]]},"properties":{"sources":[{"property":"","dataset":"OpenStreetMap","license":"ODbL-1.0","record_id":"w501932692@1","update_time":"2025-11-12T16:45:48.000Z","confidence":null,"between":null,"provider":"osm","resource":"planet","version":"2026-09-06T00:00:00.000Z"}],"is_underground":false,"has_parts":false,"version":3}},
{"id":"c22358a9-febb-4ee3-b64e-6406af8e4405","type":"Feature","geometry":{"type":"Polygon","coordinates":[[[90.3849772,23.7615866],[90.3849465,23.7615858],[90.3848482,23.7615304],[90.3848523,23.7614029],[90.384983,23.7614064],[90.3849772,23.7615866]]]},"properties":{"sources":[{"property":"","dataset":"OpenStreetMap","license":"ODbL-1.0","record_id":"w501932684@2","update_time":"2019-10-26T06:07:09.000Z","confidence":null,"between":null,"provider":"osm","resource":"planet","version":"2026-09-06T00:00:00.000Z"}],"is_underground":false,"has_parts":false,"version":1}},
{"id":"b8292acb-37d9-4f86-9dd9-b6c164143e76","type":"Feature","geometry":{"type":"Polygon","coordinates":[[[90.3848178,23.7614999],[90.3847892,23.7615158],[90.3847539,23.7614629],[90.3847824,23.7614469],[90.3848178,23.7614999]]]},"properties":{"sources":[{"property":"","dataset":"OpenStreetMap","license":"ODbL-1.0","record_id":"w1450072739@1","update_time":"2025-11-12T16:45:48.000Z","confidence":null,"between":null,"provider":"osm","resource":"planet","version":"2026-09-06T00:00:00.000Z"}],"is_underground":false,"has_parts":false,"version":2}},
{"id":"6e1e3253-9b39-404a-bb78-25062282e085","type":"Feature","geometry":{"type":"Polygon","coordinates":[[[90.3847673,23.7616441],[90.3848185,23.7615746],[90.3848863,23.7616165],[90.3848718,23.7617087],[90.3847673,23.7616441]]]},"properties":{"sources":[{"property":"","dataset":"OpenStreetMap","license":"ODbL-1.0","record_id":"w501932688@2","update_time":"2019-10-26T06:20:41.000Z","confidence":null,"between":null,"provider":"osm","resource":"planet","version":"2026-09-06T00:00:00.000Z"}],"is_underground":false,"has_parts":false,"version":1}},
{"id":"9c7fe5f2-51df-497f-b189-e30a559aeb01","type":"Feature","geometry":{"type":"Polygon","coordinates":[[[90.3849401,23.7616293],[90.3849251,23.7617126],[90.3848778,23.7617055],[90.3848928,23.7616222],[90.3849401,23.7616293]]]},"properties":{"sources":[{"property":"","dataset":"OpenStreetMap","license":"ODbL-1.0","record_id":"w1434676111@1","update_time":"2025-10-01T19:35:15.000Z","confidence":null,"between":null,"provider":"osm","resource":"planet","version":"2026-09-06T00:00:00.000Z"}],"is_underground":false,"has_parts":false,"version":1}},
{"id":"2b48058f-a585-4cbf-894c-edabb42a268b","type":"Feature","geometry":{"type":"Polygon","coordinates":[[[90.3851198,23.7617506],[90.3849305,23.7617277],[90.3849434,23.7616383],[90.3851327,23.7616612],[90.3851198,23.7617506]]]},"properties":{"sources":[{"property":"","dataset":"OpenStreetMap","license":"ODbL-1.0","record_id":"w738713343@1","update_time":"2019-10-26T06:20:40.000Z","confidence":null,"between":null,"provider":"osm","resource":"planet","version":"2026-09-06T00:00:00.000Z"}],"is_underground":false,"has_parts":false,"version":1}},
{"id":"d8e35599-d5c5-43d6-ad1d-998167fe738a","type":"Feature","geometry":{"type":"Polygon","coordinates":[[[90.3850977,23.7618973],[90.3848519,23.7618342],[90.3848799,23.7617429],[90.3851257,23.7618059],[90.3850977,23.7618973]]]},"properties":{"sources":[{"property":"","dataset":"OpenStreetMap","license":"ODbL-1.0","record_id":"w501932671@1","update_time":"2019-10-26T06:20:41.000Z","confidence":null,"between":null,"provider":"osm","resource":"planet","version":"2026-09-06T00:00:00.000Z"}],"is_underground":false,"has_parts":false,"version":1}},
{"id":"05affa04-9f4c-420f-ae3e-b1b4f132b857","type":"Feature","geometry":{"type":"Polygon","coordinates":[[[90.3850483,23.7619271],[90.3850058,23.7620335],[90.3848032,23.7619658],[90.3848456,23.7618594],[90.3850483,23.7619271]]]},"properties":{"sources":[{"property":"","dataset":"OpenStreetMap","license":"ODbL-1.0","record_id":"w380922833@1","update_time":"2019-10-26T06:20:40.000Z","confidence":null,"between":null,"provider":"osm","resource":"planet","version":"2026-09-06T00:00:00.000Z"}],"is_underground":false,"has_parts":false,"version":1}},
{"id":"69529af2-0de3-4ffa-9a10-747ec3803002","type":"Feature","geometry":{"type":"Polygon","coordinates":[[[90.3848067,23.7619456],[90.3846141,23.7618803],[90.384707,23.761647],[90.3848742,23.7617788],[90.3848067,23.7619456]]]},"properties":{"sources":[{"property":"","dataset":"OpenStreetMap","license":"ODbL-1.0","record_id":"w501932676@2","update_time":"2023-01-03T20:40:11.000Z","confidence":null,"between":null,"provider":"osm","resource":"planet","version":"2026-09-06T00:00:00.000Z"}],"is_underground":false,"has_parts":false,"version":1}},
{"id":"32c17bfe-d7b2-4b18-b83e-39c686629789","type":"Feature","geometry":{"type":"Polygon","coordinates":[[[90.3845206,23.7617907],[90.384502,23.7617845],[90.3845225,23.7617331],[90.3846496,23.7617757],[90.3846133,23.7618664],[90.3845049,23.7618301],[90.3845206,23.7617907]]]},"properties":{"sources":[{"property":"","dataset":"OpenStreetMap","license":"ODbL-1.0","record_id":"w501942088@2","update_time":"2023-01-03T20:40:11.000Z","confidence":null,"between":null,"provider":"osm","resource":"planet","version":"2026-09-06T00:00:00.000Z"}],"is_underground":false,"has_parts":false,"version":1}},
{"id":"58cb2b26-136a-4d22-b063-ae7adcdc215a","type":"Feature","geometry":{"type":"Polygon","coordinates":[[[90.3845775,23.7620845],[90.3844508,23.762045],[90.3845083,23.7618904],[90.3848058,23.761983],[90.3847704,23.7620785],[90.3846632,23.7620451],[90.3846335,23.7621252],[90.3845697,23.7621054],[90.3845775,23.7620845]]]},"properties":{"sources":[{"property":"","dataset":"OpenStreetMap","license":"ODbL-1.0","record_id":"w501932680@2","update_time":"2023-01-03T20:40:11.000Z","confidence":null,"between":null,"provider":"osm","resource":"planet","version":"2026-09-06T00:00:00.000Z"}],"is_underground":false,"has_parts":false,"version":1}},
{"id":"6fef6c09-8da4-478d-bb68-d55a2739b681","type":"Feature","geometry":{"type":"Polygon","coordinates":[[[90.3849751,23.762159],[90.3847774,23.7620939],[90.3848178,23.7619913],[90.3850155,23.7620563],[90.3849751,23.762159]]]},"properties":{"sources":[{"property":"","dataset":"OpenStreetMap","license":"ODbL-1.0","record_id":"w501932673@1","update_time":"2019-10-26T06:20:41.000Z","confidence":null,"between":null,"provider":"osm","resource":"planet","version":"2026-09-06T00:00:00.000Z"}],"is_underground":false,"has_parts":false,"version":1}},
{"id":"76fb9421-10f3-4e37-b28a-57208853eca8","type":"Feature","geometry":{"type":"Polygon","coordinates":[[[90.385198,23.7620704],[90.3851641,23.7620616],[90.3851963,23.7619582],[90.3852301,23.761967],[90.385198,23.7620704]]]},"properties":{"sources":[{"property":"","dataset":"OpenStreetMap","license":"ODbL-1.0","record_id":"w1429988521@1","update_time":"2025-09-15T14:14:16.000Z","confidence":null,"between":null,"provider":"osm","resource":"planet","version":"2026-09-06T00:00:00.000Z"}],"is_underground":false,"has_parts":false,"version":1}},
{"id":"b44aa09b-8148-4176-8a64-dd10be0fd9e1","type":"Feature","geometry":{"type":"Polygon","coordinates":[[[90.3853582,23.7618066],[90.3853776,23.7615455],[90.3856043,23.7615597],[90.3856029,23.7615784],[90.3856174,23.7615793],[90.3856079,23.7617069],[90.3855544,23.7617035],[90.3855523,23.7617321],[90.385562,23.7617327],[90.3855596,23.7617644],[90.3855499,23.7617638],[90.3855483,23.7617849],[90.3855575,23.7617855],[90.385555,23.7618188],[90.3853582,23.7618066]]]},"properties":{"sources":[{"property":"","dataset":"OpenStreetMap","license":"ODbL-1.0","record_id":"w380922763@2","update_time":"2019-10-26T06:20:41.000Z","confidence":null,"between":null,"provider":"osm","resource":"planet","version":"2026-09-06T00:00:00.000Z"}],"is_underground":false,"has_parts":false,"version":1}},
{"id":"81da6709-b7d1-4da9-885a-b7bf0fc94ee2","type":"Feature","geometry":{"type":"Polygon","coordinates":[[[90.38547,23.7620321],[90.3852783,23.7619804],[90.3853338,23.7618082],[90.3855512,23.7618669],[90.3855259,23.7619454],[90.3855002,23.7619385],[90.38547,23.7620321]]]},"properties":{"sources":[{"property":"","dataset":"OpenStreetMap","license":"ODbL-1.0","record_id":"w501932665@2","update_time":"2019-10-26T06:20:41.000Z","confidence":null,"between":null,"provider":"osm","resource":"planet","version":"2026-09-06T00:00:00.000Z"}],"is_underground":false,"has_parts":false,"version":1}},
{"id":"2142f0b5-e140-4c45-bbe9-9ddffc5593fd","type":"Feature","geometry":{"type":"Polygon","coordinates":[[[90.3852586,23.7619481],[90.3851072,23.7619106],[90.3851446,23.761784],[90.385296,23.7618214],[90.3852586,23.7619481]]]},"properties":{"sources":[{"property":"","dataset":"OpenStreetMap","license":"ODbL-1.0","record_id":"w501932669@1","update_time":"2019-10-26T06:20:41.000Z","confidence":null,"between":null,"provider":"osm","resource":"planet","version":"2026-09-06T00:00:00.000Z"}],"is_underground":false,"has_parts":false,"version":1}},
{"id":"36298e84-c717-4e67-a3c8-622290eb9347","type":"Feature","geometry":{"type":"Polygon","coordinates":[[[90.3851428,23.7620723],[90.3850353,23.7620396],[90.3850785,23.761921],[90.3851859,23.7619537],[90.3851428,23.7620723]]]},"properties":{"sources":[{"property":"","dataset":"OpenStreetMap","license":"ODbL-1.0","record_id":"w501932667@1","update_time":"2019-10-26T06:20:41.000Z","confidence":null,"between":null,"provider":"osm","resource":"planet","version":"2026-09-06T00:00:00.000Z"}],"is_underground":false,"has_parts":false,"version":1}},
{"id":"be20f927-09ff-4673-aedd-4bd12b7ece12","type":"Feature","geometry":{"type":"Polygon","coordinates":[[[90.3851671,23.761672],[90.3852845,23.7616789],[90.3852812,23.7617266],[90.3851638,23.7617197],[90.3851671,23.761672]]]},"properties":{"sources":[{"property":"","dataset":"OpenStreetMap","license":"ODbL-1.0","record_id":"w501932686@1","update_time":"2019-10-26T06:20:41.000Z","confidence":null,"between":null,"provider":"osm","resource":"planet","version":"2026-09-06T00:00:00.000Z"}],"is_underground":false,"has_parts":false,"version":1}},
{"id":"7eddd3a3-9abf-4c2a-9d87-c2b6c8906cb2","type":"Feature","geometry":{"type":"Polygon","coordinates":[[[90.3852408,23.7615728],[90.3851695,23.7615713],[90.3851717,23.7614874],[90.385243,23.761489],[90.3852408,23.7615728]]]},"properties":{"sources":[{"property":"","dataset":"OpenStreetMap","license":"ODbL-1.0","record_id":"w738712463@1","update_time":"2025-11-12T16:45:48.000Z","confidence":null,"between":null,"provider":"osm","resource":"planet","version":"2026-09-06T00:00:00.000Z"}],"is_underground":false,"has_parts":false,"version":1}},
{"id":"ddcd0b61-ef04-4800-902b-264c84619bb1","type":"Feature","geometry":{"type":"Polygon","coordinates":[[[90.3851643,23.761416],[90.3851558,23.7615901],[90.3850171,23.7615844],[90.3850256,23.7614102],[90.3851643,23.761416]]]},"properties":{"sources":[{"property":"","dataset":"OpenStreetMap","license":"ODbL-1.0","record_id":"w501932682@1","update_time":"2019-10-26T06:20:41.000Z","confidence":null,"between":null,"provider":"osm","resource":"planet","version":"2026-09-06T00:00:00.000Z"}],"is_underground":false,"has_parts":false,"version":1}},
{"id":"a77215a1-5d30-492a-b1fb-25925199cb96","type":"Feature","geometry":{"type":"Polygon","coordinates":[[[90.3852425,23.7614837],[90.3851712,23.7614822],[90.3851734,23.7613983],[90.3852447,23.7613999],[90.3852425,23.7614837]]]},"properties":{"sources":[{"property":"","dataset":"OpenStreetMap","license":"ODbL-1.0","record_id":"w1434676109@1","update_time":"2025-10-01T19:35:15.000Z","confidence":null,"between":null,"provider":"osm","resource":"planet","version":"2026-09-06T00:00:00.000Z"}],"is_underground":false,"has_parts":false,"version":1}},
{"id":"bc51c2d9-ed67-4aaf-b178-2b07df1145f2","type":"Feature","geometry":{"type":"Polygon","coordinates":[[[90.3853396,23.7614908],[90.3852683,23.7614893],[90.3852705,23.7614054],[90.3853418,23.761407],[90.3853396,23.7614908]]]},"properties":{"sources":[{"property":"","dataset":"OpenStreetMap","license":"ODbL-1.0","record_id":"w1434676110@1","update_time":"2025-11-12T16:45:48.000Z","confidence":null,"between":null,"provider":"osm","resource":"planet","version":"2026-09-06T00:00:00.000Z"}],"is_underground":false,"has_parts":false,"version":1}},
{"id":"d223c966-f300-4e60-b3dd-3d009bf332a8","type":"Feature","geometry":{"type":"Polygon","coordinates":[[[90.3853719,23.761257],[90.3853688,23.761366],[90.3851104,23.7613598],[90.3851135,23.7612507],[90.3853719,23.761257]]]},"properties":{"sources":[{"property":"","dataset":"OpenStreetMap","license":"ODbL-1.0","record_id":"w380922513@1","update_time":"2019-10-26T06:07:09.000Z","confidence":null,"between":null,"provider":"osm","resource":"planet","version":"2026-09-06T00:00:00.000Z"}],"is_underground":false,"has_parts":false,"version":1}},
{"id":"474c0e05-3181-42d3-996d-a0ae231eeda9","type":"Feature","geometry":{"type":"Polygon","coordinates":[[[90.3856014,23.7615106],[90.3853904,23.7615095],[90.385391,23.761404],[90.385602,23.761405],[90.3856014,23.7615106]]]},"properties":{"sources":[{"property":"","dataset":"OpenStreetMap","license":"ODbL-1.0","record_id":"w380922834@1","update_time":"2019-10-26T06:20:40.000Z","confidence":null,"between":null,"provider":"osm","resource":"planet","version":"2026-09-06T00:00:00.000Z"}],"is_underground":false,"has_parts":false,"version":1}},
{"id":"cc5ba1f5-9bfd-4564-9f60-1693d07080c1","type":"Feature","geometry":{"type":"Polygon","coordinates":[[[90.3855886,23.7613656],[90.3854061,23.7613553],[90.3854116,23.7612738],[90.3855941,23.7612841],[90.3855886,23.7613656]]]},"properties":{"sources":[{"property":"","dataset":"OpenStreetMap","license":"ODbL-1.0","record_id":"w498209800@1","update_time":"2019-10-26T06:07:09.000Z","confidence":null,"between":null,"provider":"osm","resource":"planet","version":"2026-09-06T00:00:00.000Z"}],"is_underground":false,"has_parts":false,"version":1}},
{"id":"f04e39a3-b89a-45eb-ba32-d9ef08b7cfc2","type":"Feature","geometry":{"type":"Polygon","coordinates":[[[90.3858477,23.761397],[90.3856521,23.7613701],[90.3856765,23.7612218],[90.3858499,23.7612457],[90.3858455,23.7612727],[90.3858677,23.7612757],[90.3858477,23.761397]]]},"properties":{"sources":[{"property":"","dataset":"OpenStreetMap","license":"ODbL-1.0","record_id":"w501952373@2","update_time":"2019-10-26T07:58:19.000Z","confidence":null,"between":null,"provider":"osm","resource":"planet","version":"2026-09-06T00:00:00.000Z"}],"is_underground":false,"has_parts":false,"version":1}},
{"id":"420e241e-a298-411b-bc09-61e558bbffd0","type":"Feature","geometry":{"type":"Polygon","coordinates":[[[90.3857479,23.7615329],[90.3858423,23.7615449],[90.3858182,23.7617046],[90.3857019,23.7616899],[90.385707,23.7616563],[90.3856971,23.7616551],[90.38571,23.7615699],[90.3857417,23.7615739],[90.3857479,23.7615329]]]},"properties":{"sources":[{"property":"","dataset":"OpenStreetMap","license":"ODbL-1.0","record_id":"w380801966@3","update_time":"2019-10-26T07:41:18.000Z","confidence":null,"between":null,"provider":"osm","resource":"planet","version":"2026-09-06T00:00:00.000Z"}],"is_underground":false,"has_parts":false,"version":1}},
{"id":"ac1313cf-8984-4ae8-a92b-b4facfd3c1ba","type":"Feature","geometry":{"type":"Polygon","coordinates":[[[90.3856655,23.7620364],[90.3855507,23.7620008],[90.3855753,23.7619343],[90.3856901,23.7619699],[90.3856655,23.7620364]]]},"properties":{"sources":[{"property":"","dataset":"OpenStreetMap","license":"ODbL-1.0","record_id":"w1434676112@1","update_time":"2025-10-01T19:35:15.000Z","confidence":null,"between":null,"provider":"osm","resource":"planet","version":"2026-09-06T00:00:00.000Z"}],"is_underground":false,"has_parts":false,"version":1}},
{"id":"58b9db4c-adb4-4cc3-9d82-79ab413291e9","type":"Feature","geometry":{"type":"Polygon","coordinates":[[[90.3857895,23.7619864],[90.3856691,23.7619545],[90.3857422,23.7617238],[90.3858626,23.7617557],[90.3857895,23.7619864]]]},"properties":{"sources":[{"property":"","dataset":"OpenStreetMap","license":"ODbL-1.0","record_id":"w380853317@1","update_time":"2019-10-26T07:58:19.000Z","confidence":null,"between":null,"provider":"osm","resource":"planet","version":"2026-09-06T00:00:00.000Z"}],"is_underground":false,"has_parts":false,"version":1}},
{"id":"33bbe49f-e496-45ea-bf89-d7699d94d073","type":"Feature","geometry":{"type":"Polygon","coordinates":[[[90.3859761,23.7620402],[90.3858471,23.7620051],[90.3858944,23.7618593],[90.3860235,23.7618944],[90.3859761,23.7620402]]]},"properties":{"sources":[{"property":"","dataset":"OpenStreetMap","license":"ODbL-1.0","record_id":"w380853132@1","update_time":"2021-11-03T13:35:49.000Z","confidence":null,"between":null,"provider":"osm","resource":"planet","version":"2026-09-06T00:00:00.000Z"}],"is_underground":false,"has_parts":false,"version":1}},
{"id":"59c20d73-8035-4204-b982-e7cffdacaad0","type":"Feature","geometry":{"type":"Polygon","coordinates":[[[90.3860234,23.7618759],[90.3858953,23.7618433],[90.3859338,23.7617165],[90.3860619,23.7617491],[90.3860234,23.7618759]]]},"properties":{"sources":[{"property":"","dataset":"OpenStreetMap","license":"ODbL-1.0","record_id":"w380853168@1","update_time":"2021-11-03T13:35:49.000Z","confidence":null,"between":null,"provider":"osm","resource":"planet","version":"2026-09-06T00:00:00.000Z"}],"is_underground":false,"has_parts":false,"version":1}},
{"id":"e4cfb379-68b3-42ea-9f26-09b5d170eb1c","type":"Feature","geometry":{"type":"Polygon","coordinates":[[[90.386052,23.7617333],[90.3859384,23.7616891],[90.3859743,23.7616117],[90.3860879,23.7616559],[90.386052,23.7617333]]]},"properties":{"sources":[{"property":"","dataset":"OpenStreetMap","license":"ODbL-1.0","record_id":"w738741253@1","update_time":"2019-10-26T07:58:19.000Z","confidence":null,"between":null,"provider":"osm","resource":"planet","version":"2026-09-06T00:00:00.000Z"}],"is_underground":false,"has_parts":false,"version":1}},
{"id":"779d813f-bb8e-4f74-925f-6c801d719382","type":"Feature","geometry":{"type":"Polygon","coordinates":[[[90.3861007,23.7616531],[90.3859965,23.7616126],[90.3860285,23.7615437],[90.3861327,23.7615842],[90.3861007,23.7616531]]]},"properties":{"sources":[{"property":"","dataset":"OpenStreetMap","license":"ODbL-1.0","record_id":"w738741254@1","update_time":"2019-10-26T07:58:19.000Z","confidence":null,"between":null,"provider":"osm","resource":"planet","version":"2026-09-06T00:00:00.000Z"}],"is_underground":false,"has_parts":false,"version":1}},
{"id":"1470bcf6-efb4-484f-80cc-fdc54916c745","type":"Feature","geometry":{"type":"Polygon","coordinates":[[[90.3860612,23.7614442],[90.3858666,23.7614197],[90.3858954,23.7612285],[90.3861784,23.761264100000002],[90.3861578,23.7614016],[90.3860693,23.7613905],[90.3860612,23.7614442]]]},"properties":{"sources":[{"property":"","dataset":"OpenStreetMap","license":"ODbL-1.0","record_id":"w501952374@2","update_time":"2019-10-26T07:58:19.000Z","confidence":null,"between":null,"provider":"osm","resource":"planet","version":"2026-09-06T00:00:00.000Z"}],"is_underground":false,"has_parts":false,"version":1}},
{"id":"bfcd958a-ce82-4717-aed8-46c56bd92b1b","type":"Feature","geometry":{"type":"Polygon","coordinates":[[[90.38614,23.7615668],[90.3860573,23.7615347],[90.3861089,23.7614238],[90.3861915,23.761456],[90.38614,23.7615668]]]},"properties":{"sources":[{"property":"","dataset":"OpenStreetMap","license":"ODbL-1.0","record_id":"w380853496@1","update_time":"2019-10-26T07:58:19.000Z","confidence":null,"between":null,"provider":"osm","resource":"planet","version":"2026-09-06T00:00:00.000Z"}],"is_underground":false,"has_parts":false,"version":1}},
{"id":"f36674c4-72dc-4c65-ba95-c1baa8b691da","type":"Feature","geometry":{"type":"Polygon","coordinates":[[[90.3863795,23.7616131],[90.3862152,23.7615652],[90.3862453,23.7614789],[90.3864095,23.7615268],[90.3863795,23.7616131]]]},"properties":{"sources":[{"property":"","dataset":"OpenStreetMap","license":"ODbL-1.0","record_id":"w501952370@1","update_time":"2019-10-26T07:59:44.000Z","confidence":null,"between":null,"provider":"osm","resource":"planet","version":"2026-09-06T00:00:00.000Z"}],"is_underground":false,"has_parts":false,"version":1}},
{"id":"b349a616-7890-4463-9f39-2259ab2110c7","type":"Feature","geometry":{"type":"Polygon","coordinates":[[[90.3863147,23.7613858],[90.3862593,23.7613824],[90.3862657,23.7612969],[90.3864827,23.7613103],[90.3864763,23.7613958],[90.386359,23.7613885],[90.3863556,23.761434],[90.3863114,23.7614313],[90.3863147,23.7613858]]]},"properties":{"sources":[{"property":"","dataset":"OpenStreetMap","license":"ODbL-1.0","record_id":"w380855904@2","update_time":"2019-10-26T04:39:55.000Z","confidence":null,"between":null,"provider":"osm","resource":"planet","version":"2026-09-06T00:00:00.000Z"}],"is_underground":false,"has_parts":false,"version":1}},
{"id":"ad622d1c-cb21-45d5-a7e7-30a7b56459cd","type":"Feature","geometry":{"type":"Polygon","coordinates":[[[90.3866167,23.7615342],[90.386495,23.7615343],[90.3864949,23.7613548],[90.3866166,23.7613548],[90.3866167,23.7615342]]]},"properties":{"sources":[{"property":"","dataset":"OpenStreetMap","license":"ODbL-1.0","record_id":"w738136751@1","update_time":"2019-10-24T07:30:19.000Z","confidence":null,"between":null,"provider":"osm","resource":"planet","version":"2026-09-06T00:00:00.000Z"}],"is_underground":false,"has_parts":false,"version":1}},
{"id":"bbbfb7b0-d4ed-433b-bf85-fe3e5ba50f1b","type":"Feature","geometry":{"type":"Polygon","coordinates":[[[90.3864851,23.7616386],[90.3863919,23.7616165],[90.3864181,23.7615318],[90.3865166,23.7615588],[90.3864851,23.7616386]]]},"properties":{"sources":[{"property":"","dataset":"OpenStreetMap","license":"ODbL-1.0","record_id":"w1436260197@1","update_time":"2025-10-07T19:04:58.000Z","confidence":null,"between":null,"provider":"osm","resource":"planet","version":"2026-09-06T00:00:00.000Z"}],"is_underground":false,"has_parts":false,"version":1}},
{"id":"a2bc125a-f18a-4695-b3c2-bbf74dcc1cdc","type":"Feature","geometry":{"type":"Polygon","coordinates":[[[90.3864543,23.761762],[90.386365,23.7617454],[90.3863863,23.7616493],[90.3864756,23.7616658],[90.3864543,23.761762]]]},"properties":{"sources":[{"property":"","dataset":"OpenStreetMap","license":"ODbL-1.0","record_id":"w738742436@1","update_time":"2019-10-26T07:59:44.000Z","confidence":null,"between":null,"provider":"osm","resource":"planet","version":"2026-09-06T00:00:00.000Z"}],"is_underground":false,"has_parts":false,"version":1}},
{"id":"8d4c4ec2-c86f-49bc-a050-7fe81a5e2735","type":"Feature","geometry":{"type":"Polygon","coordinates":[[[90.3866049,23.761786],[90.3864614,23.761764199999998],[90.3864768,23.7616792],[90.3864941,23.7616819],[90.3865097,23.7615955],[90.3866294,23.7616137],[90.3866209,23.7616609],[90.3866578,23.7616665],[90.3866477,23.7617225],[90.3866172,23.7617179],[90.3866049,23.761786]]]},"properties":{"sources":[{"property":"","dataset":"OpenStreetMap","license":"ODbL-1.0","record_id":"w501952369@2","update_time":"2019-10-26T07:59:44.000Z","confidence":null,"between":null,"provider":"osm","resource":"planet","version":"2026-09-06T00:00:00.000Z"}],"is_underground":false,"has_parts":false,"version":1}},
{"id":"6b4288ff-bb1c-46d5-83f5-28b74558a61a","type":"Feature","geometry":{"type":"Polygon","coordinates":[[[90.3866033,23.7619492],[90.3864374,23.7619112],[90.3864682,23.7617986],[90.3866341,23.7618365],[90.3866033,23.7619492]]]},"properties":{"sources":[{"property":"","dataset":"OpenStreetMap","license":"ODbL-1.0","record_id":"w501952367@1","update_time":"2021-11-03T13:35:49.000Z","confidence":null,"between":null,"provider":"osm","resource":"planet","version":"2026-09-06T00:00:00.000Z"}],"is_underground":false,"has_parts":false,"version":1}},
{"id":"1ec729ac-7f67-4e0c-b3a4-099506dfda27","type":"Feature","geometry":{"type":"Polygon","coordinates":[[[90.3865328,23.762077],[90.3864028,23.762049],[90.3864347,23.7619249],[90.3865647,23.7619529],[90.3865328,23.762077]]]},"properties":{"sources":[{"property":"","dataset":"OpenStreetMap","license":"ODbL-1.0","record_id":"w501952362@1","update_time":"2021-11-03T13:35:49.000Z","confidence":null,"between":null,"provider":"osm","resource":"planet","version":"2026-09-06T00:00:00.000Z"}],"is_underground":false,"has_parts":false,"version":1}},
{"id":"33c8c019-945a-460f-bde5-4457bdb5c493","type":"Feature","geometry":{"type":"Polygon","coordinates":[[[90.386426,23.761916],[90.3862299,23.7618708],[90.3862532,23.761786],[90.3864494,23.7618312],[90.386426,23.761916]]]},"properties":{"sources":[{"property":"","dataset":"OpenStreetMap","license":"ODbL-1.0","record_id":"w501952368@1","update_time":"2021-11-03T13:35:49.000Z","confidence":null,"between":null,"provider":"osm","resource":"planet","version":"2026-09-06T00:00:00.000Z"}],"is_underground":false,"has_parts":false,"version":1}},
{"id":"03391e5e-96be-4a5b-b5f2-2e074303c486","type":"Feature","geometry":{"type":"Polygon","coordinates":[[[90.3863823,23.7620379],[90.3862806,23.7620117],[90.3863125,23.761908],[90.3864142,23.7619343],[90.3863823,23.7620379]]]},"properties":{"sources":[{"property":"","dataset":"OpenStreetMap","license":"ODbL-1.0","record_id":"w501952363@1","update_time":"2021-11-03T13:35:49.000Z","confidence":null,"between":null,"provider":"osm","resource":"planet","version":"2026-09-06T00:00:00.000Z"}],"is_underground":false,"has_parts":false,"version":1}},
{"id":"e44eaba2-8d1b-48f0-97ef-0a700b2c0757","type":"Feature","geometry":{"type":"Polygon","coordinates":[[[90.3862047,23.7616873],[90.3861838,23.7616816],[90.3862112,23.7615971],[90.3863826,23.7616436],[90.3863658,23.7616956],[90.3863574,23.7616933],[90.3863435,23.7617362],[90.3862013,23.7616976],[90.3862047,23.7616873]]]},"properties":{"sources":[{"property":"","dataset":"OpenStreetMap","license":"ODbL-1.0","record_id":"w501952371@2","update_time":"2019-10-26T07:59:44.000Z","confidence":null,"between":null,"provider":"osm","resource":"planet","version":"2026-09-06T00:00:00.000Z"}],"is_underground":false,"has_parts":false,"version":1}},
{"id":"608e8382-4138-4a42-9d64-ecd57993d715","type":"Feature","geometry":{"type":"Polygon","coordinates":[[[90.3861994,23.7619289],[90.3860822,23.7618975],[90.3861332,23.7617384],[90.3862504,23.7617698],[90.3861994,23.7619289]]]},"properties":{"sources":[{"property":"","dataset":"OpenStreetMap","license":"ODbL-1.0","record_id":"w501952366@1","update_time":"2021-11-03T13:35:49.000Z","confidence":null,"between":null,"provider":"osm","resource":"planet","version":"2026-09-06T00:00:00.000Z"}],"is_underground":false,"has_parts":false,"version":1}},
{"id":"833216c3-a872-44b1-bba3-e3e4ce6ac762","type":"Feature","geometry":{"type":"Polygon","coordinates":[[[90.3861398,23.7620754],[90.3860202,23.7620433],[90.3860591,23.7619219],[90.3861787,23.761954],[90.3861398,23.7620754]]]},"properties":{"sources":[{"property":"","dataset":"OpenStreetMap","license":"ODbL-1.0","record_id":"w501952364@1","update_time":"2021-11-03T13:35:49.000Z","confidence":null,"between":null,"provider":"osm","resource":"planet","version":"2026-09-06T00:00:00.000Z"}],"is_underground":false,"has_parts":false,"version":1}},
{"id":"a7bdccca-38a1-4927-8898-d9d83e4b2753","type":"Feature","geometry":{"type":"Polygon","coordinates":[[[90.3857594,23.7620677],[90.3856787,23.7620429],[90.3857023,23.7619785],[90.385783,23.7620032],[90.3857594,23.7620677]]]},"properties":{"sources":[{"property":"","dataset":"OpenStreetMap","license":"ODbL-1.0","record_id":"w1434676113@1","update_time":"2025-10-01T19:35:15.000Z","confidence":null,"between":null,"provider":"osm","resource":"planet","version":"2026-09-06T00:00:00.000Z"}],"is_underground":false,"has_parts":false,"version":1}},
{"id":"3c967ef0-57cc-4631-a818-656f5ad689f4","type":"Feature","geometry":{"type":"Polygon","coordinates":[[[90.3876021,23.7621766],[90.3873491,23.7621465],[90.3873876,23.7618856],[90.3875212,23.7619009],[90.3875267,23.7620738],[90.3876127,23.7620816],[90.3876021,23.7621766]]]},"properties":{"sources":[{"property":"","dataset":"OpenStreetMap","license":"ODbL-1.0","record_id":"w501974094@2","update_time":"2019-12-22T05:50:22.000Z","confidence":null,"between":null,"provider":"osm","resource":"planet","version":"2026-09-06T00:00:00.000Z"}],"is_underground":false,"has_parts":false,"version":1}},
{"id":"3e5afb21-e905-40a9-aee3-61eb31caac55","type":"Feature","geometry":{"type":"Polygon","coordinates":[[[90.3869232,23.7620826],[90.3868288,23.76206],[90.386846,23.7619598],[90.3869425,23.7619893],[90.3869232,23.7620826]]]},"properties":{"sources":[{"property":"","dataset":"OpenStreetMap","license":"ODbL-1.0","record_id":"w1530743754@1","update_time":"2026-06-19T04:26:49.000Z","confidence":null,"between":null,"provider":"osm","resource":"planet","version":"2026-09-06T00:00:00.000Z"}],"is_underground":false,"subtype":"residential","class":"apartments","has_parts":false,"version":2}},
{"id":"bb4d518d-6138-4a30-b0b2-a6ba67b8dbe4","type":"Feature","geometry":{"type":"Polygon","coordinates":[[[90.3870977,23.7620162],[90.3869596,23.7619892],[90.3869813,23.7618532],[90.3871234,23.761879],[90.3870977,23.7620162]]]},"properties":{"sources":[{"property":"","dataset":"OpenStreetMap","license":"ODbL-1.0","record_id":"w501974100@1","update_time":"2019-12-22T05:50:22.000Z","confidence":null,"between":null,"provider":"osm","resource":"planet","version":"2026-09-06T00:00:00.000Z"}],"is_underground":false,"has_parts":false,"version":1}},
{"id":"cbcb6363-8061-4d6d-b9f9-68ae0121d7a7","type":"Feature","geometry":{"type":"Polygon","coordinates":[[[90.3870679,23.7618077],[90.3869661,23.7617989],[90.3869843,23.7616246],[90.3870861,23.7616335],[90.3870679,23.7618077]]]},"properties":{"sources":[{"property":"","dataset":"OpenStreetMap","license":"ODbL-1.0","record_id":"w738136748@1","update_time":"2019-10-24T07:30:19.000Z","confidence":null,"between":null,"provider":"osm","resource":"planet","version":"2026-09-06T00:00:00.000Z"}],"is_underground":false,"has_parts":false,"version":1}},
{"id":"e839483f-483a-4128-b084-4477710dec43","type":"Feature","geometry":{"type":"Polygon","coordinates":[[[90.3868689,23.7615845],[90.3869661,23.761593],[90.386946,23.7617862],[90.3867382,23.761768],[90.3867465,23.7616882],[90.3868571,23.7616979],[90.3868689,23.7615845]]]},"properties":{"sources":[{"property":"","dataset":"OpenStreetMap","license":"ODbL-1.0","record_id":"w501974148@1","update_time":"2019-10-26T04:43:56.000Z","confidence":null,"between":null,"provider":"osm","resource":"planet","version":"2026-09-06T00:00:00.000Z"}],"is_underground":false,"has_parts":false,"version":1}},
{"id":"556f5408-3b5b-4ea3-a764-5ee95afcd312","type":"Feature","geometry":{"type":"Polygon","coordinates":[[[90.3869472,23.7619694],[90.3868412,23.7619449],[90.3868573,23.7618332],[90.3869673,23.7618589],[90.3869472,23.7619694]]]},"properties":{"sources":[{"property":"","dataset":"OpenStreetMap","license":"ODbL-1.0","record_id":"w757759148@1","update_time":"2019-12-22T05:50:22.000Z","confidence":null,"between":null,"provider":"osm","resource":"planet","version":"2026-09-06T00:00:00.000Z"}],"is_underground":false,"has_parts":false,"version":1}},
{"id":"55789633-2775-41f5-9dbe-52cce0fc58d4","type":"Feature","geometry":{"type":"Polygon","coordinates":[[[90.3868224,23.761951],[90.3867125,23.7619387],[90.3867393,23.7618135],[90.3868425,23.7618332],[90.3868224,23.761951]]]},"properties":{"sources":[{"property":"","dataset":"OpenStreetMap","license":"ODbL-1.0","record_id":"w757759149@1","update_time":"2019-12-22T05:50:22.000Z","confidence":null,"between":null,"provider":"osm","resource":"planet","version":"2026-09-06T00:00:00.000Z"}],"is_underground":false,"has_parts":false,"version":1}},
{"id":"ca79c439-b260-49ac-87e1-24f19e293219","type":"Feature","geometry":{"type":"Polygon","coordinates":[[[90.3868009,23.7620644],[90.3867065,23.7620418],[90.3867151,23.7619544],[90.3868202,23.7619711],[90.3868009,23.7620644]]]},"properties":{"sources":[{"property":"","dataset":"OpenStreetMap","license":"ODbL-1.0","record_id":"w1530743755@1","update_time":"2026-06-19T04:26:49.000Z","confidence":null,"between":null,"provider":"osm","resource":"planet","version":"2026-09-06T00:00:00.000Z"}],"is_underground":false,"subtype":"residential","class":"apartments","has_parts":false,"version":1}},
{"id":"96f81d8f-a1dc-4565-8a4f-ca9ab477050a","type":"Feature","geometry":{"type":"Polygon","coordinates":[[[90.3868915,23.7615226],[90.3867955,23.7615228],[90.3867951,23.7613882],[90.3868912,23.761388],[90.3868915,23.7615226]]]},"properties":{"sources":[{"property":"","dataset":"OpenStreetMap","license":"ODbL-1.0","record_id":"w501974137@1","update_time":"2019-10-24T07:30:20.000Z","confidence":null,"between":null,"provider":"osm","resource":"planet","version":"2026-09-06T00:00:00.000Z"}],"is_underground":false,"has_parts":false,"version":1}},
{"id":"facb63d1-9734-41f8-a9a4-67ed87fdf176","type":"Feature","geometry":{"type":"Polygon","coordinates":[[[90.3866592,23.7615574],[90.3866618,23.7614509],[90.3867882,23.761447],[90.3867879,23.7615356],[90.3867343,23.7616056],[90.3866592,23.7615574]]]},"properties":{"sources":[{"property":"","dataset":"OpenStreetMap","license":"ODbL-1.0","record_id":"w738136749@1","update_time":"2019-10-24T07:30:19.000Z","confidence":null,"between":null,"provider":"osm","resource":"planet","version":"2026-09-06T00:00:00.000Z"}],"is_underground":false,"has_parts":false,"version":1}},
{"id":"6a8ac298-b797-4e2c-be14-a7874bf7a808","type":"Feature","geometry":{"type":"Polygon","coordinates":[[[90.3867786,23.761426],[90.386664,23.7614307],[90.3866625,23.7614004],[90.3866768,23.7613998],[90.3866722,23.7613047],[90.3867788,23.7613004],[90.3867841,23.7614098],[90.3867778,23.76141],[90.3867786,23.761426]]]},"properties":{"sources":[{"property":"","dataset":"OpenStreetMap","license":"ODbL-1.0","record_id":"w501974146@2","update_time":"2019-10-24T07:30:21.000Z","confidence":null,"between":null,"provider":"osm","resource":"planet","version":"2026-09-06T00:00:00.000Z"}],"is_underground":false,"has_parts":false,"version":1}},
{"id":"2a41f288-aef0-4f22-9763-fb68d397dc45","type":"Feature","geometry":{"type":"Polygon","coordinates":[[[90.3866544,23.7614016],[90.3866269,23.7614025],[90.3866241,23.7613321],[90.3866516,23.7613312],[90.3866544,23.7614016]]]},"properties":{"sources":[{"property":"","dataset":"OpenStreetMap","license":"ODbL-1.0","record_id":"w1436231058@1","update_time":"2025-10-07T16:48:28.000Z","confidence":null,"between":null,"provider":"osm","resource":"planet","version":"2026-09-06T00:00:00.000Z"}],"is_underground":false,"has_parts":false,"version":1}},
{"id":"28e747d5-b628-4501-9a64-a2a3137f127a","type":"Feature","geometry":{"type":"Polygon","coordinates":[[[90.3870034,23.7615184],[90.3869046,23.7615219],[90.3868981,23.7613679],[90.3869968,23.7613644],[90.3870034,23.7615184]]]},"properties":{"sources":[{"property":"","dataset":"OpenStreetMap","license":"ODbL-1.0","record_id":"w501974144@1","update_time":"2019-10-24T07:30:20.000Z","confidence":null,"between":null,"provider":"osm","resource":"planet","version":"2026-09-06T00:00:00.000Z"}],"is_underground":false,"has_parts":false,"version":1}},
{"id":"ddb2f5cc-58fd-4bec-a05c-3126e8c17bb1","type":"Feature","geometry":{"type":"Polygon","coordinates":[[[90.3871046,23.7615289],[90.3870133,23.7615327],[90.3870047,23.7613627],[90.3870961,23.7613589],[90.3871046,23.7615289]]]},"properties":{"sources":[{"property":"","dataset":"OpenStreetMap","license":"ODbL-1.0","record_id":"w501974142@1","update_time":"2019-10-24T07:30:20.000Z","confidence":null,"between":null,"provider":"osm","resource":"planet","version":"2026-09-06T00:00:00.000Z"}],"is_underground":false,"has_parts":false,"version":1}},
{"id":"fce1d75a-6e97-4dde-b9ef-f72d32aafa75","type":"Feature","geometry":{"type":"Polygon","coordinates":[[[90.3873587,23.7615106],[90.3872872,23.7615122],[90.3872829,23.7613583],[90.3873544,23.7613567],[90.3873587,23.7615106]]]},"properties":{"sources":[{"property":"","dataset":"OpenStreetMap","license":"ODbL-1.0","record_id":"w501974139@1","update_time":"2019-10-24T07:30:20.000Z","confidence":null,"between":null,"provider":"osm","resource":"planet","version":"2026-09-06T00:00:00.000Z"}],"is_underground":false,"has_parts":false,"version":1}},
{"id":"e6b92610-8619-462f-9df6-d65fa13eca39","type":"Feature","geometry":{"type":"Polygon","coordinates":[[[90.3872542,23.7615443],[90.387208,23.761545],[90.3872048,23.7613859],[90.3872511,23.7613852],[90.3872743,23.7613849],[90.3872774,23.761544],[90.3872542,23.7615443]]]},"properties":{"sources":[{"property":"","dataset":"OpenStreetMap","license":"ODbL-1.0","record_id":"w501974141@2","update_time":"2019-10-24T07:30:21.000Z","confidence":null,"between":null,"provider":"osm","resource":"planet","version":"2026-09-06T00:00:00.000Z"}],"is_underground":false,"has_parts":false,"version":1}},
{"id":"2e11d98e-1dea-43ad-bb10-508628f0bc89","type":"Feature","geometry":{"type":"Polygon","coordinates":[[[90.3871955,23.7615457],[90.3871268,23.7615474],[90.3871236,23.7614408],[90.3871923,23.7614391],[90.3871955,23.7615457]]]},"properties":{"sources":[{"property":"","dataset":"OpenStreetMap","license":"ODbL-1.0","record_id":"w501974135@1","update_time":"2019-10-24T07:30:20.000Z","confidence":null,"between":null,"provider":"osm","resource":"planet","version":"2026-09-06T00:00:00.000Z"}],"is_underground":false,"has_parts":false,"version":1}},
{"id":"a1865299-3f09-4c53-b714-02f15ebdab96","type":"Feature","geometry":{"type":"Polygon","coordinates":[[[90.3872547,23.7616489],[90.3872562,23.7618078],[90.3871197,23.7618088],[90.3871183,23.7616499],[90.3872547,23.7616489]]]},"properties":{"sources":[{"property":"","dataset":"OpenStreetMap","license":"ODbL-1.0","record_id":"w380852329@1","update_time":"2019-10-26T04:43:56.000Z","confidence":null,"between":null,"provider":"osm","resource":"planet","version":"2026-09-06T00:00:00.000Z"}],"is_underground":false,"has_parts":false,"version":1}},
{"id":"13077ac2-ba73-4a70-ae1a-0566d4533954","type":"Feature","geometry":{"type":"Polygon","coordinates":[[[90.3872422,23.76207],[90.3871319,23.762069],[90.387143,23.7619245],[90.3872547,23.7619317],[90.3872422,23.76207]]]},"properties":{"sources":[{"property":"","dataset":"OpenStreetMap","license":"ODbL-1.0","record_id":"w501974096@1","update_time":"2019-12-22T05:50:22.000Z","confidence":null,"between":null,"provider":"osm","resource":"planet","version":"2026-09-06T00:00:00.000Z"}],"is_underground":false,"has_parts":false,"version":1}},
{"id":"23adeb1d-da9c-4d7c-8372-85eaf55426d7","type":"Feature","geometry":{"type":"Polygon","coordinates":[[[90.3871476,23.761853],[90.3872629,23.7618661],[90.3872557,23.7619206],[90.3871402,23.7619075],[90.3871476,23.761853]]]},"properties":{"sources":[{"property":"","dataset":"OpenStreetMap","license":"ODbL-1.0","record_id":"w1436233546@1","update_time":"2025-10-07T17:01:28.000Z","confidence":null,"between":null,"provider":"osm","resource":"planet","version":"2026-09-06T00:00:00.000Z"}],"is_underground":false,"has_parts":false,"version":1}},
{"id":"0022a5b2-cc66-4bd2-8bde-ba1755d52fec","type":"Feature","geometry":{"type":"Polygon","coordinates":[[[90.3874731,23.7618161],[90.3873185,23.7618228],[90.3873124,23.7617041],[90.3872994,23.7617047],[90.3872901,23.7615233],[90.3874782,23.7615152],[90.3874821,23.7615898],[90.3874615,23.7615907],[90.3874645,23.7616492],[90.3874768,23.7616487],[90.3874788,23.7616873],[90.3874665,23.7616879],[90.3874731,23.7618161]]]},"properties":{"sources":[{"property":"","dataset":"OpenStreetMap","license":"ODbL-1.0","record_id":"w380852013@3","update_time":"2019-10-24T07:30:21.000Z","confidence":null,"between":null,"provider":"osm","resource":"planet","version":"2026-09-06T00:00:00.000Z"}],"is_underground":false,"has_parts":false,"version":1}},
{"id":"174c41b4-b475-4132-9689-1f0ff136ca0d","type":"Feature","geometry":{"type":"Polygon","coordinates":[[[90.3876341,23.7619245],[90.3876247,23.7620669],[90.3875402,23.7620607],[90.3875402,23.7619147],[90.3876341,23.7619245]]]},"properties":{"sources":[{"property":"","dataset":"OpenStreetMap","license":"ODbL-1.0","record_id":"w757759154@1","update_time":"2022-08-24T09:19:07.000Z","confidence":null,"between":null,"provider":"osm","resource":"planet","version":"2026-09-06T00:00:00.000Z"}],"is_underground":false,"has_parts":false,"version":1}},
{"id":"554d2059-b5c5-4128-9739-0e414c577fa3","type":"Feature","geometry":{"type":"Polygon","coordinates":[[[90.387649,23.7618215],[90.3874981,23.7618171],[90.3875086,23.7615136],[90.3876596,23.761518],[90.387649,23.7618215]]]},"properties":{"sources":[{"property":"","dataset":"OpenStreetMap","license":"ODbL-1.0","record_id":"w501974127@1","update_time":"2019-10-24T07:30:20.000Z","confidence":null,"between":null,"provider":"osm","resource":"planet","version":"2026-09-06T00:00:00.000Z"}],"is_underground":false,"has_parts":false,"version":1}},
{"id":"90fd65af-6a9d-474a-b3f2-756f328a4474","type":"Feature","geometry":{"type":"Polygon","coordinates":[[[90.3878011,23.7610548],[90.3874725,23.7610426],[90.3874807,23.7608572],[90.3878093,23.7608694],[90.3878011,23.7610548]]]},"properties":{"names":{"primary":"Siza Court","common":null,"rules":null},"sources":[{"property":"","dataset":"OpenStreetMap","license":"ODbL-1.0","record_id":"w296512369@2","update_time":"2019-10-23T12:07:35.000Z","confidence":null,"between":null,"provider":"osm","resource":"planet","version":"2026-09-06T00:00:00.000Z"}],"is_underground":false,"has_parts":false,"version":1}},
{"id":"a38f8652-8cfd-4798-b9af-155767170b41","type":"Feature","geometry":{"type":"Polygon","coordinates":[[[90.387497,23.7594421],[90.3873032,23.7594362],[90.3873064,23.7593487],[90.3875002,23.7593546],[90.387497,23.7594421]]]},"properties":{"sources":[{"property":"","dataset":"OpenStreetMap","license":"ODbL-1.0","record_id":"w296517643@3","update_time":"2019-10-21T04:50:28.000Z","confidence":null,"between":null,"provider":"osm","resource":"planet","version":"2026-09-06T00:00:00.000Z"}],"is_underground":false,"has_parts":false,"version":1}},
{"id":"749fc0ed-5cc4-4c67-a6e8-de8f8361abe2","type":"Feature","geometry":{"type":"Polygon","coordinates":[[[90.3872472,23.7595922],[90.3871946,23.7595905],[90.3871967,23.7595369],[90.3872493,23.7595386],[90.3872472,23.7595922]]]},"properties":{"sources":[{"property":"","dataset":"OpenStreetMap","license":"ODbL-1.0","record_id":"w736737056@1","update_time":"2019-10-19T09:38:34.000Z","confidence":null,"between":null,"provider":"osm","resource":"planet","version":"2026-09-06T00:00:00.000Z"}],"is_underground":false,"has_parts":false,"version":1}},
{"id":"db27f255-d261-44b0-b83f-7127bbec0b72","type":"Feature","geometry":{"type":"Polygon","coordinates":[[[90.3874063,23.7587783],[90.3874399,23.7587796],[90.3874374,23.7588337],[90.3874038,23.7588323],[90.3874063,23.7587783]]]},"properties":{"sources":[{"property":"","dataset":"Google Open Buildings","license":null,"record_id":"7MMGQ95P+GXF7","update_time":"2023-05-01T00:00:00.000Z","confidence":0.7973,"between":null,"provider":"google","resource":"open_buildings","version":"2024-04-16"}],"is_underground":false,"has_parts":false,"version":1}},
{"id":"f0adf408-a704-49b5-9092-fff077b5564f","type":"Feature","geometry":{"type":"Polygon","coordinates":[[[90.3874406,23.7587644],[90.3874889,23.7587663],[90.3874921,23.7586976],[90.3876674,23.7587045],[90.3876642,23.7587732],[90.3876333,23.758772],[90.3876311,23.7588199],[90.3874384,23.7588123],[90.3874406,23.7587644]]]},"properties":{"sources":[{"property":"","dataset":"Google Open Buildings","license":null,"record_id":"7MMGQ95Q+G239","update_time":"2023-05-01T00:00:00.000Z","confidence":0.8141,"between":null,"provider":"google","resource":"open_buildings","version":"2024-04-16"}],"is_underground":false,"has_parts":false,"version":1}},
{"id":"8a18be96-9d75-4154-a0c0-e5cdcad7a531","type":"Feature","geometry":{"type":"Polygon","coordinates":[[[90.3875778,23.7585506],[90.3875717,23.7586002],[90.3875082,23.7585937],[90.3875142,23.7585442],[90.3875778,23.7585506]]]},"properties":{"sources":[{"property":"","dataset":"Microsoft ML Buildings","license":"ODbL-1.0","record_id":null,"update_time":null,"confidence":null,"between":null,"provider":"microsoft","resource":"ml_buildings","version":"2026-08-11"}],"is_underground":false,"has_parts":false,"version":4}},
{"id":"fe1b6970-35f8-45c9-b2df-a99bf6dd6d93","type":"Feature","geometry":{"type":"Polygon","coordinates":[[[90.3875867,23.7585258],[90.3876501,23.7585248],[90.3876509,23.7585693],[90.3875876,23.7585703],[90.3875867,23.7585258]]]},"properties":{"sources":[{"property":"","dataset":"Google Open Buildings","license":null,"record_id":"7MMGQ95Q+C29X","update_time":"2023-05-01T00:00:00.000Z","confidence":0.8356,"between":null,"provider":"google","resource":"open_buildings","version":"2024-04-16"}],"is_underground":false,"has_parts":false,"version":1}},
{"id":"be780fff-fc65-4cdf-8b9d-ffe5665e0347","type":"Feature","geometry":{"type":"Polygon","coordinates":[[[90.3873835,23.7585227],[90.3875028,23.7585275],[90.3874999,23.7585863],[90.3873806,23.7585815],[90.3873835,23.7585227]]]},"properties":{"sources":[{"property":"","dataset":"Microsoft ML Buildings","license":"ODbL-1.0","record_id":null,"update_time":null,"confidence":null,"between":null,"provider":"microsoft","resource":"ml_buildings","version":"2026-08-11"}],"is_underground":false,"has_parts":false,"version":4}},
{"id":"e9356a69-e55d-431a-9974-e099ac7ef6d3","type":"Feature","geometry":{"type":"Polygon","coordinates":[[[90.3873665,23.7586252],[90.3871092,23.7586267],[90.3871085,23.7585293],[90.3873658,23.7585277],[90.3873665,23.7586252]]]},"properties":{"sources":[{"property":"","dataset":"OpenStreetMap","license":"ODbL-1.0","record_id":"w1125773737@1","update_time":"2022-12-30T05:52:31.000Z","confidence":null,"between":null,"provider":"osm","resource":"planet","version":"2026-09-06T00:00:00.000Z"}],"is_underground":false,"has_parts":false,"version":1}},
{"id":"bd8d6c3b-e0a3-4c63-9553-d4a702a12bf6","type":"Feature","geometry":{"type":"Polygon","coordinates":[[[90.3871757,23.7584755],[90.3871805,23.7583959],[90.3874641,23.7584103],[90.3874593,23.75849],[90.3874791,23.758491],[90.387478,23.7585098],[90.3874284,23.7585073],[90.3874295,23.7584885],[90.3871757,23.7584755]]]},"properties":{"sources":[{"property":"","dataset":"Google Open Buildings","license":null,"record_id":"7MMGQ95P+9WGV","update_time":"2023-05-01T00:00:00.000Z","confidence":0.7046,"between":null,"provider":"google","resource":"open_buildings","version":"2024-04-16"}],"is_underground":false,"has_parts":false,"version":1}},
{"id":"e0b43e8d-9776-481d-9629-6245e3f4d9a6","type":"Feature","geometry":{"type":"Polygon","coordinates":[[[90.3870172,23.7585104],[90.3870386,23.7585099],[90.3870398,23.7585526],[90.3870184,23.7585531],[90.3870172,23.7585104]]]},"properties":{"sources":[{"property":"","dataset":"Microsoft ML Buildings","license":"ODbL-1.0","record_id":null,"update_time":null,"confidence":null,"between":null,"provider":"microsoft","resource":"ml_buildings","version":"2026-08-11"}],"is_underground":false,"has_parts":false,"version":4}},
{"id":"836add76-76ba-4bc3-b4a0-539a3981168e","type":"Feature","geometry":{"type":"Polygon","coordinates":[[[90.3868586,23.7585383],[90.3869407,23.7585421],[90.3869375,23.7585998],[90.3868554,23.7585959],[90.3868586,23.7585383]]]},"properties":{"sources":[{"property":"","dataset":"Google Open Buildings","license":null,"record_id":"7MMGQ95P+CQCP","update_time":"2023-05-01T00:00:00.000Z","confidence":0.8239,"between":null,"provider":"google","resource":"open_buildings","version":"2024-04-16"}],"is_underground":false,"has_parts":false,"version":3}},
{"id":"4023e5ce-83bb-4811-935b-d1180724d7ce","type":"Feature","geometry":{"type":"Polygon","coordinates":[[[90.3871349,23.7584369],[90.3865084,23.7584018],[90.3865128,23.7583361],[90.3871393,23.7583712],[90.3871349,23.7584369]]]},"properties":{"sources":[{"property":"","dataset":"OpenStreetMap","license":"ODbL-1.0","record_id":"w736715944@1","update_time":"2019-10-19T07:46:42.000Z","confidence":null,"between":null,"provider":"osm","resource":"planet","version":"2026-09-06T00:00:00.000Z"}],"is_underground":false,"has_parts":false,"version":1}},
{"id":"0bac0153-26e6-4749-9ef3-2c8291b31f78","type":"Feature","geometry":{"type":"Polygon","coordinates":[[[90.3866428,23.7584589],[90.3866759,23.7584611],[90.3866795,23.7584151],[90.3868502,23.7584263],[90.3868452,23.7584916],[90.3866413,23.7584782],[90.3866428,23.7584589]]]},"properties":{"sources":[{"property":"","dataset":"Google Open Buildings","license":null,"record_id":"7MMGQ95P+9PJ2","update_time":"2023-05-01T00:00:00.000Z","confidence":0.8617,"between":null,"provider":"google","resource":"open_buildings","version":"2024-04-16"}],"is_underground":false,"has_parts":false,"version":1}},
{"id":"5b150960-ecf0-4638-b77c-aa9309956fa8","type":"Feature","geometry":{"type":"Polygon","coordinates":[[[90.3868254,23.7586975],[90.3868842,23.7587033],[90.3868767,23.7587675],[90.3868179,23.7587617],[90.3868254,23.7586975]]]},"properties":{"sources":[{"property":"","dataset":"Google Open Buildings","license":null,"record_id":"7MMGQ95P+FPX6","update_time":"2023-05-01T00:00:00.000Z","confidence":0.7525,"between":null,"provider":"google","resource":"open_buildings","version":"2024-04-16"}],"is_underground":false,"has_parts":false,"version":1}},
{"id":"026e5fda-ba0b-4bdf-adea-2f642058457e","type":"Feature","geometry":{"type":"Polygon","coordinates":[[[90.3868148,23.7594272],[90.3864031,23.7594121],[90.3864076,23.7593089],[90.3868193,23.7593239],[90.3868148,23.7594272]]]},"properties":{"sources":[{"property":"","dataset":"OpenStreetMap","license":"ODbL-1.0","record_id":"w296515886@2","update_time":"2019-10-21T04:50:28.000Z","confidence":null,"between":null,"provider":"osm","resource":"planet","version":"2026-09-06T00:00:00.000Z"}],"is_underground":false,"has_parts":false,"version":1}},
{"id":"97dca0ad-74e7-4e31-874e-cfd762c4e8d8","type":"Feature","geometry":{"type":"Polygon","coordinates":[[[90.3879575,23.7592029],[90.3861931,23.7591112],[90.386215,23.7588848],[90.3879757,23.7589724],[90.3879575,23.7592029]]]},"properties":{"names":{"primary":"ফার্মগেট মেট্রো স্টেশন","common":[["en","Farmgate Metro Station"]],"rules":null},"sources":[{"property":"","dataset":"OpenStreetMap","license":"ODbL-1.0","record_id":"w1125768748@3","update_time":"2024-09-25T07:07:39.000Z","confidence":null,"between":null,"provider":"osm","resource":"planet","version":"2026-09-06T00:00:00.000Z"}],"level":3,"is_underground":false,"subtype":"transportation","class":"train_station","has_parts":false,"version":1}},
{"id":"c835ff07-4635-4458-a7e9-e5efd61c39e9","type":"Feature","geometry":{"type":"Polygon","coordinates":[[[90.3869992,23.7595327],[90.3869967,23.7596516],[90.3868673,23.7596493],[90.3868713,23.7594589],[90.3868382,23.7594583],[90.3868428,23.7592391],[90.3871077,23.7592438],[90.3871053,23.7593575],[90.3869629,23.759355],[90.3869591,23.7595319],[90.3869992,23.7595327]]]},"properties":{"names":{"primary":"Mrittika Bhaban","common":null,"rules":null},"sources":[{"property":"","dataset":"OpenStreetMap","license":"ODbL-1.0","record_id":"w296517387@5","update_time":"2019-10-21T04:50:28.000Z","confidence":null,"between":null,"provider":"osm","resource":"planet","version":"2026-09-06T00:00:00.000Z"}],"is_underground":false,"num_floors":3,"has_parts":false,"version":1}},
{"id":"cfc183db-e4bc-435b-ae28-251e5ab5c569","type":"Feature","geometry":{"type":"Polygon","coordinates":[[[90.3871225,23.7598874],[90.387044,23.7598859],[90.3870447,23.7598563],[90.3869853,23.7598551],[90.3869883,23.7597177],[90.3870477,23.7597188],[90.3870548,23.7593982],[90.3871333,23.7593997],[90.3871225,23.7598874]]]},"properties":{"sources":[{"property":"","dataset":"OpenStreetMap","license":"ODbL-1.0","record_id":"w296516400@6","update_time":"2019-10-21T04:50:28.000Z","confidence":null,"between":null,"provider":"osm","resource":"planet","version":"2026-09-06T00:00:00.000Z"}],"is_underground":false,"has_parts":false,"version":1}},
{"id":"1e5c30c4-1f00-492e-a544-1150e102f6c2","type":"Feature","geometry":{"type":"Polygon","coordinates":[[[90.3868906,23.7599451],[90.3867459,23.75994],[90.3867522,23.7597879],[90.3868969,23.759793],[90.3868906,23.7599451]]]},"properties":{"sources":[{"property":"","dataset":"OpenStreetMap","license":"ODbL-1.0","record_id":"w737778487@1","update_time":"2019-10-23T06:08:11.000Z","confidence":null,"between":null,"provider":"osm","resource":"planet","version":"2026-09-06T00:00:00.000Z"}],"is_underground":false,"has_parts":false,"version":1}},
{"id":"735aab6a-c557-4695-99dc-0b1f97f20c96","type":"Feature","geometry":{"type":"Polygon","coordinates":[[[90.386585,23.7600794],[90.3865344,23.7600774],[90.3865386,23.7599904],[90.3867191,23.7599976],[90.3867203,23.7599718],[90.3868319,23.7599763],[90.3868328,23.7599582],[90.3869058,23.7599611],[90.3868995,23.760092],[90.3868631,23.7600906],[90.3868638,23.760076],[90.3868354,23.7600748],[90.3868347,23.7600894],[90.38679,23.7600876],[90.3867907,23.7600732],[90.3867545,23.7600718],[90.3867538,23.7600862],[90.3866967,23.7600839],[90.3866979,23.760059],[90.3866693,23.7600579],[90.3866681,23.7600828],[90.3866266,23.7600811],[90.3866278,23.7600564],[90.3865862,23.7600547],[90.386585,23.7600794]]]},"properties":{"sources":[{"property":"","dataset":"OpenStreetMap","license":"ODbL-1.0","record_id":"w296515665@5","update_time":"2019-10-23T06:08:11.000Z","confidence":null,"between":null,"provider":"osm","resource":"planet","version":"2026-09-06T00:00:00.000Z"}],"is_underground":false,"has_parts":false,"version":1}},
{"id":"cb5edb9b-fe99-4c2d-8531-bb9523b423e9","type":"Feature","geometry":{"type":"Polygon","coordinates":[[[90.3866903,23.7603655],[90.386501,23.7603603],[90.3865083,23.76014],[90.3866976,23.7601453],[90.3866903,23.7603655]]]},"properties":{"sources":[{"property":"","dataset":"OpenStreetMap","license":"ODbL-1.0","record_id":"w381060034@3","update_time":"2019-10-23T12:07:35.000Z","confidence":null,"between":null,"provider":"osm","resource":"planet","version":"2026-09-06T00:00:00.000Z"}],"is_underground":false,"has_parts":false,"version":1}},
{"id":"705d4945-4117-4e3a-a1a7-51948c063d34","type":"Feature","geometry":{"type":"Polygon","coordinates":[[[90.3868497,23.7604448],[90.3866724,23.7604406],[90.3866743,23.7603726],[90.3867031,23.7603733],[90.3867093,23.7601524],[90.3868579,23.7601559],[90.3868497,23.7604448]]]},"properties":{"sources":[{"property":"","dataset":"OpenStreetMap","license":"ODbL-1.0","record_id":"w380920207@3","update_time":"2019-10-24T06:31:37.000Z","confidence":null,"between":null,"provider":"osm","resource":"planet","version":"2026-09-06T00:00:00.000Z"}],"is_underground":false,"has_parts":false,"version":1}},
{"id":"42cfc0e7-1879-431e-9d12-55d45beae27c","type":"Feature","geometry":{"type":"Polygon","coordinates":[[[90.3869887,23.7604508],[90.3868625,23.7604446],[90.386879,23.7601663],[90.3870051,23.7601726],[90.3869887,23.7604508]]]},"properties":{"sources":[{"property":"","dataset":"OpenStreetMap","license":"ODbL-1.0","record_id":"w380920085@3","update_time":"2019-10-23T12:07:35.000Z","confidence":null,"between":null,"provider":"osm","resource":"planet","version":"2026-09-06T00:00:00.000Z"}],"is_underground":false,"has_parts":false,"version":1}},
{"id":"e9469178-4f40-4928-9581-4dc14d12398a","type":"Feature","geometry":{"type":"Polygon","coordinates":[[[90.3871796,23.7605528],[90.3870167,23.7605494],[90.3870201,23.7604103],[90.3871831,23.7604137],[90.3871796,23.7605528]]]},"properties":{"sources":[{"property":"","dataset":"OpenStreetMap","license":"ODbL-1.0","record_id":"w296512088@1","update_time":"2019-10-23T12:07:35.000Z","confidence":null,"between":null,"provider":"osm","resource":"planet","version":"2026-09-06T00:00:00.000Z"}],"is_underground":false,"subtype":"residential","class":"apartments","has_parts":false,"version":1}},
{"id":"92ab72d2-b1e2-44d9-86c3-aa02ce275fe1","type":"Feature","geometry":{"type":"Polygon","coordinates":[[[90.3869208,23.7597894],[90.3869501,23.759791],[90.3869471,23.7598396],[90.3869177,23.759838],[90.3869208,23.7597894]]]},"properties":{"sources":[{"property":"","dataset":"Google Open Buildings","license":null,"record_id":"7MMGQ95P+WQFH","update_time":"2023-05-01T00:00:00.000Z","confidence":0.6695,"between":null,"provider":"google","resource":"open_buildings","version":"2024-04-16"}],"is_underground":false,"has_parts":false,"version":1}},
{"id":"656ebb53-2dd8-47a3-9f00-f1dda741032e","type":"Feature","geometry":{"type":"Polygon","coordinates":[[[90.3873223,23.7601452],[90.38726,23.7601431],[90.3872624,23.7600825],[90.3873246,23.7600845],[90.3873223,23.7601452]]]},"properties":{"sources":[{"property":"","dataset":"OpenStreetMap","license":"ODbL-1.0","record_id":"w736737057@2","update_time":"2019-10-23T06:04:06.000Z","confidence":null,"between":null,"provider":"osm","resource":"planet","version":"2026-09-06T00:00:00.000Z"}],"is_underground":false,"has_parts":false,"version":1}},
{"id":"4d1eb681-4884-408a-9d0e-f6165daf1726","type":"Feature","geometry":{"type":"Polygon","coordinates":[[[90.3873891,23.7601467],[90.3873282,23.7601447],[90.3873305,23.7600854],[90.3873914,23.7600873],[90.3873891,23.7601467]]]},"properties":{"sources":[{"property":"","dataset":"OpenStreetMap","license":"ODbL-1.0","record_id":"w737777987@1","update_time":"2019-10-23T06:04:06.000Z","confidence":null,"between":null,"provider":"osm","resource":"planet","version":"2026-09-06T00:00:00.000Z"}],"is_underground":false,"has_parts":false,"version":1}},
{"id":"bbc90da0-c3aa-435a-9744-7e5d22a52838","type":"Feature","geometry":{"type":"Polygon","coordinates":[[[90.3876032,23.760151],[90.3875414,23.7601489],[90.3875439,23.7600879],[90.3876057,23.76009],[90.3876032,23.760151]]]},"properties":{"sources":[{"property":"","dataset":"OpenStreetMap","license":"ODbL-1.0","record_id":"w737777990@1","update_time":"2019-10-23T06:04:06.000Z","confidence":null,"between":null,"provider":"osm","resource":"planet","version":"2026-09-06T00:00:00.000Z"}],"is_underground":false,"has_parts":false,"version":1}},
{"id":"c1eb045c-ce8c-4702-b1a2-924807958ab8","type":"Feature","geometry":{"type":"Polygon","coordinates":[[[90.3875394,23.7601503],[90.387479,23.7601482],[90.3874816,23.7600864],[90.387542,23.7600885],[90.3875394,23.7601503]]]},"properties":{"sources":[{"property":"","dataset":"OpenStreetMap","license":"ODbL-1.0","record_id":"w737777991@1","update_time":"2019-10-23T06:04:06.000Z","confidence":null,"between":null,"provider":"osm","resource":"planet","version":"2026-09-06T00:00:00.000Z"}],"is_underground":false,"has_parts":false,"version":1}},
{"id":"a4cb596e-4a35-42cd-a5d5-cd1abef3d710","type":"Feature","geometry":{"type":"Polygon","coordinates":[[[90.3874776,23.7601492],[90.3874141,23.760147],[90.3874167,23.7600844],[90.3874802,23.7600866],[90.3874776,23.7601492]]]},"properties":{"sources":[{"property":"","dataset":"OpenStreetMap","license":"ODbL-1.0","record_id":"w498230183@2","update_time":"2019-10-23T06:04:06.000Z","confidence":null,"between":null,"provider":"osm","resource":"planet","version":"2026-09-06T00:00:00.000Z"}],"is_underground":false,"has_parts":false,"version":1}},
{"id":"1638f848-22e4-4977-af46-267eccaceb89","type":"Feature","geometry":{"type":"Polygon","coordinates":[[[90.3873947,23.7605487],[90.3872393,23.7605455],[90.3872431,23.7603869],[90.3873985,23.7603902],[90.3873947,23.7605487]]]},"properties":{"sources":[{"property":"","dataset":"OpenStreetMap","license":"ODbL-1.0","record_id":"w296512032@2","update_time":"2019-10-23T12:07:35.000Z","confidence":null,"between":null,"provider":"osm","resource":"planet","version":"2026-09-06T00:00:00.000Z"}],"is_underground":false,"has_parts":false,"version":1}},
{"id":"820e73fe-8ef7-452c-a784-89b9f6805e18","type":"Feature","geometry":{"type":"Polygon","coordinates":[[[90.3874259,23.7603579],[90.3872704,23.7603546],[90.3872738,23.7602236],[90.3874292,23.7602268],[90.3874259,23.7603579]]]},"properties":{"sources":[{"property":"","dataset":"OpenStreetMap","license":"ODbL-1.0","record_id":"w296512089@1","update_time":"2019-10-23T12:07:35.000Z","confidence":null,"between":null,"provider":"osm","resource":"planet","version":"2026-09-06T00:00:00.000Z"}],"is_underground":false,"subtype":"residential","class":"apartments","has_parts":false,"version":1}},
{"id":"d1a12959-5127-4b19-b8a5-e7ca1bd7e595","type":"Feature","geometry":{"type":"Polygon","coordinates":[[[90.3872046,23.7603581],[90.3870416,23.7603547],[90.3870448,23.7602284],[90.3872077,23.7602318],[90.3872046,23.7603581]]]},"properties":{"sources":[{"property":"","dataset":"OpenStreetMap","license":"ODbL-1.0","record_id":"w296512129@1","update_time":"2019-10-23T12:07:35.000Z","confidence":null,"between":null,"provider":"osm","resource":"planet","version":"2026-09-06T00:00:00.000Z"}],"is_underground":false,"subtype":"residential","class":"apartments","has_parts":false,"version":1}},
{"id":"68ac9979-b2c5-4298-b3e3-2cc1866d1a0a","type":"Feature","geometry":{"type":"Polygon","coordinates":[[[90.387192,23.7607175],[90.3870291,23.7607141],[90.3870325,23.7605773],[90.3871954,23.7605807],[90.387192,23.7607175]]]},"properties":{"sources":[{"property":"","dataset":"OpenStreetMap","license":"ODbL-1.0","record_id":"w296511971@3","update_time":"2019-10-23T12:07:35.000Z","confidence":null,"between":null,"provider":"osm","resource":"planet","version":"2026-09-06T00:00:00.000Z"}],"is_underground":false,"subtype":"residential","class":"apartments","has_parts":false,"version":1}},
{"id":"a2088fda-a921-4fb2-99e7-59eadb1c0dcb","type":"Feature","geometry":{"type":"Polygon","coordinates":[[[90.3873907,23.7609014],[90.3872352,23.7608981],[90.3872388,23.7607532],[90.3873943,23.760756400000002],[90.3873907,23.7609014]]]},"properties":{"sources":[{"property":"","dataset":"OpenStreetMap","license":"ODbL-1.0","record_id":"w296512014@2","update_time":"2019-10-23T12:07:35.000Z","confidence":null,"between":null,"provider":"osm","resource":"planet","version":"2026-09-06T00:00:00.000Z"}],"is_underground":false,"subtype":"residential","class":"apartments","has_parts":false,"version":1}},
{"id":"20cb3f5f-48ff-4571-94cd-fef14b4fd987","type":"Feature","geometry":{"type":"Polygon","coordinates":[[[90.3874114,23.76072],[90.3872577,23.760716],[90.3872611,23.7605793],[90.3874148,23.7605833],[90.3874114,23.76072]]]},"properties":{"sources":[{"property":"","dataset":"OpenStreetMap","license":"ODbL-1.0","record_id":"w296512029@2","update_time":"2019-10-23T12:07:35.000Z","confidence":null,"between":null,"provider":"osm","resource":"planet","version":"2026-09-06T00:00:00.000Z"}],"is_underground":false,"has_parts":false,"version":1}},
{"id":"d18b94c1-d7ed-486f-9656-2152c327f5db","type":"Feature","geometry":{"type":"Polygon","coordinates":[[[90.3877479,23.760809],[90.3874441,23.7607971],[90.3874495,23.7606822],[90.3877533,23.7606941],[90.3877479,23.760809]]]},"properties":{"sources":[{"property":"","dataset":"OpenStreetMap","license":"ODbL-1.0","record_id":"w296512517@3","update_time":"2019-10-22T09:13:34.000Z","confidence":null,"between":null,"provider":"osm","resource":"planet","version":"2026-09-06T00:00:00.000Z"}],"is_underground":false,"has_parts":false,"version":1}},
{"id":"df3c7f92-1bdb-46f8-a346-9d74677f4120","type":"Feature","geometry":{"type":"Polygon","coordinates":[[[90.387428,23.7613025],[90.3873313,23.7613065],[90.3873238,23.7611491],[90.3874205,23.7611453],[90.387428,23.7613025]]]},"properties":{"sources":[{"property":"","dataset":"OpenStreetMap","license":"ODbL-1.0","record_id":"w1435527819@1","update_time":"2025-10-04T20:36:03.000Z","confidence":null,"between":null,"provider":"osm","resource":"planet","version":"2026-09-06T00:00:00.000Z"}],"is_underground":false,"has_parts":false,"version":1}},
{"id":"1bb5cec2-a8e4-4fcf-9ddb-ba8fcce89582","type":"Feature","geometry":{"type":"Polygon","coordinates":[[[90.3873158,23.7613054],[90.3872191,23.7613094],[90.3872116,23.761152],[90.3873083,23.7611482],[90.3873158,23.7613054]]]},"properties":{"sources":[{"property":"","dataset":"OpenStreetMap","license":"ODbL-1.0","record_id":"w501974133@1","update_time":"2019-10-24T07:30:20.000Z","confidence":null,"between":null,"provider":"osm","resource":"planet","version":"2026-09-06T00:00:00.000Z"}],"is_underground":false,"has_parts":false,"version":1}},
{"id":"c5c79e5c-1ca6-4053-a03f-cacdab0461d4","type":"Feature","geometry":{"type":"Polygon","coordinates":[[[90.3873937,23.7610769],[90.3872218,23.7610734],[90.387225,23.7609441],[90.3873969,23.7609476],[90.3873937,23.7610769]]]},"properties":{"sources":[{"property":"","dataset":"OpenStreetMap","license":"ODbL-1.0","record_id":"w296511872@2","update_time":"2019-10-23T12:07:35.000Z","confidence":null,"between":null,"provider":"osm","resource":"planet","version":"2026-09-06T00:00:00.000Z"}],"is_underground":false,"subtype":"residential","class":"apartments","has_parts":false,"version":1}},
{"id":"74da8929-027d-4502-96fe-017b703b7532","type":"Feature","geometry":{"type":"Polygon","coordinates":[[[90.3871985,23.7613099],[90.3869931,23.7613099],[90.3869931,23.7611267],[90.3871156,23.7611267],[90.3871156,23.7611748],[90.3871985,23.7611748],[90.3871985,23.7613099]]]},"properties":{"sources":[{"property":"","dataset":"OpenStreetMap","license":"ODbL-1.0","record_id":"w501974131@2","update_time":"2019-10-24T07:30:21.000Z","confidence":null,"between":null,"provider":"osm","resource":"planet","version":"2026-09-06T00:00:00.000Z"}],"is_underground":false,"has_parts":false,"version":1}},
{"id":"3eb432b9-934b-4069-a28a-2b3c5e2fa652","type":"Feature","geometry":{"type":"Polygon","coordinates":[[[90.3867833,23.7612395],[90.3867839,23.7611915],[90.3867848,23.7611113],[90.3869117,23.7611126],[90.3869115,23.7611276],[90.3869475,23.7611279],[90.3869462,23.7612412],[90.3867833,23.7612395]]]},"properties":{"sources":[{"property":"","dataset":"OpenStreetMap","license":"ODbL-1.0","record_id":"w501974129@2","update_time":"2019-10-24T07:30:21.000Z","confidence":null,"between":null,"provider":"osm","resource":"planet","version":"2026-09-06T00:00:00.000Z"}],"is_underground":false,"has_parts":false,"version":1}},
{"id":"4c0a689d-b3ad-426c-b589-1e5bbdcba6ff","type":"Feature","geometry":{"type":"Polygon","coordinates":[[[90.3871647,23.7610778],[90.3870018,23.7610744],[90.387005,23.7609452],[90.3871679,23.7609485],[90.3871647,23.7610778]]]},"properties":{"sources":[{"property":"","dataset":"OpenStreetMap","license":"ODbL-1.0","record_id":"w296511859@2","update_time":"2019-10-23T12:07:35.000Z","confidence":null,"between":null,"provider":"osm","resource":"planet","version":"2026-09-06T00:00:00.000Z"}],"is_underground":false,"subtype":"residential","class":"apartments","has_parts":false,"version":1}},
{"id":"50c123a7-f98a-47ba-891d-1b44e37f8ed2","type":"Feature","geometry":{"type":"Polygon","coordinates":[[[90.387184,23.7608978],[90.387021,23.7608944],[90.3870246,23.7607495],[90.3871876,23.7607529],[90.387184,23.7608978]]]},"properties":{"sources":[{"property":"","dataset":"OpenStreetMap","license":"ODbL-1.0","record_id":"w296511879@2","update_time":"2019-10-23T12:07:35.000Z","confidence":null,"between":null,"provider":"osm","resource":"planet","version":"2026-09-06T00:00:00.000Z"}],"is_underground":false,"subtype":"residential","class":"apartments","has_parts":false,"version":1}},
{"id":"2cb8a8f0-5588-4779-b288-ab921ca7d13f","type":"Feature","geometry":{"type":"Polygon","coordinates":[[[90.3869904,23.760739],[90.3868653,23.760737],[90.3868671,23.7606465],[90.3869921,23.7606485],[90.3869904,23.760739]]]},"properties":{"sources":[{"property":"","dataset":"OpenStreetMap","license":"ODbL-1.0","record_id":"w498209817@1","update_time":"2022-08-30T16:08:02.000Z","confidence":null,"between":null,"provider":"osm","resource":"planet","version":"2026-09-06T00:00:00.000Z"}],"is_underground":false,"has_parts":false,"version":1}},
{"id":"a4717396-831e-425d-a325-db0a6f7530e5","type":"Feature","geometry":{"type":"Polygon","coordinates":[[[90.3867521,23.7605911],[90.3867359,23.7605913],[90.3867353,23.7605372],[90.3867584,23.760537],[90.3867579,23.7604988],[90.3868908,23.7604975],[90.3868914,23.7605552],[90.3869779,23.7605544],[90.3869781,23.7605741],[90.3869857,23.7605735],[90.3869852,23.7606403],[90.3868993,23.7606409],[90.3868992,23.7606252],[90.38685889999999,23.7606256],[90.3867525,23.7606266],[90.3867521,23.7605911]]]},"properties":{"sources":[{"property":"","dataset":"OpenStreetMap","license":"ODbL-1.0","record_id":"w380920621@5","update_time":"2022-08-30T16:08:02.000Z","confidence":null,"between":null,"provider":"osm","resource":"planet","version":"2026-09-06T00:00:00.000Z"}],"is_underground":false,"has_parts":false,"version":1}},
{"id":"0b9a70ae-eb3d-4d32-9fa6-f5043a0fdefc","type":"Feature","geometry":{"type":"Polygon","coordinates":[[[90.3868945,23.7609091],[90.3866733,23.7609082],[90.3866738,23.7607984],[90.38687,23.7607992],[90.3868702,23.7607617],[90.3869759,23.7607621],[90.3869753,23.7608895],[90.3868946,23.7608891],[90.3868945,23.7609091]]]},"properties":{"sources":[{"property":"","dataset":"OpenStreetMap","license":"ODbL-1.0","record_id":"w380920228@2","update_time":"2019-10-24T06:31:37.000Z","confidence":null,"between":null,"provider":"osm","resource":"planet","version":"2026-09-06T00:00:00.000Z"}],"is_underground":false,"has_parts":false,"version":1}},
{"id":"bf608356-1c80-4f70-98e1-456efc306b73","type":"Feature","geometry":{"type":"Polygon","coordinates":[[[90.386864,23.7607391],[90.3867215,23.7607386],[90.3867219,23.7606538],[90.3868644,23.7606544],[90.386864,23.7607391]]]},"properties":{"sources":[{"property":"","dataset":"OpenStreetMap","license":"ODbL-1.0","record_id":"w498209783@3","update_time":"2022-08-30T16:08:02.000Z","confidence":null,"between":null,"provider":"osm","resource":"planet","version":"2026-09-06T00:00:00.000Z"}],"is_underground":false,"has_parts":false,"version":1}},
{"id":"62e4c123-cf00-4e4f-9c1f-e9da44bfcbfe","type":"Feature","geometry":{"type":"Polygon","coordinates":[[[90.3866372,23.7613141],[90.3865677,23.7613112],[90.3865728,23.7612109],[90.3866422,23.7612138],[90.3866372,23.7613141]]]},"properties":{"sources":[{"property":"","dataset":"OpenStreetMap","license":"ODbL-1.0","record_id":"w738136750@1","update_time":"2019-10-26T04:39:55.000Z","confidence":null,"between":null,"provider":"osm","resource":"planet","version":"2026-09-06T00:00:00.000Z"}],"is_underground":false,"has_parts":false,"version":1}},
{"id":"9b31c814-d8c9-4eb0-b936-f43fb57e5210","type":"Feature","geometry":{"type":"Polygon","coordinates":[[[90.3865646,23.761301],[90.3864844,23.761297],[90.3864932,23.7611507],[90.3865735,23.7611547],[90.3865646,23.761301]]]},"properties":{"sources":[{"property":"","dataset":"OpenStreetMap","license":"ODbL-1.0","record_id":"w498209785@3","update_time":"2019-10-26T04:39:55.000Z","confidence":null,"between":null,"provider":"osm","resource":"planet","version":"2026-09-06T00:00:00.000Z"}],"is_underground":false,"has_parts":false,"version":1}},
{"id":"bdadfb0c-e55c-4d04-97f2-c63212ce3c31","type":"Feature","geometry":{"type":"Polygon","coordinates":[[[90.3865509,23.7610936],[90.3865462,23.7611371],[90.3864205,23.7611257],[90.3864211,23.7611205],[90.3863511,23.7611141],[90.3863507,23.7611172],[90.3863111,23.7611136],[90.3863119,23.7611062],[90.3862803,23.7611034],[90.3862827,23.7610809],[90.3862706,23.7610798],[90.3862845,23.7609505],[90.3862974,23.7609517],[90.3863013,23.7609155],[90.3863924,23.7609237],[90.386393,23.7609187],[90.386568,23.7609345],[90.3865627,23.7609839],[90.3865757,23.7609851],[90.3865712,23.7610267],[90.3865582,23.7610255],[90.3865537,23.7610674],[90.3865682,23.7610687],[90.3865654,23.7610949],[90.3865509,23.7610936]]]},"properties":{"sources":[{"property":"","dataset":"OpenStreetMap","license":"ODbL-1.0","record_id":"w380854800@2","update_time":"2019-10-24T07:15:21.000Z","confidence":null,"between":null,"provider":"osm","resource":"planet","version":"2026-09-06T00:00:00.000Z"}],"is_underground":false,"has_parts":false,"version":1}},
{"id":"abffde7c-e8e9-4994-a786-8d56c60e1bda","type":"Feature","geometry":{"type":"Polygon","coordinates":[[[90.3864771,23.7612857],[90.3862664,23.7612716],[90.3862762,23.7611491],[90.3864867,23.7611632],[90.3864771,23.7612857]]]},"properties":{"sources":[{"property":"","dataset":"OpenStreetMap","license":"ODbL-1.0","record_id":"w380856087@1","update_time":"2019-10-26T04:39:55.000Z","confidence":null,"between":null,"provider":"osm","resource":"planet","version":"2026-09-06T00:00:00.000Z"}],"is_underground":false,"has_parts":false,"version":1}},
{"id":"77357ff9-6ef2-4928-9a0d-db405b501005","type":"Feature","geometry":{"type":"Polygon","coordinates":[[[90.3862028,23.7612387],[90.3860677,23.7612238],[90.3860888,23.7610636],[90.3862239,23.7610785],[90.3862028,23.7612387]]]},"properties":{"sources":[{"property":"","dataset":"OpenStreetMap","license":"ODbL-1.0","record_id":"w380855295@1","update_time":"2019-10-26T07:58:19.000Z","confidence":null,"between":null,"provider":"osm","resource":"planet","version":"2026-09-06T00:00:00.000Z"}],"is_underground":false,"has_parts":false,"version":1}},
{"id":"21811338-d7c6-40c2-8520-87b93de6154f","type":"Feature","geometry":{"type":"Polygon","coordinates":[[[90.3859993,23.7609882],[90.3860171,23.7607853],[90.3862489,23.7608024],[90.3862311,23.7610052],[90.3859993,23.7609882]]]},"properties":{"sources":[{"property":"","dataset":"OpenStreetMap","license":"ODbL-1.0","record_id":"w448351986@1","update_time":"2019-10-26T07:41:18.000Z","confidence":null,"between":null,"provider":"osm","resource":"planet","version":"2026-09-06T00:00:00.000Z"}],"is_underground":false,"has_parts":false,"version":1}},
{"id":"ddb2395f-28da-43b3-9266-690a8e6af487","type":"Feature","geometry":{"type":"Polygon","coordinates":[[[90.3862528,23.7606735],[90.3860558,23.7606606],[90.3860616,23.7605866],[90.3862586,23.7605994],[90.3862528,23.7606735]]]},"properties":{"sources":[{"property":"","dataset":"OpenStreetMap","license":"ODbL-1.0","record_id":"w1429988569@1","update_time":"2026-06-19T09:56:48.000Z","confidence":null,"between":null,"provider":"osm","resource":"planet","version":"2026-09-06T00:00:00.000Z"}],"is_underground":false,"has_parts":false,"version":1}},
{"id":"858d52cd-6f67-4455-9400-25c08d275500","type":"Feature","geometry":{"type":"Polygon","coordinates":[[[90.386327,23.7607748],[90.386484,23.7607777],[90.386481,23.7609089],[90.3863241,23.7609059],[90.386327,23.7607748]]]},"properties":{"sources":[{"property":"","dataset":"OpenStreetMap","license":"ODbL-1.0","record_id":"w381057826@2","update_time":"2019-10-24T07:15:21.000Z","confidence":null,"between":null,"provider":"osm","resource":"planet","version":"2026-09-06T00:00:00.000Z"}],"is_underground":false,"has_parts":false,"version":1}},
{"id":"2f5da21b-bb0d-4f83-a346-26cd1576de5b","type":"Feature","geometry":{"type":"Polygon","coordinates":[[[90.386662,23.7607814],[90.3866626,23.760908],[90.3864943,23.7609086],[90.3864937,23.760782],[90.386662,23.7607814]]]},"properties":{"sources":[{"property":"","dataset":"OpenStreetMap","license":"ODbL-1.0","record_id":"w381057141@1","update_time":"2019-10-24T07:15:21.000Z","confidence":null,"between":null,"provider":"osm","resource":"planet","version":"2026-09-06T00:00:00.000Z"}],"is_underground":false,"has_parts":false,"version":1}},
{"id":"2ed0eba8-ad2b-42ef-9a1e-b4aa1713f6f3","type":"Feature","geometry":{"type":"Polygon","coordinates":[[[90.3864372,23.7607499],[90.3863357,23.7607496],[90.3863363,23.7605964],[90.3863597,23.7605965],[90.3863603,23.760412],[90.3866628,23.7604128],[90.3866617,23.7607428],[90.3866471,23.7607428],[90.3866471,23.7607505],[90.3865365,23.7607502],[90.3865366,23.7607379],[90.3865096,23.7607378],[90.3865096,23.7607501],[90.3864603,23.76075],[90.3864603,23.7607368],[90.3864372,23.7607368],[90.3864372,23.7607499]]]},"properties":{"sources":[{"property":"","dataset":"OpenStreetMap","license":"ODbL-1.0","record_id":"w380920565@3","update_time":"2022-08-30T16:08:02.000Z","confidence":null,"between":null,"provider":"osm","resource":"planet","version":"2026-09-06T00:00:00.000Z"}],"level":1,"is_underground":false,"has_parts":false,"version":1}},
{"id":"784103e7-830f-4662-944e-a116277e9d0b","type":"Feature","geometry":{"type":"Polygon","coordinates":[[[90.3865171,23.7604084],[90.3864489,23.7604067],[90.3864502,23.7603656],[90.3865184,23.7603673],[90.3865171,23.7604084]]]},"properties":{"sources":[{"property":"","dataset":"OpenStreetMap","license":"ODbL-1.0","record_id":"w1436233541@1","update_time":"2025-10-07T17:01:28.000Z","confidence":null,"between":null,"provider":"osm","resource":"planet","version":"2026-09-06T00:00:00.000Z"}],"is_underground":false,"has_parts":false,"version":1}},
{"id":"76221b33-f70a-4958-a843-cc68b0832f1c","type":"Feature","geometry":{"type":"Polygon","coordinates":[[[90.3864334,23.7604061],[90.3863652,23.7604044],[90.3863665,23.7603633],[90.3864347,23.760365],[90.3864334,23.7604061]]]},"properties":{"sources":[{"property":"","dataset":"OpenStreetMap","license":"ODbL-1.0","record_id":"w1450072735@1","update_time":"2025-11-12T16:45:48.000Z","confidence":null,"between":null,"provider":"osm","resource":"planet","version":"2026-09-06T00:00:00.000Z"}],"is_underground":false,"has_parts":false,"version":2}},
{"id":"8c833466-72e4-4f74-a3d7-c9a138150f28","type":"Feature","geometry":{"type":"Polygon","coordinates":[[[90.3864765,23.7603534],[90.3863598,23.7603497],[90.3863674,23.7601489],[90.3864841,23.7601526],[90.3864765,23.7603534]]]},"properties":{"sources":[{"property":"","dataset":"OpenStreetMap","license":"ODbL-1.0","record_id":"w498230185@1","update_time":"2019-10-23T12:07:35.000Z","confidence":null,"between":null,"provider":"osm","resource":"planet","version":"2026-09-06T00:00:00.000Z"}],"is_underground":false,"has_parts":false,"version":1}},
{"id":"206eed1f-2c21-439c-bc0d-c14f98af7811","type":"Feature","geometry":{"type":"Polygon","coordinates":[[[90.3864938,23.76004],[90.3864408,23.760039],[90.386442,23.7599891],[90.386495,23.7599902],[90.3864938,23.76004]]]},"properties":{"sources":[{"property":"","dataset":"OpenStreetMap","license":"ODbL-1.0","record_id":"w501942046@1","update_time":"2019-10-19T06:36:44.000Z","confidence":null,"between":null,"provider":"osm","resource":"planet","version":"2026-09-06T00:00:00.000Z"}],"is_underground":false,"has_parts":false,"version":1}},
{"id":"910e53dc-369e-445a-bfef-270138e24004","type":"Feature","geometry":{"type":"Polygon","coordinates":[[[90.3864554,23.7599294],[90.3864192,23.759928],[90.3864224,23.759861],[90.3864585,23.7598625],[90.3864554,23.7599294]]]},"properties":{"sources":[{"property":"","dataset":"OpenStreetMap","license":"ODbL-1.0","record_id":"w737778486@1","update_time":"2019-10-23T06:08:11.000Z","confidence":null,"between":null,"provider":"osm","resource":"planet","version":"2026-09-06T00:00:00.000Z"}],"is_underground":false,"has_parts":false,"version":1}},
{"id":"dd868437-57bc-4db4-8673-9cc48482ee34","type":"Feature","geometry":{"type":"Polygon","coordinates":[[[90.3862683,23.7598282],[90.3863693,23.7598313],[90.3863619,23.7600397],[90.3862608,23.7600366],[90.3862683,23.7598282]]]},"properties":{"sources":[{"property":"","dataset":"Google Open Buildings","license":null,"record_id":"7MMGQ95P+XGG6","update_time":"2023-05-01T00:00:00.000Z","confidence":0.8143,"between":null,"provider":"google","resource":"open_buildings","version":"2024-04-16"}],"is_underground":false,"has_parts":false,"version":1}},
{"id":"ae9e335b-92fc-4263-b4fc-afe9deae0444","type":"Feature","geometry":{"type":"Polygon","coordinates":[[[90.3862212,23.7597831],[90.3862113,23.7600504],[90.3860912,23.7600466],[90.3861011,23.7597794],[90.3862212,23.7597831]]]},"properties":{"names":{"primary":"Krishi Labratory Jame Masjid","common":null,"rules":null},"sources":[{"property":"","dataset":"OpenStreetMap","license":"ODbL-1.0","record_id":"w296514753@5","update_time":"2019-10-23T06:08:11.000Z","confidence":null,"between":null,"provider":"osm","resource":"planet","version":"2026-09-06T00:00:00.000Z"}],"is_underground":false,"num_floors":6,"subtype":"religious","class":"mosque","has_parts":false,"version":1}},
{"id":"3cefb7f0-c682-47aa-8f2d-52916d6bb6f9","type":"Feature","geometry":{"type":"Polygon","coordinates":[[[90.3861746,23.760225],[90.3860561,23.760223],[90.3860573,23.7601629],[90.3861318,23.7601641],[90.3861322,23.7601472],[90.3861762,23.7601479],[90.3861746,23.760225]]]},"properties":{"sources":[{"property":"","dataset":"OpenStreetMap","license":"ODbL-1.0","record_id":"w498209810@2","update_time":"2019-10-24T06:31:37.000Z","confidence":null,"between":null,"provider":"osm","resource":"planet","version":"2026-09-06T00:00:00.000Z"}],"is_underground":false,"has_parts":false,"version":1}},
{"id":"41cc9178-4e5b-47d9-8ce5-8f097c96442c","type":"Feature","geometry":{"type":"Polygon","coordinates":[[[90.3861745,23.7602842],[90.3861305,23.7602828],[90.3861322,23.7602342],[90.3861762,23.7602355],[90.3861745,23.7602842]]]},"properties":{"sources":[{"property":"","dataset":"OpenStreetMap","license":"ODbL-1.0","record_id":"w498209826@1","update_time":"2019-10-24T06:31:37.000Z","confidence":null,"between":null,"provider":"osm","resource":"planet","version":"2026-09-06T00:00:00.000Z"}],"is_underground":false,"has_parts":false,"version":1}},
{"id":"2d71c027-9cd0-424c-bbcf-daece7629293","type":"Feature","geometry":{"type":"Polygon","coordinates":[[[90.3862895,23.7602296],[90.3861801,23.7602274],[90.3861823,23.7601351],[90.386211,23.7601357],[90.3862107,23.7601491],[90.3863183,23.7601513],[90.3863169,23.7602086],[90.38629,23.760208],[90.3862895,23.7602296]]]},"properties":{"names":{"primary":"Khejur Bagan Jame Mosque","common":null,"rules":null},"sources":[{"property":"","dataset":"OpenStreetMap","license":"ODbL-1.0","record_id":"w498209781@3","update_time":"2019-10-24T06:31:37.000Z","confidence":null,"between":null,"provider":"osm","resource":"planet","version":"2026-09-06T00:00:00.000Z"}],"is_underground":false,"subtype":"religious","has_parts":false,"version":1}},
{"id":"ee53a8e4-507d-4f7f-9c59-d0c3ded67afd","type":"Feature","geometry":{"type":"Polygon","coordinates":[[[90.3862697,23.7605601],[90.3860627,23.7605533],[90.3860666,23.7604529],[90.3862736,23.7604597],[90.3862697,23.7605601]]]},"properties":{"sources":[{"property":"","dataset":"OpenStreetMap","license":"ODbL-1.0","record_id":"w380920227@3","update_time":"2019-10-24T06:31:37.000Z","confidence":null,"between":null,"provider":"osm","resource":"planet","version":"2026-09-06T00:00:00.000Z"}],"is_underground":false,"has_parts":false,"version":1}},
{"id":"7cad5bab-e832-4dad-a4cb-57039f99b53e","type":"Feature","geometry":{"type":"Polygon","coordinates":[[[90.3862833,23.7604406],[90.3860816,23.7604376],[90.3860833,23.7603529],[90.3862849,23.7603558],[90.3862833,23.7604406]]]},"properties":{"sources":[{"property":"","dataset":"OpenStreetMap","license":"ODbL-1.0","record_id":"w501942049@1","update_time":"2019-10-24T06:31:37.000Z","confidence":null,"between":null,"provider":"osm","resource":"planet","version":"2026-09-06T00:00:00.000Z"}],"is_underground":false,"has_parts":false,"version":1}},
{"id":"22b8b7c5-6d10-4f0d-b7d5-b7d19131357f","type":"Feature","geometry":{"type":"Polygon","coordinates":[[[90.3859954,23.7604632],[90.3859992,23.7605145],[90.3859609,23.760517],[90.3859571,23.7604657],[90.3859954,23.7604632]]]},"properties":{"sources":[{"property":"","dataset":"Google Open Buildings","license":null,"record_id":"7MMGQ96P+59XM","update_time":"2023-05-01T00:00:00.000Z","confidence":0.6735,"between":null,"provider":"google","resource":"open_buildings","version":"2024-04-16"}],"is_underground":false,"has_parts":false,"version":1}},
{"id":"e2dac8e0-ad5a-4db9-999f-7bd756b7a145","type":"Feature","geometry":{"type":"Polygon","coordinates":[[[90.385836,23.7605474],[90.3856876,23.7605437],[90.3856913,23.7604226],[90.3859269,23.7604284],[90.3859259,23.7604639],[90.3859504,23.7604646],[90.3859486,23.7605267],[90.385924,23.7605261],[90.3859233,23.7605496],[90.3858698,23.7605482],[90.3858696,23.7605575],[90.3858357,23.7605566],[90.385836,23.7605474]]]},"properties":{"sources":[{"property":"","dataset":"OpenStreetMap","license":"ODbL-1.0","record_id":"w344941993@2","update_time":"2019-10-26T04:59:13.000Z","confidence":null,"between":null,"provider":"osm","resource":"planet","version":"2026-09-06T00:00:00.000Z"}],"is_underground":false,"subtype":"residential","class":"residential","has_parts":false,"version":1}},
{"id":"e96fc90b-d6a4-43ed-b40c-25720b2fcda9","type":"Feature","geometry":{"type":"Polygon","coordinates":[[[90.3857487,23.7603715],[90.385757,23.7601065],[90.3859781,23.7601122],[90.3859719,23.7603109],[90.3858242,23.7603071],[90.3858222,23.7603734],[90.3857487,23.7603715]]]},"properties":{"sources":[{"property":"","dataset":"OpenStreetMap","license":"ODbL-1.0","record_id":"w344955193@4","update_time":"2019-10-26T04:59:13.000Z","confidence":null,"between":null,"provider":"osm","resource":"planet","version":"2026-09-06T00:00:00.000Z"}],"is_underground":false,"subtype":"commercial","class":"commercial","has_parts":false,"version":1}},
{"id":"7a24f441-e872-42b0-b6a2-df90104e5784","type":"Feature","geometry":{"type":"Polygon","coordinates":[[[90.3857901,23.7597893],[90.3857852,23.7598547],[90.3859665,23.7598662],[90.3859563,23.7600003],[90.3854839,23.7599703],[90.3854941,23.7598363],[90.3856788,23.759848],[90.3856837,23.7597826],[90.3857901,23.7597893]]]},"properties":{"sources":[{"property":"","dataset":"OpenStreetMap","license":"ODbL-1.0","record_id":"w501378096@1","update_time":"2019-10-19T06:36:44.000Z","confidence":null,"between":null,"provider":"osm","resource":"planet","version":"2026-09-06T00:00:00.000Z"}],"is_underground":false,"has_parts":false,"version":1}},
{"id":"986ff980-aa2e-492b-8df5-61709fa8e04f","type":"Feature","geometry":{"type":"Polygon","coordinates":[[[90.385551,23.7603149],[90.3853997,23.7603093],[90.3854094,23.7600877],[90.3855607,23.7600933],[90.3855601,23.7601076],[90.3856681,23.7601116],[90.3856688,23.760096],[90.385753,23.7600991],[90.3857484,23.7602033],[90.3857294,23.7602026],[90.3857275,23.7602465],[90.3857064,23.7602457],[90.3857043,23.760295],[90.3855521,23.7602894],[90.385551,23.7603149]]]},"properties":{"sources":[{"property":"","dataset":"OpenStreetMap","license":"ODbL-1.0","record_id":"w501942054@2","update_time":"2019-10-26T04:59:13.000Z","confidence":null,"between":null,"provider":"osm","resource":"planet","version":"2026-09-06T00:00:00.000Z"}],"is_underground":false,"has_parts":false,"version":1}},
{"id":"b4e197eb-f55f-40d8-b72c-8b0dcbced7f5","type":"Feature","geometry":{"type":"Polygon","coordinates":[[[90.3856683,23.7606492],[90.3855586,23.7606445],[90.3855678,23.760463],[90.3856775,23.7604677],[90.3856683,23.7606492]]]},"properties":{"sources":[{"property":"","dataset":"OpenStreetMap","license":"ODbL-1.0","record_id":"w498209794@1","update_time":"2019-10-26T04:59:12.000Z","confidence":null,"between":null,"provider":"osm","resource":"planet","version":"2026-09-06T00:00:00.000Z"}],"is_underground":false,"has_parts":false,"version":1}},
{"id":"dc9a533a-28ab-47df-ac88-2ca9b92b66a5","type":"Feature","geometry":{"type":"Polygon","coordinates":[[[90.3856738,23.7608777],[90.3855846,23.7608756],[90.385588,23.7607451],[90.3856774,23.7607472],[90.3856738,23.7608777]]]},"properties":{"sources":[{"property":"","dataset":"OpenStreetMap","license":"ODbL-1.0","record_id":"w1436233558@1","update_time":"2025-10-07T17:01:28.000Z","confidence":null,"between":null,"provider":"osm","resource":"planet","version":"2026-09-06T00:00:00.000Z"}],"is_underground":false,"subtype":"residential","class":"apartments","has_parts":false,"version":1}},
{"id":"581c6b3e-d266-4057-93bd-fad7dfde9f4f","type":"Feature","geometry":{"type":"Polygon","coordinates":[[[90.3858813,23.760662],[90.3856782,23.7606565],[90.3856814,23.7605573],[90.3859604,23.7605648],[90.3859579,23.7606438],[90.3859814,23.7606444],[90.3859805,23.760675],[90.3858809,23.7606723],[90.3858813,23.760662]]]},"properties":{"sources":[{"property":"","dataset":"OpenStreetMap","license":"ODbL-1.0","record_id":"w344942294@2","update_time":"2019-10-26T04:59:13.000Z","confidence":null,"between":null,"provider":"osm","resource":"planet","version":"2026-09-06T00:00:00.000Z"}],"is_underground":false,"subtype":"residential","class":"residential","has_parts":false,"version":1}},
{"id":"f413b64a-cd1c-41f8-ae5f-f4d9ce3018d7","type":"Feature","geometry":{"type":"Polygon","coordinates":[[[90.3857074,23.7607418],[90.3857117,23.7606707],[90.3859485,23.7606827],[90.3859461,23.7607224],[90.3859269,23.7607214],[90.3859253,23.760748],[90.3859075,23.7607471],[90.3859065,23.7607637],[90.385893,23.7607631],[90.3858916,23.7607863],[90.3859051,23.7607869],[90.3859039,23.7608082],[90.3859408,23.76081],[90.3859372,23.76087],[90.3857004,23.7608578],[90.3857051,23.7607805],[90.3857425,23.7607824],[90.3857448,23.7607437],[90.3857074,23.7607418]]]},"properties":{"sources":[{"property":"","dataset":"OpenStreetMap","license":"ODbL-1.0","record_id":"w498209804@2","update_time":"2019-10-26T04:59:13.000Z","confidence":null,"between":null,"provider":"osm","resource":"planet","version":"2026-09-06T00:00:00.000Z"}],"is_underground":false,"has_parts":false,"version":1}},
{"id":"67bf9282-615f-4d07-b6a3-961b678af1c8","type":"Feature","geometry":{"type":"Polygon","coordinates":[[[90.3859323,23.7609679],[90.3857085,23.7609554],[90.3857145,23.760866],[90.3859383,23.7608785],[90.3859323,23.7609679]]]},"properties":{"sources":[{"property":"","dataset":"OpenStreetMap","license":"ODbL-1.0","record_id":"w501942047@2","update_time":"2019-10-26T04:59:13.000Z","confidence":null,"between":null,"provider":"osm","resource":"planet","version":"2026-09-06T00:00:00.000Z"}],"is_underground":false,"has_parts":false,"version":1}},
{"id":"533ceaa6-7d78-43d4-95af-19479c109e66","type":"Feature","geometry":{"type":"Polygon","coordinates":[[[90.3860711,23.7610584],[90.386048,23.7612189],[90.3859228,23.7612038],[90.3859459,23.7610433],[90.3860711,23.7610584]]]},"properties":{"sources":[{"property":"","dataset":"OpenStreetMap","license":"ODbL-1.0","record_id":"w380855793@1","update_time":"2019-10-26T07:58:19.000Z","confidence":null,"between":null,"provider":"osm","resource":"planet","version":"2026-09-06T00:00:00.000Z"}],"is_underground":false,"has_parts":false,"version":1}},
{"id":"7952a3be-ca22-4a2a-a545-bc5d8b499023","type":"Feature","geometry":{"type":"Polygon","coordinates":[[[90.3859009,23.7611898],[90.3857804,23.7611769],[90.3858008,23.7610169],[90.3859213,23.7610298],[90.3859009,23.7611898]]]},"properties":{"sources":[{"property":"","dataset":"OpenStreetMap","license":"ODbL-1.0","record_id":"w498209847@3","update_time":"2019-10-26T07:58:19.000Z","confidence":null,"between":null,"provider":"osm","resource":"planet","version":"2026-09-06T00:00:00.000Z"}],"is_underground":false,"has_parts":false,"version":1}},
{"id":"6794fd27-8178-4400-baec-d028fec3e96e","type":"Feature","geometry":{"type":"Polygon","coordinates":[[[90.385772,23.7611766],[90.3856503,23.7611671],[90.3856644,23.7610173],[90.385786,23.7610269],[90.385772,23.7611766]]]},"properties":{"sources":[{"property":"","dataset":"OpenStreetMap","license":"ODbL-1.0","record_id":"w380855118@2","update_time":"2019-10-26T07:58:19.000Z","confidence":null,"between":null,"provider":"osm","resource":"planet","version":"2026-09-06T00:00:00.000Z"}],"is_underground":false,"has_parts":false,"version":1}},
{"id":"880cdcca-5c60-499f-81fb-01fcc0d2d3c1","type":"Feature","geometry":{"type":"Polygon","coordinates":[[[90.385577,23.7612632],[90.3854025,23.7612536],[90.3854122,23.761106],[90.3855258,23.7611123],[90.3855252,23.7611202],[90.3856067,23.7611247],[90.3855991,23.7612397],[90.3855786,23.7612386],[90.385577,23.7612632]]]},"properties":{"sources":[{"property":"","dataset":"OpenStreetMap","license":"ODbL-1.0","record_id":"w501932694@2","update_time":"2019-10-26T06:07:09.000Z","confidence":null,"between":null,"provider":"osm","resource":"planet","version":"2026-09-06T00:00:00.000Z"}],"is_underground":false,"has_parts":false,"version":1}},
{"id":"45587612-af25-4776-8b8a-47a799143529","type":"Feature","geometry":{"type":"Polygon","coordinates":[[[90.3853926,23.7609863],[90.3853917,23.7610668],[90.3853443,23.7610663],[90.385343,23.7611792],[90.3853752,23.7611795],[90.3853748,23.7612196],[90.3852564,23.7612184],[90.3852591,23.760985],[90.3853926,23.7609863]]]},"properties":{"sources":[{"property":"","dataset":"OpenStreetMap","license":"ODbL-1.0","record_id":"w380801786@3","update_time":"2023-01-03T20:40:11.000Z","confidence":null,"between":null,"provider":"osm","resource":"planet","version":"2026-09-06T00:00:00.000Z"}],"level":1,"is_underground":false,"has_parts":false,"version":1}},
{"id":"2bf4ff8f-f4fe-42d4-b673-7a5bad18e4fb","type":"Feature","geometry":{"type":"Polygon","coordinates":[[[90.3855476,23.7607933],[90.3853621,23.7607908],[90.3853637,23.7606832],[90.3855493,23.7606856],[90.3855476,23.7607933]]]},"properties":{"sources":[{"property":"","dataset":"OpenStreetMap","license":"ODbL-1.0","record_id":"w1435527814@1","update_time":"2025-10-04T20:36:03.000Z","confidence":null,"between":null,"provider":"osm","resource":"planet","version":"2026-09-06T00:00:00.000Z"}],"is_underground":false,"has_parts":false,"version":1}},
{"id":"2f833d07-32a3-47c1-8d5a-045b131f24f5","type":"Feature","geometry":{"type":"Polygon","coordinates":[[[90.3855504,23.7606434],[90.3853064,23.7606333],[90.3853144,23.7604721],[90.3855583,23.7604821],[90.3855504,23.7606434]]]},"properties":{"sources":[{"property":"","dataset":"OpenStreetMap","license":"ODbL-1.0","record_id":"w337766504@1","update_time":"2019-10-26T04:59:12.000Z","confidence":null,"between":null,"provider":"osm","resource":"planet","version":"2026-09-06T00:00:00.000Z"}],"is_underground":false,"subtype":"residential","class":"apartments","has_parts":false,"version":1}},
{"id":"48840f63-8440-4d5d-94be-42cfc508f284","type":"Feature","geometry":{"type":"Polygon","coordinates":[[[90.3855569,23.7608328],[90.3855523,23.7609176],[90.3855073,23.7609155],[90.3855068,23.7609234],[90.3854645,23.7609214],[90.385465,23.7609136],[90.3854267,23.7609118],[90.3854273,23.7609012],[90.3853944,23.7608997],[90.3853937,23.7609129],[90.3853402,23.7609104],[90.3853409,23.7608972],[90.385295,23.7608951],[90.385298,23.7608407],[90.3853139,23.7608415],[90.385316,23.7608049],[90.3853945,23.7608085],[90.3853936,23.7608253],[90.385454,23.7608281],[90.3854546,23.760818],[90.3854808,23.7608192],[90.3854802,23.7608293],[90.3854983,23.7608301],[90.3854988,23.7608213],[90.3855263,23.7608225],[90.3855258,23.7608314],[90.3855569,23.7608328]]]},"properties":{"sources":[{"property":"","dataset":"OpenStreetMap","license":"ODbL-1.0","record_id":"w380802012@2","update_time":"2019-10-26T04:59:13.000Z","confidence":null,"between":null,"provider":"osm","resource":"planet","version":"2026-09-06T00:00:00.000Z"}],"is_underground":false,"has_parts":false,"version":1}},
{"id":"264b84d9-9a7a-41f7-8655-3772a665076f","type":"Feature","geometry":{"type":"Polygon","coordinates":[[[90.3852512,23.760697],[90.3851491,23.760694],[90.3851532,23.7605737],[90.3852553,23.7605767],[90.3852512,23.760697]]]},"properties":{"sources":[{"property":"","dataset":"OpenStreetMap","license":"ODbL-1.0","record_id":"w1435527858@1","update_time":"2025-10-04T20:36:03.000Z","confidence":null,"between":null,"provider":"osm","resource":"planet","version":"2026-09-06T00:00:00.000Z"}],"is_underground":false,"has_parts":false,"version":1}},
{"id":"65fbf9f3-fc9d-472b-a3e4-ccc9c55c716c","type":"Feature","geometry":{"type":"Polygon","coordinates":[[[90.3850991,23.7605711],[90.3850156,23.7605792],[90.3850197,23.7604965],[90.3851001,23.7604951],[90.3850991,23.7605711]]]},"properties":{"sources":[{"property":"","dataset":"OpenStreetMap","license":"ODbL-1.0","record_id":"w498209790@1","update_time":"2022-08-30T16:08:02.000Z","confidence":null,"between":null,"provider":"osm","resource":"planet","version":"2026-09-06T00:00:00.000Z"}],"is_underground":false,"has_parts":false,"version":1}},
{"id":"68f19e97-0ccc-4262-8edf-42b9f3351774","type":"Feature","geometry":{"type":"Polygon","coordinates":[[[90.3851307,23.7608101],[90.3849745,23.7608051],[90.3849809,23.7606385],[90.3851372,23.7606436],[90.3851307,23.7608101]]]},"properties":{"sources":[{"property":"","dataset":"OpenStreetMap","license":"ODbL-1.0","record_id":"w337749272@2","update_time":"2022-08-30T16:08:02.000Z","confidence":null,"between":null,"provider":"osm","resource":"planet","version":"2026-09-06T00:00:00.000Z"}],"is_underground":false,"has_parts":false,"version":1}},
{"id":"32a314a6-99c1-4aec-95ea-c07599e5d245","type":"Feature","geometry":{"type":"Polygon","coordinates":[[[90.3852357,23.7610011],[90.384931,23.7610048],[90.3849289,23.7608591],[90.3852335,23.7608554],[90.3852357,23.7610011]]]},"properties":{"sources":[{"property":"","dataset":"OpenStreetMap","license":"ODbL-1.0","record_id":"w501942077@1","update_time":"2019-10-26T05:31:15.000Z","confidence":null,"between":null,"provider":"osm","resource":"planet","version":"2026-09-06T00:00:00.000Z"}],"is_underground":false,"has_parts":false,"version":1}},
{"id":"9b2049c6-5aa6-4d47-95fa-6245a11884da","type":"Feature","geometry":{"type":"Polygon","coordinates":[[[90.3852036,23.7612135],[90.3849724,23.7612096],[90.3849756,23.7610526],[90.3852068,23.7610565],[90.3852036,23.7612135]]]},"properties":{"sources":[{"property":"","dataset":"OpenStreetMap","license":"ODbL-1.0","record_id":"w498209818@1","update_time":"2019-10-26T06:07:09.000Z","confidence":null,"between":null,"provider":"osm","resource":"planet","version":"2026-09-06T00:00:00.000Z"}],"is_underground":false,"has_parts":false,"version":1}},
{"id":"77dec7c5-a7bd-42d3-aa9b-078a2b4e3662","type":"Feature","geometry":{"type":"Polygon","coordinates":[[[90.3848987,23.7610567],[90.3847827,23.7610525],[90.3847921,23.7608331],[90.3849081,23.7608373],[90.3848987,23.7610567]]]},"properties":{"sources":[{"property":"","dataset":"OpenStreetMap","license":"ODbL-1.0","record_id":"w501942081@1","update_time":"2019-10-26T06:07:09.000Z","confidence":null,"between":null,"provider":"osm","resource":"planet","version":"2026-09-06T00:00:00.000Z"}],"is_underground":false,"has_parts":false,"version":1}},
{"id":"a2316f8a-da50-45e5-be19-68db1af33bfb","type":"Feature","geometry":{"type":"Polygon","coordinates":[[[90.3848434,23.7612001],[90.3847609,23.7611992],[90.3847626,23.7610776],[90.3848451,23.7610785],[90.3848434,23.7612001]]]},"properties":{"sources":[{"property":"","dataset":"OpenStreetMap","license":"ODbL-1.0","record_id":"w337768176@1","update_time":"2019-10-26T06:07:09.000Z","confidence":null,"between":null,"provider":"osm","resource":"planet","version":"2026-09-06T00:00:00.000Z"}],"is_underground":false,"subtype":"residential","class":"apartments","has_parts":false,"version":1}},
{"id":"e6d4038b-3417-4a17-a76d-d33cc5a99c1d","type":"Feature","geometry":{"type":"Polygon","coordinates":[[[90.3849456,23.7612048],[90.3848564,23.7612027],[90.3848598,23.7610722],[90.3849492,23.7610743],[90.3849456,23.7612048]]]},"properties":{"sources":[{"property":"","dataset":"OpenStreetMap","license":"ODbL-1.0","record_id":"w337768127@1","update_time":"2019-10-26T06:07:09.000Z","confidence":null,"between":null,"provider":"osm","resource":"planet","version":"2026-09-06T00:00:00.000Z"}],"is_underground":false,"subtype":"residential","class":"apartments","has_parts":false,"version":1}},
{"id":"8bbafacd-2e5c-465a-a70b-7dd05c53ff1b","type":"Feature","geometry":{"type":"Polygon","coordinates":[[[90.384733,23.7612057],[90.3846565,23.7612045],[90.3846581,23.7611216],[90.3847346,23.7611228],[90.384733,23.7612057]]]},"properties":{"sources":[{"property":"","dataset":"OpenStreetMap","license":"ODbL-1.0","record_id":"w498209799@1","update_time":"2019-10-26T06:07:09.000Z","confidence":null,"between":null,"provider":"osm","resource":"planet","version":"2026-09-06T00:00:00.000Z"}],"is_underground":false,"has_parts":false,"version":1}},
{"id":"72b93219-cebd-4f97-b48e-a73ccf17fe61","type":"Feature","geometry":{"type":"Polygon","coordinates":[[[90.3846563,23.7613148],[90.3844932,23.761318],[90.3844399,23.7612176],[90.3846539,23.7612133],[90.3846563,23.7613148]]]},"properties":{"sources":[{"property":"","dataset":"OpenStreetMap","license":"ODbL-1.0","record_id":"w501942084@1","update_time":"2019-10-26T06:07:09.000Z","confidence":null,"between":null,"provider":"osm","resource":"planet","version":"2026-09-06T00:00:00.000Z"}],"is_underground":false,"has_parts":false,"version":1}},
{"id":"20614ab5-1e1c-40bb-af53-10f36338207c","type":"Feature","geometry":{"type":"Polygon","coordinates":[[[90.3844853,23.7611897],[90.3844859,23.761121],[90.3846371,23.7611222],[90.3846365,23.7611909],[90.3844853,23.7611897]]]},"properties":{"sources":[{"property":"","dataset":"OpenStreetMap","license":"ODbL-1.0","record_id":"w501942085@1","update_time":"2019-10-26T06:07:09.000Z","confidence":null,"between":null,"provider":"osm","resource":"planet","version":"2026-09-06T00:00:00.000Z"}],"is_underground":false,"has_parts":false,"version":1}},
{"id":"930834cd-9d46-4043-bfd1-59118033a761","type":"Feature","geometry":{"type":"Polygon","coordinates":[[[90.3847175,23.7611082],[90.3845824,23.7611059],[90.3845839,23.7610335],[90.3847189,23.7610358],[90.3847175,23.7611082]]]},"properties":{"sources":[{"property":"","dataset":"OpenStreetMap","license":"ODbL-1.0","record_id":"w498209814@1","update_time":"2019-10-26T06:07:09.000Z","confidence":null,"between":null,"provider":"osm","resource":"planet","version":"2026-09-06T00:00:00.000Z"}],"is_underground":false,"has_parts":false,"version":1}},
{"id":"dcb1eee0-f1f4-46da-9713-3da675c5b9ec","type":"Feature","geometry":{"type":"Polygon","coordinates":[[[90.3846454,23.7607768],[90.3846531,23.7606453],[90.3847834,23.7606517],[90.3847757,23.7607833],[90.3846454,23.7607768]]]},"properties":{"sources":[{"property":"","dataset":"OpenStreetMap","license":"ODbL-1.0","record_id":"w501942078@1","update_time":"2019-10-26T05:32:53.000Z","confidence":null,"between":null,"provider":"osm","resource":"planet","version":"2026-09-06T00:00:00.000Z"}],"is_underground":false,"has_parts":false,"version":1}},
{"id":"402f448a-0bbb-44ed-833a-e91223265b09","type":"Feature","geometry":{"type":"Polygon","coordinates":[[[90.3847544,23.7609761],[90.3846926,23.7609737],[90.3846979,23.7608613],[90.3846567,23.7608596],[90.3846594,23.7608033],[90.3847624,23.7608074],[90.3847544,23.7609761]]]},"properties":{"sources":[{"property":"","dataset":"OpenStreetMap","license":"ODbL-1.0","record_id":"w337768201@2","update_time":"2019-10-26T05:32:53.000Z","confidence":null,"between":null,"provider":"osm","resource":"planet","version":"2026-09-06T00:00:00.000Z"}],"is_underground":false,"subtype":"residential","class":"apartments","has_parts":false,"version":1}},
{"id":"892597a9-9ba2-4cd9-8bc8-1744fe7b9f3b","type":"Feature","geometry":{"type":"Polygon","coordinates":[[[90.3846093,23.7608594],[90.3844732,23.7608597],[90.3844729,23.760769],[90.384609,23.7607686],[90.3846093,23.7608594]]]},"properties":{"sources":[{"property":"","dataset":"OpenStreetMap","license":"ODbL-1.0","record_id":"w498209809@1","update_time":"2019-10-22T08:12:29.000Z","confidence":null,"between":null,"provider":"osm","resource":"planet","version":"2026-09-06T00:00:00.000Z"}],"is_underground":false,"has_parts":false,"version":1}},
{"id":"6e53c603-c4d4-44b4-a45f-5e92f58cc0b2","type":"Feature","geometry":{"type":"Polygon","coordinates":[[[90.3846336,23.7607552],[90.3844496,23.7607498],[90.3844548,23.7606017],[90.384578,23.7606054],[90.384577,23.7606336],[90.3846378,23.7606354],[90.3846336,23.7607552]]]},"properties":{"sources":[{"property":"","dataset":"OpenStreetMap","license":"ODbL-1.0","record_id":"w501942079@2","update_time":"2019-10-22T08:12:31.000Z","confidence":null,"between":null,"provider":"osm","resource":"planet","version":"2026-09-06T00:00:00.000Z"}],"is_underground":false,"has_parts":false,"version":1}},
{"id":"ddfba291-db67-47ed-9dd6-baab0f209dbb","type":"Feature","geometry":{"type":"Polygon","coordinates":[[[90.3847601,23.7606409],[90.3846428,23.7606088],[90.3846658,23.7605386],[90.3847831,23.7605706],[90.3847601,23.7606409]]]},"properties":{"sources":[{"property":"","dataset":"OpenStreetMap","license":"ODbL-1.0","record_id":"w498209806@1","update_time":"2019-10-26T05:31:15.000Z","confidence":null,"between":null,"provider":"osm","resource":"planet","version":"2026-09-06T00:00:00.000Z"}],"is_underground":false,"has_parts":false,"version":1}},
{"id":"521d122c-6d90-49c2-b5e3-3de74e9a2f67","type":"Feature","geometry":{"type":"Polygon","coordinates":[[[90.3849118,23.760618],[90.3847827,23.7605863],[90.3848099,23.7604935],[90.3849391,23.7605252],[90.3849118,23.760618]]]},"properties":{"sources":[{"property":"","dataset":"OpenStreetMap","license":"ODbL-1.0","record_id":"w498209803@1","update_time":"2019-10-26T05:31:15.000Z","confidence":null,"between":null,"provider":"osm","resource":"planet","version":"2026-09-06T00:00:00.000Z"}],"is_underground":false,"has_parts":false,"version":1}},
{"id":"1a45e609-1948-4607-a998-50e50c542706","type":"Feature","geometry":{"type":"Polygon","coordinates":[[[90.3849358,23.7608005],[90.3848234,23.7607969],[90.384826,23.7607311],[90.3849384,23.7607348],[90.3849358,23.7608005]]]},"properties":{"sources":[{"property":"","dataset":"OpenStreetMap","license":"ODbL-1.0","record_id":"w501942080@1","update_time":"2019-10-26T05:31:15.000Z","confidence":null,"between":null,"provider":"osm","resource":"planet","version":"2026-09-06T00:00:00.000Z"}],"is_underground":false,"has_parts":false,"version":1}},
{"id":"6744f462-0641-4a2d-8378-f7b4c7a208c3","type":"Feature","geometry":{"type":"Polygon","coordinates":[[[90.384995,23.7604825],[90.3848929,23.7604795],[90.384897,23.7603592],[90.3849991,23.7603622],[90.384995,23.7604825]]]},"properties":{"sources":[{"property":"","dataset":"OpenStreetMap","license":"ODbL-1.0","record_id":"w498209824@1","update_time":"2019-10-26T05:28:21.000Z","confidence":null,"between":null,"provider":"osm","resource":"planet","version":"2026-09-06T00:00:00.000Z"}],"is_underground":false,"has_parts":false,"version":1}},
{"id":"aca1b24a-5bf1-4a58-8151-d1a8d7bdbd3f","type":"Feature","geometry":{"type":"Polygon","coordinates":[[[90.3850117,23.7603503],[90.3849577,23.7603491],[90.3849584,23.7603239],[90.3850125,23.7603252],[90.3850117,23.7603503]]]},"properties":{"sources":[{"property":"","dataset":"OpenStreetMap","license":"ODbL-1.0","record_id":"w501942065@1","update_time":"2019-10-26T05:28:21.000Z","confidence":null,"between":null,"provider":"osm","resource":"planet","version":"2026-09-06T00:00:00.000Z"}],"is_underground":false,"has_parts":false,"version":1}},
{"id":"12b8e9ed-8e9c-495c-9f39-d4f3ca81b331","type":"Feature","geometry":{"type":"Polygon","coordinates":[[[90.3850234,23.7603164],[90.3849517,23.7603149],[90.3849529,23.7602638],[90.3850247,23.7602652],[90.3850234,23.7603164]]]},"properties":{"sources":[{"property":"","dataset":"OpenStreetMap","license":"ODbL-1.0","record_id":"w501942066@1","update_time":"2019-10-26T05:28:21.000Z","confidence":null,"between":null,"provider":"osm","resource":"planet","version":"2026-09-06T00:00:00.000Z"}],"is_underground":false,"has_parts":false,"version":1}},
{"id":"76d62cb8-a94f-4903-a00e-867a4bee2d15","type":"Feature","geometry":{"type":"Polygon","coordinates":[[[90.3850123,23.760237],[90.384938,23.7602354],[90.3849433,23.7601479],[90.3850123,23.7601495],[90.3850123,23.760237]]]},"properties":{"sources":[{"property":"","dataset":"OpenStreetMap","license":"ODbL-1.0","record_id":"w1111913819@1","update_time":"2022-11-10T02:13:33.000Z","confidence":null,"between":null,"provider":"osm","resource":"planet","version":"2026-09-06T00:00:00.000Z"}],"is_underground":false,"has_parts":false,"version":1}},
{"id":"597f7da9-16cf-403b-b38c-1ed46de95154","type":"Feature","geometry":{"type":"Polygon","coordinates":[[[90.3848049,23.7602134],[90.3847683,23.7602129],[90.384769,23.7601684],[90.3847693,23.7601492],[90.3849214,23.7601514],[90.3849201,23.7602286],[90.3848047,23.7602269],[90.3848049,23.7602134]]]},"properties":{"sources":[{"property":"","dataset":"OpenStreetMap","license":"ODbL-1.0","record_id":"w501942063@2","update_time":"2019-10-26T05:28:21.000Z","confidence":null,"between":null,"provider":"osm","resource":"planet","version":"2026-09-06T00:00:00.000Z"}],"is_underground":false,"has_parts":false,"version":1}},
{"id":"831da7c4-3fdf-4951-95fa-d37d078cc409","type":"Feature","geometry":{"type":"Polygon","coordinates":[[[90.3848845,23.760413],[90.3847303,23.7604074],[90.3847373,23.7602452],[90.3848295,23.7602485],[90.384829,23.7602587],[90.384891,23.7602609],[90.3848845,23.760413]]]},"properties":{"sources":[{"property":"","dataset":"OpenStreetMap","license":"ODbL-1.0","record_id":"w501942070@2","update_time":"2019-10-26T05:28:21.000Z","confidence":null,"between":null,"provider":"osm","resource":"planet","version":"2026-09-06T00:00:00.000Z"}],"is_underground":false,"has_parts":false,"version":1}},
{"id":"c189ca2f-2f86-4c40-b14c-c3f46edd4df8","type":"Feature","geometry":{"type":"Polygon","coordinates":[[[90.3847948,23.760477],[90.3847733,23.7605513],[90.3846764,23.7605279],[90.3846979,23.7604536],[90.3847948,23.760477]]]},"properties":{"sources":[{"property":"","dataset":"OpenStreetMap","license":"ODbL-1.0","record_id":"w498209840@3","update_time":"2025-11-12T16:45:48.000Z","confidence":null,"between":null,"provider":"osm","resource":"planet","version":"2026-09-06T00:00:00.000Z"}],"is_underground":false,"has_parts":false,"version":1}},
{"id":"bff81a1d-cf16-4929-9749-cb9863b6293f","type":"Feature","geometry":{"type":"Polygon","coordinates":[[[90.3846209,23.760568],[90.384508,23.7605449],[90.3845364,23.7604286],[90.3846493,23.7604516],[90.3846209,23.760568]]]},"properties":{"sources":[{"property":"","dataset":"OpenStreetMap","license":"ODbL-1.0","record_id":"w498209838@2","update_time":"2019-10-26T05:31:15.000Z","confidence":null,"between":null,"provider":"osm","resource":"planet","version":"2026-09-06T00:00:00.000Z"}],"is_underground":false,"has_parts":false,"version":1}},
{"id":"1ae0b287-b71c-44b2-8c33-8ed1b7efe138","type":"Feature","geometry":{"type":"Polygon","coordinates":[[[90.3845373,23.7603404],[90.3844689,23.7603394],[90.3844704,23.7602437],[90.3847015,23.7602468],[90.3846991,23.760396],[90.3846222,23.7603949],[90.3846228,23.7603593],[90.384537,23.7603582],[90.3845373,23.7603404]]]},"properties":{"sources":[{"property":"","dataset":"OpenStreetMap","license":"ODbL-1.0","record_id":"w501942072@3","update_time":"2022-08-30T16:08:02.000Z","confidence":null,"between":null,"provider":"osm","resource":"planet","version":"2026-09-06T00:00:00.000Z"}],"level":1,"is_underground":false,"has_parts":false,"version":1}},
{"id":"a0893e22-59e1-4040-8114-775a76eaf95b","type":"Feature","geometry":{"type":"Polygon","coordinates":[[[90.3847304,23.760211],[90.3845637,23.7602083],[90.3845648,23.7601513],[90.3847316,23.7601541],[90.3847304,23.760211]]]},"properties":{"sources":[{"property":"","dataset":"OpenStreetMap","license":"ODbL-1.0","record_id":"w501942069@1","update_time":"2019-10-26T05:28:21.000Z","confidence":null,"between":null,"provider":"osm","resource":"planet","version":"2026-09-06T00:00:00.000Z"}],"is_underground":false,"has_parts":false,"version":1}},
{"id":"4a9657ce-5001-455e-b489-bba54844f82f","type":"Feature","geometry":{"type":"Polygon","coordinates":[[[90.3847533,23.760106],[90.3845916,23.7601003],[90.3845942,23.7600387],[90.3847559,23.7600445],[90.3847533,23.760106]]]},"properties":{"sources":[{"property":"","dataset":"OpenStreetMap","license":"ODbL-1.0","record_id":"w501942067@1","update_time":"2019-10-26T05:28:21.000Z","confidence":null,"between":null,"provider":"osm","resource":"planet","version":"2026-09-06T00:00:00.000Z"}],"is_underground":false,"has_parts":false,"version":1}},
{"id":"d63d2241-39f0-4157-99f1-1dd2861efcb0","type":"Feature","geometry":{"type":"Polygon","coordinates":[[[90.3848887,23.7599573],[90.38495,23.7599619],[90.3849462,23.7600045],[90.3848849,23.7599999],[90.3848887,23.7599573]]]},"properties":{"sources":[{"property":"","dataset":"Google Open Buildings","license":null,"record_id":"7MMGQ95M+XXV7","update_time":"2023-05-01T00:00:00.000Z","confidence":0.7047,"between":null,"provider":"google","resource":"open_buildings","version":"2024-04-16"}],"is_underground":false,"has_parts":false,"version":1}},
{"id":"17b6b039-8cb2-4a95-b721-cecb2fb08003","type":"Feature","geometry":{"type":"Polygon","coordinates":[[[90.3851121,23.7601325],[90.3847662,23.7601192],[90.3847704,23.7600277],[90.3851163,23.760041],[90.3851121,23.7601325]]]},"properties":{"sources":[{"property":"","dataset":"OpenStreetMap","license":"ODbL-1.0","record_id":"w501942062@1","update_time":"2019-10-26T05:28:21.000Z","confidence":null,"between":null,"provider":"osm","resource":"planet","version":"2026-09-06T00:00:00.000Z"}],"is_underground":false,"has_parts":false,"version":1}},
{"id":"f5f71dff-bcc4-43d3-a042-4dc808043db5","type":"Feature","geometry":{"type":"Polygon","coordinates":[[[90.3850506,23.759739],[90.3850432,23.7598389],[90.3848826,23.7598289],[90.38489,23.759729],[90.3850506,23.759739]]]},"properties":{"sources":[{"property":"","dataset":"Google Open Buildings","license":null,"record_id":"7MMGQ95M+WX89","update_time":"2023-05-01T00:00:00.000Z","confidence":0.7784,"between":null,"provider":"google","resource":"open_buildings","version":"2024-04-16"}],"is_underground":false,"has_parts":false,"version":1}},
{"id":"e2f481e3-ea8f-4ac9-9c28-f01d9686fe97","type":"Feature","geometry":{"type":"Polygon","coordinates":[[[90.3850714,23.7598579],[90.3851307,23.7598636],[90.3851136,23.7600138],[90.3850543,23.760008],[90.3850714,23.7598579]]]},"properties":{"sources":[{"property":"","dataset":"Google Open Buildings","license":null,"record_id":"7MMGQ95P+X2GH","update_time":"2023-05-01T00:00:00.000Z","confidence":0.7535,"between":null,"provider":"google","resource":"open_buildings","version":"2024-04-16"}],"is_underground":false,"has_parts":false,"version":1}},
{"id":"31324fea-ef77-4df8-9428-25b81a197897","type":"Feature","geometry":{"type":"Polygon","coordinates":[[[90.3852801,23.7601683],[90.3851557,23.7601632],[90.3851597,23.7600824],[90.3852841,23.7600875],[90.3852801,23.7601683]]]},"properties":{"sources":[{"property":"","dataset":"OpenStreetMap","license":"ODbL-1.0","record_id":"w501942060@1","update_time":"2019-10-26T05:28:21.000Z","confidence":null,"between":null,"provider":"osm","resource":"planet","version":"2026-09-06T00:00:00.000Z"}],"is_underground":false,"has_parts":false,"version":1}},
{"id":"ef95d6b7-650e-4082-b4aa-352f48f216b4","type":"Feature","geometry":{"type":"Polygon","coordinates":[[[90.3851386,23.7602967],[90.3850384,23.760295],[90.3850409,23.7601734],[90.3851411,23.7601751],[90.3851386,23.7602967]]]},"properties":{"sources":[{"property":"","dataset":"OpenStreetMap","license":"ODbL-1.0","record_id":"w498209798@2","update_time":"2019-10-26T05:28:21.000Z","confidence":null,"between":null,"provider":"osm","resource":"planet","version":"2026-09-06T00:00:00.000Z"}],"is_underground":false,"has_parts":false,"version":1}},
{"id":"6106b17f-e63d-4651-b2ba-205771357c2b","type":"Feature","geometry":{"type":"Polygon","coordinates":[[[90.385081,23.7604162],[90.3850175,23.7604137],[90.3850215,23.7603283],[90.385085,23.7603308],[90.385081,23.7604162]]]},"properties":{"sources":[{"property":"","dataset":"OpenStreetMap","license":"ODbL-1.0","record_id":"w501942061@1","update_time":"2019-10-26T05:28:21.000Z","confidence":null,"between":null,"provider":"osm","resource":"planet","version":"2026-09-06T00:00:00.000Z"}],"is_underground":false,"has_parts":false,"version":1}},
{"id":"6fccb441-4678-4345-9929-7488df9a2a77","type":"Feature","geometry":{"type":"Polygon","coordinates":[[[90.3853022,23.7605689],[90.3851167,23.7605664],[90.3851183,23.7604588],[90.3853039,23.7604612],[90.3853022,23.7605689]]]},"properties":{"sources":[{"property":"","dataset":"OpenStreetMap","license":"ODbL-1.0","record_id":"w337748967@3","update_time":"2019-10-26T05:28:21.000Z","confidence":null,"between":null,"provider":"osm","resource":"planet","version":"2026-09-06T00:00:00.000Z"}],"is_underground":false,"has_parts":false,"version":1}},
{"id":"b7a5113d-ceb1-4d6d-8d6c-a51f07ce41c5","type":"Feature","geometry":{"type":"Polygon","coordinates":[[[90.3853119,23.7604449],[90.3851135,23.7604433],[90.3851146,23.7603202],[90.3852336,23.7603212],[90.3852338,23.7603014],[90.3853719,23.7603025],[90.3853711,23.7603862],[90.3853124,23.7603857],[90.3853119,23.7604449]]]},"properties":{"sources":[{"property":"","dataset":"OpenStreetMap","license":"ODbL-1.0","record_id":"w501942057@2","update_time":"2019-10-26T05:28:21.000Z","confidence":null,"between":null,"provider":"osm","resource":"planet","version":"2026-09-06T00:00:00.000Z"}],"is_underground":false,"has_parts":false,"version":1}},
{"id":"2e7eed7a-3445-4871-b74d-fdb0cc8c5601","type":"Feature","geometry":{"type":"Polygon","coordinates":[[[90.3852436,23.7602642],[90.385167,23.7602541],[90.385176,23.7601973],[90.3852526,23.7602075],[90.3852436,23.7602642]]]},"properties":{"sources":[{"property":"","dataset":"OpenStreetMap","license":"ODbL-1.0","record_id":"w1436231057@1","update_time":"2025-10-07T16:48:28.000Z","confidence":null,"between":null,"provider":"osm","resource":"planet","version":"2026-09-06T00:00:00.000Z"}],"is_underground":false,"has_parts":false,"version":1}},
{"id":"561a3d8b-1031-4509-9d5d-4655882b6649","type":"Feature","geometry":{"type":"Polygon","coordinates":[[[90.3853696,23.760218],[90.3853147,23.7602171],[90.3853153,23.7601828],[90.3853703,23.7601837],[90.3853696,23.760218]]]},"properties":{"sources":[{"property":"","dataset":"OpenStreetMap","license":"ODbL-1.0","record_id":"w501942059@1","update_time":"2019-10-26T05:28:21.000Z","confidence":null,"between":null,"provider":"osm","resource":"planet","version":"2026-09-06T00:00:00.000Z"}],"is_underground":false,"has_parts":false,"version":1}},
{"id":"8303f750-bc0a-410b-81ed-e2ceb1d72afd","type":"Feature","geometry":{"type":"Polygon","coordinates":[[[90.3853697,23.7602764],[90.385298,23.7602749],[90.3852992,23.7602238],[90.385371,23.7602252],[90.3853697,23.7602764]]]},"properties":{"sources":[{"property":"","dataset":"OpenStreetMap","license":"ODbL-1.0","record_id":"w1436260139@1","update_time":"2025-10-07T19:04:58.000Z","confidence":null,"between":null,"provider":"osm","resource":"planet","version":"2026-09-06T00:00:00.000Z"}],"is_underground":false,"has_parts":false,"version":1}},
{"id":"31f84a0e-921f-4246-8dfd-0707e56c3cfc","type":"Feature","geometry":{"type":"Polygon","coordinates":[[[90.3855336,23.7604503],[90.3853811,23.7604465],[90.3853837,23.7603622],[90.3854886,23.7603648],[90.3854879,23.7603854],[90.3855355,23.7603866],[90.3855336,23.7604503]]]},"properties":{"sources":[{"property":"","dataset":"OpenStreetMap","license":"ODbL-1.0","record_id":"w337766488@2","update_time":"2019-10-26T04:59:13.000Z","confidence":null,"between":null,"provider":"osm","resource":"planet","version":"2026-09-06T00:00:00.000Z"}],"is_underground":false,"subtype":"residential","class":"house","has_parts":false,"version":1}},
{"id":"0299f789-aa48-476b-9d22-b29318ce73fa","type":"Feature","geometry":{"type":"Polygon","coordinates":[[[90.3853802,23.7601614],[90.3853167,23.7601589],[90.3853207,23.7600735],[90.3853842,23.760076],[90.3853802,23.7601614]]]},"properties":{"sources":[{"property":"","dataset":"OpenStreetMap","license":"ODbL-1.0","record_id":"w1450072734@1","update_time":"2025-11-12T16:45:48.000Z","confidence":null,"between":null,"provider":"osm","resource":"planet","version":"2026-09-06T00:00:00.000Z"}],"is_underground":false,"has_parts":false,"version":2}},
{"id":"fbd4c0d4-4f3e-48d7-b3b0-0a72deffbbfa","type":"Feature","geometry":{"type":"Polygon","coordinates":[[[90.3854524,23.7599949],[90.3851712,23.7599751],[90.3851894,23.7597586],[90.3852126,23.7597602],[90.3852248,23.759615],[90.3851993,23.7596132],[90.3852148,23.7594289],[90.3853267,23.7594368],[90.385353,23.7591235],[90.3853537,23.7591152],[90.3855909,23.7591319],[90.3855639,23.7594534],[90.3855593,23.7595084],[90.3855425,23.7595072],[90.3855316,23.7596366],[90.3852731,23.7596184],[90.3852609,23.7597636],[90.3854706,23.7597783],[90.3854524,23.7599949]]]},"properties":{"names":{"primary":"Krishibid Institution Bangladesh","common":[["bn","কৃষিবিদ ইনস্টিটিউশন বাংলাদেশ"]],"rules":null},"sources":[{"property":"","dataset":"OpenStreetMap","license":"ODbL-1.0","record_id":"w501378100@17","update_time":"2023-10-21T13:29:31.000Z","confidence":null,"between":null,"provider":"osm","resource":"planet","version":"2026-09-06T00:00:00.000Z"}],"level":-1,"is_underground":false,"num_floors":7,"num_floors_underground":3,"subtype":"transportation","class":"parking","facade_material":"glass","roof_shape":"flat","roof_color":"#00FFFF","has_parts":true,"version":1}},
{"id":"9eeebcbe-46d8-476a-bc73-2ef6d0435413","type":"Feature","geometry":{"type":"Polygon","coordinates":[[[90.3850954,23.7596473],[90.3851547,23.759653],[90.3851497,23.7596964],[90.3850904,23.7596907],[90.3850954,23.7596473]]]},"properties":{"sources":[{"property":"","dataset":"Google Open Buildings","license":null,"record_id":"7MMGQ95P+V29X","update_time":"2023-05-01T00:00:00.000Z","confidence":0.8119,"between":null,"provider":"google","resource":"open_buildings","version":"2024-04-16"}],"is_underground":false,"has_parts":false,"version":1}},
{"id":"051f05b9-6367-4c49-9ad5-2b0d8bba62ed","type":"Feature","geometry":{"type":"Polygon","coordinates":[[[90.3850202,23.7588027],[90.3849963,23.7588027],[90.3849963,23.758791],[90.3850202,23.7587909],[90.3850202,23.7588027]]]},"properties":{"names":{"primary":"Eye Hospital Gate","common":null,"rules":null},"sources":[{"property":"","dataset":"OpenStreetMap","license":"ODbL-1.0","record_id":"w737615831@2","update_time":"2019-11-02T02:55:20.000Z","confidence":null,"between":null,"provider":"osm","resource":"planet","version":"2026-09-06T00:00:00.000Z"}],"is_underground":false,"num_floors":1,"subtype":"civic","roof_shape":"flat","has_parts":false,"version":1}},
{"id":"4028443e-e3ff-4b6d-907c-3e323e6a8ed7","type":"Feature","geometry":{"type":"Polygon","coordinates":[[[90.3848671,23.7586278],[90.3848951,23.7586723],[90.3847664,23.7587402],[90.384764,23.7586891],[90.3845116,23.7586989],[90.3845076,23.7586144],[90.3847551,23.7586048],[90.3847516,23.7585288],[90.3845382,23.7584034],[90.3846062,23.7583066],[90.3848276,23.7584366],[90.3848554,23.758397],[90.3847662,23.7581822],[90.3849028,23.7581443],[90.3849973,23.7583601],[90.3850651,23.7583621],[90.3851615,23.7581601],[90.3852818,23.7582082],[90.3851993,23.7583809],[90.3852463,23.7584691],[90.3854558,23.7583754],[90.3855044,23.7584666],[90.3852948,23.7585603],[90.3852983,23.7586215],[90.3854951,23.7586645],[90.3854985,23.7587727],[90.3852661,23.7587258],[90.3852282,23.7587518],[90.3851379,23.7586878],[90.3851626,23.7586296],[90.3851498,23.7585695],[90.3851011,23.7585143],[90.3850432,23.7584931],[90.3849634,23.7584997],[90.3849062,23.7585288],[90.3848745,23.7585835],[90.3848671,23.7586278]]]},"properties":{"names":{"primary":"ইস্পাহানী ইসলামিয়া চক্ষু ইনস্টিটিউট ও হাসপাতাল","common":[["bn","ইস্পাহানী ইসলামিয়া চক্ষু ইনস্টিটিউট ও হাসপাতাল"],["en","Ispahani Islamia Eye Institute and Hospital"]],"rules":null},"sources":[{"property":"","dataset":"OpenStreetMap","license":"ODbL-1.0","record_id":"w264633577@16","update_time":"2026-05-11T06:18:53.000Z","confidence":null,"between":null,"provider":"osm","resource":"planet","version":"2026-09-06T00:00:00.000Z"}],"level":1,"is_underground":false,"num_floors":3,"subtype":"medical","class":"hospital","facade_color":"#0000FF","facade_material":"glass","roof_color":"#C0C0C0","has_parts":false,"version":2}},
{"id":"ea4ab16f-79ea-45da-b492-0e19a0db1e39","type":"Feature","geometry":{"type":"Polygon","coordinates":[[[90.3857458,23.7584674],[90.3856026,23.7584587],[90.3856104,23.7583514],[90.3857536,23.7583601],[90.3857458,23.7584674]]]},"properties":{"sources":[{"property":"","dataset":"OpenStreetMap","license":"ODbL-1.0","record_id":"w499855911@2","update_time":"2019-11-02T02:52:01.000Z","confidence":null,"between":null,"provider":"osm","resource":"planet","version":"2026-09-06T00:00:00.000Z"}],"is_underground":false,"subtype":"religious","class":"mosque","has_parts":false,"version":1}},
{"id":"fcd8bc6b-b111-4a33-aca4-45d03d14ecbd","type":"Feature","geometry":{"type":"Polygon","coordinates":[[[90.3859228,23.7583447],[90.3858131,23.7583339],[90.3858209,23.7582666],[90.3859307,23.7582774],[90.3859228,23.7583447]]]},"properties":{"sources":[{"property":"","dataset":"OpenStreetMap","license":"ODbL-1.0","record_id":"w499855898@2","update_time":"2019-11-02T02:52:10.000Z","confidence":null,"between":null,"provider":"osm","resource":"planet","version":"2026-09-06T00:00:00.000Z"}],"is_underground":false,"subtype":"religious","class":"mosque","has_parts":false,"version":1}},
{"id":"2f1c5a83-e8e1-44dc-8223-22870b9ff0ca","type":"Feature","geometry":{"type":"Polygon","coordinates":[[[90.3860836,23.7588012],[90.385782,23.758786],[90.385808,23.7583536],[90.3861095,23.7583688],[90.3860836,23.7588012]]]},"properties":{"sources":[{"property":"","dataset":"OpenStreetMap","license":"ODbL-1.0","record_id":"w736708040@3","update_time":"2019-11-05T09:27:43.000Z","confidence":null,"between":null,"provider":"osm","resource":"planet","version":"2026-09-06T00:00:00.000Z"}],"is_underground":false,"num_floors":5,"has_parts":false,"version":1}},
{"id":"20583151-9705-4efa-a148-88e50ce92c74","type":"Feature","geometry":{"type":"Polygon","coordinates":[[[90.385858,23.7593697],[90.3856411,23.7593561],[90.3856499,23.7592387],[90.3858667,23.7592523],[90.385858,23.7593697]]]},"properties":{"sources":[{"property":"","dataset":"OpenStreetMap","license":"ODbL-1.0","record_id":"w501378092@1","update_time":"2019-10-23T06:13:29.000Z","confidence":null,"between":null,"provider":"osm","resource":"planet","version":"2026-09-06T00:00:00.000Z"}],"is_underground":false,"has_parts":false,"version":1}},
{"id":"5e294465-befa-4b8d-a2a2-335672329d22","type":"Feature","geometry":{"type":"Polygon","coordinates":[[[90.3858332,23.7595856],[90.3856004,23.7595758],[90.3856074,23.759434],[90.3859968,23.7594503],[90.3859897,23.7595922],[90.3858793,23.7595876],[90.3858797,23.7595797],[90.3858336,23.7595777],[90.3858332,23.7595856]]]},"properties":{"sources":[{"property":"","dataset":"OpenStreetMap","license":"ODbL-1.0","record_id":"w296514444@5","update_time":"2019-10-23T06:13:29.000Z","confidence":null,"between":null,"provider":"osm","resource":"planet","version":"2026-09-06T00:00:00.000Z"}],"is_underground":false,"has_parts":false,"version":1}},
{"id":"355b4c8e-5cf7-4a28-9446-31aa4144e42c","type":"Feature","geometry":{"type":"Polygon","coordinates":[[[90.3864183,23.7597329],[90.3861081,23.7597242],[90.3861124,23.7595936],[90.3864226,23.7596023],[90.3864183,23.7597329]]]},"properties":{"names":{"primary":"Krishi Samprasaran Adhidaptar","common":null,"rules":null},"sources":[{"property":"","dataset":"OpenStreetMap","license":"ODbL-1.0","record_id":"w296515188@3","update_time":"2019-10-24T06:31:53.000Z","confidence":null,"between":null,"provider":"osm","resource":"planet","version":"2026-09-06T00:00:00.000Z"}],"is_underground":false,"has_parts":false,"version":1}},
{"id":"d9ef5b2f-f6b8-4928-ae3b-2a37ff44e9a9","type":"Feature","geometry":{"type":"Polygon","coordinates":[[[90.386417,23.7586895],[90.38637,23.7586875],[90.3863725,23.7586375],[90.3864195,23.7586395],[90.386417,23.7586895]]]},"properties":{"sources":[{"property":"","dataset":"Microsoft ML Buildings","license":"ODbL-1.0","record_id":null,"update_time":null,"confidence":null,"between":null,"provider":"microsoft","resource":"ml_buildings","version":"2026-08-11"}],"is_underground":false,"has_parts":false,"version":4}},
{"id":"ad51a4b9-5b04-458f-aada-c24e12c23d01","type":"Feature","geometry":{"type":"Polygon","coordinates":[[[90.3863184,23.7585072],[90.3862381,23.758505],[90.3862419,23.7583922],[90.3863222,23.7583944],[90.3863184,23.7585072]]]},"properties":{"sources":[{"property":"","dataset":"OpenStreetMap","license":"ODbL-1.0","record_id":"w502018059@2","update_time":"2019-10-19T06:59:21.000Z","confidence":null,"between":null,"provider":"osm","resource":"planet","version":"2026-09-06T00:00:00.000Z"}],"is_underground":false,"subtype":"civic","class":"public","has_parts":false,"version":1}},
{"id":"563b866f-332f-4f65-8ca4-90c4dd89e8f5","type":"Feature","geometry":{"type":"Polygon","coordinates":[[[90.3863184,23.7583688],[90.3862502,23.7583672],[90.3862521,23.7582999],[90.3863203,23.7583016],[90.3863184,23.7583688]]]},"properties":{"sources":[{"property":"","dataset":"OpenStreetMap","license":"ODbL-1.0","record_id":"w736715946@1","update_time":"2019-10-19T07:46:42.000Z","confidence":null,"between":null,"provider":"osm","resource":"planet","version":"2026-09-06T00:00:00.000Z"}],"is_underground":false,"subtype":"civic","class":"public","has_parts":false,"version":1}},
{"id":"080a326f-29ac-4a8c-97c0-1494861b7867","type":"Feature","geometry":{"type":"Polygon","coordinates":[[[90.3863975,23.7583858],[90.3863471,23.758385],[90.3863486,23.7583073],[90.386399,23.7583081],[90.3863975,23.7583858]]]},"properties":{"sources":[{"property":"","dataset":"OpenStreetMap","license":"ODbL-1.0","record_id":"w736715945@1","update_time":"2019-10-19T07:46:42.000Z","confidence":null,"between":null,"provider":"osm","resource":"planet","version":"2026-09-06T00:00:00.000Z"}],"is_underground":false,"subtype":"religious","class":"mosque","has_parts":false,"version":1}},
{"id":"802b9105-7474-4e77-8f9b-1e598f499964","type":"Feature","geometry":{"type":"Polygon","coordinates":[[[90.3865787,23.7580578],[90.3865465,23.7580578],[90.3865474,23.7579191],[90.3865817,23.7579196],[90.3865821,23.7579198],[90.3865819,23.7579481],[90.3866069,23.7579482],[90.3866062,23.7580363],[90.386606,23.7580372],[90.3865787,23.7580372],[90.3865787,23.7580578]]]},"properties":{"sources":[{"property":"","dataset":"OpenStreetMap","license":"ODbL-1.0","record_id":"w297123408@3","update_time":"2019-10-20T09:26:50.000Z","confidence":null,"between":null,"provider":"osm","resource":"planet","version":"2026-09-06T00:00:00.000Z"}],"is_underground":false,"subtype":"commercial","class":"commercial","has_parts":false,"version":1}},
{"id":"875f855c-5926-413e-a549-3f572682ab3d","type":"Feature","geometry":{"type":"Polygon","coordinates":[[[90.3861663,23.758017],[90.3860423,23.758025],[90.3860223,23.7577657],[90.3861463,23.7577577],[90.3861663,23.758017]]]},"properties":{"names":{"primary":"Kutub BAG","common":null,"rules":null},"sources":[{"property":"","dataset":"OpenStreetMap","license":"ODbL-1.0","record_id":"w297124001@3","update_time":"2019-10-22T06:28:31.000Z","confidence":null,"between":null,"provider":"osm","resource":"planet","version":"2026-09-06T00:00:00.000Z"}],"is_underground":false,"num_floors":8,"subtype":"commercial","class":"commercial","has_parts":false,"version":1}},
{"id":"889ce7f5-ac95-4017-8248-ec7efd75e260","type":"Feature","geometry":{"type":"Polygon","coordinates":[[[90.3863178,23.7576647],[90.3862046,23.7576724],[90.3861979,23.7575897],[90.3863111,23.7575821],[90.3863178,23.7576647]]]},"properties":{"sources":[{"property":"","dataset":"OpenStreetMap","license":"ODbL-1.0","record_id":"w1447459415@1","update_time":"2025-11-04T15:58:37.000Z","confidence":null,"between":null,"provider":"osm","resource":"planet","version":"2026-09-06T00:00:00.000Z"}],"is_underground":false,"has_parts":false,"version":2}},
{"id":"2c07fc7d-68e0-4c60-8120-61362d607e9f","type":"Feature","geometry":{"type":"Polygon","coordinates":[[[90.3865044,23.7576066],[90.386414,23.7576198],[90.3864057,23.7575722],[90.3863768,23.7575765],[90.386365,23.7575089],[90.3863939,23.7575047],[90.3863845,23.7574504],[90.3864749,23.7574372],[90.3865044,23.7576066]]]},"properties":{"sources":[{"property":"","dataset":"OpenStreetMap","license":"ODbL-1.0","record_id":"w499827190@1","update_time":"2021-11-03T12:41:46.000Z","confidence":null,"between":null,"provider":"osm","resource":"planet","version":"2026-09-06T00:00:00.000Z"}],"is_underground":false,"has_parts":false,"version":1}},
{"id":"6d87da9a-5101-4af8-a496-dc74c57cb236","type":"Feature","geometry":{"type":"Polygon","coordinates":[[[90.3864967,23.7580779],[90.3862252,23.7580874],[90.3862093,23.7577047],[90.3864808,23.7576952],[90.3864967,23.7580779]]]},"properties":{"sources":[{"property":"","dataset":"OpenStreetMap","license":"ODbL-1.0","record_id":"w297124295@2","update_time":"2022-07-28T07:18:12.000Z","confidence":null,"between":null,"provider":"osm","resource":"planet","version":"2026-09-06T00:00:00.000Z"}],"is_underground":false,"subtype":"commercial","class":"commercial","has_parts":false,"version":1}},
{"id":"3effb339-99c6-4a0a-9efd-bc88f6a23268","type":"Feature","geometry":{"type":"Polygon","coordinates":[[[90.3866043,23.7579094],[90.3865453,23.7579104],[90.3865445,23.7578712],[90.3866034,23.7578701],[90.3866043,23.7579094]]]},"properties":{"sources":[{"property":"","dataset":"OpenStreetMap","license":"ODbL-1.0","record_id":"w1431530870@1","update_time":"2025-09-20T16:34:26.000Z","confidence":null,"between":null,"provider":"osm","resource":"planet","version":"2026-09-06T00:00:00.000Z"}],"is_underground":false,"has_parts":false,"version":1}},
{"id":"f3e26cdb-a4c1-4eed-a685-ce049c9f196f","type":"Feature","geometry":{"type":"Polygon","coordinates":[[[90.3863968,23.7573024],[90.3862888,23.7572998],[90.3862949,23.7570897],[90.3864028,23.7570923],[90.3863968,23.7573024]]]},"properties":{"sources":[{"property":"","dataset":"OpenStreetMap","license":"ODbL-1.0","record_id":"w499827141@1","update_time":"2017-06-12T08:19:16.000Z","confidence":null,"between":null,"provider":"osm","resource":"planet","version":"2026-09-06T00:00:00.000Z"}],"is_underground":false,"has_parts":false,"version":1}},
{"id":"99ccf824-298d-4a1f-8ba5-bbb91d009138","type":"Feature","geometry":{"type":"Polygon","coordinates":[[[90.3866218,23.7572095],[90.3864531,23.7572309],[90.3864358,23.7571444],[90.3866056,23.7571388],[90.3866218,23.7572095]]]},"properties":{"sources":[{"property":"","dataset":"OpenStreetMap","license":"ODbL-1.0","record_id":"w998739920@1","update_time":"2021-11-03T12:41:46.000Z","confidence":null,"between":null,"provider":"osm","resource":"planet","version":"2026-09-06T00:00:00.000Z"}],"is_underground":false,"has_parts":false,"version":1}},
{"id":"0cca5259-720e-4f4a-a499-db151f958309","type":"Feature","geometry":{"type":"Polygon","coordinates":[[[90.38641,23.7571157],[90.3864142,23.756969],[90.3865432,23.7569722],[90.386539,23.7571188],[90.38641,23.7571157]]]},"properties":{"sources":[{"property":"","dataset":"OpenStreetMap","license":"ODbL-1.0","record_id":"w499827151@1","update_time":"2021-11-03T12:41:46.000Z","confidence":null,"between":null,"provider":"osm","resource":"planet","version":"2026-09-06T00:00:00.000Z"}],"is_underground":false,"has_parts":false,"version":1}},
{"id":"a3db74c9-0683-4388-a18a-20733bc696ca","type":"Feature","geometry":{"type":"Polygon","coordinates":[[[90.3861693,23.7570534],[90.3862723,23.7570526],[90.3862627,23.7573118],[90.3861541,23.7573202],[90.3861594,23.7571906],[90.3861693,23.7570534]]]},"properties":{"sources":[{"property":"","dataset":"OpenStreetMap","license":"ODbL-1.0","record_id":"w448759792@1","update_time":"2017-06-12T08:19:25.000Z","confidence":null,"between":null,"provider":"osm","resource":"planet","version":"2026-09-06T00:00:00.000Z"}],"is_underground":false,"has_parts":false,"version":1}},
{"id":"a58f6f63-13fe-4211-ba4c-580447a938ea","type":"Feature","geometry":{"type":"Polygon","coordinates":[[[90.3861757,23.7573358],[90.3864581,23.7573017],[90.3864743,23.7574144],[90.3861919,23.7574484],[90.3861757,23.7573358]]]},"properties":{"sources":[{"property":"","dataset":"OpenStreetMap","license":"ODbL-1.0","record_id":"w448760033@1","update_time":"2017-06-12T11:41:04.000Z","confidence":null,"between":null,"provider":"osm","resource":"planet","version":"2026-09-06T00:00:00.000Z"}],"is_underground":false,"has_parts":false,"version":1}},
{"id":"68b50804-0d76-4cfe-809d-4b0ed51cd91b","type":"Feature","geometry":{"type":"Polygon","coordinates":[[[90.3863151,23.757561],[90.3862118,23.757561],[90.3862118,23.7574616],[90.3863151,23.7574616],[90.3863151,23.757561]]]},"properties":{"sources":[{"property":"","dataset":"OpenStreetMap","license":"ODbL-1.0","record_id":"w499827103@1","update_time":"2021-11-03T12:41:46.000Z","confidence":null,"between":null,"provider":"osm","resource":"planet","version":"2026-09-06T00:00:00.000Z"}],"is_underground":false,"has_parts":false,"version":1}},
{"id":"9b8f3093-6830-4d81-9d69-bad60068b2c8","type":"Feature","geometry":{"type":"Polygon","coordinates":[[[90.3861325,23.757476],[90.3859433,23.7574909],[90.3859223,23.7573798],[90.3861126,23.7573616],[90.3861325,23.757476]]]},"properties":{"sources":[{"property":"","dataset":"OpenStreetMap","license":"ODbL-1.0","record_id":"w998739922@1","update_time":"2021-11-03T12:41:46.000Z","confidence":null,"between":null,"provider":"osm","resource":"planet","version":"2026-09-06T00:00:00.000Z"}],"is_underground":false,"has_parts":false,"version":1}},
{"id":"5884ded5-af0e-4a9b-b94b-41b35fb7a109","type":"Feature","geometry":{"type":"Polygon","coordinates":[[[90.3859992,23.7573516],[90.385857,23.7573602],[90.3858447,23.7571903],[90.3859869,23.7571817],[90.3859992,23.7573516]]]},"properties":{"sources":[{"property":"","dataset":"OpenStreetMap","license":"ODbL-1.0","record_id":"w499827131@1","update_time":"2017-06-12T08:19:16.000Z","confidence":null,"between":null,"provider":"osm","resource":"planet","version":"2026-09-06T00:00:00.000Z"}],"is_underground":false,"has_parts":false,"version":1}},
{"id":"b6f14464-614f-4db8-9bd4-ef127946207e","type":"Feature","geometry":{"type":"Polygon","coordinates":[[[90.3861321,23.7573543],[90.3860062,23.7573577],[90.3860004,23.7571811],[90.3861264,23.7571777],[90.3861321,23.7573543]]]},"properties":{"sources":[{"property":"","dataset":"Microsoft ML Buildings","license":"ODbL-1.0","record_id":null,"update_time":null,"confidence":null,"between":null,"provider":"microsoft","resource":"ml_buildings","version":"2026-08-11"}],"is_underground":false,"has_parts":false,"version":4}},
{"id":"13ce99e2-9515-4896-a5d9-029862d1e4d7","type":"Feature","geometry":{"type":"Polygon","coordinates":[[[90.3860957,23.7571569],[90.385979,23.7571577],[90.385978,23.7570383],[90.3860947,23.7570375],[90.3860957,23.7571569]]]},"properties":{"sources":[{"property":"","dataset":"OpenStreetMap","license":"ODbL-1.0","record_id":"w499827101@1","update_time":"2017-06-12T08:19:14.000Z","confidence":null,"between":null,"provider":"osm","resource":"planet","version":"2026-09-06T00:00:00.000Z"}],"is_underground":false,"has_parts":false,"version":1}},
{"id":"515d56d9-d295-4079-8095-3f38e5e1fad3","type":"Feature","geometry":{"type":"Polygon","coordinates":[[[90.3858932,23.757143],[90.3857551,23.7571479],[90.3857444,23.7568962],[90.3858498,23.7568925],[90.3858547,23.7570078],[90.3858875,23.7570066],[90.3858932,23.757143]]]},"properties":{"sources":[{"property":"","dataset":"OpenStreetMap","license":"ODbL-1.0","record_id":"w499827173@2","update_time":"2023-04-12T16:54:43.000Z","confidence":null,"between":null,"provider":"osm","resource":"planet","version":"2026-09-06T00:00:00.000Z"}],"is_underground":false,"has_parts":false,"version":1}},
{"id":"a8ad999e-177d-4af0-8b5c-191c81ccd7f4","type":"Feature","geometry":{"type":"Polygon","coordinates":[[[90.3856983,23.7571742],[90.3855467,23.7571767],[90.3855441,23.7570822],[90.3856916,23.7570822],[90.3856983,23.7571742]]]},"properties":{"sources":[{"property":"","dataset":"OpenStreetMap","license":"ODbL-1.0","record_id":"w998739919@1","update_time":"2021-11-03T12:41:46.000Z","confidence":null,"between":null,"provider":"osm","resource":"planet","version":"2026-09-06T00:00:00.000Z"}],"is_underground":false,"has_parts":false,"version":1}},
{"id":"0e2cf046-2d26-406b-bde4-40abd58895c0","type":"Feature","geometry":{"type":"Polygon","coordinates":[[[90.3857227,23.7573364],[90.385524,23.7573355],[90.3855246,23.7572257],[90.3857233,23.7572266],[90.3857227,23.7573364]]]},"properties":{"sources":[{"property":"","dataset":"OpenStreetMap","license":"ODbL-1.0","record_id":"w499827135@1","update_time":"2017-06-12T08:19:16.000Z","confidence":null,"between":null,"provider":"osm","resource":"planet","version":"2026-09-06T00:00:00.000Z"}],"is_underground":false,"has_parts":false,"version":1}},
{"id":"d9c3687e-9a2d-498c-85db-0b87a10be420","type":"Feature","geometry":{"type":"Polygon","coordinates":[[[90.3858428,23.7573454],[90.385739,23.7573516],[90.3857304,23.7572327],[90.3858342,23.7572264],[90.3858428,23.7573454]]]},"properties":{"sources":[{"property":"","dataset":"OpenStreetMap","license":"ODbL-1.0","record_id":"w499827102@1","update_time":"2017-06-12T08:19:14.000Z","confidence":null,"between":null,"provider":"osm","resource":"planet","version":"2026-09-06T00:00:00.000Z"}],"is_underground":false,"has_parts":false,"version":1}},
{"id":"112d6a4a-79aa-4be4-b5d5-61c98833aedc","type":"Feature","geometry":{"type":"Polygon","coordinates":[[[90.3855298,23.7574338],[90.3855432,23.7573798],[90.3858302,23.7573528],[90.3858584,23.7573774],[90.3858597,23.757521],[90.3857672,23.7575222],[90.3857632,23.7574424],[90.385676,23.7574461],[90.3856733,23.7575026],[90.3855714,23.7574915],[90.3855767,23.7574363],[90.3855298,23.7574338]]]},"properties":{"sources":[{"property":"","dataset":"OpenStreetMap","license":"ODbL-1.0","record_id":"w499827097@1","update_time":"2019-10-20T09:26:49.000Z","confidence":null,"between":null,"provider":"osm","resource":"planet","version":"2026-09-06T00:00:00.000Z"}],"is_underground":false,"has_parts":false,"version":1}},
{"id":"5a0ed1c2-965d-4d3f-a670-9a7df7bb21fc","type":"Feature","geometry":{"type":"Polygon","coordinates":[[[90.3856811,23.7575316],[90.3856784,23.7574498],[90.3857593,23.7574467],[90.385762,23.7575288],[90.3856811,23.7575316]]]},"properties":{"sources":[{"property":"","dataset":"OpenStreetMap","license":"ODbL-1.0","record_id":"w1431057614@1","update_time":"2025-09-19T00:38:34.000Z","confidence":null,"between":null,"provider":"osm","resource":"planet","version":"2026-09-06T00:00:00.000Z"}],"is_underground":false,"subtype":"residential","class":"house","has_parts":false,"version":1}},
{"id":"e1b8fdba-66e6-48fc-8a85-b90eb46cb088","type":"Feature","geometry":{"type":"Polygon","coordinates":[[[90.3857049,23.7579885],[90.3854778,23.7579805],[90.3854962,23.7575442],[90.3856866,23.7575509],[90.3856748,23.7578307],[90.3857115,23.757832],[90.3857049,23.7579885]]]},"properties":{"sources":[{"property":"","dataset":"OpenStreetMap","license":"ODbL-1.0","record_id":"w499827197@5","update_time":"2020-07-13T16:27:06.000Z","confidence":null,"between":null,"provider":"osm","resource":"planet","version":"2026-09-06T00:00:00.000Z"}],"is_underground":false,"num_floors":4,"subtype":"residential","class":"apartments","has_parts":false,"version":1}},
{"id":"8d6e1444-7ac4-4f11-abe3-3e568d4f950f","type":"Feature","geometry":{"type":"Polygon","coordinates":[[[90.3858995,23.7577445],[90.3856978,23.7577465],[90.3856956,23.7575665],[90.3857812,23.7575656],[90.3857821,23.7576426],[90.3858983,23.7576414],[90.3858995,23.7577445]]]},"properties":{"sources":[{"property":"","dataset":"OpenStreetMap","license":"ODbL-1.0","record_id":"w499827188@2","update_time":"2019-10-22T06:28:31.000Z","confidence":null,"between":null,"provider":"osm","resource":"planet","version":"2026-09-06T00:00:00.000Z"}],"is_underground":false,"has_parts":false,"version":1}},
{"id":"25ea7e47-525b-4927-adf1-54b7c2ecadc7","type":"Feature","geometry":{"type":"Polygon","coordinates":[[[90.3858732,23.7576243],[90.3858076,23.7576255],[90.3858056,23.7575342],[90.3858712,23.757533],[90.3858732,23.7576243]]]},"properties":{"sources":[{"property":"","dataset":"OpenStreetMap","license":"ODbL-1.0","record_id":"w1431530861@1","update_time":"2025-09-20T16:34:26.000Z","confidence":null,"between":null,"provider":"osm","resource":"planet","version":"2026-09-06T00:00:00.000Z"}],"is_underground":false,"has_parts":false,"version":1}},
{"id":"d2927013-c01b-46db-b2d7-614a2c4cd62a","type":"Feature","geometry":{"type":"Polygon","coordinates":[[[90.3859039,23.7576594],[90.3859012,23.7575776],[90.3859821,23.7575744],[90.3859848,23.7576566],[90.3859039,23.7576594]]]},"properties":{"sources":[{"property":"","dataset":"OpenStreetMap","license":"ODbL-1.0","record_id":"w1431057616@1","update_time":"2025-09-19T00:38:34.000Z","confidence":null,"between":null,"provider":"osm","resource":"planet","version":"2026-09-06T00:00:00.000Z"}],"is_underground":false,"subtype":"residential","class":"house","has_parts":false,"version":1}},
{"id":"6d88c64e-caa7-4649-8e3a-91142406a441","type":"Feature","geometry":{"type":"Polygon","coordinates":[[[90.3861276,23.7577413],[90.3860355,23.757745],[90.386024,23.7575069],[90.3861161,23.7575032],[90.3861276,23.7577413]]]},"properties":{"sources":[{"property":"","dataset":"OpenStreetMap","license":"ODbL-1.0","record_id":"w297124294@2","update_time":"2025-10-04T20:36:03.000Z","confidence":null,"between":null,"provider":"osm","resource":"planet","version":"2026-09-06T00:00:00.000Z"}],"is_underground":false,"has_parts":false,"version":1}},
{"id":"cd39735f-afdb-4217-bd63-18415cae1a62","type":"Feature","geometry":{"type":"Polygon","coordinates":[[[90.3859085,23.7577465],[90.3859058,23.7576647],[90.3859867,23.7576615],[90.3859894,23.7577436],[90.3859085,23.7577465]]]},"properties":{"sources":[{"property":"","dataset":"OpenStreetMap","license":"ODbL-1.0","record_id":"w1431057615@1","update_time":"2025-09-19T00:38:34.000Z","confidence":null,"between":null,"provider":"osm","resource":"planet","version":"2026-09-06T00:00:00.000Z"}],"is_underground":false,"subtype":"residential","class":"house","has_parts":false,"version":1}},
{"id":"8ca5a1ba-9fd7-428e-ab37-57dc09ce489d","type":"Feature","geometry":{"type":"Polygon","coordinates":[[[90.3860068,23.7578736],[90.3859605,23.7578749],[90.3859568,23.7577636],[90.3860031,23.7577623],[90.3860068,23.7578736]]]},"properties":{"sources":[{"property":"","dataset":"OpenStreetMap","license":"ODbL-1.0","record_id":"w1430932316@1","update_time":"2025-09-18T16:51:44.000Z","confidence":null,"between":null,"provider":"osm","resource":"planet","version":"2026-09-06T00:00:00.000Z"}],"is_underground":false,"has_parts":false,"version":1}},
{"id":"491591b9-951f-4a54-bf05-d9b5d1bc7c1f","type":"Feature","geometry":{"type":"Polygon","coordinates":[[[90.3859465,23.7580092],[90.3857631,23.7580074],[90.3857657,23.7577894],[90.3859491,23.7577912],[90.3859465,23.7580092]]]},"properties":{"names":{"primary":"Janani","common":null,"rules":null},"sources":[{"property":"","dataset":"OpenStreetMap","license":"ODbL-1.0","record_id":"w297124293@3","update_time":"2020-07-13T16:27:06.000Z","confidence":null,"between":null,"provider":"osm","resource":"planet","version":"2026-09-06T00:00:00.000Z"}],"is_underground":false,"num_floors":9,"subtype":"residential","class":"apartments","has_parts":false,"version":1}},
{"id":"22f9d003-e527-4589-b7af-f95989c5634b","type":"Feature","geometry":{"type":"Polygon","coordinates":[[[90.3860272,23.7580105],[90.3859553,23.7580106],[90.3859568,23.757898],[90.3860231,23.7578951],[90.3860272,23.7580105]]]},"properties":{"sources":[{"property":"","dataset":"OpenStreetMap","license":"ODbL-1.0","record_id":"w825904587@1","update_time":"2020-07-13T16:27:06.000Z","confidence":null,"between":null,"provider":"osm","resource":"planet","version":"2026-09-06T00:00:00.000Z"}],"is_underground":false,"num_floors":3,"subtype":"residential","class":"residential","has_parts":false,"version":1}},
{"id":"788e6bec-11f8-47d0-b6bc-8a6dce1a1f66","type":"Feature","geometry":{"type":"Polygon","coordinates":[[[90.3860367,23.7580527],[90.3859551,23.7580544],[90.3859542,23.7580189],[90.3860358,23.7580172],[90.3860367,23.7580527]]]},"properties":{"sources":[{"property":"","dataset":"OpenStreetMap","license":"ODbL-1.0","record_id":"w1431528553@1","update_time":"2025-09-20T16:21:29.000Z","confidence":null,"between":null,"provider":"osm","resource":"planet","version":"2026-09-06T00:00:00.000Z"}],"is_underground":false,"subtype":"residential","class":"house","has_parts":false,"version":1}},
{"id":"8e33845f-1e6f-4006-bb1d-94732818614d","type":"Feature","geometry":{"type":"Polygon","coordinates":[[[90.3857888,23.758324000000002],[90.3855688,23.7582903],[90.3855827,23.7582138],[90.3858028,23.7582475],[90.3857888,23.758324000000002]]]},"properties":{"sources":[{"property":"","dataset":"OpenStreetMap","license":"ODbL-1.0","record_id":"w736708042@1","update_time":"2019-10-19T06:48:39.000Z","confidence":null,"between":null,"provider":"osm","resource":"planet","version":"2026-09-06T00:00:00.000Z"}],"is_underground":false,"has_parts":false,"version":1}},
{"id":"8267f510-5105-4b90-97d0-40aac12c42ac","type":"Feature","geometry":{"type":"Polygon","coordinates":[[[90.3855583,23.758286],[90.3854503,23.7582705],[90.3854621,23.7582011],[90.3855701,23.7582166],[90.3855583,23.758286]]]},"properties":{"sources":[{"property":"","dataset":"OpenStreetMap","license":"ODbL-1.0","record_id":"w736715935@1","update_time":"2019-10-19T07:46:42.000Z","confidence":null,"between":null,"provider":"osm","resource":"planet","version":"2026-09-06T00:00:00.000Z"}],"is_underground":false,"has_parts":false,"version":1}},
{"id":"6b19db4e-cddd-49b0-80f1-2e8f063bfb3d","type":"Feature","geometry":{"type":"Polygon","coordinates":[[[90.3854162,23.7582847],[90.3852922,23.7582786],[90.3852972,23.7581926],[90.3854212,23.7581986],[90.3854162,23.7582847]]]},"properties":{"sources":[{"property":"","dataset":"OpenStreetMap","license":"ODbL-1.0","record_id":"w736708041@1","update_time":"2019-10-19T06:48:39.000Z","confidence":null,"between":null,"provider":"osm","resource":"planet","version":"2026-09-06T00:00:00.000Z"}],"is_underground":false,"has_parts":false,"version":1}},
{"id":"9c2bb6c0-8630-4895-b2dc-5b43594baafe","type":"Feature","geometry":{"type":"Polygon","coordinates":[[[90.3853547,23.7579942],[90.385352,23.7579124],[90.3854329,23.7579092],[90.3854356,23.7579914],[90.3853547,23.7579942]]]},"properties":{"sources":[{"property":"","dataset":"OpenStreetMap","license":"ODbL-1.0","record_id":"w1431528537@1","update_time":"2025-09-20T16:21:29.000Z","confidence":null,"between":null,"provider":"osm","resource":"planet","version":"2026-09-06T00:00:00.000Z"}],"is_underground":false,"subtype":"residential","class":"house","has_parts":false,"version":1}},
{"id":"3eed2bde-3674-418b-bda6-86d3fb7cdf1f","type":"Feature","geometry":{"type":"Polygon","coordinates":[[[90.3851971,23.7578684],[90.3852436,23.7578715],[90.3852397,23.7579218],[90.3851931,23.7579188],[90.3851971,23.7578684]]]},"properties":{"sources":[{"property":"","dataset":"Google Open Buildings","license":null,"record_id":"7MMGQ95P+534X","update_time":"2023-05-01T00:00:00.000Z","confidence":0.7675,"between":null,"provider":"google","resource":"open_buildings","version":"2024-04-16"}],"is_underground":false,"has_parts":false,"version":1}},
{"id":"d200903d-48b1-4434-8581-5df020b0ed12","type":"Feature","geometry":{"type":"Polygon","coordinates":[[[90.3854157,23.757851],[90.384963,23.7578408],[90.3849716,23.7575091],[90.385423,23.7575189],[90.3854157,23.757851]],[[90.3852905,23.7577449],[90.3852926,23.7576629],[90.3851267,23.7576593],[90.3851281,23.7576038],[90.3851021,23.7576033],[90.3850986,23.7577408],[90.3852905,23.7577449]]]},"properties":{"names":{"primary":"Dhanshiri","common":null,"rules":null},"sources":[{"property":"","dataset":"OpenStreetMap","license":"ODbL-1.0","record_id":"r10180093@1","update_time":"2019-10-22T06:28:31.000Z","confidence":null,"between":null,"provider":"osm","resource":"planet","version":"2026-09-06T00:00:00.000Z"}],"is_underground":false,"num_floors":8,"subtype":"residential","class":"apartments","has_parts":false,"version":2}},
{"id":"e24320d5-c2f9-476a-90fc-839939417cda","type":"Feature","geometry":{"type":"Polygon","coordinates":[[[90.3848623,23.7579501],[90.3845296,23.7579501],[90.3845296,23.7577502],[90.3847503,23.7577502],[90.3847503,23.7578389],[90.3848623,23.7578389],[90.3848623,23.7579501]]]},"properties":{"names":{"primary":"Kalindi","common":null,"rules":null},"sources":[{"property":"","dataset":"OpenStreetMap","license":"ODbL-1.0","record_id":"w501358291@3","update_time":"2020-07-13T16:27:06.000Z","confidence":null,"between":null,"provider":"osm","resource":"planet","version":"2026-09-06T00:00:00.000Z"}],"height":15.0,"is_underground":false,"num_floors":5,"subtype":"industrial","class":"industrial","has_parts":false,"version":1}},
{"id":"ebd0519a-3b62-44b4-ab58-ca66c44c1bd2","type":"Feature","geometry":{"type":"Polygon","coordinates":[[[90.384586,23.7575919],[90.3845869,23.7575401],[90.3846326,23.7575407],[90.3846319,23.7575849],[90.384817,23.7575874],[90.3848178,23.7575389],[90.3848698,23.7575396],[90.384867,23.7577144],[90.3845317,23.7577098],[90.3845336,23.7575911],[90.384586,23.7575919]]]},"properties":{"sources":[{"property":"","dataset":"OpenStreetMap","license":"ODbL-1.0","record_id":"w297124374@3","update_time":"2019-10-20T10:20:40.000Z","confidence":null,"between":null,"provider":"osm","resource":"planet","version":"2026-09-06T00:00:00.000Z"}],"is_underground":false,"has_parts":false,"version":1}},
{"id":"d27fac00-5773-4802-9ff5-f8d3435c883a","type":"Feature","geometry":{"type":"Polygon","coordinates":[[[90.3848863,23.7578091],[90.3847974,23.7578093],[90.3847972,23.7577355],[90.3848861,23.7577353],[90.3848863,23.7578091]]]},"properties":{"sources":[{"property":"","dataset":"OpenStreetMap","license":"ODbL-1.0","record_id":"w1447459417@1","update_time":"2025-11-04T15:58:37.000Z","confidence":null,"between":null,"provider":"osm","resource":"planet","version":"2026-09-06T00:00:00.000Z"}],"is_underground":false,"has_parts":false,"version":2}},
{"id":"e4388093-3afb-439d-925c-9cab956ee4a8","type":"Feature","geometry":{"type":"Polygon","coordinates":[[[90.3850671,23.757385],[90.3849899,23.7573925],[90.3849775,23.7572859],[90.3850547,23.7572784],[90.3850671,23.757385]]]},"properties":{"sources":[{"property":"","dataset":"OpenStreetMap","license":"ODbL-1.0","record_id":"w1447459407@1","update_time":"2025-11-04T15:58:37.000Z","confidence":null,"between":null,"provider":"osm","resource":"planet","version":"2026-09-06T00:00:00.000Z"}],"is_underground":false,"has_parts":false,"version":2}},
{"id":"e0d29df6-1c4e-4f9b-8c33-b448d04816ac","type":"Feature","geometry":{"type":"Polygon","coordinates":[[[90.3846092,23.7575221],[90.3846077,23.7575221],[90.3846086,23.7574621],[90.3845744,23.7574617],[90.3845768,23.757291],[90.3846201,23.7572915],[90.3846208,23.7572423],[90.3848533,23.757245],[90.3848526,23.7572962],[90.384894,23.7572967],[90.3848918,23.7574603],[90.3848478,23.7574598],[90.3848469,23.7575248],[90.3846092,23.7575221]]]},"properties":{"names":{"primary":"Kalindi Appartments","common":null,"rules":null},"sources":[{"property":"","dataset":"OpenStreetMap","license":"ODbL-1.0","record_id":"w297124431@3","update_time":"2019-10-20T10:20:40.000Z","confidence":null,"between":null,"provider":"osm","resource":"planet","version":"2026-09-06T00:00:00.000Z"}],"is_underground":false,"subtype":"residential","class":"apartments","has_parts":false,"version":1}},
{"id":"eb5d5ceb-9cd7-46a2-9377-78cf0e39081e","type":"Feature","geometry":{"type":"Polygon","coordinates":[[[90.3845929,23.7572215],[90.384529,23.7572211],[90.38453,23.7570722],[90.3848993,23.7570743],[90.3848989,23.7571385],[90.3848809,23.7571384],[90.3848806,23.7571771],[90.3848677,23.7571771],[90.3848674,23.7572085],[90.3848494,23.7572084],[90.3848491,23.7572415],[90.3848058,23.7572412],[90.3848061,23.7571858],[90.3847724,23.7571856],[90.3847726,23.7571583],[90.3847348,23.7571581],[90.384735,23.7571244],[90.3847159,23.7571243],[90.384716,23.7571121],[90.3846656,23.7571118],[90.3846654,23.7571515],[90.3846268,23.7571513],[90.3846267,23.7571706],[90.3845932,23.7571704],[90.3845929,23.7572215]]]},"properties":{"sources":[{"property":"","dataset":"OpenStreetMap","license":"ODbL-1.0","record_id":"w297124491@4","update_time":"2019-10-20T10:20:41.000Z","confidence":null,"between":null,"provider":"osm","resource":"planet","version":"2026-09-06T00:00:00.000Z"}],"is_underground":false,"subtype":"residential","class":"residential","has_parts":false,"version":1}},
{"id":"3f3cc442-4314-4ecd-ad6c-0f2304533d42","type":"Feature","geometry":{"type":"Polygon","coordinates":[[[90.3851562,23.7571222],[90.3850762,23.7571175],[90.3850915,23.7568986],[90.3852991,23.7569108],[90.3852932,23.756995],[90.3851656,23.7569876],[90.3851562,23.7571222]]]},"properties":{"sources":[{"property":"","dataset":"OpenStreetMap","license":"ODbL-1.0","record_id":"w501352609@1","update_time":"2017-06-18T09:38:01.000Z","confidence":null,"between":null,"provider":"osm","resource":"planet","version":"2026-09-06T00:00:00.000Z"}],"is_underground":false,"has_parts":false,"version":1}},
{"id":"c30adb73-b407-4e23-ab9c-74db234f068e","type":"Feature","geometry":{"type":"Polygon","coordinates":[[[90.3851507,23.7574871],[90.385033,23.7574775],[90.3850385,23.7574209],[90.3851357,23.7574288],[90.3851507,23.7574871]]]},"properties":{"sources":[{"property":"","dataset":"OpenStreetMap","license":"ODbL-1.0","record_id":"w1447459410@1","update_time":"2025-11-04T15:58:37.000Z","confidence":null,"between":null,"provider":"osm","resource":"planet","version":"2026-09-06T00:00:00.000Z"}],"is_underground":false,"has_parts":false,"version":2}},
{"id":"f5061c19-805b-46ff-b5db-66634c6f8136","type":"Feature","geometry":{"type":"Polygon","coordinates":[[[90.3855677,23.757534],[90.3855021,23.7575352],[90.3855001,23.7574439],[90.3855657,23.7574427],[90.3855677,23.757534]]]},"properties":{"sources":[{"property":"","dataset":"OpenStreetMap","license":"ODbL-1.0","record_id":"w1453373247@1","update_time":"2025-11-24T16:58:55.000Z","confidence":null,"between":null,"provider":"osm","resource":"planet","version":"2026-09-06T00:00:00.000Z"}],"is_underground":false,"has_parts":false,"version":2}},
{"id":"e1814505-a2c0-4df6-be7a-f1b2e5db0d10","type":"Feature","geometry":{"type":"Polygon","coordinates":[[[90.3855062,23.7571273],[90.3854206,23.7571186],[90.3854325,23.7570213],[90.3855181,23.75703],[90.3855062,23.7571273]]]},"properties":{"sources":[{"property":"","dataset":"OpenStreetMap","license":"ODbL-1.0","record_id":"w1447459404@1","update_time":"2025-11-04T15:58:37.000Z","confidence":null,"between":null,"provider":"osm","resource":"planet","version":"2026-09-06T00:00:00.000Z"}],"is_underground":false,"has_parts":false,"version":2}},
{"id":"575ee8ec-df9a-4e1a-a379-ff4e81aaa38f","type":"Feature","geometry":{"type":"Polygon","coordinates":[[[90.3867487,23.7571818],[90.3866233,23.7571787],[90.3866254,23.7571082],[90.3866864,23.7571097],[90.3866853,23.7571476],[90.3867496,23.7571491],[90.3867487,23.7571818]]]},"properties":{"sources":[{"property":"","dataset":"OpenStreetMap","license":"ODbL-1.0","record_id":"w499827166@1","update_time":"2021-11-03T12:41:46.000Z","confidence":null,"between":null,"provider":"osm","resource":"planet","version":"2026-09-06T00:00:00.000Z"}],"is_underground":false,"has_parts":false,"version":1}},
{"id":"308b855f-9caa-4534-8ebb-0dfbc993b744","type":"Feature","geometry":{"type":"Polygon","coordinates":[[[90.3867686,23.7571369],[90.3867181,23.7571356],[90.3867195,23.7570862],[90.38677,23.7570875],[90.3867686,23.7571369]]]},"properties":{"sources":[{"property":"","dataset":"OpenStreetMap","license":"ODbL-1.0","record_id":"w499827119@1","update_time":"2021-11-03T12:41:46.000Z","confidence":null,"between":null,"provider":"osm","resource":"planet","version":"2026-09-06T00:00:00.000Z"}],"is_underground":false,"has_parts":false,"version":1}},
{"id":"80ddbd30-e924-4a54-8be4-b0ded7c98331","type":"Feature","geometry":{"type":"Polygon","coordinates":[[[90.3870058,23.7571696],[90.3869438,23.7571727],[90.3869398,23.7571052],[90.3870017,23.7571021],[90.3870058,23.7571696]]]},"properties":{"sources":[{"property":"","dataset":"OpenStreetMap","license":"ODbL-1.0","record_id":"w499794788@1","update_time":"2017-06-12T06:54:18.000Z","confidence":null,"between":null,"provider":"osm","resource":"planet","version":"2026-09-06T00:00:00.000Z"}],"is_underground":false,"has_parts":false,"version":1}},
{"id":"de1ca4bd-667b-4454-9cd3-a07f0bd334d1","type":"Feature","geometry":{"type":"Polygon","coordinates":[[[90.3868365,23.7571075],[90.3869142,23.7571041],[90.386918,23.7571772],[90.3868403,23.7571806],[90.3868365,23.7571075]]]},"properties":{"sources":[{"property":"","dataset":"OpenStreetMap","license":"ODbL-1.0","record_id":"w448759635@1","update_time":"2017-06-12T06:54:24.000Z","confidence":null,"between":null,"provider":"osm","resource":"planet","version":"2026-09-06T00:00:00.000Z"}],"is_underground":false,"has_parts":false,"version":1}},
{"id":"318466e8-6cf3-4ba2-8334-e8a0f8d85c3c","type":"Feature","geometry":{"type":"Polygon","coordinates":[[[90.3870349,23.7572986],[90.3868892,23.7573083],[90.3868802,23.7571952],[90.387026,23.7571856],[90.3870349,23.7572986]]]},"properties":{"sources":[{"property":"","dataset":"OpenStreetMap","license":"ODbL-1.0","record_id":"w499794802@1","update_time":"2021-11-03T12:41:46.000Z","confidence":null,"between":null,"provider":"osm","resource":"planet","version":"2026-09-06T00:00:00.000Z"}],"is_underground":false,"has_parts":false,"version":1}},
{"id":"4380283e-703f-4a96-94cc-79a9f5ab2658","type":"Feature","geometry":{"type":"Polygon","coordinates":[[[90.3870414,23.7574281],[90.3869458,23.7574444],[90.3869073,23.7573795],[90.3870273,23.757359],[90.3870414,23.7574281]]]},"properties":{"sources":[{"property":"","dataset":"OpenStreetMap","license":"ODbL-1.0","record_id":"w1447459409@1","update_time":"2025-11-04T15:58:37.000Z","confidence":null,"between":null,"provider":"osm","resource":"planet","version":"2026-09-06T00:00:00.000Z"}],"is_underground":false,"has_parts":false,"version":2}},
{"id":"dcb6e6cc-88ab-453b-aff0-db7147023ee5","type":"Feature","geometry":{"type":"Polygon","coordinates":[[[90.3868068,23.7573704],[90.3864958,23.7574076],[90.3864663,23.7572476],[90.3867814,23.7572095],[90.3868068,23.7573704]]]},"properties":{"sources":[{"property":"","dataset":"OpenStreetMap","license":"ODbL-1.0","record_id":"w998739921@1","update_time":"2021-11-03T12:41:46.000Z","confidence":null,"between":null,"provider":"osm","resource":"planet","version":"2026-09-06T00:00:00.000Z"}],"is_underground":false,"has_parts":false,"version":1}},
{"id":"098be6d8-3070-469d-a16d-46f790384bec","type":"Feature","geometry":{"type":"Polygon","coordinates":[[[90.3865467,23.7574286],[90.3867795,23.7574033],[90.3867919,23.7574983],[90.3865591,23.7575236],[90.3865467,23.7574286]]]},"properties":{"sources":[{"property":"","dataset":"OpenStreetMap","license":"ODbL-1.0","record_id":"w448759960@1","update_time":"2022-07-28T07:32:00.000Z","confidence":null,"between":null,"provider":"osm","resource":"planet","version":"2026-09-06T00:00:00.000Z"}],"is_underground":false,"has_parts":false,"version":1}},
{"id":"d5438348-0e2e-476f-8056-c296b6cab71f","type":"Feature","geometry":{"type":"Polygon","coordinates":[[[90.3866929,23.7576258],[90.3866144,23.7576285],[90.3866112,23.7575522],[90.3866566,23.7575506],[90.3866608,23.7575505],[90.3866629,23.7576012],[90.3866918,23.7576002],[90.3866929,23.7576258]]]},"properties":{"sources":[{"property":"","dataset":"OpenStreetMap","license":"ODbL-1.0","record_id":"w499827181@1","update_time":"2019-10-20T09:26:50.000Z","confidence":null,"between":null,"provider":"osm","resource":"planet","version":"2026-09-06T00:00:00.000Z"}],"is_underground":false,"has_parts":false,"version":1}},
{"id":"c0ff9500-9f22-4010-a6a0-b3188da26e06","type":"Feature","geometry":{"type":"Polygon","coordinates":[[[90.3867908,23.7575775],[90.3867928,23.7576254],[90.3867561,23.7576267],[90.3867546,23.7575901],[90.3867269,23.757591],[90.3867255,23.757558],[90.3866926,23.7575591],[90.3866909,23.7575174],[90.3867458,23.7575155],[90.386747,23.7575435],[90.3867687,23.7575428],[90.3867702,23.7575782],[90.3867908,23.7575775]]]},"properties":{"sources":[{"property":"","dataset":"OpenStreetMap","license":"ODbL-1.0","record_id":"w499827098@1","update_time":"2019-10-20T09:26:50.000Z","confidence":null,"between":null,"provider":"osm","resource":"planet","version":"2026-09-06T00:00:00.000Z"}],"is_underground":false,"has_parts":false,"version":1}},
{"id":"df3178c6-c81f-40f6-81f1-5804e1044add","type":"Feature","geometry":{"type":"Polygon","coordinates":[[[90.3868171,23.7576998],[90.3867186,23.7577008],[90.3867182,23.7576705],[90.3868168,23.7576695],[90.3868171,23.7576998]]]},"properties":{"sources":[{"property":"","dataset":"OpenStreetMap","license":"ODbL-1.0","record_id":"w1447459416@1","update_time":"2025-11-04T15:58:37.000Z","confidence":null,"between":null,"provider":"osm","resource":"planet","version":"2026-09-06T00:00:00.000Z"}],"is_underground":false,"has_parts":false,"version":2}},
{"id":"8c7a6293-bab5-4b1e-a7b5-a755c4a6a8c3","type":"Feature","geometry":{"type":"Polygon","coordinates":[[[90.3867942,23.7578589],[90.3867216,23.7578578],[90.3867241,23.7577198],[90.3867967,23.7577209],[90.3867954,23.7577946],[90.3868178,23.757795],[90.3868171,23.7578299],[90.3867947,23.7578296],[90.3867942,23.7578589]]]},"properties":{"sources":[{"property":"","dataset":"OpenStreetMap","license":"ODbL-1.0","record_id":"w499827182@1","update_time":"2019-10-20T09:26:50.000Z","confidence":null,"between":null,"provider":"osm","resource":"planet","version":"2026-09-06T00:00:00.000Z"}],"is_underground":false,"has_parts":false,"version":1}},
{"id":"31c55b26-a68c-40ec-a619-445f64a5041b","type":"Feature","geometry":{"type":"Polygon","coordinates":[[[90.3866932,23.7579237],[90.3866282,23.7579242],[90.3866278,23.7578672],[90.3866928,23.7578667],[90.3866932,23.7579237]]]},"properties":{"sources":[{"property":"","dataset":"OpenStreetMap","license":"ODbL-1.0","record_id":"w1447459419@1","update_time":"2025-11-04T15:58:37.000Z","confidence":null,"between":null,"provider":"osm","resource":"planet","version":"2026-09-06T00:00:00.000Z"}],"is_underground":false,"has_parts":false,"version":2}},
{"id":"40b4ac5f-48b0-48cd-97cf-b7304b499571","type":"Feature","geometry":{"type":"Polygon","coordinates":[[[90.3865445,23.7578603],[90.3865338,23.7577258],[90.3866624,23.7577173],[90.3866731,23.7578518],[90.3865445,23.7578603]]]},"properties":{"sources":[{"property":"","dataset":"OpenStreetMap","license":"ODbL-1.0","record_id":"w1105657087@1","update_time":"2022-10-20T23:45:49.000Z","confidence":null,"between":null,"provider":"osm","resource":"planet","version":"2026-09-06T00:00:00.000Z"}],"is_underground":false,"has_parts":false,"version":1}},
{"id":"697da3ad-b735-4317-9e0d-faa7f29366d0","type":"Feature","geometry":{"type":"Polygon","coordinates":[[[90.386637,23.7580622],[90.3866314,23.7579453],[90.3867078,23.7579423],[90.3867134,23.7580591],[90.386637,23.7580622]]]},"properties":{"sources":[{"property":"","dataset":"OpenStreetMap","license":"ODbL-1.0","record_id":"w297123399@3","update_time":"2019-10-20T09:26:50.000Z","confidence":null,"between":null,"provider":"osm","resource":"planet","version":"2026-09-06T00:00:00.000Z"}],"is_underground":false,"subtype":"commercial","class":"commercial","has_parts":false,"version":1}},
{"id":"9d338f54-ca91-49fd-a44d-b3bbc166db76","type":"Feature","geometry":{"type":"Polygon","coordinates":[[[90.3868817,23.7580623],[90.3867313,23.7580637],[90.3867298,23.7579236],[90.3868493,23.7579225],[90.3868502,23.7580014],[90.386881,23.7580011],[90.3868817,23.7580623]]]},"properties":{"sources":[{"property":"","dataset":"OpenStreetMap","license":"ODbL-1.0","record_id":"w297123240@4","update_time":"2019-10-20T09:26:50.000Z","confidence":null,"between":null,"provider":"osm","resource":"planet","version":"2026-09-06T00:00:00.000Z"}],"is_underground":false,"num_floors":5,"subtype":"commercial","class":"commercial","has_parts":false,"version":1}},
{"id":"61d16306-8696-4d00-8fed-44bd4627838a","type":"Feature","geometry":{"type":"Polygon","coordinates":[[[90.3870116,23.758081],[90.3869685,23.7580873],[90.3869641,23.758062],[90.3870072,23.7580556],[90.3870116,23.758081]]]},"properties":{"sources":[{"property":"","dataset":"OpenStreetMap","license":"ODbL-1.0","record_id":"w736976833@1","update_time":"2019-10-20T09:26:49.000Z","confidence":null,"between":null,"provider":"osm","resource":"planet","version":"2026-09-06T00:00:00.000Z"}],"is_underground":false,"has_parts":false,"version":1}},
{"id":"51b155f9-e1c3-487f-8a9f-0843c587161a","type":"Feature","geometry":{"type":"Polygon","coordinates":[[[90.3870551,23.758042],[90.3869827,23.7580544],[90.3869676,23.7579807],[90.3870399,23.7579682],[90.3870551,23.758042]]]},"properties":{"sources":[{"property":"","dataset":"OpenStreetMap","license":"ODbL-1.0","record_id":"w1431057621@1","update_time":"2025-09-19T00:38:34.000Z","confidence":null,"between":null,"provider":"osm","resource":"planet","version":"2026-09-06T00:00:00.000Z"}],"is_underground":false,"has_parts":false,"version":1}},
{"id":"2fead2a2-b005-497e-91f8-5aed2498323a","type":"Feature","geometry":{"type":"Polygon","coordinates":[[[90.3870277,23.7579658],[90.3869553,23.7579782],[90.3869402,23.7579045],[90.3870125,23.757892],[90.3870277,23.7579658]]]},"properties":{"sources":[{"property":"","dataset":"OpenStreetMap","license":"ODbL-1.0","record_id":"w499827129@1","update_time":"2019-10-22T06:25:45.000Z","confidence":null,"between":null,"provider":"osm","resource":"planet","version":"2026-09-06T00:00:00.000Z"}],"is_underground":false,"has_parts":false,"version":1}},
{"id":"5140e191-6081-46bd-badf-5cb77e8804d8","type":"Feature","geometry":{"type":"Polygon","coordinates":[[[90.3871906,23.7577139],[90.3872657,23.7580915],[90.3871007,23.758119],[90.3870501,23.7578648],[90.3869193,23.7578866],[90.3868947,23.7577631],[90.3871906,23.7577139]]]},"properties":{"sources":[{"property":"","dataset":"OpenStreetMap","license":"ODbL-1.0","record_id":"w297122957@2","update_time":"2019-10-22T06:25:45.000Z","confidence":null,"between":null,"provider":"osm","resource":"planet","version":"2026-09-06T00:00:00.000Z"}],"is_underground":false,"num_floors":9,"subtype":"commercial","class":"commercial","has_parts":false,"version":1}},
{"id":"6dc1d1a9-6702-4f20-8d57-0e12f875cee2","type":"Feature","geometry":{"type":"Polygon","coordinates":[[[90.3870774,23.7576449],[90.3869069,23.7576522],[90.3868994,23.7575052],[90.3870699,23.7574979],[90.3870774,23.7576449]]]},"properties":{"sources":[{"property":"","dataset":"OpenStreetMap","license":"ODbL-1.0","record_id":"w499855902@1","update_time":"2017-06-12T10:17:35.000Z","confidence":null,"between":null,"provider":"osm","resource":"planet","version":"2026-09-06T00:00:00.000Z"}],"is_underground":false,"has_parts":false,"version":1}},
{"id":"4485656b-3fce-42c9-8363-8c576a8c7fc2","type":"Feature","geometry":{"type":"Polygon","coordinates":[[[90.3871698,23.7575082],[90.3871848,23.7576424],[90.3870864,23.7576518],[90.3870714,23.7575175],[90.3871698,23.7575082]]]},"properties":{"sources":[{"property":"","dataset":"Google Open Buildings","license":null,"record_id":"7MMGQ95P+2VJ2","update_time":"2023-05-01T00:00:00.000Z","confidence":0.758,"between":null,"provider":"google","resource":"open_buildings","version":"2024-04-16"}],"is_underground":false,"has_parts":false,"version":1}},
{"id":"ef2aeadf-150a-40b6-ba0e-7678a35d3e1f","type":"Feature","geometry":{"type":"Polygon","coordinates":[[[90.3872604,23.7576433],[90.3872497,23.7575088],[90.3873783,23.7575003],[90.387389,23.7576348],[90.3872604,23.7576433]]]},"properties":{"sources":[{"property":"","dataset":"OpenStreetMap","license":"ODbL-1.0","record_id":"w448759724@1","update_time":"2017-06-12T06:54:24.000Z","confidence":null,"between":null,"provider":"osm","resource":"planet","version":"2026-09-06T00:00:00.000Z"}],"is_underground":false,"has_parts":false,"version":1}},
{"id":"5ab41643-f62f-42ce-a846-414410ff59b2","type":"Feature","geometry":{"type":"Polygon","coordinates":[[[90.3873974,23.7576656],[90.3874042,23.7577316],[90.38729,23.7577414],[90.3872832,23.7576754],[90.3873974,23.7576656]]]},"properties":{"sources":[{"property":"","dataset":"OpenStreetMap","license":"ODbL-1.0","record_id":"w448759783@1","update_time":"2017-06-12T06:54:24.000Z","confidence":null,"between":null,"provider":"osm","resource":"planet","version":"2026-09-06T00:00:00.000Z"}],"is_underground":false,"has_parts":false,"version":1}},
{"id":"51fbecd4-3083-4417-9723-e78bb1c1d88f","type":"Feature","geometry":{"type":"Polygon","coordinates":[[[90.3873571,23.7581045],[90.3872719,23.7581087],[90.3872633,23.7579631],[90.3873486,23.7579589],[90.3873571,23.7581045]]]},"properties":{"sources":[{"property":"","dataset":"OpenStreetMap","license":"ODbL-1.0","record_id":"w499855886@3","update_time":"2019-10-22T06:25:45.000Z","confidence":null,"between":null,"provider":"osm","resource":"planet","version":"2026-09-06T00:00:00.000Z"}],"is_underground":false,"num_floors":4,"has_parts":false,"version":1}},
{"id":"f15ac672-9d25-4152-995d-c2da30480b60","type":"Feature","geometry":{"type":"Polygon","coordinates":[[[90.3874309,23.7581227],[90.3873652,23.7581256],[90.3873573,23.7579718],[90.387423,23.757969],[90.3874309,23.7581227]]]},"properties":{"sources":[{"property":"","dataset":"OpenStreetMap","license":"ODbL-1.0","record_id":"w499855964@3","update_time":"2019-10-22T06:25:45.000Z","confidence":null,"between":null,"provider":"osm","resource":"planet","version":"2026-09-06T00:00:00.000Z"}],"is_underground":false,"num_floors":5,"has_parts":false,"version":1}},
{"id":"2cb37542-5bcc-458e-8406-bbeb5411a8bf","type":"Feature","geometry":{"type":"Polygon","coordinates":[[[90.3875713,23.7581269],[90.3874384,23.7581282],[90.3874372,23.7580225],[90.3875701,23.7580212],[90.3875713,23.7581269]]]},"properties":{"sources":[{"property":"","dataset":"OpenStreetMap","license":"ODbL-1.0","record_id":"w297122616@5","update_time":"2019-10-22T06:25:45.000Z","confidence":null,"between":null,"provider":"osm","resource":"planet","version":"2026-09-06T00:00:00.000Z"}],"is_underground":false,"num_floors":5,"subtype":"commercial","class":"commercial","has_parts":false,"version":1}},
{"id":"4b8a8343-ba90-4d53-926e-f5007834d417","type":"Feature","geometry":{"type":"Polygon","coordinates":[[[90.3876728,23.7578287],[90.3875804,23.7578342],[90.3875711,23.7577026],[90.3876635,23.7576971],[90.3876728,23.7578287]]]},"properties":{"sources":[{"property":"","dataset":"OpenStreetMap","license":"ODbL-1.0","record_id":"w499855921@2","update_time":"2019-10-22T06:25:45.000Z","confidence":null,"between":null,"provider":"osm","resource":"planet","version":"2026-09-06T00:00:00.000Z"}],"is_underground":false,"has_parts":false,"version":1}},
{"id":"fb290d56-f6e0-4293-9d69-66ed3fb0d3c8","type":"Feature","geometry":{"type":"Polygon","coordinates":[[[90.3875379,23.7578799],[90.3874574,23.7578799],[90.3874574,23.7577473],[90.3875379,23.7577473],[90.3875379,23.7578799]]]},"properties":{"sources":[{"property":"","dataset":"OpenStreetMap","license":"ODbL-1.0","record_id":"w499855893@1","update_time":"2017-06-12T10:17:35.000Z","confidence":null,"between":null,"provider":"osm","resource":"planet","version":"2026-09-06T00:00:00.000Z"}],"is_underground":false,"has_parts":false,"version":1}},
{"id":"898a444f-ae1f-4c72-803c-5c98f2f4df38","type":"Feature","geometry":{"type":"Polygon","coordinates":[[[90.387411,23.7579261],[90.3873321,23.7579278],[90.3873302,23.7578533],[90.3874092,23.7578517],[90.387411,23.7579261]]]},"properties":{"sources":[{"property":"","dataset":"OpenStreetMap","license":"ODbL-1.0","record_id":"w499855960@1","update_time":"2017-06-12T10:17:36.000Z","confidence":null,"between":null,"provider":"osm","resource":"planet","version":"2026-09-06T00:00:00.000Z"}],"is_underground":false,"has_parts":false,"version":1}},
{"id":"996baa9a-f87e-4eff-8290-f1d58a7e2bf8","type":"Feature","geometry":{"type":"Polygon","coordinates":[[[90.3874476,23.7578421],[90.3873042,23.7578451],[90.3873022,23.7577653],[90.3874456,23.7577623],[90.3874476,23.7578421]]]},"properties":{"sources":[{"property":"","dataset":"OpenStreetMap","license":"ODbL-1.0","record_id":"w499794784@1","update_time":"2017-06-12T10:17:40.000Z","confidence":null,"between":null,"provider":"osm","resource":"planet","version":"2026-09-06T00:00:00.000Z"}],"is_underground":false,"has_parts":false,"version":1}},
{"id":"2eb62587-39b6-495c-b063-e4fe2913d5c2","type":"Feature","geometry":{"type":"Polygon","coordinates":[[[90.3874523,23.7574736],[90.3874813,23.7576136],[90.3874158,23.7576251],[90.3873867,23.7574851],[90.3874523,23.7574736]]]},"properties":{"sources":[{"property":"","dataset":"Google Open Buildings","license":null,"record_id":"7MMGQ95P+2X7X","update_time":"2023-05-01T00:00:00.000Z","confidence":0.8463,"between":null,"provider":"google","resource":"open_buildings","version":"2024-04-16"}],"is_underground":false,"has_parts":false,"version":1}},
{"id":"829558b3-1cab-41ce-937b-c406c6908c46","type":"Feature","geometry":{"type":"Polygon","coordinates":[[[90.3875076,23.7575864],[90.3874948,23.7574416],[90.3875508,23.7574374],[90.3875548,23.7574827],[90.387629,23.7574772],[90.3876378,23.7575768],[90.3875076,23.7575864]]]},"properties":{"sources":[{"property":"","dataset":"OpenStreetMap","license":"ODbL-1.0","record_id":"w448759731@3","update_time":"2019-10-22T06:25:45.000Z","confidence":null,"between":null,"provider":"osm","resource":"planet","version":"2026-09-06T00:00:00.000Z"}],"is_underground":false,"has_parts":false,"version":1}},
{"id":"0fe452bd-6e16-44fc-8a68-1a4a55366867","type":"Feature","geometry":{"type":"Polygon","coordinates":[[[90.3876046,23.7573853],[90.3874759,23.7573994],[90.3874644,23.7573117],[90.3875931,23.7572975],[90.3876046,23.7573853]]]},"properties":{"sources":[{"property":"","dataset":"OpenStreetMap","license":"ODbL-1.0","record_id":"w499794796@1","update_time":"2017-06-12T06:54:18.000Z","confidence":null,"between":null,"provider":"osm","resource":"planet","version":"2026-09-06T00:00:00.000Z"}],"is_underground":false,"has_parts":false,"version":1}},
{"id":"7697d128-539a-4ec7-9097-65f15872aef2","type":"Feature","geometry":{"type":"Polygon","coordinates":[[[90.3873968,23.7573237],[90.3874429,23.7573216],[90.3874495,23.7574422],[90.3873367,23.7574474],[90.3873328,23.7573753],[90.3873994,23.7573723],[90.3873968,23.7573237]]]},"properties":{"sources":[{"property":"","dataset":"OpenStreetMap","license":"ODbL-1.0","record_id":"w448760029@3","update_time":"2023-04-12T16:52:11.000Z","confidence":null,"between":null,"provider":"osm","resource":"planet","version":"2026-09-06T00:00:00.000Z"}],"is_underground":false,"has_parts":false,"version":1}},
{"id":"e0b01dba-c3e6-4b33-bb7d-ea831baa5464","type":"Feature","geometry":{"type":"Polygon","coordinates":[[[90.3872269,23.7574102],[90.3871104,23.7574316],[90.3870837,23.7573091],[90.3872002,23.7572878],[90.3872269,23.7574102]]]},"properties":{"sources":[{"property":"","dataset":"OpenStreetMap","license":"ODbL-1.0","record_id":"w1447459408@1","update_time":"2025-11-04T15:58:37.000Z","confidence":null,"between":null,"provider":"osm","resource":"planet","version":"2026-09-06T00:00:00.000Z"}],"is_underground":false,"has_parts":false,"version":2}},
{"id":"a1e1cf82-8bd4-47ab-9445-b55e483310f4","type":"Feature","geometry":{"type":"Polygon","coordinates":[[[90.3872174,23.7572388],[90.3870827,23.7572478],[90.3870728,23.7571229],[90.3872075,23.757114],[90.3872174,23.7572388]]]},"properties":{"sources":[{"property":"","dataset":"OpenStreetMap","license":"ODbL-1.0","record_id":"w499794777@1","update_time":"2021-11-03T12:41:46.000Z","confidence":null,"between":null,"provider":"osm","resource":"planet","version":"2026-09-06T00:00:00.000Z"}],"is_underground":false,"has_parts":false,"version":1}},
{"id":"c73830b1-3b18-461c-aeb0-02ba9faa21d9","type":"Feature","geometry":{"type":"Polygon","coordinates":[[[90.3873696,23.7572841],[90.3873227,23.7572841],[90.3873227,23.7571233],[90.3873696,23.7571233],[90.3873696,23.7572841]]]},"properties":{"sources":[{"property":"","dataset":"OpenStreetMap","license":"ODbL-1.0","record_id":"w499794771@1","update_time":"2017-06-12T06:54:17.000Z","confidence":null,"between":null,"provider":"osm","resource":"planet","version":"2026-09-06T00:00:00.000Z"}],"is_underground":false,"has_parts":false,"version":1}},
{"id":"71227b56-358f-427e-9ace-aaa09a6c410a","type":"Feature","geometry":{"type":"Polygon","coordinates":[[[90.3872137,23.7570449],[90.3872911,23.7570376],[90.3873156,23.7572575],[90.3872383,23.7572648],[90.3872137,23.7570449]]]},"properties":{"sources":[{"property":"","dataset":"Google Open Buildings","license":null,"record_id":"7MMGQ94P+VW63","update_time":"2023-05-01T00:00:00.000Z","confidence":0.8122,"between":null,"provider":"google","resource":"open_buildings","version":"2024-04-16"}],"is_underground":false,"has_parts":false,"version":1}},
{"id":"b5249152-1fb2-49cc-a04a-867aec70d2f3","type":"Feature","geometry":{"type":"Polygon","coordinates":[[[90.3874393,23.7571386],[90.3873803,23.7571381],[90.387381,23.7570779],[90.3875058,23.7570792],[90.3875041,23.7572196],[90.3874384,23.7572189],[90.3874393,23.7571386]]]},"properties":{"sources":[{"property":"","dataset":"OpenStreetMap","license":"ODbL-1.0","record_id":"w499794804@1","update_time":"2017-06-12T06:54:18.000Z","confidence":null,"between":null,"provider":"osm","resource":"planet","version":"2026-09-06T00:00:00.000Z"}],"is_underground":false,"has_parts":false,"version":1}},
{"id":"53380bb1-feca-4736-a400-e17067f6168e","type":"Feature","geometry":{"type":"Polygon","coordinates":[[[90.3877313,23.7572909],[90.3875808,23.7572943],[90.3875764,23.7571298],[90.3877269,23.7571264],[90.3877313,23.7572909]]]},"properties":{"sources":[{"property":"","dataset":"OpenStreetMap","license":"ODbL-1.0","record_id":"w499794774@1","update_time":"2017-06-12T06:54:17.000Z","confidence":null,"between":null,"provider":"osm","resource":"planet","version":"2026-09-06T00:00:00.000Z"}],"is_underground":false,"has_parts":false,"version":1}},
{"id":"567c94bc-7b79-4fef-828e-3685c700ca64","type":"Feature","geometry":{"type":"Polygon","coordinates":[[[90.3877583,23.7581364],[90.38758,23.7581363],[90.3875801,23.7580127],[90.3877584,23.7580128],[90.3877583,23.7581364]]]},"properties":{"sources":[{"property":"","dataset":"OpenStreetMap","license":"ODbL-1.0","record_id":"w499855981@2","update_time":"2019-10-22T06:25:45.000Z","confidence":null,"between":null,"provider":"osm","resource":"planet","version":"2026-09-06T00:00:00.000Z"}],"is_underground":false,"has_parts":false,"version":1}},
{"id":"8fd1f970-ae2a-46a0-8a86-6cb19bcde02a","type":"Feature","geometry":{"type":"Polygon","coordinates":[[[90.383634,23.7570021],[90.3836272,23.7572159],[90.383526,23.7572133],[90.3835327,23.7569994],[90.383634,23.7570021]]]},"properties":{"sources":[{"property":"","dataset":"OpenStreetMap","license":"ODbL-1.0","record_id":"w297125532@2","update_time":"2017-06-18T10:12:39.000Z","confidence":null,"between":null,"provider":"osm","resource":"planet","version":"2026-09-06T00:00:00.000Z"}],"is_underground":false,"subtype":"residential","class":"apartments","has_parts":false,"version":1}},
{"id":"1d94c3a0-ed12-41ef-a0fc-35fdd1dada45","type":"Feature","geometry":{"type":"Polygon","coordinates":[[[90.3837396,23.7574659],[90.3834858,23.7574548],[90.3834982,23.7572168],[90.383752,23.7572279],[90.3837396,23.7574659]]]},"properties":{"names":{"primary":"Shangshad View Apartment","common":null,"rules":null},"sources":[{"property":"","dataset":"OpenStreetMap","license":"ODbL-1.0","record_id":"w297125525@1","update_time":"2019-10-22T06:45:25.000Z","confidence":null,"between":null,"provider":"osm","resource":"planet","version":"2026-09-06T00:00:00.000Z"}],"is_underground":false,"subtype":"residential","class":"apartments","has_parts":false,"version":1}},
{"id":"d5fdfb40-09f0-41de-82ae-b767429d5404","type":"Feature","geometry":{"type":"Polygon","coordinates":[[[90.3839415,23.7574016],[90.3837757,23.7574037],[90.3837725,23.7571967],[90.3839383,23.7571945],[90.3839415,23.7574016]]]},"properties":{"sources":[{"property":"","dataset":"OpenStreetMap","license":"ODbL-1.0","record_id":"w501352616@1","update_time":"2019-10-22T06:45:25.000Z","confidence":null,"between":null,"provider":"osm","resource":"planet","version":"2026-09-06T00:00:00.000Z"}],"is_underground":false,"has_parts":false,"version":1}},
{"id":"5fa60741-64ee-42a0-a664-3ceaa4e3ff9a","type":"Feature","geometry":{"type":"Polygon","coordinates":[[[90.3839688,23.7571886],[90.3836899,23.7571764],[90.3836974,23.7570323],[90.3839763,23.7570445],[90.3839688,23.7571886]]]},"properties":{"sources":[{"property":"","dataset":"OpenStreetMap","license":"ODbL-1.0","record_id":"w501352617@1","update_time":"2017-06-18T09:38:01.000Z","confidence":null,"between":null,"provider":"osm","resource":"planet","version":"2026-09-06T00:00:00.000Z"}],"is_underground":false,"has_parts":false,"version":1}},
{"id":"fd4953e2-1515-4e15-ad84-009311e9ee1b","type":"Feature","geometry":{"type":"Polygon","coordinates":[[[90.3841752,23.7572049],[90.3839882,23.7571885],[90.3839986,23.75709],[90.3840731,23.7570965],[90.3840761,23.7570679],[90.3840026,23.7570614],[90.3840133,23.7569595],[90.3841973,23.7569757],[90.3841866,23.757078],[90.3841186,23.757072],[90.3841157,23.757099],[90.3841856,23.7571051],[90.3841752,23.7572049]]]},"properties":{"sources":[{"property":"","dataset":"OpenStreetMap","license":"ODbL-1.0","record_id":"w297125341@1","update_time":"2017-06-18T09:38:05.000Z","confidence":null,"between":null,"provider":"osm","resource":"planet","version":"2026-09-06T00:00:00.000Z"}],"is_underground":false,"subtype":"residential","class":"apartments","has_parts":false,"version":1}},
{"id":"d74d956b-c7cd-44c9-aad8-84b5a12e968e","type":"Feature","geometry":{"type":"Polygon","coordinates":[[[90.3843097,23.7572266],[90.3842021,23.7572193],[90.3842088,23.7571379],[90.3842732,23.7571423],[90.3842761,23.7571071],[90.3842154,23.7571029],[90.3842221,23.75702],[90.3843198,23.7570266],[90.3843135,23.7571035],[90.3843461,23.7571057],[90.3843519,23.7570342],[90.3844481,23.7570408],[90.3844408,23.7571294],[90.3843942,23.7571263],[90.3843923,23.75715],[90.3844364,23.757153],[90.3844302,23.7572284],[90.3843387,23.7572221],[90.3843436,23.7571612],[90.3843152,23.7571592],[90.3843097,23.7572266]]]},"properties":{"sources":[{"property":"","dataset":"OpenStreetMap","license":"ODbL-1.0","record_id":"w297125313@1","update_time":"2017-06-18T09:38:05.000Z","confidence":null,"between":null,"provider":"osm","resource":"planet","version":"2026-09-06T00:00:00.000Z"}],"is_underground":false,"subtype":"residential","class":"apartments","has_parts":false,"version":1}},
{"id":"4ab78f0c-78a4-405d-ba27-71cfadc72793","type":"Feature","geometry":{"type":"Polygon","coordinates":[[[90.3842816,23.7574541],[90.3842816,23.7572892],[90.384422,23.7572892],[90.384422,23.7574541],[90.3842816,23.7574541]]]},"properties":{"sources":[{"property":"","dataset":"OpenStreetMap","license":"ODbL-1.0","record_id":"w501352610@1","update_time":"2017-06-18T09:38:01.000Z","confidence":null,"between":null,"provider":"osm","resource":"planet","version":"2026-09-06T00:00:00.000Z"}],"is_underground":false,"has_parts":false,"version":1}},
{"id":"5f1bc782-83ed-402c-9e87-fd3c9c0233f6","type":"Feature","geometry":{"type":"Polygon","coordinates":[[[90.3841446,23.7574378],[90.3840028,23.7574316],[90.3840108,23.7572778],[90.3841527,23.757284],[90.3841446,23.7574378]]]},"properties":{"sources":[{"property":"","dataset":"OpenStreetMap","license":"ODbL-1.0","record_id":"w501352615@1","update_time":"2017-06-18T09:38:01.000Z","confidence":null,"between":null,"provider":"osm","resource":"planet","version":"2026-09-06T00:00:00.000Z"}],"is_underground":false,"has_parts":false,"version":1}},
{"id":"83477dc9-3617-4d41-81e2-663f19ef86cb","type":"Feature","geometry":{"type":"Polygon","coordinates":[[[90.3844275,23.7575906],[90.3841937,23.7575947],[90.3841912,23.7574754],[90.3844251,23.7574714],[90.3844275,23.7575906]]]},"properties":{"sources":[{"property":"","dataset":"OpenStreetMap","license":"ODbL-1.0","record_id":"w297125374@2","update_time":"2019-10-22T06:28:31.000Z","confidence":null,"between":null,"provider":"osm","resource":"planet","version":"2026-09-06T00:00:00.000Z"}],"is_underground":false,"subtype":"residential","class":"apartments","has_parts":false,"version":1}},
{"id":"e62198d4-3696-4aba-89e2-6762afacb022","type":"Feature","geometry":{"type":"Polygon","coordinates":[[[90.3841634,23.7577228],[90.3841606,23.7576154],[90.3844226,23.7576097],[90.3844254,23.7577171],[90.3841634,23.7577228]]]},"properties":{"sources":[{"property":"","dataset":"OpenStreetMap","license":"ODbL-1.0","record_id":"w501352611@1","update_time":"2019-10-22T06:28:31.000Z","confidence":null,"between":null,"provider":"osm","resource":"planet","version":"2026-09-06T00:00:00.000Z"}],"is_underground":false,"has_parts":false,"version":1}},
{"id":"6bff1ed2-4e84-4685-8717-7f960f24b3ed","type":"Feature","geometry":{"type":"Polygon","coordinates":[[[90.3844321,23.757938],[90.3841688,23.7579386],[90.3841699,23.7578063],[90.3844317,23.7578072],[90.3844321,23.757938]]]},"properties":{"sources":[{"property":"","dataset":"OpenStreetMap","license":"ODbL-1.0","record_id":"w297125523@2","update_time":"2020-07-13T15:55:42.000Z","confidence":null,"between":null,"provider":"osm","resource":"planet","version":"2026-09-06T00:00:00.000Z"}],"is_underground":false,"num_floors":2,"subtype":"commercial","class":"commercial","has_parts":false,"version":1}},
{"id":"61782287-253a-4ed5-bbe9-4be898585c97","type":"Feature","geometry":{"type":"Polygon","coordinates":[[[90.384431,23.7581326],[90.384518,23.7581307],[90.3845189,23.758165],[90.384432,23.758167],[90.384431,23.7581326]]]},"properties":{"sources":[{"property":"","dataset":"Microsoft ML Buildings","license":"ODbL-1.0","record_id":null,"update_time":null,"confidence":null,"between":null,"provider":"microsoft","resource":"ml_buildings","version":"2026-08-11"}],"is_underground":false,"has_parts":false,"version":4}},
{"id":"6b511c38-6dfe-409e-85a2-06f00c38ecda","type":"Feature","geometry":{"type":"Polygon","coordinates":[[[90.3840386,23.7579238],[90.383944,23.7579211],[90.3839478,23.75781],[90.3840424,23.7578127],[90.3840386,23.7579238]]]},"properties":{"sources":[{"property":"","dataset":"OpenStreetMap","license":"ODbL-1.0","record_id":"w501352612@1","update_time":"2017-06-18T09:38:01.000Z","confidence":null,"between":null,"provider":"osm","resource":"planet","version":"2026-09-06T00:00:00.000Z"}],"is_underground":false,"has_parts":false,"version":1}},
{"id":"2e365699-23f8-46b4-bc9b-b150f0b7a4de","type":"Feature","geometry":{"type":"Polygon","coordinates":[[[90.3838456,23.7576115],[90.3837265,23.7576095],[90.3837287,23.7574983],[90.3838478,23.7575002],[90.3838456,23.7576115]]]},"properties":{"sources":[{"property":"","dataset":"OpenStreetMap","license":"ODbL-1.0","record_id":"w297125632@1","update_time":"2019-10-22T06:45:25.000Z","confidence":null,"between":null,"provider":"osm","resource":"planet","version":"2026-09-06T00:00:00.000Z"}],"is_underground":false,"subtype":"residential","class":"apartments","has_parts":false,"version":1}},
{"id":"3ec342b1-1656-47a1-998b-346c78d1f355","type":"Feature","geometry":{"type":"Polygon","coordinates":[[[90.3837334,23.7578763],[90.3836073,23.7578722],[90.3836102,23.7577987],[90.3837363,23.7578029],[90.3837334,23.7578763]]]},"properties":{"sources":[{"property":"","dataset":"OpenStreetMap","license":"ODbL-1.0","record_id":"w501352613@1","update_time":"2019-10-22T06:45:25.000Z","confidence":null,"between":null,"provider":"osm","resource":"planet","version":"2026-09-06T00:00:00.000Z"}],"is_underground":false,"has_parts":false,"version":1}},
{"id":"50f66fe4-6133-4069-a2c5-315ddda073ea","type":"Feature","geometry":{"type":"Polygon","coordinates":[[[90.3837132,23.7577795],[90.3836178,23.7577764],[90.3836194,23.7577345],[90.3837148,23.7577376],[90.3837132,23.7577795]]]},"properties":{"sources":[{"property":"","dataset":"OpenStreetMap","license":"ODbL-1.0","record_id":"w737485634@1","update_time":"2019-10-22T06:45:25.000Z","confidence":null,"between":null,"provider":"osm","resource":"planet","version":"2026-09-06T00:00:00.000Z"}],"is_underground":false,"has_parts":false,"version":1}},
{"id":"9e084bcc-58d7-4dc9-b67b-3a159e504917","type":"Feature","geometry":{"type":"Polygon","coordinates":[[[90.3837102,23.7576804],[90.3836344,23.7576813],[90.3836325,23.7575529],[90.3837083,23.7575519],[90.3837102,23.7576804]]]},"properties":{"sources":[{"property":"","dataset":"OpenStreetMap","license":"ODbL-1.0","record_id":"w501352614@1","update_time":"2019-10-22T06:45:25.000Z","confidence":null,"between":null,"provider":"osm","resource":"planet","version":"2026-09-06T00:00:00.000Z"}],"is_underground":false,"has_parts":false,"version":1}},
{"id":"59a4de07-90b7-4088-a526-3bb76c51349a","type":"Feature","geometry":{"type":"Polygon","coordinates":[[[90.3835752,23.7575971],[90.383481,23.7575916],[90.3834884,23.7574856],[90.3835826,23.7574911],[90.3835752,23.7575971]]]},"properties":{"sources":[{"property":"","dataset":"OpenStreetMap","license":"ODbL-1.0","record_id":"w1447459412@1","update_time":"2025-11-04T15:58:37.000Z","confidence":null,"between":null,"provider":"osm","resource":"planet","version":"2026-09-06T00:00:00.000Z"}],"is_underground":false,"has_parts":false,"version":2}},
{"id":"c68983c1-8c71-473b-87b0-ffe57355dafe","type":"Feature","geometry":{"type":"Polygon","coordinates":[[[90.3835958,23.7577358],[90.3834484,23.7577335],[90.3834501,23.7576482],[90.3835975,23.7576506],[90.3835958,23.7577358]]]},"properties":{"sources":[{"property":"","dataset":"OpenStreetMap","license":"ODbL-1.0","record_id":"w297125631@1","update_time":"2019-10-22T06:45:25.000Z","confidence":null,"between":null,"provider":"osm","resource":"planet","version":"2026-09-06T00:00:00.000Z"}],"is_underground":false,"subtype":"residential","class":"apartments","has_parts":false,"version":1}},
{"id":"1a22c564-6585-4766-9dd8-633295649bf7","type":"Feature","geometry":{"type":"Polygon","coordinates":[[[90.3835904,23.757835],[90.3834451,23.75783],[90.3834486,23.7577434],[90.383594,23.7577484],[90.3835904,23.757835]]]},"properties":{"sources":[{"property":"","dataset":"OpenStreetMap","license":"ODbL-1.0","record_id":"w297125572@2","update_time":"2019-10-22T06:45:25.000Z","confidence":null,"between":null,"provider":"osm","resource":"planet","version":"2026-09-06T00:00:00.000Z"}],"is_underground":false,"subtype":"residential","class":"apartments","has_parts":false,"version":1}},
{"id":"73fc1ccb-95c4-4f25-af8c-01757d540b74","type":"Feature","geometry":{"type":"Polygon","coordinates":[[[90.3835286,23.7581278],[90.3835273,23.7579527],[90.3836786,23.7579554],[90.383676,23.7580813],[90.3835286,23.7581278]]]},"properties":{"sources":[{"property":"","dataset":"OpenStreetMap","license":"ODbL-1.0","record_id":"w501343815@2","update_time":"2019-10-20T10:41:20.000Z","confidence":null,"between":null,"provider":"osm","resource":"planet","version":"2026-09-06T00:00:00.000Z"}],"is_underground":false,"has_parts":false,"version":1}},
{"id":"29f0c266-c862-4a5f-adbe-c06c26b22c10","type":"Feature","geometry":{"type":"Polygon","coordinates":[[[90.3831818,23.7578211],[90.3830721,23.7578154],[90.3830834,23.7576333],[90.3831931,23.7576391],[90.3831818,23.7578211]]]},"properties":{"sources":[{"property":"","dataset":"OpenStreetMap","license":"ODbL-1.0","record_id":"w501352677@1","update_time":"2019-10-22T06:45:25.000Z","confidence":null,"between":null,"provider":"osm","resource":"planet","version":"2026-09-06T00:00:00.000Z"}],"is_underground":false,"has_parts":false,"version":1}},
{"id":"1c9bb73c-9cde-4a47-91d9-29edb0ffc6f3","type":"Feature","geometry":{"type":"Polygon","coordinates":[[[90.3833878,23.7578439],[90.3832244,23.7578404],[90.3832303,23.7576093],[90.3831456,23.7576075],[90.3831473,23.7575421],[90.3833953,23.7575474],[90.3833878,23.7578439]]]},"properties":{"sources":[{"property":"","dataset":"OpenStreetMap","license":"ODbL-1.0","record_id":"w501352678@2","update_time":"2019-10-22T06:45:25.000Z","confidence":null,"between":null,"provider":"osm","resource":"planet","version":"2026-09-06T00:00:00.000Z"}],"is_underground":false,"has_parts":false,"version":1}},
{"id":"44ed4960-ddbd-4577-9fa2-d15aaf5a2a39","type":"Feature","geometry":{"type":"Polygon","coordinates":[[[90.3834057,23.7574901],[90.3832533,23.7574869],[90.3832555,23.7573991],[90.3834079,23.7574023],[90.3834057,23.7574901]]]},"properties":{"sources":[{"property":"","dataset":"OpenStreetMap","license":"ODbL-1.0","record_id":"w737485633@1","update_time":"2019-10-22T06:45:25.000Z","confidence":null,"between":null,"provider":"osm","resource":"planet","version":"2026-09-06T00:00:00.000Z"}],"is_underground":false,"has_parts":false,"version":1}},
{"id":"3f81d945-2174-4147-82b6-a92997bbdb9a","type":"Feature","geometry":{"type":"Polygon","coordinates":[[[90.3834162,23.7573934],[90.3832527,23.7573875],[90.3832603,23.7572117],[90.3834237,23.7572176],[90.3834162,23.7573934]]]},"properties":{"sources":[{"property":"","dataset":"OpenStreetMap","license":"ODbL-1.0","record_id":"w737485632@1","update_time":"2019-10-22T06:45:25.000Z","confidence":null,"between":null,"provider":"osm","resource":"planet","version":"2026-09-06T00:00:00.000Z"}],"is_underground":false,"has_parts":false,"version":1}},
{"id":"93ad55e6-2e99-4b26-b05f-ef662305a3d8","type":"Feature","geometry":{"type":"Polygon","coordinates":[[[90.3832356,23.757524],[90.3830537,23.7575183],[90.3830651,23.757218],[90.3832469,23.7572237],[90.3832356,23.757524]]]},"properties":{"sources":[{"property":"","dataset":"OpenStreetMap","license":"ODbL-1.0","record_id":"w501352674@1","update_time":"2019-10-22T06:45:25.000Z","confidence":null,"between":null,"provider":"osm","resource":"planet","version":"2026-09-06T00:00:00.000Z"}],"is_underground":false,"has_parts":false,"version":1}},
{"id":"47cad98d-37ab-4280-847e-67de5fe171cb","type":"Feature","geometry":{"type":"Polygon","coordinates":[[[90.3831475,23.7584448],[90.3832423,23.7584519],[90.38324,23.7584783],[90.3831451,23.7584713],[90.3831475,23.7584448]]]},"properties":{"sources":[{"property":"","dataset":"Google Open Buildings","license":null,"record_id":"7MMGQ95M+97PC","update_time":"2023-05-01T00:00:00.000Z","confidence":0.6919,"between":null,"provider":"google","resource":"open_buildings","version":"2024-04-16"}],"is_underground":false,"has_parts":false,"version":1}},
{"id":"e518e9b7-1427-408f-bbc8-7ead242cccc3","type":"Feature","geometry":{"type":"Polygon","coordinates":[[[90.383773,23.7589617],[90.3836973,23.7589521],[90.3837207,23.7587985],[90.3837963,23.7588082],[90.383773,23.7589617]]]},"properties":{"sources":[{"property":"","dataset":"OpenStreetMap","license":"ODbL-1.0","record_id":"w1450073235@1","update_time":"2025-11-12T16:50:18.000Z","confidence":null,"between":null,"provider":"osm","resource":"planet","version":"2026-09-06T00:00:00.000Z"}],"is_underground":false,"has_parts":false,"version":2}},
{"id":"ac5744b6-e3dd-4d7f-9508-bf754cfecc53","type":"Feature","geometry":{"type":"Polygon","coordinates":[[[90.3839569,23.7589437],[90.384017,23.7589403],[90.384019,23.7589701],[90.3839588,23.7589734],[90.3839569,23.7589437]]]},"properties":{"sources":[{"property":"","dataset":"Google Open Buildings","license":null,"record_id":"7MMGQ95M+HHQ8","update_time":"2023-05-01T00:00:00.000Z","confidence":0.7024,"between":null,"provider":"google","resource":"open_buildings","version":"2024-04-16"}],"is_underground":false,"has_parts":false,"version":1}},
{"id":"fc107bfb-88a3-4189-a183-d97ed0323759","type":"Feature","geometry":{"type":"Polygon","coordinates":[[[90.3843379,23.7595522],[90.3843271,23.7597453],[90.384749,23.7597651],[90.384742,23.7598907],[90.3840675,23.7598591],[90.3840746,23.7597333],[90.3842097,23.7597397],[90.3842205,23.759548],[90.3840798,23.7595414],[90.3840872,23.7594093],[90.3845036,23.7594289],[90.3845137,23.7592486],[90.3841939,23.7592336],[90.3842012,23.7591018],[90.3847902,23.7591294],[90.3847829,23.7592602],[90.3846726,23.759255],[90.3846625,23.759435],[90.3847704,23.7594401],[90.384763,23.7595722],[90.3843379,23.7595522]]]},"properties":{"names":{"primary":"Krishi Samprasaran Adhidaptar","common":null,"rules":null},"sources":[{"property":"","dataset":"OpenStreetMap","license":"ODbL-1.0","record_id":"w296514260@4","update_time":"2019-10-21T05:30:36.000Z","confidence":null,"between":null,"provider":"osm","resource":"planet","version":"2026-09-06T00:00:00.000Z"}],"is_underground":false,"num_floors":7,"has_parts":false,"version":1}},
{"id":"d6965484-df42-458d-afb3-e63d4af548db","type":"Feature","geometry":{"type":"Polygon","coordinates":[[[90.3839694,23.7597839],[90.3838185,23.7597769],[90.3838223,23.7597089],[90.3839733,23.759716],[90.3839694,23.7597839]]]},"properties":{"sources":[{"property":"","dataset":"OpenStreetMap","license":"ODbL-1.0","record_id":"w501378111@1","update_time":"2019-10-19T08:20:02.000Z","confidence":null,"between":null,"provider":"osm","resource":"planet","version":"2026-09-06T00:00:00.000Z"}],"is_underground":false,"has_parts":false,"version":1}},
{"id":"151bd8c2-f8ec-4c93-892c-a7ac077fe48a","type":"Feature","geometry":{"type":"Polygon","coordinates":[[[90.3840038,23.7595639],[90.3838436,23.7595568],[90.3838567,23.7593076],[90.384017,23.7593147],[90.3840038,23.7595639]]]},"properties":{"sources":[{"property":"","dataset":"OpenStreetMap","license":"ODbL-1.0","record_id":"w736721515@1","update_time":"2019-10-19T08:20:02.000Z","confidence":null,"between":null,"provider":"osm","resource":"planet","version":"2026-09-06T00:00:00.000Z"}],"is_underground":false,"has_parts":false,"version":1}},
{"id":"57c3a2cd-1c97-4afd-bc0c-30106c5fc872","type":"Feature","geometry":{"type":"Polygon","coordinates":[[[90.3840475,23.7590156],[90.3840406,23.7592725],[90.3838491,23.7592683],[90.383856,23.7590114],[90.3840475,23.7590156]]]},"properties":{"sources":[{"property":"","dataset":"OpenStreetMap","license":"ODbL-1.0","record_id":"w501378108@3","update_time":"2019-10-22T08:12:31.000Z","confidence":null,"between":null,"provider":"osm","resource":"planet","version":"2026-09-06T00:00:00.000Z"}],"is_underground":false,"has_parts":false,"version":1}},
{"id":"67cdee6a-39eb-4ec9-953c-cbae44abfdf6","type":"Feature","geometry":{"type":"Polygon","coordinates":[[[90.3837663,23.7601334],[90.3838055,23.7601355],[90.3838006,23.7602123],[90.3837615,23.7602103],[90.3837663,23.7601334]]]},"properties":{"sources":[{"property":"","dataset":"Google Open Buildings","license":null,"record_id":"7MMGQ96M+3G7R","update_time":"2023-05-01T00:00:00.000Z","confidence":0.6853,"between":null,"provider":"google","resource":"open_buildings","version":"2024-04-16"}],"is_underground":false,"has_parts":false,"version":1}},
{"id":"0b72882d-b7b6-4053-8fc8-96f153575ff0","type":"Feature","geometry":{"type":"Polygon","coordinates":[[[90.3839446,23.7603144],[90.3837983,23.7603051],[90.3838066,23.7601953],[90.383953,23.7602046],[90.3839446,23.7603144]]]},"properties":{"sources":[{"property":"","dataset":"OpenStreetMap","license":"ODbL-1.0","record_id":"w501378126@1","update_time":"2019-10-26T05:28:21.000Z","confidence":null,"between":null,"provider":"osm","resource":"planet","version":"2026-09-06T00:00:00.000Z"}],"is_underground":false,"has_parts":false,"version":1}},
{"id":"35062d4d-c0f0-42ef-8735-e46be43629f5","type":"Feature","geometry":{"type":"Polygon","coordinates":[[[90.3839205,23.7605724],[90.3837879,23.7605674],[90.3837935,23.7604425],[90.3839025,23.7604466],[90.3839002,23.7604984],[90.3839238,23.7604993],[90.3839205,23.7605724]]]},"properties":{"sources":[{"property":"","dataset":"OpenStreetMap","license":"ODbL-1.0","record_id":"w501378133@2","update_time":"2019-10-22T08:12:31.000Z","confidence":null,"between":null,"provider":"osm","resource":"planet","version":"2026-09-06T00:00:00.000Z"}],"is_underground":false,"has_parts":false,"version":1}},
{"id":"0350a703-6020-486b-8b44-c83b3a1ac06d","type":"Feature","geometry":{"type":"Polygon","coordinates":[[[90.3839056,23.7604332],[90.3837733,23.7604238],[90.383783,23.7603105],[90.3839151,23.7603199],[90.3839056,23.7604332]]]},"properties":{"sources":[{"property":"","dataset":"OpenStreetMap","license":"ODbL-1.0","record_id":"w337747251@1","update_time":"2019-10-22T08:12:29.000Z","confidence":null,"between":null,"provider":"osm","resource":"planet","version":"2026-09-06T00:00:00.000Z"}],"is_underground":false,"subtype":"commercial","class":"commercial","has_parts":false,"version":1}},
{"id":"4cb11c93-d530-4018-82d4-59de6513ebd7","type":"Feature","geometry":{"type":"Polygon","coordinates":[[[90.38395,23.7604474],[90.384013,23.7604519],[90.3840066,23.7605292],[90.3839435,23.7605248],[90.38395,23.7604474]]]},"properties":{"sources":[{"property":"","dataset":"Google Open Buildings","license":null,"record_id":"7MMGQ96M+5HXF","update_time":"2023-05-01T00:00:00.000Z","confidence":0.6707,"between":null,"provider":"google","resource":"open_buildings","version":"2024-04-16"}],"is_underground":false,"has_parts":false,"version":1}},
{"id":"aaf0d280-3838-4700-a1ac-d7ffc7792727","type":"Feature","geometry":{"type":"Polygon","coordinates":[[[90.3839274,23.760341],[90.3839936,23.7603451],[90.3839859,23.7604494],[90.3839198,23.7604453],[90.3839274,23.760341]]]},"properties":{"sources":[{"property":"","dataset":"Google Open Buildings","license":null,"record_id":"7MMGQ96M+5H4W","update_time":"2023-05-01T00:00:00.000Z","confidence":0.7291,"between":null,"provider":"google","resource":"open_buildings","version":"2024-04-16"}],"is_underground":false,"has_parts":false,"version":1}},
{"id":"c02410a6-00d2-4e3b-9352-c085974585fd","type":"Feature","geometry":{"type":"Polygon","coordinates":[[[90.3838925,23.7601268],[90.3837996,23.7601238],[90.3838048,23.7599902],[90.3839689,23.7599956],[90.3839619,23.7601756],[90.3838907,23.7601732],[90.3838925,23.7601268]]]},"properties":{"sources":[{"property":"","dataset":"OpenStreetMap","license":"ODbL-1.0","record_id":"w337747362@4","update_time":"2019-10-22T08:12:29.000Z","confidence":null,"between":null,"provider":"osm","resource":"planet","version":"2026-09-06T00:00:00.000Z"}],"is_underground":false,"num_floors":5,"subtype":"religious","class":"mosque","has_parts":false,"version":1}},
{"id":"ee27e03c-3bf3-44d5-b2ee-48208046b55a","type":"Feature","geometry":{"type":"Polygon","coordinates":[[[90.3839649,23.7599135],[90.3838048,23.7599089],[90.3838075,23.7598304],[90.3839676,23.759835],[90.3839649,23.7599135]]]},"properties":{"sources":[{"property":"","dataset":"OpenStreetMap","license":"ODbL-1.0","record_id":"w501378113@2","update_time":"2019-10-21T12:54:05.000Z","confidence":null,"between":null,"provider":"osm","resource":"planet","version":"2026-09-06T00:00:00.000Z"}],"is_underground":false,"num_floors":2,"has_parts":false,"version":1}},
{"id":"a7a1cef0-8c2e-4a78-9bfc-1b6839b2465a","type":"Feature","geometry":{"type":"Polygon","coordinates":[[[90.3841816,23.7601809],[90.3840131,23.7601758],[90.3840164,23.7600825],[90.3841867,23.7600865],[90.3841816,23.7601809]]]},"properties":{"sources":[{"property":"","dataset":"OpenStreetMap","license":"ODbL-1.0","record_id":"w380922378@1","update_time":"2025-09-19T00:38:34.000Z","confidence":null,"between":null,"provider":"osm","resource":"planet","version":"2026-09-06T00:00:00.000Z"}],"is_underground":false,"has_parts":false,"version":2}},
{"id":"78184c6d-8003-4268-86f6-71133d6b19a1","type":"Feature","geometry":{"type":"Polygon","coordinates":[[[90.3842003,23.7600696],[90.384004,23.7600634],[90.3840062,23.760007],[90.3842024,23.7600132],[90.3842003,23.7600696]]]},"properties":{"sources":[{"property":"","dataset":"OpenStreetMap","license":"ODbL-1.0","record_id":"w501378121@1","update_time":"2019-10-22T08:12:30.000Z","confidence":null,"between":null,"provider":"osm","resource":"planet","version":"2026-09-06T00:00:00.000Z"}],"is_underground":false,"has_parts":false,"version":1}},
{"id":"a4a0e283-d355-47e5-a99a-87443035f270","type":"Feature","geometry":{"type":"Polygon","coordinates":[[[90.3842589,23.760079],[90.3842523,23.7601897],[90.3841839,23.7601863],[90.3841905,23.7600756],[90.3842589,23.760079]]]},"properties":{"sources":[{"property":"","dataset":"OpenStreetMap","license":"ODbL-1.0","record_id":"w1431057624@1","update_time":"2025-09-19T00:38:34.000Z","confidence":null,"between":null,"provider":"osm","resource":"planet","version":"2026-09-06T00:00:00.000Z"}],"is_underground":false,"subtype":"residential","class":"house","has_parts":false,"version":1}},
{"id":"24c29f93-2d5f-4cb6-a073-91766e4345ba","type":"Feature","geometry":{"type":"Polygon","coordinates":[[[90.3845389,23.7601879],[90.3844041,23.7601841],[90.3844084,23.7600554],[90.3845433,23.7600592],[90.3845389,23.7601879]]]},"properties":{"sources":[{"property":"","dataset":"OpenStreetMap","license":"ODbL-1.0","record_id":"w501942075@1","update_time":"2019-10-22T08:12:31.000Z","confidence":null,"between":null,"provider":"osm","resource":"planet","version":"2026-09-06T00:00:00.000Z"}],"is_underground":false,"has_parts":false,"version":1}},
{"id":"068d9693-8e7a-404e-af25-02e23eeb8765","type":"Feature","geometry":{"type":"Polygon","coordinates":[[[90.3843923,23.7601954],[90.3842557,23.7601899],[90.3842636,23.7600258],[90.3844002,23.7600313],[90.3843923,23.7601954]]]},"properties":{"sources":[{"property":"","dataset":"OpenStreetMap","license":"ODbL-1.0","record_id":"w501378119@1","update_time":"2019-10-22T08:12:30.000Z","confidence":null,"between":null,"provider":"osm","resource":"planet","version":"2026-09-06T00:00:00.000Z"}],"is_underground":false,"has_parts":false,"version":1}},
{"id":"6cc4e49f-3723-46e2-9b59-0687d807b05d","type":"Feature","geometry":{"type":"Polygon","coordinates":[[[90.384442,23.7602932],[90.3842114,23.760284],[90.3842156,23.7601967],[90.3844462,23.7602059],[90.384442,23.7602932]]]},"properties":{"sources":[{"property":"","dataset":"OpenStreetMap","license":"ODbL-1.0","record_id":"w501942073@1","update_time":"2019-10-26T05:28:21.000Z","confidence":null,"between":null,"provider":"osm","resource":"planet","version":"2026-09-06T00:00:00.000Z"}],"is_underground":false,"has_parts":false,"version":1}},
{"id":"25787ba4-7b42-4fe1-a6b6-4774c35e581c","type":"Feature","geometry":{"type":"Polygon","coordinates":[[[90.3844709,23.7604272],[90.3844178,23.760407],[90.3844389,23.7603604],[90.3844921,23.7603806],[90.3844709,23.7604272]]]},"properties":{"sources":[{"property":"","dataset":"OpenStreetMap","license":"ODbL-1.0","record_id":"w1450072736@1","update_time":"2025-11-12T16:45:48.000Z","confidence":null,"between":null,"provider":"osm","resource":"planet","version":"2026-09-06T00:00:00.000Z"}],"is_underground":false,"has_parts":false,"version":2}},
{"id":"5dcd4aef-9b88-43e6-9cbc-b53a3b75df38","type":"Feature","geometry":{"type":"Polygon","coordinates":[[[90.3844682,23.7605645],[90.3843595,23.7605462],[90.3843759,23.7604647],[90.3844846,23.760483],[90.3844682,23.7605645]]]},"properties":{"sources":[{"property":"","dataset":"OpenStreetMap","license":"ODbL-1.0","record_id":"w501378159@1","update_time":"2019-10-22T08:12:30.000Z","confidence":null,"between":null,"provider":"osm","resource":"planet","version":"2026-09-06T00:00:00.000Z"}],"is_underground":false,"has_parts":false,"version":1}},
{"id":"f9921f42-a45b-4f15-9692-3ec029cbb3b3","type":"Feature","geometry":{"type":"Polygon","coordinates":[[[90.3843577,23.7604137],[90.3842161,23.7604025],[90.3842231,23.7603281],[90.3843648,23.7603393],[90.3843577,23.7604137]]]},"properties":{"sources":[{"property":"","dataset":"OpenStreetMap","license":"ODbL-1.0","record_id":"w501378116@1","update_time":"2019-10-26T05:31:15.000Z","confidence":null,"between":null,"provider":"osm","resource":"planet","version":"2026-09-06T00:00:00.000Z"}],"is_underground":false,"has_parts":false,"version":1}},
{"id":"540cd9d8-bff4-4177-8a25-7442febfa8e7","type":"Feature","geometry":{"type":"Polygon","coordinates":[[[90.3841764,23.7605791],[90.3841991,23.760434],[90.3843163,23.7604493],[90.3842937,23.7605945],[90.3841764,23.7605791]]]},"properties":{"sources":[{"property":"","dataset":"OpenStreetMap","license":"ODbL-1.0","record_id":"w380922498@1","update_time":"2019-10-26T05:31:15.000Z","confidence":null,"between":null,"provider":"osm","resource":"planet","version":"2026-09-06T00:00:00.000Z"}],"is_underground":false,"has_parts":false,"version":1}},
{"id":"c2100476-fdc6-454e-901a-c402569f83e6","type":"Feature","geometry":{"type":"Polygon","coordinates":[[[90.3841903,23.7602914],[90.3840042,23.7602861],[90.3840071,23.7602003],[90.3841933,23.7602056],[90.3841903,23.7602914]]]},"properties":{"sources":[{"property":"","dataset":"OpenStreetMap","license":"ODbL-1.0","record_id":"w501378123@1","update_time":"2019-10-22T08:12:30.000Z","confidence":null,"between":null,"provider":"osm","resource":"planet","version":"2026-09-06T00:00:00.000Z"}],"is_underground":false,"has_parts":false,"version":1}},
{"id":"80d4eea4-11c3-40e6-83a3-4a099425fed9","type":"Feature","geometry":{"type":"Polygon","coordinates":[[[90.3841913,23.760326],[90.3841842,23.7604308],[90.3840038,23.7604205],[90.3840108,23.7603158],[90.3841913,23.760326]]]},"properties":{"sources":[{"property":"","dataset":"OpenStreetMap","license":"ODbL-1.0","record_id":"w380922504@1","update_time":"2019-10-22T08:12:29.000Z","confidence":null,"between":null,"provider":"osm","resource":"planet","version":"2026-09-06T00:00:00.000Z"}],"is_underground":false,"has_parts":false,"version":1}},
{"id":"840ad5c5-136e-4084-9027-ee2c3c038ea7","type":"Feature","geometry":{"type":"Polygon","coordinates":[[[90.3841318,23.7605075],[90.3840225,23.7605042],[90.3840247,23.7604402],[90.384134,23.7604435],[90.3841318,23.7605075]]]},"properties":{"sources":[{"property":"","dataset":"OpenStreetMap","license":"ODbL-1.0","record_id":"w501378131@2","update_time":"2019-10-22T08:12:31.000Z","confidence":null,"between":null,"provider":"osm","resource":"planet","version":"2026-09-06T00:00:00.000Z"}],"is_underground":false,"has_parts":false,"version":1}},
{"id":"0493a22f-4105-4609-a965-dd05a9667aef","type":"Feature","geometry":{"type":"Polygon","coordinates":[[[90.3841401,23.7605941],[90.3840239,23.760592],[90.3840254,23.7605221],[90.3841416,23.7605242],[90.3841401,23.7605941]]]},"properties":{"sources":[{"property":"","dataset":"OpenStreetMap","license":"ODbL-1.0","record_id":"w501378129@1","update_time":"2019-10-22T08:12:30.000Z","confidence":null,"between":null,"provider":"osm","resource":"planet","version":"2026-09-06T00:00:00.000Z"}],"is_underground":false,"has_parts":false,"version":1}},
{"id":"864642cb-ce47-480b-9093-1e877cd97843","type":"Feature","geometry":{"type":"Polygon","coordinates":[[[90.384241,23.7608015],[90.3841005,23.7607728],[90.384127,23.7606645],[90.3842673,23.7606933],[90.384241,23.7608015]]]},"properties":{"sources":[{"property":"","dataset":"OpenStreetMap","license":"ODbL-1.0","record_id":"w501378139@1","update_time":"2019-10-26T05:31:15.000Z","confidence":null,"between":null,"provider":"osm","resource":"planet","version":"2026-09-06T00:00:00.000Z"}],"is_underground":false,"has_parts":false,"version":1}},
{"id":"7be41355-1e2a-4694-8adb-f99339a00aa3","type":"Feature","geometry":{"type":"Polygon","coordinates":[[[90.384219,23.7609125],[90.384086,23.7608773],[90.3841147,23.7607865],[90.3842477,23.7608217],[90.384219,23.7609125]]]},"properties":{"sources":[{"property":"","dataset":"OpenStreetMap","license":"ODbL-1.0","record_id":"w737505262@1","update_time":"2019-10-22T08:12:29.000Z","confidence":null,"between":null,"provider":"osm","resource":"planet","version":"2026-09-06T00:00:00.000Z"}],"is_underground":false,"has_parts":false,"version":1}},
{"id":"0eae6e78-55a7-4342-884c-4c55e9267d99","type":"Feature","geometry":{"type":"Polygon","coordinates":[[[90.3844279,23.7606532],[90.3843347,23.7606417],[90.384346,23.760565],[90.3844392,23.7605765],[90.3844279,23.7606532]]]},"properties":{"sources":[{"property":"","dataset":"OpenStreetMap","license":"ODbL-1.0","record_id":"w737505263@1","update_time":"2019-10-22T08:12:29.000Z","confidence":null,"between":null,"provider":"osm","resource":"planet","version":"2026-09-06T00:00:00.000Z"}],"is_underground":false,"has_parts":false,"version":1}},
{"id":"d41b8901-3cfc-4c9e-8c6f-f6d46ad90f33","type":"Feature","geometry":{"type":"Polygon","coordinates":[[[90.3844155,23.7609173],[90.3842911,23.760904],[90.3842987,23.7608436],[90.3844232,23.7608569],[90.3844155,23.7609173]]]},"properties":{"sources":[{"property":"","dataset":"OpenStreetMap","license":"ODbL-1.0","record_id":"w501378163@2","update_time":"2019-10-22T08:12:31.000Z","confidence":null,"between":null,"provider":"osm","resource":"planet","version":"2026-09-06T00:00:00.000Z"}],"is_underground":false,"has_parts":false,"version":1}},
{"id":"a176020b-51b2-4c1f-9968-1f7d1afc983e","type":"Feature","geometry":{"type":"Polygon","coordinates":[[[90.3844182,23.7608377],[90.384306,23.7608207],[90.3843186,23.7607516],[90.3844308,23.7607687],[90.3844182,23.7608377]]]},"properties":{"sources":[{"property":"","dataset":"OpenStreetMap","license":"ODbL-1.0","record_id":"w501378162@1","update_time":"2019-10-22T08:12:30.000Z","confidence":null,"between":null,"provider":"osm","resource":"planet","version":"2026-09-06T00:00:00.000Z"}],"is_underground":false,"has_parts":false,"version":1}},
{"id":"a31743c2-0e98-46c0-a16e-495ca71e4402","type":"Feature","geometry":{"type":"Polygon","coordinates":[[[90.3843078,23.7607386],[90.384317,23.7606762],[90.3844443,23.7606919],[90.3844351,23.7607544],[90.3843078,23.7607386]]]},"properties":{"sources":[{"property":"","dataset":"OpenStreetMap","license":"ODbL-1.0","record_id":"w337766130@2","update_time":"2019-10-22T08:12:29.000Z","confidence":null,"between":null,"provider":"osm","resource":"planet","version":"2026-09-06T00:00:00.000Z"}],"is_underground":false,"subtype":"residential","class":"house","has_parts":false,"version":1}},
{"id":"f942eb8b-4ff9-4b16-b2c7-13b5105bee86","type":"Feature","geometry":{"type":"Polygon","coordinates":[[[90.3844147,23.7610555],[90.3842734,23.7610138],[90.3843055,23.7609229],[90.3844468,23.7609647],[90.3844147,23.7610555]]]},"properties":{"sources":[{"property":"","dataset":"OpenStreetMap","license":"ODbL-1.0","record_id":"w337768017@1","update_time":"2019-10-22T08:12:29.000Z","confidence":null,"between":null,"provider":"osm","resource":"planet","version":"2026-09-06T00:00:00.000Z"}],"is_underground":false,"subtype":"residential","class":"apartments","has_parts":false,"version":1}},
{"id":"27648d93-9f52-4ecf-a347-e7085cab792b","type":"Feature","geometry":{"type":"Polygon","coordinates":[[[90.3845937,23.7610101],[90.3844556,23.7610072],[90.3844592,23.7608649],[90.3845972,23.7608678],[90.3845937,23.7610101]]]},"properties":{"sources":[{"property":"","dataset":"OpenStreetMap","license":"ODbL-1.0","record_id":"w498209796@1","update_time":"2019-10-22T08:12:29.000Z","confidence":null,"between":null,"provider":"osm","resource":"planet","version":"2026-09-06T00:00:00.000Z"}],"is_underground":false,"has_parts":false,"version":1}},
{"id":"6cab65c0-db8d-4347-98f3-2117e3542d50","type":"Feature","geometry":{"type":"Polygon","coordinates":[[[90.3844387,23.7612896],[90.3844016,23.7612706],[90.3844261,23.7612305],[90.3844556,23.761262],[90.3844387,23.7612896]]]},"properties":{"sources":[{"property":"","dataset":"OpenStreetMap","license":"ODbL-1.0","record_id":"w1429988564@1","update_time":"2025-09-15T14:14:16.000Z","confidence":null,"between":null,"provider":"osm","resource":"planet","version":"2026-09-06T00:00:00.000Z"}],"is_underground":false,"has_parts":false,"version":1}},
{"id":"10393217-fc79-4d9d-b431-811d5497e043","type":"Feature","geometry":{"type":"Polygon","coordinates":[[[90.3843997,23.7612446],[90.3841907,23.7611763],[90.3842515,23.7610202],[90.3844207,23.7610754],[90.3844095,23.7611041],[90.3844621,23.7611213],[90.3844216,23.7612254],[90.3844088,23.7612212],[90.3843997,23.7612446]]]},"properties":{"sources":[{"property":"","dataset":"OpenStreetMap","license":"ODbL-1.0","record_id":"w501378165@2","update_time":"2019-10-26T06:07:09.000Z","confidence":null,"between":null,"provider":"osm","resource":"planet","version":"2026-09-06T00:00:00.000Z"}],"is_underground":false,"has_parts":false,"version":1}},
{"id":"2d48849e-8c9c-4626-8e92-f04194ee0fda","type":"Feature","geometry":{"type":"Polygon","coordinates":[[[90.3841909,23.7610326],[90.3840058,23.7609836],[90.3840331,23.7608972],[90.3842182,23.7609463],[90.3841909,23.7610326]]]},"properties":{"sources":[{"property":"","dataset":"OpenStreetMap","license":"ODbL-1.0","record_id":"w501378142@1","update_time":"2019-10-22T08:12:30.000Z","confidence":null,"between":null,"provider":"osm","resource":"planet","version":"2026-09-06T00:00:00.000Z"}],"is_underground":false,"has_parts":false,"version":1}},
{"id":"c8dec482-fa76-4e8c-b7ee-d9531ecc2b45","type":"Feature","geometry":{"type":"Polygon","coordinates":[[[90.3841378,23.7611455],[90.3839632,23.761081],[90.3839989,23.7610002],[90.3841735,23.7610647],[90.3841378,23.7611455]]]},"properties":{"sources":[{"property":"","dataset":"OpenStreetMap","license":"ODbL-1.0","record_id":"w501378143@1","update_time":"2019-10-22T08:12:30.000Z","confidence":null,"between":null,"provider":"osm","resource":"planet","version":"2026-09-06T00:00:00.000Z"}],"is_underground":false,"has_parts":false,"version":1}},
{"id":"71f18a1c-0446-4874-b276-9200824c1335","type":"Feature","geometry":{"type":"Polygon","coordinates":[[[90.3841009,23.7612753],[90.3839453,23.7612299],[90.3839853,23.761115],[90.3841409,23.7611604],[90.3841009,23.7612753]]]},"properties":{"sources":[{"property":"","dataset":"OpenStreetMap","license":"ODbL-1.0","record_id":"w501378144@2","update_time":"2019-10-22T08:12:31.000Z","confidence":null,"between":null,"provider":"osm","resource":"planet","version":"2026-09-06T00:00:00.000Z"}],"is_underground":false,"has_parts":false,"version":1}},
{"id":"f43f7b81-0db2-427c-b467-b504da90b982","type":"Feature","geometry":{"type":"Polygon","coordinates":[[[90.383904,23.7612621],[90.3838667,23.7612556],[90.3838772,23.7612051],[90.3839145,23.7612117],[90.383904,23.7612621]]]},"properties":{"sources":[{"property":"","dataset":"OpenStreetMap","license":"ODbL-1.0","record_id":"w1450072738@1","update_time":"2025-11-12T16:45:48.000Z","confidence":null,"between":null,"provider":"osm","resource":"planet","version":"2026-09-06T00:00:00.000Z"}],"is_underground":false,"has_parts":false,"version":2}},
{"id":"89363e61-589a-4ef1-833c-18c085108004","type":"Feature","geometry":{"type":"Polygon","coordinates":[[[90.3839222,23.761193],[90.383724,23.7611711],[90.3837388,23.7610587],[90.383937,23.7610806],[90.3839222,23.761193]]]},"properties":{"sources":[{"property":"","dataset":"OpenStreetMap","license":"ODbL-1.0","record_id":"w501378153@1","update_time":"2025-11-12T16:45:48.000Z","confidence":null,"between":null,"provider":"osm","resource":"planet","version":"2026-09-06T00:00:00.000Z"}],"is_underground":false,"has_parts":false,"version":3}},
{"id":"8c23a74c-051d-4bb1-b9e3-901f946e3f0c","type":"Feature","geometry":{"type":"Polygon","coordinates":[[[90.3839033,23.7610466],[90.3837981,23.7610364],[90.3838105,23.760929],[90.3839496,23.7609519],[90.3839033,23.7610466]]]},"properties":{"sources":[{"property":"","dataset":"OpenStreetMap","license":"ODbL-1.0","record_id":"w501378150@2","update_time":"2019-10-22T08:12:31.000Z","confidence":null,"between":null,"provider":"osm","resource":"planet","version":"2026-09-06T00:00:00.000Z"}],"is_underground":false,"has_parts":false,"version":1}},
{"id":"682b5751-7ce1-4068-94ce-3561453c14b5","type":"Feature","geometry":{"type":"Polygon","coordinates":[[[90.3837551,23.7609039],[90.3837617,23.7608246],[90.3840244,23.7608431],[90.3840178,23.7609225],[90.3837551,23.7609039]]]},"properties":{"sources":[{"property":"","dataset":"Google Open Buildings","license":null,"record_id":"7MMGQ96M+8HRV","update_time":"2023-05-01T00:00:00.000Z","confidence":0.8834,"between":null,"provider":"google","resource":"open_buildings","version":"2024-04-16"}],"is_underground":false,"has_parts":false,"version":1}},
{"id":"38a464ad-ba03-4990-b760-1babababd21d","type":"Feature","geometry":{"type":"Polygon","coordinates":[[[90.3840266,23.7608409],[90.3837658,23.7608165],[90.383775,23.7607338],[90.3840358,23.7607582],[90.3840266,23.7608409]]]},"properties":{"sources":[{"property":"","dataset":"OpenStreetMap","license":"ODbL-1.0","record_id":"w501378135@1","update_time":"2019-10-26T05:31:15.000Z","confidence":null,"between":null,"provider":"osm","resource":"planet","version":"2026-09-06T00:00:00.000Z"}],"is_underground":false,"has_parts":false,"version":1}},
{"id":"804e257d-50d9-4595-b9d0-eddd98d33ad8","type":"Feature","geometry":{"type":"Polygon","coordinates":[[[90.3840756,23.7607484],[90.3837689,23.7607205],[90.3837823,23.7605972],[90.384089,23.7606251],[90.3840756,23.7607484]]]},"properties":{"sources":[{"property":"","dataset":"OpenStreetMap","license":"ODbL-1.0","record_id":"w501378138@1","update_time":"2019-10-26T05:31:15.000Z","confidence":null,"between":null,"provider":"osm","resource":"planet","version":"2026-09-06T00:00:00.000Z"}],"is_underground":false,"has_parts":false,"version":1}}]}